file,rep,q,a,who
t20240902_11483354.html,总台央视记者,日前非洲50个国家的63名学者联名致信习近平主席，高度赞赏中非合作论坛历史性成就并热切展望新一届论坛峰会。习主席在复信中鼓励他们继续为构建高水平中非命运共同体、维护“全球南方”共同利益提供智力支持。有非洲学者表示，习主席的复信彰显了中国对非中学术交流的高度重视，民间交流为非中扩大对话、深化合作作出了积极贡献。中方如何看待人文交流对中非关系发展的作用？,中非友谊源远流长，双方人民有着天然的亲近感。正如习近平主席在复信中指出，中国和非洲从来都是命运共同体。,毛宁
t20240902_11483354.html,法新社记者,关于近期中菲海警船在南海碰撞事件，中方多次表示责任完全在菲方。中菲双方分别公布了过去几天相撞事件的现场视频，但这些视频似乎清晰表明中国海警船船头同菲律宾海警船侧面或船尾相撞。中方真的无意发生碰撞吗？外交部能否解释中国海警船在上述情况下开展行动的原因？中方是否仍认为菲方对有关碰撞事件负有全部责任？,仙宾礁是中国南沙群岛的一部分。8月31日，在仙宾礁潟湖长时间非法滞留的菲律宾海警船以不专业、危险方式故意冲撞中方现场维权的海警船，造成双方船只发生碰撞。中方依法采取必要应对措施，正当合法，无可非议。,毛宁
t20240902_11483354.html,法新社记者,我想追问一下，你刚才的回应似乎表示中方立场没有变化。但我很好奇菲方船只如何故意从后方或侧面撞向中方船只的船头？菲方船员为何会让自己暴露在危险下？外交部应该也看到了相关视频，那么中方如何解释是菲方行为导致碰撞？,仙宾礁是中国南沙群岛的一部分。当前仙宾礁局势升温的根源在于菲律宾派海警船在仙宾礁潟湖长时间非法滞留，并企图永久侵占。中方在仙宾礁采取的是维权行动，目的是维护中国领土主权和海洋权益，正当合法。,毛宁
t20240902_11483354.html,路透社记者,据彭博社报道，中方高级官员多次表示，如果日本进一步收紧对中国企业销售芯片制造设备和提供相关服务，中方将对日进行严厉经济报复。外交部对此有何评论？中日双方的讨论是否会针对日方汽车制造所需的关键矿产？,我不知道有关消息从何而来。中国始终致力于维护全球产供链安全稳定，始终执行公正、合理、非歧视的出口管制措施。个别国家为维护自身霸权，将正常的经贸合作政治化、泛安全化，诱压他国搞对华科技封锁，人为扰乱全球产供链稳定，中方对此一贯坚决反对。我们希望相关国家坚持市场原则与契约精神，抵制经济胁迫做法，共同维护全球产供链稳定。,毛宁
t20240902_11483354.html,中新社记者,欧盟外交与安全政策高级代表博雷利日前表示，西方应承认中国制度的成功。尽管欧中制度不同、在许多议题上存在分歧，但欧盟决不能同中国开展系统性对抗，欧中必须要做伙伴。中国崛起是客观事实，西方不可能阻止。欧盟在中美博弈背景下必须从自身利益出发，按照自己的方式行事。中方对此有何评论？,中方赞赏博雷利高级代表对中国发展的客观认知和对中欧关系的积极表态。,毛宁
t20240902_11483354.html,韩联社记者,昨天，韩国总统室高官称，今年5月在首尔举行的韩中日领导人会议和韩中领导人会见后，韩中一直保持高层交流。他补充说，中国也有意恢复韩中关系，如果关系恢复，相信中国领导人可能会访问韩国。中方对此有何回应？,我注意到有关报道。中韩是近邻，互为重要合作伙伴。推动中韩关系健康稳定发展符合两国共同利益。高层交往对于推动国与国关系发展具有重要作用，同时也需要进行充分准备，营造合适氛围，需要取得丰硕成果。关于下一步中韩双边高层交往，我没有可以提供的具体信息。,毛宁
t20240902_11483354.html,乌克兰国家通讯社记者,俄罗斯副外长里亚布科夫昨天对塔斯社表示，俄将修改核武器使用政策以应对西方所谓“升级进程”。这无疑是为了进一步扩大使用核武器的可能性。中方对俄方威胁调整核武器使用政策的表态有何评论？,我们注意到有关报道。中方多次重申核武器用不得、核战争打不得。2022年1月，五核国领导人发表关于防止核战争的联合声明，也指出核战争打不赢也打不得。当前形势下，各方应当保持冷静克制，通过对话协商，共同推动局势缓和，减少战略风险。,毛宁
t20240902_11483354.html,《环球时报》记者,近日，美国国务院就联合国人权高专办发布新疆人权评估报告两年发表声明，攻击新疆人权状况。中方对此有何评论？,美方声明罔顾事实，混淆是非，公然干涉中国内政，恶意诋毁中国治疆政策，中方强烈不满，坚决反对，已向美方提出严正交涉。所谓评估报告是虚假信息的大杂烩，是美国及一些西方势力一手策划、制造的，是服务美西方以疆制华战略的政治工具，完全非法、无效。人权理事会第51届会议拒绝了美国等西方国家提出的所谓涉疆决定草案，已表明国际社会对该报告的态度。美方一再拿所谓评估报告作文章，充分暴露了他们借涉疆谎言遏制打压中国的险恶图谋，充分证明了他们就是这份虚假报告的幕后黑手。,毛宁
t20240902_11483354.html,法新社记者,日本方面表示，一艘中国海军军舰上周六进入日本领海，前几日一架中国侦察机也被指短暂进入日本领空。中方如何解释最近发生的这起军舰闯入事件？是否也是中方无意之举？还是中方有意为之？在东海或南海的争议海域，中国“侵犯主权”的行为有所增加。这是否意味着中方试图在这些区域加大施压力度？,根据《联合国海洋法公约》有关规定，吐噶喇海峡是用于国际航行的海峡，中方船只过航该海峡是行使过境通行权，完全正当合法。关于日方称中国军机进入日本领空，上周中方已经作出了回应，阐明了立场。我想强调的是，没有必要刻意关联和过度解读，中方致力于维护地区和平稳定的立场是一贯的。,毛宁
t20240902_11483354.html,彭博社记者,你能否介绍中非合作论坛峰会的规模和范围？外交部官员此前表示，峰会是“中国近年来举办的规模最大的主场外交”。你能否介绍更多细节？是否是出席外国领导人数量最多的一场活动？能否说明这是自哪一年以来中国举办的最大主场外交活动？,感谢你对中非合作论坛峰会的关注。中非合作论坛是中非友好合作的重要平台，成员包括中国和53个非洲国家以及非盟委员会。非方领导人高度重视论坛合作，论坛每届峰会都保持着很高的出席率。关于今年北京峰会出席规模等具体情况，你可以保持关注。,毛宁
t20240902_11483354.html,彭博社记者,上周末，包括1名美国公民在内的6名人质在加沙被杀害，外交部对此有何评论？,中方对6名被扣押人员遇难深感痛惜。中方始终认为，当务之急是全面执行联合国安理会有关决议，立即停火止战，为被扣押人员尽早获释创造条件。我们也愿同国际社会一道，继续为局势降温发挥建设性作用。,毛宁
t20240903_11484305.html,总台央视记者,发言人刚刚发布了西班牙首相桑切斯将访华的消息。能否介绍此访有关安排？对此访有何期待？中方如何评价当前中西关系？,桑切斯首相访华期间，习近平主席将同他会见，李强总理、赵乐际委员长将分别同他会谈、会见，就双边关系和共同关心的问题交换意见。访问期间，双方还将共同举办中西论坛、两国企业顾问委员会会议及商务论坛等活动。,毛宁
t20240903_11484305.html,《人民日报》记者,中方发布了韩正副主席将赴俄罗斯出席第九届东方经济论坛并访问蒙古国的消息，能否请您进一步介绍中方对韩正副主席此访有何期待？,在习近平主席和普京总统战略引领下，中俄关系保持高水平运行，各领域合作稳步推进。东方经济论坛是亚太地区各国凝聚合作共识、共谋发展振兴的重要平台。2018年和2021年，习近平主席曾两次应邀出席东方经济论坛并发表重要致辞，阐述了中方对发展中俄关系、参与远东开发、推进地区合作的倡议，引发热烈反响。,毛宁
t20240903_11484305.html,路透社记者,2021年中非合作论坛第八届部长级会议在达喀尔举行，中方在会上宣布力争未来3年从非洲进口总额达到3000亿美元。据了解，该承诺并未完全兑现。中国将采取哪些措施增加自非进口？在今年举行的中非合作论坛峰会上，中国将如何吸引非洲国家增加进口中国商品？,我不知道你的数据从何而来。中方一贯高度重视中非合作论坛成果落实。根据中国商务部统计，自2021年12月至2024年7月，中国自非洲进口总额已达3059亿美元，提前超额完成有关目标，中国连续15年保持非洲第一大贸易伙伴国地位。今年的中非合作论坛北京峰会即将举行。中方将深入贯彻落实中国共产党二十届三中全会精神，分享中国式现代化发展机遇，继续秉持真实亲诚对非政策理念和正确义利观，扩大对非制度型开放，深化产供链合作，更好实现中非经济融合、发展联动和成果共享。,毛宁
t20240903_11484305.html,法新社记者,新西兰情报部门称中国构成“复杂的情报隐患”，中国在新行动“既复杂又具有欺骗性”。中方对新方指控有何回应？,中国一贯坚持在相互尊重、互不干涉内政等原则基础上发展同其他国家的关系。我们从不干涉任何国家的内政。希望新方秉持理性客观对华认知，为中新关系健康稳定发展创造良好条件。,毛宁
t20240903_11484305.html,《环球时报》记者,据报道，美国国会众院“中国特设委”主席莫伦纳及多名议员日前访问日本，声称此访旨在表达对美日同盟的支持，讨论美日合作对抗中共日益增长的军事、经济及意识形态挑衅，敦促日方继续抵制中共恶意经济议程。中方对此有何评论？,你提到的这个机构出于政治目的，长期抹黑中国和中国共产党，毫无公信力可言。有关政客的言论充斥冷战思维和意识形态偏见，渲染“中国威胁”，鼓噪阵营对抗，中方对此坚决反对。,毛宁
t20240903_11484305.html,澎湃新闻记者,据了解，首届人工智能能力建设研讨班在上海开班。请问发言人能否介绍研讨班有关情况？,当前，人工智能技术快速发展并开始广泛应用，已成为新一轮科技革命和产业变革的重要驱动力量。作为人工智能大国，中国高度重视人工智能技术的发展与应用问题，尤其关注加强广大发展中国家的能力建设，积极致力于帮助他们从中获益，确保“全球南方”国家有机会深入参与人工智能全球治理进程。在此背景下，中方在今年联合国大会提出“加强人工智能能力建设国际合作”决议，获得协商一致通过，143个国家联署。,毛宁
t20240903_11484305.html,总台华语环球节目中心记者,8月13日，以色列国家安全部部长本—格维尔带领2000多名犹太人进入到耶路撒冷老城阿克萨清真寺院落（以方称圣殿山），并称应该允许犹太人在此祈祷。对此，以色列总理办公室发表声明称，以方禁止犹太人在圣殿山祈祷的政策没有改变。巴勒斯坦、阿盟等谴责有关行为。请问中方对此有何评论？,加沙冲突仍在持续，地区局势高度紧张。此时在耶路撒冷宗教圣地问题上再生事端无异于火上浇油，中方对此表示反对。中方一贯主张尊重和维护耶路撒冷宗教圣地历史形成的现状，敦促各方特别是以色列保持冷静克制，避免采取任何可能激化矛盾的挑衅言行，防止紧张局势进一步升级。,毛宁
t20240903_11484305.html,俄新社记者,彭博社援引消息人士报道称，土耳其已经递交加入金砖国家合作机制的正式申请。外交部有何评论？,金砖国家是新兴市场国家和发展中国家合作的重要平台。中方愿同其他金砖国家一道，继续秉持开放包容、合作共赢的金砖精神，支持更多志同道合的伙伴参与金砖合作。,毛宁
t20240904_11484972.html,总台央视记者,中方刚刚发布了挪威首相斯特勒对华进行正式访问的消息，能否进一步介绍此访安排？中方对此访有何期待？,斯特勒首相访华期间，习近平主席将同他会见，李强总理、赵乐际委员长将分别同他会谈、会见，就双边关系和共同关心的问题深入交换意见。,毛宁
t20240904_11484972.html,共同社记者,去年5月份中日两国防务部门设立了海空联络机制直通电话，其中直通电话的正常运行对控制风险、加强双方海空危机管控能力非常有利。发言人能否介绍这种做法的重要性？,中日防务部门建立并启用了海空联络机制直通电话，这是落实两国领导人重要共识的实际举措，充实了两国防务部门沟通渠道，加强了双方海空危机管控能力，有利于进一步维护地区和平稳定。,毛宁
t20240904_11484972.html,中阿卫视记者,在中非合作论坛召开之际，我们关注到有中非企业家大会等活动在举行。以中国石油为代表的中国能源企业，与非洲各国开展了多领域、深层次的合作，为当地社会、经济发展作出了重要贡献。请问中国政府如何看待中非能源合作未来的前景？,关于中非企业间合作，建议向中方主管部门和有关企业直接了解。我可以告诉你的是，能源合作是中非合作的重要组成部分。近年来中方通过技术转让、项目合作和金融支持，推动中非能源合作不断深入，中国在非洲实施的清洁能源和绿色发展项目已经达到了数百个，帮助非洲国家加强能源安全，也在非洲和全球范围内减缓了气候变化影响。中非能源合作有着强大内生动力和广阔发展前景，将助力非洲实现绿色、低碳、高质量发展。,毛宁
t20240904_11484972.html,俄新社记者,据俄新社独家分析发现，基辅不顾中国生产商的反对，继续购买中国生产的无人机。中方对此有何评论？,我不了解你提到的具体情况。我可以告诉你的是，中国一直严格管控军民两用物项，包括无人机的出口。我们一贯反对将民用无人机用于军事目的。,毛宁
t20240904_11484972.html,韩联社记者,据报道，朝鲜女篮队员朴珍亚今年6月加入中国女篮联赛武汉盛帆职业篮球俱乐部仅一个月后就回国了。朴珍亚提前回国是否与对朝鲜制裁有关？,我暂时不了解你提到的情况。,毛宁
t20240904_11484972.html,《北京日报》记者,我们注意到，长期以来，非洲面临战乱、饥饿、恐怖主义等安全困扰。习近平主席指出，要打造安全共筑的中非命运共同体。发言人能否介绍中国在中非安全合作方面的努力和成果？,实现持久和平和普遍安全是中国和非洲人民的共同愿望，在安全问题上守望相助是构建高水平中非命运共同体的应有之义。中方提出全球安全倡议，积极参与联合国维和行动，斡旋非洲热点问题，推动地区国家就萨赫勒、非洲之角、大湖地区等问题开展对话合作，支持非洲提升自主维和、维稳及反恐能力，多次向非洲提供人道主义紧急粮食援助，帮助非洲应对粮食安全等非传统安全挑战。,毛宁
t20240904_11484972.html,彭博社记者,斯威士兰是唯一没有参加中非合作论坛的非洲国家。外交部如何看待同斯威士兰的关系？能否从政治和经济的角度进一步介绍目前中国同斯威士兰的关系？,世界上只有一个中国，台湾是中国领土不可分割的一部分，这是国际社会的普遍共识。非洲国家普遍坚持一个中国原则，认为中非合作有助于非洲经济振兴，实现可持续发展。,毛宁
t20240904_11484972.html,印尼安塔拉通讯社记者,关于“全球南方”合作，印度尼西亚于2024年9月1日至3日举行了第二届印度尼西亚—非洲论坛，旨在实现发展中国家更公平、包容的发展。中国也将中非合作论坛视为中国和非洲国家“全球南方”合作的典范。为什么非洲国家对“全球南方”合作如此重要？,中国对非洲合作始终秉持真实亲诚理念和正确义利观，主线和底色是真诚平等、互利共赢、公道正义、开放包容。中非双方积极推进落实中非合作论坛各项成果，有力促进了中国和非洲国家的共同发展，给双方人民带来了实实在在的利益，为共筑高水平中非命运共同体打下坚实基础。,毛宁
t20240904_11484972.html,路透社记者,本周美国总统国际气候政策高级顾问约翰·波德斯塔访华，双方会讨论哪些具体议题？能否介绍双方可能达成的协议内容？另外11月份的美国大选将如何影响这一次的访问？,这个问题建议向中方主管部门了解。,毛宁
t20240905_11485842.html,总台央视记者,中非合作论坛北京峰会今天开幕，习近平主席出席开幕式并发表主旨讲话。发言人能否进一步介绍有关情况？,今天上午，中非合作论坛北京峰会开幕。本次峰会的主题是“携手推进现代化，共筑高水平中非命运共同体”。习近平主席出席开幕式并发表主旨讲话。,毛宁
t20240905_11485842.html,法新社记者,今天，日澳外长防长在澳大利亚举行磋商，双方同意加强防务合作，支持菲律宾海警的工作。鉴于当前中菲海上局势持续紧张，中方对此次日澳外长防长磋商有何评论？,中方一贯认为，国与国之间的防务安全合作应当有利于维护地区和平稳定，有利于增进地区国家之间的互信，不应针对第三方。,毛宁
t20240905_11485842.html,荷兰《忠诚报》记者,美国国务院称，中国民政部已经通知美国政府，中国各地民政部门于8月28日起停止跨国收养工作。你能否证实并进一步介绍有关情况？,中国政府调整了跨国收养政策，今后除“外国人来华收养三代以内旁系同辈血亲的子女和继子女”外，不再向国外送养儿童，这符合相关国际公约的精神。我们对有关国家政府、收养家庭希望收养中国儿童的愿望和爱心表示感谢。具体情况建议向中方主管部门了解。,毛宁
t20240905_11485842.html,法新社记者,本周发表在《自然》杂志的研究论文称，中国皮毛养殖场的动物体内发现超过125种病毒，其中36种病毒是以前未知的。一位知名的国际病毒学家表示，全球皮毛行业很有可能会产生能够传染给人类的病毒。请问中方有没有关注到这项研究，是否打算加强皮毛行业的卫生标准？,这个问题建议向中方主管部门了解。,毛宁
t20240905_11485842.html,荷兰《忠诚报》记者,我们看到越来越多被收养人来华寻找亲生父母。中方停止跨国收养是否会影响被收养人来华查询本人相关信息？,具体问题建议向中方主管部门了解。这方面的沟通渠道是畅通的。,毛宁
t20240906_11486567.html,总台央视记者,中非合作论坛北京峰会今天闭幕。发言人能否进一步介绍峰会的有关情况和成果？,昨天，中共中央政治局委员、外交部长王毅同中非合作论坛非方现任共同主席国和下任共同主席国外长共同会见记者，详细介绍了北京峰会的情况和取得的成果。王毅外长表示，中非友好大家庭时隔6年再聚北京，意义重大，影响深远。习近平主席出席峰会开幕式并发表主旨讲话。中非双方就加强全方位合作达成明确政治共识，峰会取得圆满成功。,毛宁
t20240906_11486567.html,法新社记者,美国商务部昨天宣布，出于国家安全考虑，美方将进一步加强对量子计算、半导体制造等技术的出口限制。中方对此有何评论？,中方一贯反对美国将经贸科技问题政治化、武器化。我们认为，对正常技术合作和经贸往来人为设置障碍，违反市场经济原则，扰乱全球产供链稳定，不符合任何一方的利益。,毛宁
t20240906_11486567.html,中新社记者,近日，2024年（第十一批）世界灌溉工程遗产名录公布，中国的新疆吐鲁番坎儿井、徽州堨坝和婺源石堨联合申报的中国古堨、陕西汉阴凤堰梯田、重庆秀山巨丰堰等4个工程成功入选，至此中国的世界灌溉工程遗产已达38项。中国水利发展历史源远流长，不仅满足了人民生产生活需要，还具有重要的世界意义。发言人有何进一步评论？,首先，我们对4个工程成功申报世界灌溉工程遗产表示祝贺。中国有悠久的治水传统，都江堰、坎儿井、京杭运河都是大家耳熟能详的水利工程。新中国成立以来，中国水利建设成果丰硕，为经济社会发展、人民安居乐业提供了有力保障，也为世界应对共同面临的水课题提供了宝贵经验。,毛宁
t20240906_11486567.html,路透社记者,中国领导人昨天承诺将支持非洲实施基础设施联通项目，这是否是中方重新在非洲投资大型基建项目的信号？这与你刚才提到的实施“小而美”项目之间有什么关系？,我想两者并不矛盾。中国同非洲国家的合作本着相互尊重、互利共赢的原则开展，具体实施什么项目，将由双方讨论确定。,毛宁
t20240909_11487663.html,总台央视记者,2024年中非合作论坛北京峰会成功举行，王毅外长在同论坛非方现任、下任共同主席国外长共同会见中外记者时表示，本次峰会发出了中非共谋发展的时代强音，彰显了“全球南方”团结合作的坚定信心。请问中方如何评价中非合作论坛对中非关系的意义？,中非合作论坛诞生于世纪之交，是中国同发展中国家创建的首个机制性对话平台，也是中国首个面向一个大洲成立的多边合作机制。论坛已经走过24个春秋，举办4次峰会、9届部长级会议和17届高官会，成为中非之间开展集体对话的重要平台和深化务实合作的有效机制，也是南南合作的一块“金字招牌”。,毛宁
t20240909_11487663.html,《人民日报》记者,中方发布了王毅主任出席第十四次金砖国家安全事务高级代表会议的消息。请问发言人能否进一步介绍王毅主任与会有关安排，中方对此次会议有何期待？,第十四次金砖国家安全事务高级代表会议将于9月11日至12日在俄罗斯圣彼得堡举行。中共中央政治局委员、中央外办主任王毅将按惯例应邀与会。会议期间，中方将同金砖伙伴就当前国际安全形势、重大国际和地区问题等交换意见，为金砖国家领导人第十六次会晤做好政治准备。,毛宁
t20240909_11487663.html,湖北广电记者,日前，习近平主席在中非合作论坛北京峰会期间宣布，中方将实施“助力非洲摆脱雷患行动”。能否介绍一下有关情况？,非洲是全球遭受地雷威胁最严重的地区之一，非洲人民饱受雷患之苦。长期以来，中国积极致力于人道主义扫雷援助与合作，以实际行动支持埃塞俄比亚、安哥拉、厄立特里亚、乍得等国提升扫雷能力，为保护当地平民安全、促进经济社会发展作出了贡献。,毛宁
t20240909_11487663.html,波兰通讯社记者,上周波兰外长西科尔斯基访问了马来西亚、新加坡和菲律宾。他在上述三国强调，南海地区的争端不需要以暴力、经济或武力胁迫手段来解决。无论大国还是小国，每个国家都必须尊重仲裁法院的裁决和国际法。请问中方对此有何评论？,中方一贯主张同直接有关当事国，在尊重历史事实的基础上，根据国际法，通过谈判协商和平解决南海有关争议。关于所谓南海仲裁案，中方已经多次表明立场，有关裁决是非法无效的。,毛宁
t20240909_11487663.html,德新社记者,德国媒体报道称，9月中旬两艘德国军舰将过航台湾海峡。外交部对此有何评论？,台湾是中国领土不可分割的一部分。此前我们也就有关问题表明过立场。台湾海峡内水域从两岸向海方向依次为中国内水、领海、毗连区和专属经济区。中方尊重各国依据中国法律和包括《联合国海洋法公约》在内的国际法在相关海域享有的航行权利，但坚决反对有关国家打着航行自由的旗号，挑衅、危害中方主权和安全。,毛宁
t20240909_11487663.html,路透社记者,马来西亚外交部正在对中国外交部2月发给马驻华使馆的外交照会泄露事件进行内部调查。据菲律宾媒体报道，中方在2月向马驻华使馆发了一份两页的照会，称马方在南海的油气勘探开发活动侵犯了中方主权。外交部能否予以证实？,中方对菲律宾媒体发布有关消息感到十分震惊，这种做法居心叵测。我们注意到马来西亚外交部就此发表了声明。中马两国作为南海问题当事国，一直就妥处双方分歧和争议保持密切沟通，共同为中马关系发展和本地区和平稳定作出了积极贡献。,毛宁
t20240909_11487663.html,总台华语环球节目中心记者,近日，伊斯兰合作组织在喀麦隆首都雅温得召开外长会。会议积极评价近年来中国和伊合组织合作取得的进展，请问中方对此有何评论？,8月29日至30日，伊斯兰合作组织举行了外长理事会第50次会议，会议赞赏伊合组织同中国合作取得的积极进展，期待进一步加强对华合作，中方对此表示欢迎。,毛宁
t20240909_11487663.html,日本朝日电视台记者,上周末，一名叫“亚人”的网红在北京圆明园游玩时，一位日本游客的陪同人员为了拍照，请他让一点位置，他拒绝并发生争吵，把视频发到网上以后引发热议。在中国常住的大部分日本人对此事表示担忧。请问中国外交部对此有何评论？,我不了解你提到的具体情况，对个人言行我也不作评论。我可以告诉你的是，中国是一个开放包容的国家，我们不会针对任何特定国家采取歧视性做法。,毛宁
t20240909_11487663.html,乌通社记者,据印度媒体昨日报道，印度总理国家安全顾问多瓦尔本周将访问莫斯科，讨论旨在解决俄乌冲突的和平努力。发言人对印度的和平努力有何评价？中方下一步将采取哪些措施解决已延宕超过两年半的俄乌冲突？,在乌克兰危机问题上，中方始终致力于劝和促谈，支持一切有利于和平解决危机的努力。我们也愿继续同国际社会一道，为推动危机的政治解决积累条件。,毛宁
t20240909_11487663.html,彭博社记者,追问关于德国军舰计划过航台湾海峡的问题。你表示台湾海峡是内水、毗连区，这指的是整个还是部分台湾海峡？中国认为台湾海峡哪部分是“国际水域”，哪部分是内水、毗连区？,台湾海峡内水域从两岸向海方向依次为中国内水、领海、毗连区和专属经济区。我想我已经回答了这个问题。,毛宁
t20240909_11487663.html,深圳卫视记者,6日，美国政府发布所谓“更新版香港商业警告”称，香港国安法以及3月生效的香港《维护国家安全条例》进一步侵蚀香港基本自由和人权，美企在港运营活动越来越面临与在中国内地同样的风险。中方对此有何评论？,美方炮制所谓“更新版香港商业警告”，无端诋毁香港国安法律，抹黑香港营商环境，中方对此坚决反对，予以强烈谴责。香港国安法和《维护国家安全条例》出台后，香港法治和营商环境更加优良，长期繁荣稳定根基进一步巩固。根据香港特区政府最新报告，今年上半年，新成立的本地公司和在香港注册的非本地公司均创历史新高。《2024年世界竞争力年报》显示，香港竞争力排名世界第五。去年香港吸纳的外来直接投资金额全球第四，香港是全球第十大商品贸易经济体。,毛宁
t20240909_11487663.html,彭博社记者,你是否认为台湾海峡中心是各国享有航行自由权的“国际水域”？你没有表明这是“国际水域”。台湾海峡从两岸向海12海里外的中心地区是各国能自由航行的“国际水域”吗？,海峡两岸都是中国领土，台湾海峡内水域从两岸向海方向依次为中国内水、领海、毗连区和专属经济区。中方尊重各国依据中国法律和包括《联合国海洋法公约》在内的国际法在相关海域享有的航行权利，但我们反对一些国家打着航行自由的旗号，挑衅和危害中国主权和安全。,毛宁
t20240909_11487663.html,彭博社记者,你提到了“专属经济区”，这就意味着这片区域是具有国际法依据的“国际水域”。是否应该这样理解，这首先是“国际水域”，其次才是中国的专属经济区？,对于专属经济区，《联合国海洋法公约》作出了明确规定，你可以查阅。,毛宁
t20240910_11488343.html,法新社记者,中国国防部表示，中国和美国的两位地区军事高层领导今天举行了视频通话。请问发言人能否介绍此次通话的具体内容？,这个问题建议你向中国国防部了解。,毛宁
t20240910_11488343.html,新华社记者,在刚刚结束的中非合作论坛北京峰会上，中方宣布了一系列对非合作倡议。一些西方媒体称，中方承诺提供资金支持的同时，对非洲国家面临的债务危机和减债呼声保持沉默。同时我们也注意到，峰会期间，很多非洲国家及国际组织的领导人公开表示，不赞成所谓的“债务陷阱论”。请问发言人对此有何评论？,王毅外长在北京峰会后共见记者时，总结了中国对非合作的几个特点：一是不干涉非洲内政，真心诚意提供帮助；二是紧贴非洲发展需要，聚焦提升非洲自主发展能力；三是不搞地缘政治博弈，反对在非洲制造阵营对立，反对利用非洲谋取私利。事实上，中非合作论坛成立24年来，为促进非洲发展、改善非洲民生发挥了重要作用，帮助非洲新建升级了近10万公里公路、超过1万公里铁路、近千座桥梁、近百个港口。仅过去3年，中国企业就为非洲创造了超过110万个就业岗位。这些都有助于非洲突破发展瓶颈，从根本上解决债务问题。南非总统拉马福萨等多位非洲国家领导人在峰会期间表示，中国在非洲的投资属于互利合作，不会将非洲推向“债务陷阱”。,毛宁
t20240910_11488343.html,《中国日报》记者,第17届夏季残疾人奥林匹克运动会8日在巴黎闭幕，中国体育代表团连续第六届位居金牌和奖牌双榜第一。观众们为残奥健儿坚韧不拔的意志感动，也为他们顽强拼搏的英姿喝彩。发言人对此有何评论？,祝贺中国体育代表团在巴黎残奥会上再创佳绩。中国健儿以出色的竞技水平、良好的精神风貌充分诠释了“勇气、决心、激励、平等”的残奥价值观。,毛宁
t20240910_11488343.html,路透社记者,美国联邦众议院周一通过“生物安全法”草案。如果法案最终通过，会限制多家中国企业与美国的生意。请问外交部对此有何看法？,中方坚决反对美国会众院审议通过有关法案，针对中国企业采取歧视性措施。美方应当放弃意识形态偏见，切实尊重市场原则和经贸规则，停止推进有关法案，停止滥用各种借口无理打压中国企业，为各国企业提供公平公正和非歧视的营商环境。中国将继续坚定维护本国企业的正当合法权益，支持中国企业依法维护自身权益。,毛宁
t20240910_11488343.html,印度报业托拉斯记者,第十四次金砖国家安全事务高级代表会议正在俄罗斯召开。普京总统最近表示希望中国、印度和巴西充当调解人，中方是否对此持开放态度？此前，意大利总理梅洛尼也表示中印应促成谈判协议以解决乌克兰危机。发言人对此有何评论？,在乌克兰危机问题上，中方的立场是一贯的，也是非常明确的。我们始终致力于劝和促谈，支持一切有利于和平的努力。我们愿继续同国际社会一道，为推动危机的政治解决积累条件，为实现和平发挥建设性作用。,毛宁
t20240910_11488343.html,印度报业托拉斯记者,第十四次金砖国家安全事务高级代表会议是否会讨论乌克兰危机问题？王毅外长与会时，是否可能与俄罗斯官员讨论这一问题？,金砖国家安代会期间，王毅主任将同各方就共同关心的问题交换意见。具体情况我们会及时发布消息，你可以保持关注。,毛宁
t20240911_11489002.html,路透社记者,中国欧盟商会今日称，由于营商方面的挑战开始大于回报，商会成员正更加严格地审查在中国的投资，约三分之二的成员在中国的利润率已经降至或低于全球平均水平。发言人对此有何评论？,具体问题建议向中方主管部门了解。我可以告诉你的是，中国共产党二十届三中全会提出了300多项重要改革举措，中国将继续坚定不移地促进高水平对外开放，打造市场化、法治化、国际化的营商环境，为包括欧盟国家在内的各国企业提供更多机遇。中国仍然是也将继续是带动世界经济增长的重要引擎和各国企业投资兴业的热土。,毛宁
t20240911_11489002.html,总台央视记者,我们注意到，刚刚结束的中非合作论坛北京峰会通过的行动计划提到，中非将加强在网络安全领域的合作。发言人能否介绍具体情况？,网络安全是各国面临的共同挑战，捍卫网络空间国际秩序、维护网络和平与安全是国际社会的共同责任。中国积极致力于同包括非洲在内的世界各国深化网络安全合作。根据北京峰会通过的行动计划，中非双方将加强在数据跨境流动、新技术合规应用、互联网法律法规等方面交流，共同推进全球数字治理规则制定。双方还将鼓励中非国家级计算机应急响应组织建立联系，开展跨境网络安全事件处置、信息共享和经验交流。,毛宁
t20240911_11489002.html,路透社记者,9月9日，越南外交部通过中国驻越使馆向中方提出请求，要求中国密切配合台风“摩羯”后的防汛抗洪工作。但越方官员称，中国未就红河支流盘龙江泄洪与越方进行协调，并随后开闸向盘龙江泄水，加剧了红河沿岸洪灾。外交部对此有何评论？,你提到的有关表态不属实。,毛宁
t20240911_11489002.html,《北京日报》记者,当地时间9月10日，美国国会众议院审议通过“香港经济和贸易办事处认证法案”，鼓噪取消香港特区驻美经贸办的特权豁免待遇甚至关闭经贸办。中方对此有何评论？,我们对美方操弄涉港议题、打压香港发展的恶劣行径表示强烈不满和坚决反对，已向美方提出严正交涉。,毛宁
t20240911_11489002.html,日本广播协会记者,此前中国宣布将与俄罗斯举行海空联合演习。请问这次演习是否已经开始？能否进一步说明这次演习的具体目的和意图？,关于中俄联合演习的具体信息，中国国防部已经发布了消息，你可以查阅。,毛宁
t20240911_11489002.html,东方卫视记者,9月9日至10日，第二届“军事领域负责任人工智能峰会”在韩国首尔举行，中方参加了会议。能否介绍有关情况？,中国高度重视人工智能的发展、安全和治理。去年10月，习近平主席宣布提出《全球人工智能治理倡议》，系统阐述了中国的治理主张。人工智能军事应用事关国际和平与安全，事关人类福祉和未来。中方一贯主张，国际社会应秉持共同、综合、合作、可持续的安全观，通过对话合作就如何规范人工智能的军事应用寻求共识，推动构建开放、公正、有效的安全治理机制。,毛宁
t20240911_11489002.html,法新社记者,在今天的美国总统大选辩论中，哈里斯和特朗普都谈到了美国对华征收关税问题。特朗普计划提高关税，哈里斯未表示取消关税。中方对此有何评论？,大选是美国内政，对于大选言论我不作评论，但是我们反对美国大选拿中国说事。,毛宁
t20240912_11489646.html,中新社记者,据报道，李强总理已结束对沙特的访问。发言人能否介绍此访相关情况？,应沙特王储兼首相穆罕默德邀请，国务院总理李强于9月10日至11日对沙特进行正式访问。,毛宁
t20240912_11489646.html,总台央视记者,今天是联合国南南合作日。在中非合作论坛北京峰会期间，多位非洲领导人将中非合作誉为南南合作的典范。联合国秘书长古特雷斯在峰会上表示，中非伙伴关系是全球南南合作的主要支柱。在当前形势下，中国如何看待南南合作？未来如何进一步推动南南合作？,中国是最大的发展中国家，是“全球南方”的当然一员。非洲是发展中国家最集中的大陆。习近平主席在北京峰会上就中非携手推进现代化提出了六大主张，得到与会各方广泛认同，这对引领“全球南方”加快实现现代化、推动世界现代化将产生重大而深远的影响。,毛宁
t20240912_11489646.html,韩联社记者,9月8日至9日，中国驻朝鲜使馆冯春台临时代办出席了朝鲜国庆76周年庆祝活动。请问王亚军大使是已离任还是目前不在朝鲜？,据我了解，王亚军大使正在国内休假。,毛宁
t20240912_11489646.html,韩联社记者,朝鲜今天向韩国东海发射多枚短程弹道导弹，此次发射是否与中国和俄罗斯在东海海域和鄂霍次克海举行的联合军演有关？朝鲜此前连续五天向南发射“垃圾气球”，随后又发射了弹道导弹，请问中方对此有何评论？,关于第一个问题，我看不出这两者之间有什么联系。,毛宁
t20240912_11489646.html,法新社记者,据报道，韩国足球运动员孙准浩本周被中国足协终身禁赛。但他否认了任何不当行为，称他的供述是被迫的，并且他和他的家人受到了中国警方的威胁。中方对此有何回应？中方是否已通知国际足联关于孙准浩禁赛的事宜？,今年3月，中国司法机关对韩国公民孙准浩涉嫌非国家工作人员受贿罪一案作出公开宣判。孙准浩认罪认罚，当庭悔过，表示不上诉。中国是法治国家，司法机关严格依法办案，充分保障当事人的各项合法权益。关于你提到的禁赛等具体问题，建议向中方的主管部门了解。,毛宁
t20240912_11489646.html,澎湃新闻记者,世界贸易组织近日发布《2024世界贸易报告》，重申贸易对于减少贫困和共同繁荣的重要性，指出保护主义加剧可能会让缩小贫富差距的进程倒退30年。世贸组织总干事伊维拉表示，保护主义既不高效，也不划算，更多更好的贸易才能让更多民众和地区融入全球经济的主流。中方对此有何评论？,我也注意到世贸组织这份报告。报告还指出，保护主义日益加剧，将损害所有经济体的增长前景，贫困和经济边缘化的国家将遭受最沉重的打击。,毛宁
t20240912_11489646.html,法新社记者,昨天中国与菲律宾就南海问题举行了坦诚的高级别会谈，中方能否提供更具体的信息，双方在会谈中达成了哪些共识，讨论了哪些问题？,昨天中菲在北京举行了南海问题双边磋商机制团长会晤。中方已经发布了消息，我没有更多信息可以提供。,毛宁
t20240912_11489646.html,《北京青年报》记者,昨天，西班牙首相桑切斯在访华结束前的记者会上表示，正在重新考虑在欧盟对华电动汽车加税问题上的立场，并呼吁欧盟全体成员国和欧委会都重新考虑立场，强调欧中之间不应发生贸易战，而应该达成妥协，寻求解决方案。请问发言人对此有何评论？,桑切斯首相所谈体现了理性客观的思考，中方表示赞赏。电动汽车产业发展符合中欧共同利益，双方携手合作、共迎挑战，将惠及双方企业和消费者，助力中欧乃至全球绿色转型。中方始终秉持最大诚意，积极寻求符合世贸规则、双方都能接受的解决方案。希望欧盟方面更多倾听理性客观意见，充分认识中欧在电动汽车领域的互补优势和合作潜力，展现灵活与诚意，同中方相向而行，通过对话协商妥处经贸摩擦，推动中欧经贸关系健康稳定发展。,毛宁
t20240912_11489646.html,法新社记者,澳大利亚广播公司在今天发表的一篇报道中，叙述了今年太平洋岛国论坛网络遭受中国政府支持的黑客渗透后，澳大利亚政府派遣专家组赴斐济向论坛提供协助的情况。中方是否了解情况，发言人对此有何评论？,我们注意到有关报道，同时也注意到太平洋岛国论坛秘书处并没有将此次黑客攻击与中国相关联。类似出于政治目的炮制的虚假信息已经出现了多次，旨在挑拨地区国家与中方的关系。我想强调的是，南太不是哪个国家的后院，希望有关方面充分尊重南太国家平衡发展与各方关系的权利。,毛宁
t20240912_11489646.html,彭博社记者,据彭博社报道，中国商务部通知国内电动汽车企业，不应向他国出口中国电动汽车技术或在印度投资，在土耳其投资设厂前应通报中国工信部和驻土使馆。一直以来，中方批评美国的出口管制措施阻碍芯片技术销往中国，那么中方为何阻碍或控制电动汽车技术出口至印度、土耳其等地？,这个问题建议向中方主管部门了解。,毛宁
t20240912_11489646.html,印度报业托拉斯记者,王毅外长正在出席第十四次金砖国家安全事务高级别代表会议。与会期间，王毅外长与他国一些外长、代表举行会见。王毅外长是否将与印度国家安全顾问多瓦尔举行会见？,关于王毅主任出席金砖国家安代会期间举行的双边会见，我们会适时发布消息，请你保持关注。,毛宁
t20240913_11490398.html,总台央视记者,李强总理对阿联酋进行了正式访问。发言人能否介绍访问具体情况？,应阿联酋副总统兼总理穆罕默德邀请，李强总理于9月11日至13日对阿联酋进行正式访问。,毛宁
t20240913_11490398.html,路透社记者,德国国防部一位官员今天称，德军舰过航台湾海峡不针对任何一方，事实上支持了航行自由这一国际原则。外交部对此有何评论？,一个中国原则是国际关系基本准则和国际社会普遍共识。台湾问题不是什么航行自由问题，而是事关中国主权和领土完整的问题。我们尊重各国依据中国法律和包括《联合国海洋法公约》在内的国际法在相关海域享有的航行权利，但坚决反对打着航行自由旗号，挑衅和危害中国主权和安全。,毛宁
t20240913_11490398.html,深圳卫视记者,王毅主任近日在圣彼得堡出席了第十四次金砖国家安全事务高级代表会议。发言人能否介绍具体情况？,9月11日，中共中央政治局委员、中央外办主任王毅在圣彼得堡出席第十四次金砖国家安全事务高级代表会议。,毛宁
t20240913_11490398.html,法新社记者,瑞士检察官昨天发布的一份报告称，世界反兴奋剂机构批准23名中国游泳运动员参加比赛，这一处理方式并不存在偏见。美国反兴奋剂机构首席执行官批评这份报告，呼吁展开新的调查。外交部是否看到了这份报告，对报告有何评论？,我们注意到这份报告，具体问题建议向中方主管部门询问。作为原则，中方始终严格遵守《世界反兴奋剂条例》，对使用兴奋剂采取“零容忍”态度。我还想强调，体育问题不应被政治化，对各国运动员应一视同仁，公平竞赛环境应得到切实维护。,毛宁
t20240913_11490398.html,美国全国广播公司记者,下周美国上诉法院将关注TikTok在美国的未来。美政府担心该应用由中国字节跳动公司所有，可能构成国家安全风险。中方对此持何立场？美方是否应该担心自身隐私问题？,对于这个问题，我和我的同事以及中国商务部新闻发言人已经多次阐明了中方原则立场，你可以查阅。,毛宁
t20240913_11490398.html,《环球时报》记者,9月12日，英国政府再次发布所谓“香港问题半年报告”，中方对此有何评论？,中方一贯反对英方通过所谓“半年报告”对香港事务说三道四。香港回归以来，“一国两制”在港实践取得了举世公认的成功。制定实施香港国安法和国安条例，完善香港特区选举制度，有力推动香港实现由乱到治，并进入由治及兴的新阶段，香港的安全、民主、民众自由权利得到更有效保障，发展前景更加光明。,毛宁
t20240913_11490398.html,路透社记者,中国政府或国有贷款部门是否正在与马尔代夫政府讨论其债务状况？是否在讨论债务减免措施？中方能否提供货币互换额度？马尔代夫总统今年1月对中国进行国事访问期间，中马双方签署了20项新协议。中方可以通过这些协议向马方提供哪些金融援助？,马尔代夫总统穆伊兹今年1月访华期间，两国元首一致同意将中马关系提升为全面战略合作伙伴关系，中马双方在共建“一带一路”、经济技术、蓝色经济、数字经济、绿色发展、基础设施建设和民生援助等领域达成诸多合作共识，两国有关部门正加紧推动落实。中方将一如既往在力所能及的范围内为马尔代夫经济社会发展提供支持和帮助。关于你提到的马尔代夫涉华债务和中马金融合作，两国有关金融部门保持着沟通协商。,毛宁
t20240913_11490398.html,乌通社记者,乌克兰总统泽连斯基在接受巴西媒体采访时称，中国、巴西关于政治解决乌克兰危机的“六点共识”具有“破坏性”，中国和巴西未与乌克兰讨论，呼吁乌方与占领乌领土的敌人达成妥协不可接受。发言人对此有何评论？在此背景下，中方领导人是否计划近期同乌方领导人就上述“六点共识”进行接触？,你提到的不是“六点共识”的内容。我想重申的是，中国、巴西提出“六点共识”，是着眼于推动局势降温这一当务之急。共识强调要遵守局势降温三原则，即战场不外溢、战事不升级、各方不拱火，呼吁各方坚持对话谈判、加大人道主义援助、反对使用核武器、反对攻击核电站、维护全球产业链供应链稳定等。有关共识迄已得到110多个国家的积极回应，符合国际社会普遍期待。,毛宁
t20240913_11490398.html,法新社记者,朝鲜今天首次公布了铀浓缩设施的照片，官方媒体还提到，朝鲜最高领导人金正恩强调要大幅扩大该国核武库。作为与朝鲜关系良好的邻国，中方如何看待朝鲜今天公布的照片以及扩大核武库的计划？,中方在半岛问题上的立场没有变化。我们始终认为维护半岛和平稳定、推动半岛问题政治解决符合各方共同利益，希望各方为此作出努力，中方将继续为此发挥建设性作用。,毛宁
t20240913_11490398.html,印度报业托拉斯记者,印度国家安全顾问多瓦尔与王毅外长昨天在圣彼得堡举行双边会谈，专门讨论了中印双边关系。印方称，双方同意抓紧加倍努力，实现东拉达克剩余地区完全脱离接触。此外，印度外长苏杰生昨天在日内瓦称，印中在该地区大约75%的脱离接触问题已经解决。中印双边关系发展受阻已超过四年，是否将取得突破？,9月12日，王毅主任在圣彼得堡会见印度国家安全顾问多瓦尔。双方讨论了近期边境事务磋商取得的进展，一致同意落实两国领导人共识，努力增进理解互信，为双边关系改善创造条件，并同意就此继续保持沟通。,毛宁
t20240913_11490398.html,总台华语环球节目中心记者,据了解，中越双方在此前就应对台风“摩羯”影响开展防汛抗洪合作的同时，还开展了气象防灾减灾联防联控合作，请发言人介绍有关具体情况。,中越两国有关省市均遭受台风“摩羯”影响，双方为此开展了气象防灾减灾联防联控合作。越南老街省水文气象站向中国云南省红河州河口瑶族自治县提供降水量数据，中国气象局也紧急搜集并向越南提供中越边境地区水文气象信息，有力支持两国各自防汛救灾工作。有关合作是中越作为友好邻邦守望相助、相互支持的生动体现，也是携手构建具有战略意义的中越命运共同体的应有之义。,毛宁
t20240913_11490398.html,彭博社记者,王毅外长昨天在俄罗斯表示，中国领导人将赴俄出席金砖国家领导人喀山峰会。发言人能否证实？,中俄在各个层级保持着密切沟通。我们愿同俄方和其他金砖伙伴一道，推动今年的喀山峰会取得成功。,毛宁
t20240918_11492426.html,总台央视记者,能否介绍马来西亚最高元首易卜拉欣访华安排？中方如何评价当前中马关系？对此访有何期待？,中国同马来西亚传统友谊源远流长，是守望相助、合作共赢的好邻居、好伙伴。去年3月，习近平主席同安瓦尔总理就构建中马命运共同体达成重要共识，为新时期中马关系发展指明了方向。今年是中马建交50周年暨“中马友好年”，李强总理6月成功对马来西亚进行正式访问，为中马关系发展注入新动力。,林剑
t20240918_11492426.html,共同社记者,据日本政府发布的消息，18日上午深圳日本人学校的一名学生遭遇一名男性袭击被刺伤住院。请问发言人能否介绍该事件的更多细节？另外这已经是今年第二次针对在华日本学生的袭击。中方如何看待这类事件？,据了解，9月18日上午，深圳日本人学校一名10岁学生在距离学校门口约200米的位置，被一男子刺伤。受伤学生第一时间被送医并在全力抢救中，凶手已经被当场抓获，案件还在进一步调查中，中方有关部门将依法处理。,林剑
t20240918_11492426.html,塔斯社记者,据美国陆军负责人此前称，美国正在考虑在日本部署中程和短程导弹系统的可能性。外交部对此有何评论？如果美国决定这么做，俄罗斯和中国可以采取哪些联合措施来确保自身安全？,近年来，美国为谋求绝对军事优势，执意在亚太地区推进包括中导系统在内的军力部署。此举将加剧军备竞赛势头，严重推高地区局势紧张，威胁地区和平与安全，破坏全球战略平衡与稳定。中方已多次阐明严正反对立场。,林剑
t20240918_11492426.html,中新社记者,据报道，9月17日，美国国防部国防安全合作局发布声明称，美国务院已批准一项总额约2.28亿美元的对台军售，包括飞机和相关设备的返还、维修、重新装运服务等。中方对此有何评论？,美国向中国台湾地区出售武器，严重违反一个中国原则和中美三个联合公报特别是“八·一七”公报规定，严重侵犯中国主权和安全利益，损害中美关系和台海和平稳定，向“台独”分裂势力发出错误信号。中方强烈谴责、坚决反对，已向美方提出严正交涉。中方采取坚决反制措施，已宣布将对9家美国军工企业实施制裁。,林剑
t20240918_11492426.html,法新社记者,日本防卫省今天表示，中国的“辽宁号”航母进入日本冲绳地区的毗连区水域。你能否证实这一信息？中方对此有何评论？,关于你提到的有关问题，建议你向中方主管部门询问。我要强调的是，中方有关活动符合中国国内法和国际法。,林剑
t20240918_11492426.html,《北京青年报》记者,9月12日至16日，2024年中国国际服务贸易交易会在北京成功举行。我们注意到，无论是国际巨头还是中小企业都把更多更新的成果、技术和应用拿到服贸会上，与各路客商洽谈合作。当前全球自由贸易机遇与挑战并存，中方如何看待此类平台对扩大高水平开放的重要意义？,今年是2012年创办服贸会以来的第12个年头。10多年来，服贸会累计吸引197个国家和地区的90余万家展客商参展参会，同期中国服务贸易年均增速达到6.2%，高于全球平均水平。正如习近平主席在贺信中指出的，服贸会是中国服务业和服务贸易高质量发展的生动写照，为构建开放型世界经济作出了积极贡献。,林剑
t20240918_11492426.html,彭博社记者,美国检察官近日宣布的起诉书中称，中国国有军工企业的一名员工试图对美国国家航空航天局、美国军方等目标进行黑客袭击，以获取计算机软件和源代码。外交部对此有何评论？,我不了解有关情况。,林剑
t20240918_11492426.html,彭博社记者,中国官员将在布鲁塞尔与欧盟官员以及在北京与美国官员就中国的工业产能和出口关税问题进行沟通。中国希望传达什么信息？中国希望通过这些会谈实现什么目标？,具体问题请你向中方有关主管部门询问。作为原则，我想强调的是，这起调查是典型的保护主义和政治主导行为，无视客观事实，罔顾世贸规则，违背历史潮流，损害欧盟绿色转型进程和全球应对气候变化的努力。中方始终秉持最大诚意，致力于通过对话磋商解决问题，并提出了灵活解决方案建议。而欧方却一面声称愿意通过对话解决分歧，一面却不断拒绝中方的提议，始终不给出任何具体对案。希望欧方切实拿出诚意和行动，认真考虑中国业界的合理关切和建议。如果欧委会一意孤行，中方将采取必要措施，坚决捍卫中国企业和产业的合法权益。,林剑
t20240919_11493206.html,总台华语环球节目中心记者,发言人刚才宣布中共中央政治局委员、外交部长王毅将作为习近平主席特别代表出席联合国未来峰会，同时出席第79届联合国大会一般性辩论，请问中方对此访有何期待？,中共中央政治局委员、外交部长王毅将作为习近平主席特别代表率团出席未来峰会，同时出席第79届联大一般性辩论，全面阐述中方对当前国际形势、全球治理及重大国际和地区问题的政策立场，进一步介绍全球发展倡议、全球安全倡议、全球文明倡议等重大理念主张。,林剑
t20240919_11493206.html,共同社记者,今日，日本驻广州总领事馆发布消息称，昨日在深圳被刺的男童已经去世了。中国政府如何看待此事？行凶男子的动机是什么？（彭博社记者亦问及）,中方对发生这样的不幸事件表示遗憾和痛心，对男孩去世表示哀悼，对他的家人表示慰问。这个男孩是日本国籍，其父母分别为日本公民和中国公民。男孩遇袭后第一时间被送医，广东省方面安排医学专家对他进行了全力抢救。中方将为他的家人料理后事提供必要协助。目前，案件还在进一步调查中，中方有关部门将依法处理。,林剑
t20240919_11493206.html,日本经济新闻记者,今年6月在苏州发生了日本学前儿童无辜被持刀袭击事件，发言人当时称这是一起偶发事件。请问这次的事件同样也是一起偶发事件吗？（土耳其阿纳多卢通讯社亦问及）,根据目前掌握的情况，这是一起个案。类似案件在任何国家都有可能发生。中方对发生这样的不幸事件表示遗憾和痛心。中国是法治国家，中国政府绝不容许任何违法暴力行为，将依法调查案件、惩处犯罪分子。中方一直并将继续采取有效措施，保障所有在华外国公民的安全。,林剑
t20240919_11493206.html,日本经济新闻记者,短时间内发生两起在华日本儿童被持刀袭击事件，使日本国内大为震惊，引起巨大反响。如何看待这对日中关系造成的影响？,刚才我提到，这是一起个案，中日双方正就此案保持沟通。我们始终欢迎包括日本在内各国人士来华旅游、学习、经商和生活，将继续采取有效措施，保障在华外国公民的安全。我们相信，个别案件不会影响中日两国交往与合作。,林剑
t20240919_11493206.html,《中国日报》记者,我们注意到，今天外交部发布了《中国出席联合国未来峰会和第79届联合国大会立场文件》。发言人能否介绍有关情况？,当前，百年变局加速演进，世界进入动荡变革期。联合国未来峰会和本届联大将为国际社会凝聚政治共识、增进团结协作、携手应对挑战提供重要契机。,林剑
t20240919_11493206.html,澎湃新闻记者,当地时间9月18日，第10次联合国大会紧急特别会议以124票赞成、14票反对、43票弃权通过决议，要求以色列在12个月内结束对巴勒斯坦领土的非法占领。表决中，中国投赞成票，美国、以色列投反对票。我们注意到，这也是巴勒斯坦国作为联合国观察员首次在联大提出决议草案。中方对此有何评论？,联大紧急特别会议昨天高票通过关于以色列在巴勒斯坦被占领土问题的咨询意见的决议草案，中方对此表示欢迎和赞赏。中国支持决议草案，投了赞成票，希望决议得到全面落实。,林剑
t20240919_11493206.html,法新社记者,美国司法部昨天指称中国政府试图对全球20万台设备发动网络攻击。外交部对此有何评论？,我不了解你提到的具体情况。作为原则，中方一贯坚决反对各种形式的网络攻击。同时我们也反对对中国无端指责和抹黑。我们奉劝美方停止在网络空间“兴风作浪”，拿出负责任大国姿态，与国际社会加强对话合作，共同应对网络安全风险。,林剑
t20240919_11493206.html,湖北广电记者,据报道，9月17日，马里首都巴马科发生多起恐怖袭击，造成多名人员伤亡。请问中方对此有何评论？,我们对此次事件中的受害者表示哀悼，对受害者家属和伤者表示慰问。中方反对一切形式的恐怖主义行径。,林剑
t20240919_11493206.html,土耳其阿纳多卢通讯社记者,黎巴嫩真主党成员使用的通讯设备被遥控引爆，这似乎是有组织的袭击。据报道，该事件目前已造成30余人死亡，3000多人受伤。中方对此有何评论？,中方高度关注相关事件，反对任何侵犯黎巴嫩主权和安全的行为，对事件可能引发地区紧张局势升级表示担忧。中方呼吁有关各方切实维护中东地区和平与稳定。,林剑
t20240919_11493206.html,路透社记者,本社今天报道称，尽管中国要求美国立即撤出部署在菲律宾的“堤丰”中程导弹系统，但美国没有此类计划，且正在测试该系统在地区冲突中使用的可行性。该导弹系统可配备能打击中国目标的巡航导弹。该系统用于美菲今年开展的联合演习，但至今仍部署在菲律宾。外交部对此有何评论？,中方对有关报道感到严重关切。关于美国在菲律宾部署中导，中方已多次严正阐明反对立场，有关做法严重开历史倒车，严重威胁地区国家安全，严重加剧地缘对抗，已引起地区国家高度警惕和关切。我们敦促有关国家正视地区国家呼声，尽早纠正错误做法，停止挑动军事对抗，按此前公开承诺尽快撤走中导系统，不要在错误的道路上越走越远。,林剑
t20240919_11493206.html,土耳其阿纳多卢通讯社记者,追问关于真主党的问题。据了解，袭击中使用的寻呼机设备最初是由一家台湾公司生产的，这些设备上印有该公司的商标。发言人是否了解该公司有无同以色列或摩萨德合作？,我不掌握有关情况。,林剑
t20240919_11493206.html,法新社记者,美国常务副国务卿坎贝尔昨天称中国是美国历史上最大的挑战。外交部对此有何评论？,美方官员有关言论罔顾事实，公开大肆渲染“中国威胁”，鼓噪阵营对抗，充斥着冷战零和思维和意识形态偏见，中方表示强烈不满。美方从战略竞争的视角看待国际形势、定义中美关系，错误地把中国视为“最大挑战”，是以自己的霸权思维镜像他国，是对中国和中美关系的严重误判，既不符合两国人民根本利益，也不符合国际社会的普遍期待。,林剑
t20240920_11493741.html,总台央视记者,我们注意到今天外交部网站上刚刚发表了中日双方就福岛第一核电站核污染水排海问题的共识文件。请发言人介绍有关情况。,2023年8月24日，日本政府无视国际社会的强烈质疑和反对，单方面启动福岛第一核电站核污染水排海。中国作为最重要的利益攸关国之一，一直反对这一不负责任的做法。根据两国领导人有关通过磋商谈判解决福岛核污染水问题的精神，中方同日方和相关国际组织前后进行了10多轮密集谈判和协商，经过不懈努力，达成今天发表的共识。我愿强调以下几点：,毛宁
t20240920_11493741.html,彭博社记者,中日双方就福岛核污染水排海问题达成共识，我的第一个问题是，这是否意味着中方将加入日方与国际原子能机构现有的监测安排？还是说将建立一个全新的监测安排？第二个问题是，你刚才提到国际社会也可以参与监测，是否有其他国家将参与监测？还是说只有日本、中国及国际原子能机构参与监测？,关于你的第一个问题，国际原子能机构多次表示支持对福岛核污染水排海加强监测，支持中日磋商和达成共识。我们同国际原子能机构一直保持着必要沟通。,毛宁
t20240920_11493741.html,《北京日报》记者,今年是六方会谈9·19共同声明发表19周年。19年来，朝鲜半岛形势发生了不少变化，中方如何评价当前形势？对半岛事务各相关方有何建议？,六方会谈9·19共同声明是有关方共同努力的结果，曾为稳定局势、缓和紧张发挥重要作用。维护半岛和平稳定、推动半岛问题政治解决符合各方共同利益，符合国际社会普遍期待。当前半岛形势持续紧张。我们希望各方相向而行，坚持政治解决大方向，为实现半岛及东北亚地区长治久安发挥建设性作用。,毛宁
t20240920_11493741.html,彭博社记者,关于周三在深圳发生的袭击事件，日方发布了昨日外交部副部长孙卫东同日本驻华大使通话的消息，其中提到孙卫东副部长表示该案属个案，犯罪嫌疑人有过犯罪记录。但这并不能说明犯案动机。今早我收到日本驻华使馆的电子邮件，日方依然强烈要求中方公布包括所有背景信息在内的案件细节，表示中方迄今未向日方提供任何同作案动机有关的信息。目前该犯罪嫌疑人已被拘留超过两天，你能否介绍任何关于作案动机的信息？,中日双方就有关问题保持着沟通。昨天，孙卫东副部长同金杉大使通话时介绍了相关情况。我注意到深圳市也提供了不少信息。据我了解，中方主管部门正在对这起案件进行调查和侦办。关于案件进展包括动机这些具体信息，建议向中方主管部门了解。,毛宁
t20240920_11493741.html,日本经济新闻记者,关于今年6月苏州日本母子和中国女性遇袭事件，昨天发言人称此事“目前还在进一步调查中”。能否介绍自6月以来的后续进展？在中国居住的日本人很关心深圳、苏州两起案件，中方是否准备在这两起案件调查结束后，对外公布犯罪人作案动机、背景、案件情况等详细内容？,据我了解，中方主管部门正在对有关案件进行调查和侦办，将适时推进后续司法程序。我目前不了解具体进展以及你关心的这些信息，你可以向中方主管部门询问。,毛宁
t20240920_11493741.html,日本广播协会记者,中日达成共识的消息恰巧和深圳日本男孩被刺身亡事件时间上相隔很近，请问这两者是否关联？,中日双边共识的内容、发表时间是经过双方密集磋商确定的。关于深圳男孩遇袭的个案，中方已经多次表明立场。两者没有关联。,毛宁
t20240920_11493741.html,彭博社记者,我昨天向深圳公安机关询问案犯的作案动机，但对方未予回答。孙卫东副部长昨天同日本驻华大使通话时提到犯罪嫌疑人有过前科等细节。由此看来，负责同日本政府沟通的部门是外交部。你刚才建议我向中方主管部门了解。我理解主管部门就是外交部。所以我想再问一遍，案犯的作案动机是什么？为什么不提供案件信息？,这起案件正在由公安部门进行侦办，也就是说，案件仍在侦查和调查过程中，目前还没有结论。中日两国外交部门保持着沟通。这是必要的，也是正常的。你关心的问题，主管部门能提供更权威的信息。,毛宁
t20240920_11493741.html,共同社记者,深圳媒体今天报道称，深圳日本人学校的案件是偶发个案。中方对此有何评论？,我注意到媒体的报道，也注意到深圳市介绍的情况。相信有关说法有其依据。,毛宁
t20240920_11493741.html,日本广播协会记者,再次提问深圳的问题。日方最想了解的是，犯人是否针对日本人。这个方面中国外交部有何看法？,我能理解日方和在华日本人对这个问题的关切。我想说明的是，犯罪嫌疑人已经被公安部门刑事拘留。至于他的动机具体是什么，需要通过认真的调查来确定，我目前不掌握有关信息。,毛宁
t20240920_11493741.html,彭博社记者,如果不掌握作案动机，如何能确定该案件是个案？你一方面表示不知道动机，另一方面却又告诉我们这是个案。这是不是自相矛盾？,判断一个案件是不是个案，除了犯罪嫌疑人的动机之外，还涉及很多其他因素。从目前掌握的信息判断，这是一起个案。但是具体情况要等待调查的结果。,毛宁
t20240920_11493741.html,法新社记者,中方表示将逐步恢复进口日本水产品。有报道说，俄罗斯仍继续禁止进口。请问中方有何评论？,这个问题，建议你向俄罗斯方面询问。,毛宁
t20241217_11495336.html,总台央视记者,9月22日，斯里兰卡选举委员会宣布，全国人民力量（NPP）候选人迪萨纳亚克在斯里兰卡2024年总统选举中胜出，当选斯里兰卡新任总统。中方对此有何评论？对中斯关系有何期待？,斯里兰卡总统选举于9月21日顺利有序举行，迪萨纳亚克先生当选斯里兰卡新任总统并宣誓就职，中方对此表示衷心祝贺。习近平主席已向迪萨纳亚克总统发去贺电。,林剑
t20241217_11495336.html,日本广播协会记者,中日外长会谈将在纽约举行，请问中国外交部对此次会谈有何期待？双方将谈及哪些议题？是否会就中国重启日本海产品进口进一步沟通？是否会讨论深圳日本人学校男童遇袭身亡事件？,关于中日两国外长在联大会议期间举行双边会晤事，据我了解，目前双方正保持沟通。如有消息，我们将适时发布。,林剑
t20241217_11495336.html,《中国日报》记者,据了解，近日，联合国人权理事会第57届会议就阿富汗人权状况举行加强对话会。部分与会代表就阿富汗妇女权益问题表达了关切，中方代表呼吁以平等、尊重方式引导阿执政当局逐步改善和加强对妇女儿童权利保护。请问发言人对此有何评论？,中国政府历来重视保障妇女权益。我们注意到阿富汗执政当局多次强调要尊重和保护女性权益，希望阿方落实上述政策宣示，重视国际社会合理关切，与有关各方通过友好协商解决问题。,林剑
t20241217_11495336.html,彭博社记者,周末在美国举行的美日印澳“四边机制”峰会上，美总统拜登发表了一些关于中国的言论，他说中国继续表现得“咄咄逼人”，在整个地区“考验”美国及“印太”盟友。请问外交部对此有何评论？,“四边机制”在美方“印太战略”中被定位为地区首要领导机制，是美国围堵中国、维护美霸权的一个工具。“印太战略”试图以炒作“中国威胁”凝聚排华遏华共识，“四边机制”试图以涉海议题纠集军事安全合作，意图和手法如出一辙。美方口口声声说不针对中国，但峰会第一个话题就是中国，峰会处处拿中国说事，这是睁着眼睛说瞎话，连美国媒体都不相信。,林剑
t20241217_11495336.html,总台华语环球节目中心记者,请问中方对第21届中国—东盟博览会暨中国—东盟商务与投资峰会有何期待？,东盟是中国周边外交优先方向和共建“一带一路”重点地区。自2021年建立全面战略伙伴关系以来，中国东盟关系保持良好发展势头，全方位合作高水平运行，更为紧密的中国—东盟命运共同体建设迈出坚实步伐。中国自2009年起成为东盟第一大贸易伙伴，双方连续4年互为最大贸易伙伴。今年1-7月，中国与东盟双边贸易额达5520亿美元，同比增长7.7%。今年1-7月，中国对东盟全行业直接投资达129.6亿美元，东盟对华直接投资73亿美元，分别同比增长15.3%、14.1%。,林剑
t20241217_11495336.html,《北京日报》记者,据报道，为帮助救治孟加拉国近期变局中受伤的民众，中国国家紧急医学救援队于9月22日赴孟加拉国开展医疗救援工作。请问发言人对此有何评论？,中方主管部门已经发布了有关消息。应孟加拉国临时政府邀请，近日中国国家紧急医学救援队驰援孟加拉国。该医学救援队在孟加拉国工作期间，将充分发挥专业优势，全力开展人道主义医疗救援工作。,林剑
t20241217_11495336.html,法新社记者,斯里兰卡新总统今天宣誓就职，中方是否有信心斯里兰卡将继续履行偿还中国债务的承诺？,作为斯里兰卡的友好近邻，中方希望斯里兰卡保持国家稳定和发展。中方愿在不干涉内政原则和尊重斯方意愿前提下，继续为斯经济社会平稳发展发挥建设性作用。,林剑
t20241217_11495336.html,中新社记者,据报道，北京时间9月22日晚，联合国未来峰会正式通过“全球数字契约”。中方对此有何评论？,中方欢迎联合国达成“全球数字契约”。契约强调发展优先、普惠包容、创新驱动、保护数字空间文化多样性，营造开放、公平、包容和非歧视数字发展环境，这些原则与中方提出的全球发展倡议和全球文明倡议理念相通。契约提出制定全球数据安全共同标准，开展人工智能治理全球对话及政府间谈判，这些举措与中方提出的《全球人工智能治理倡议》《全球数据安全倡议》路径一致。,林剑
t20241217_11495336.html,彭博社记者,据悉，日本外务副大臣昨晚来到北京，同中方就深圳日本人学校男童遇袭身亡事件进行沟通。请介绍此次会面情况。另外，中方是否将就袭击事件包括袭击者动机发布更多信息？,今天上午，外交部副部长孙卫东会见了日本外务副大臣柘植芳文，双方就中日关系和共同关心的问题交换了意见。双方重申重视和发展中日关系的立场，同意共同努力落实两国领导人重要共识，全面推进战略互惠关系。关于深圳日本人学校男童遇袭身亡事件，双方肯定彼此为妥善、冷静处理这一不幸事件所做努力，同意保持沟通，避免偶发个案影响两国关系。,林剑
t20241217_11495336.html,土耳其阿纳多卢通讯社记者,根据以色列媒体报道，中国驻以色列大使馆周日晚上发布提醒，要求在以中国公民尽快回国，并提醒中国公民暂勿前往以色列。中方发布提醒的原因是什么？,我们确实发布了相关领事提醒。维护海外中国公民的安全是我们义不容辞的责任。,林剑
t20241217_11495336.html,凤凰卫视记者,上周深圳日本人学校学童遇袭后很多人去学校门口献花，其中绝大多数是当地中国民众。学校方面也透露，截至20日已收到超过1000束悼念花束，他们用这种方式表达对男孩的哀悼及对其家人的慰藉。发言人对此有何评论？,我也注意到这个情况。中方对这一不幸事件表示遗憾和痛心。中国民众的自发悼念行为，反映了中国广大民众最朴素的情感，反映了对生命的尊重。中华文明讲仁爱、守诚信、崇正义、尚和合，具有突出的包容性与和平性。我们将一如既往对外国友人以礼相待，以诚相待，一视同仁，全力保障所有外国公民在华人身财产安全。,林剑
t20241217_11495336.html,法新社记者,“四边机制”领导人在联合声明中表示，对东海和南海局势表达严重关切，显然指的是中国。中方是否已向有关国家提出严正交涉？,当前，南海和东海局势保持总体稳定。一些域外国家不断拼凑小圈子，翻新花样介入中国周边涉海问题，企图搞集团对抗，推动局势升温，破坏地区和平稳定。我要强调的是，任何势力的介入都不会动摇中方依法维护领土主权和海洋权益、维护地区和平稳定的决心。,林剑
t20241217_11495336.html,印度报业托拉斯记者,此次“四边机制”峰会首次批准海岸警卫队联合执行任务，一致同意加强在印度洋地区的合作，承认并支持印度在完成《环印联盟印太展望》方面发挥领导作用。你对此有何评论？,国与国之间的合作应利于促进地区和平、稳定与繁荣，而不是拼凑封闭排他的“小圈子”，损害地区国家的互信与合作。,林剑
t20241217_11495336.html,法新社记者,据媒体报道，美国商务部打算今天提议禁止美国的智能联网汽车和具备自动驾驶技术的汽车商使用中国软件和硬件，美方称这是出于国家安全考虑。中方是否已就此与美方进行了沟通？,具体问题建议向中方主管部门询问。作为原则，我要强调的是，中方反对美方泛化国家安全概念，针对中国相关企业及产品采取歧视性做法。我们敦促美方尊重市场原则，为中国企业提供开放、公平、透明、非歧视的营商环境。中方将坚决维护自身合法权益。,林剑
t20241217_11495336.html,印度报业托拉斯记者,据你刚才所说，我们是否可以认为，中方已经向“四边机制”所有成员就其涉南海、东海言论提出交涉？,我刚才已经提到，对任何损害中国主权和安全利益的行径，中方都将提出交涉。,林剑
t20241217_11495336.html,路透社记者,斯里兰卡新任总统曾表示，希望重新协商斯方与国际货币基金组织、债券持有人等所有债务。根据上周四公布的债券持有人起草的一份协议，斯政府表示已与中国国家开发银行敲定了关于债务重组的关键金融条款。斯里兰卡现已选出新总统，中斯双方会否重新讨论该协议条款？,作为斯里兰卡的友好邻邦，中国和斯里兰卡一贯相互尊重、相互支持。中方希望斯保持国家稳定和发展，愿在不干涉内政原则和尊重斯方意愿前提下，为斯经济社会平稳发展发挥建设性作用。,林剑
t20241217_11495336.html,日本广播协会记者,关于日中副外长会谈，据日方发布的消息，日方要求管控中国网络社交媒体上的反日言论。请问中方有没有准备更多对策？,你提到中国社交网络上所谓“反日”言论，我想告诉你的是，在中国没有所谓“仇日教育”。刚才我也提到，深圳日本人学校男童遇袭事件后，不少当地市民去献花悼念，反对暴力，祈愿中日两国人民世代友好。,林剑
t20241217_11495340.html,《北京青年报》记者,联合国未来峰会日前在纽约开幕。峰会通过《未来契约》，从国际和平与安全等方面提出行动计划，以应对全球挑战。联合国秘书长古特雷斯在峰会上表示，世界正在经历动荡和转型期，必须采取决定性行动更新和改革国际合作。世界人民都希望有一个和平繁荣的未来，认为联合国的作用至关重要。发言人能否介绍中方与会情况？如何看待联合国在应对全球性挑战上的作用？,当地时间9月23日，习近平主席特别代表、中共中央政治局委员、外交部长王毅在纽约出席联合国未来峰会，发表题为《把握共同命运 共创美好未来》的致词。,林剑
t20241217_11495340.html,塔斯社记者,黎巴嫩南部和东部多地遭到以色列军队大范围袭击，到23日晚上已有1300多个目标遭以军空袭，2000多人死伤，其中包括妇女和儿童。请问中方对此有何评论？,中方高度关注当前黎以紧张局势，对有关军事行动造成大量人员伤亡深感震惊。中方反对侵犯黎巴嫩主权和安全的行为，反对和谴责一切伤及无辜平民的行动。我们呼吁有关方采取措施立即缓和局势，防止地区紧张局势进一步升级，切实维护中东和平稳定和人民生命安全。,林剑
t20241217_11495340.html,土耳其阿纳多卢通讯社记者,越来越多人担心黎以局势升级可能导致中东地区冲突外溢，中国是否计划呼吁就黎以局势召开安理会紧急会议？,中东地区局势越是严峻，国际社会越应共同努力缓解局势，推动冲突降级。无论局势如何变化，中方都会坚持站在正义一边，始终致力于维护中东地区和平稳定。我们愿同有关各方一道，继续为促进地区和平稳定作出不懈努力。,林剑
t20241217_11495340.html,湖北广电记者,我们了解到，禁止化学武器组织代表团应邀来华访问。发言人能否介绍有关情况？,9月17日至22日，禁止化学武器组织总干事、禁化武组织执行理事会主席、《禁止化学武器公约》缔约国大会主席以及13个国家常驻禁化武组织使节和代表访华。,林剑
t20241217_11495340.html,日本广播协会记者,关于日本男童在深圳遇袭身亡事，王毅外长在纽约会见日本外相上川阳子时表示，“日方应当冷静理性看待，避免政治化和扩大化”。发言人能否详细说明“政治化和扩大化”的含义？,我愿重申，这是一起个案，中方正依法调查处理。我们注意到日本国内有人把这起个案同中国社交网络上所谓“反日”言论相关联，放大炒作所谓“安全风险”，这种言论明显不符合事实。昨天我已经阐明中方有关立场。我愿再次强调，中方将一如既往保障所有在华外国公民的安全，希望日方冷静理性看待这起个案，避免政治化和扩大化。,林剑
t20241217_11495340.html,法新社记者,加拿大前外交官康明凯在接受加拿大广播公司采访时称，自2019年起他在中国被单独拘押近6个月，受到精神折磨。中方对此有何回应？,中国是法治国家，中国司法机关严格依法办案。谎言和抹黑改变不了你所提到的这个人违法犯罪的事实。我们奉劝有关方面尊重事实、反省错误。,林剑
t20241217_11495340.html,东方卫视记者,近日，多家美国和欧洲媒体报道披露美国计划于9月下旬联大期间开放签署海底电缆《纽约联合声明》，并称欧盟成员国正在讨论是否加入这一声明。签署声明的国家将致力于“使用可靠和值得信赖的电缆组件和服务”，支持“拥有透明所有权、合作伙伴关系和公司治理结构的海底电缆网络服务提供商和运营维护商”，并要求网络运营商采取措施保护供应链和数据安全。一些媒体分析认为，美国此举是企图将中国海缆企业排挤出全球海缆供应链。中方对此有何评论？,国际海缆是当代全球通信最重要的信息载体，是支撑国家间数字经济和跨境贸易的主要基础设施。但令人遗憾的是，近年来，美国公然违反国际规则和商业运作模式，在海缆领域对中国构筑“小院高墙”，不断动用国家力量打压遏制中国企业和产品技术。此次美国在联大期间鼓动签署排他性的涉海缆联合声明，险恶用心昭然若揭。,林剑
t20241217_11495340.html,彭博社记者,据报道，美国拜登政府正拟定新规以阻止销售和进口产自中国和俄罗斯的联网汽车软硬件，目的是为了抵御黑客攻击的威胁。美商务部认为这事关国家安全。外交部对此有何评论？,具体问题请你向中方主管部门询问。昨天我也已就此阐述了中方立场。美方针对特定国家企业及产品采取歧视性做法，违反世贸组织基本原则，扰乱国际贸易投资，破坏全球产供链稳定，最终也会损害美国自身利益。中方也注意到美国业界对此有不少质疑声音。,林剑
t20241217_11495340.html,塔斯社记者,芬兰艾赫泰里动物园在一份新闻稿中表示，两只大熊猫将被提前接回中国。外交部能否提供更多信息？,我刚刚也注意到，中国野生动物保护协会已就此发布了消息，你可以查阅。,林剑
t20241217_11495343.html,中新社记者,我们关注到，日前结束的2024世界制造业大会上，参会的中国企业分享了包括商业航天、人形机器人、量子计算机等一批最新创新成果。有评论认为，中国的科技创新正在实现从跟跑到领跑的转变。发言人对此有何进一步评论？,科技是第一生产力，创新是引领发展的第一动力。中国党和政府始终坚持把科技创新摆在国家发展全局的核心位置。经过75年的艰苦奋斗，我们建成了全球最完整的学科体系和最大规模的人才体系，基础前沿研究取得新突破，战略高技术领域实现新跨越，创新驱动引领高质量发展取得新成效，国家创新体系建设提质加速。根据世界知识产权组织发布的全球创新指数报告，2023年中国创新能力综合排名位居世界第12位，是前30位中唯一的中等收入经济体。,林剑
t20241217_11495343.html,彭博社记者,中国宣布将对美国服装生产商PVH涉嫌抵制新疆棉花展开调查，商务部要求PVH在30天内提交书面材料，说明近3年内该公司是否对涉疆产品采取歧视性措施。根据中国2020年出台的一项法规，如发现过错，PVH可能会被添加到不可靠实体清单中。请问这是否和美国政府拟阻止销售和进口来自中国的汽车软硬件计划有关？中国是否会对更多美国公司开展此类调查？,关于你提到的问题，商务部已经作出回应。我要强调的是，中国政府坚定不移推进高水平对外开放，坚定维护多边贸易体制，坚定维护各类市场经营主体合法权益。中国一贯审慎处理不可靠实体清单问题，仅针对极少数破坏市场规则并违反中国法律的外国实体，诚信守法的外国实体完全无需担心。,林剑
t20241217_11495343.html,总台央视记者,9月24日，在联合国人权理事会第57届会议上，上百个国家积极发声，支持中方在涉疆、涉港、涉藏问题上的立场，反对将人权问题政治化。请问中方对此有何评论？,9月24日，日内瓦举行的联合国人权理事会第57届会议上，美国等少数国家发言攻击抹黑中国人权状况。对此，100多个国家以共同发言、单独发言等不同方式，支持中方正义立场，反对将人权问题政治化。古巴代表近80个国家作共同发言，强调新疆、香港、西藏事务是中国内政，反对将人权问题政治化和双重标准，反对以人权为借口干涉别国内政。呼吁各方恪守联合国宪章宗旨和原则，遵循普遍性、公正性、客观性和非选择性等原则，尊重各国人民根据国情自主选择发展道路的权利。中国代表“对话合作促人权之友小组”成员国作共同发言，呼吁人权理事会为各国通过对话交流积累信任、推进合作发挥应有作用。乌干达代表不结盟运动、委内瑞拉代表“捍卫联合国宪章之友小组”、冈比亚代表非洲组等发言支持中方立场。,林剑
t20241217_11495343.html,路透社记者,中方今天宣布向太平洋相关公海海域成功发射1发洲际弹道导弹，并提前向有关国家作了通报。请问中方向哪些国家作了通报？导弹轨迹经过哪里？,关于你提到的问题，中国国防部已经发布了消息。具体问题请你向国防部询问。,林剑
t20241217_11495343.html,乌通社记者,乌克兰总统泽连斯基在接受美国广播公司采访时表示，乌方有证据表明，俄罗斯正使用中国卫星拍摄乌克兰核电站的照片，为可能袭击这些核电站做准备。发言人对乌领导人的表态有何评论？,我不了解你所说的情况。,林剑
t20241217_11495343.html,路透社记者,追问关于洲际弹道导弹的问题。中方通报的国家或其他国家是否表达反对？,具体问题建议你向国防部询问。,林剑
t20241217_11495343.html,深圳卫视记者,据报道，英国Z/Yen集团与中国（深圳）综合开发研究院联合发布第36期《全球金融中心指数》报告，香港在全球121个金融中心中排名第三，比今年3月上升一位。请问外交部对此有何评论？,在“一国两制”下，香港经济蓬勃发展，国际金融、航运、贸易中心地位持续巩固，特别是国际金融中心地位一直具有强劲吸引力、影响力和竞争力，在全球金融中心指数排名中始终名列前茅。此次最新排名是国际社会对香港独特地位和优势以及“一国两制”发展前景投下的又一张信任票。我们对香港由治及兴的光明前景充满信心，欢迎来自世界各地企业赴港投资兴业、各国人才到港各展所长，分享香港发展和“一国两制”的红利。,林剑
t20241217_11495343.html,路透社记者,日本内阁官房长官今天表示，中方发射洲际弹道导弹对日本和国际社会构成“严重关切”。发言人对此有何评论？,国防部发布的消息稿指出，此次导弹发射是年度军事训练例行性安排，符合国际法和国际惯例，不针对任何特定国家和目标。具体问题请向国防部询问。,林剑
t20241217_11495343.html,法新社记者,以色列今天表示，黎巴嫩真主党首次向特拉维夫发射一枚导弹。中方对当前中东局势是否感到担忧？是否愿推动以色列和真主党实现停火？,在昨天的记者会上，我已经就当前黎以紧张局势阐述了中方立场。我愿重申，中方呼吁有关方采取措施立即缓和局势，防止地区紧张局势进一步升级，切实维护中东和平稳定和人民生命安全。中方愿继续就此同国际社会一道作出不懈努力。,林剑
t20241217_11495348.html,澎湃新闻记者,我们注意到，中方在第79届联大一般性辩论期间同赞比亚共同举办“加强人工智能能力建设国际合作高级别会议”，中方并对外宣布了《人工智能能力建设普惠计划》。中方为何要提出这个计划？将采取哪些行动推进计划的落实？,当地时间9月25日，由中国和赞比亚合办的“加强人工智能能力建设国际合作高级别会议”在纽约联合国总部举行。中共中央政治局委员、外交部长王毅出席并致辞。塞尔维亚总统武契奇、印尼统筹部长卢胡特以及80多个国家和国际组织的高级别代表与会。各方围绕加强人工智能能力建设国际合作深入交换意见，达成广泛共识。,林剑
t20241217_11495348.html,韩国广播公司记者,25日，日本海上自卫队的驱逐舰首次通过台湾海峡，日媒称此次行动是为应对中国在日本周边的军事活动，主张“航行自由”。对此，中国的立场是什么？,台湾问题事关中国主权和领土完整，事关中日关系政治基础，是不可逾越的红线。针对日本自卫队舰艇进入台湾海峡活动，中国军队已依法依规予以处置。中方对日方此举政治意图高度警惕，已向日方提出严正交涉。,林剑
t20241217_11495348.html,塔斯社记者,最近王毅外长在纽约会见了欧盟外交与安全政策高级代表博雷利，双方就乌克兰危机交换意见。王毅外长强调，如果仍有人指责中国，就是别有用心，向中国推卸责任，更是别有所图。请问王毅外长所说的个别国家的图谋是什么意思？这些国家到底会有什么样的目的？,王毅外长日前在纽约同博雷利高级代表会见时强调，中国在乌克兰危机问题上始终坚持客观公正立场，致力于推动局势降温，不放弃争取和平的努力。中方所作努力得到国际社会普遍认可。个别国家一而再、再而三向中国“甩锅推责”，当然不是出于推动局势降温、促进劝和促谈的目的。至于他们到底在图谋什么，相信世人自有判断。,林剑
t20241217_11495348.html,伊拉克如道电视台记者,第一个问题，伊拉克库尔德地区同中方经贸关系密切，对华友好。中方对该地区即将举行议会选举有何看法？第二个问题，中东地区紧张局势升级，中方会采取什么实际措施保护中方项目和人员安全？,中国和伊拉克传统友好，中方支持伊方维护稳定、实现发展，愿同伊方加强交往、深化合作，推动中伊战略伙伴关系不断取得新进展。,林剑
t20241217_11495348.html,法新社记者,日本表示，中方昨天发射洲际弹道导弹未提前向日方通报，这是否属实？如果属实，中方为何未向日方通报？,昨天中国国防部已经发布相关信息。这是中方的年度军事训练例行安排，符合国际法和国际惯例，不针对任何特定国家和目标。中方提前向有关国家进行了通报。至于你问到的具体情况，请向国防部询问了解。,林剑
t20241217_11495348.html,法新社记者,印度媒体报道称，印度登山团队登顶了一座无人攀登且未命名的山峰。山峰位于中方称藏南地区的“阿鲁纳恰尔邦”。印度登山者将山峰命名为六世达赖喇嘛的名字。中方对此有何评论？,我还不了解你所提到的情况。作为原则，藏南地区是中国领土，印度在中国领土上设立所谓“阿鲁纳恰尔邦”是非法的、无效的，这是中方的一贯立场。,林剑
t20241217_11495348.html,路透社记者,新西兰国防部长发表声明称，新西兰和澳大利亚海军舰船于周三过航台湾海峡。外交部对此有何评论？,对于外国军舰过航台湾海峡，中方一贯依法依规予以处置，同时对任何可能危害中方主权和安全的行径保持高度警惕。,林剑
t20241217_11495353.html,总台央视记者,我们注意到，王毅外长日前在联合国总部出席了“全球发展倡议支持全球南方—中国在行动”主题发布活动。中方为何要举办此项活动？中方将采取哪些举措支持“全球南方”国家发展？,当地时间9月25日，中共中央政治局委员、外交部长王毅在纽约联合国总部出席“全球发展倡议支持全球南方—中国在行动”主题发布活动。第79届联大主席菲勒蒙、联合国副秘书长以及20多国部长级官员出席。,林剑
t20241217_11495353.html,日本广播协会记者,在今天举行的日本自民党总裁选举中，石破茂当选为自民党总裁，将成为日本新首相。石破茂在竞选中表示需要建立“亚洲版北约”。中方对石破茂当选有何回应？对他当选后的日中关系有何期待？,我们注意到有关选举结果，这是日本内政，中方不作评论。中日关系长期健康稳定发展，符合两国人民根本利益，也是唯一正确的选择。希望日方以史为鉴，坚持走和平发展道路，恪守中日四个政治文件确立的各项原则和共识，树立客观正确的对华认知，奉行积极理性的对华政策，把全面推进战略互惠关系的定位落到实处，同中方相向而行，推动中日关系沿着正确轨道持续健康稳定发展。,林剑
t20241217_11495353.html,日本共同社记者,今年八月，石破茂曾访问过台湾，并同台湾领导人举行会面。发言人对石破茂当选后的日台关系有何看法？,台湾是中国的一个省，不存在什么“台湾领导人”。关于你提到的问题，中方此前已经阐明过立场。中方一贯坚决反对日本政治人物窜访中国台湾地区，这一立场是明确的。,林剑
t20241217_11495353.html,塔斯社记者,据“政客”新闻网欧洲版报道，乌克兰在纽约联大期间采取了一些措施，劝阻其他国家支持中国和巴西就解决乌克兰问题提出的“六点共识”。乌克兰外交官员向与会者散发了一份文件，表达对中国推动的停火方案的担忧，认为它有利于俄罗斯。中方对此有何评论？,我不了解你所说的情况。中国同巴西联合发布“六点共识”，旨在汇聚更多平衡、客观、理性的声音，为停火止战创造条件，为对话谈判积累势头，为实现和平作出努力，目前为止已得到超过110个国家积极回应，反映了国际社会的普遍期待。中方愿继续同有关各方保持沟通，共同为推动危机的政治解决创造条件。,林剑
t20241217_11495353.html,中新社记者,据了解，中国举办的2024年国际人道主义扫雷培训班在南京结业。能否介绍有关情况？,中国政府举办的2024年国际人道主义扫雷培训班今天在南京举行结业仪式，来自联合国、东盟、柬埔寨、老挝及国际红十字会的代表出席。其间，中方还向柬方和老方移交了一批探雷扫雷援助物资。各方积极评价培训班成果，赞赏中方为国际地雷行动所作贡献。,林剑
t20241217_11495353.html,韩国新一社记者,今年是“中朝友好年”，又是建交75周年。四月，两国举行了“中朝友好年”开幕式活动，你能否介绍“中朝友好年”闭幕式等相关活动安排？,中朝是山水相连的友好近邻，两国关系根基深厚，利益联系密切。中方高度重视中朝关系，将继续同朝方一道，按照两国领导人达成的重要共识，维护好、巩固好、发展好中朝传统友好合作关系。关于你提到的“中朝友好年”闭幕式等活动安排，如有确定的信息，我们会及时发布。,林剑
t20241217_11495353.html,法新社记者,据报道，缅甸军政府邀请反对其统治的武装组织停止战斗、开始对话。中方对此有何回应？缅甸军政府发出邀请前，是否同中国进行了讨论和谈判？,中方坚定支持推进缅人所有、缅人主导的和平和解。希望缅甸有关各方止战和谈，在宪法框架内通过对话妥处分歧，重启民主转型进程。,林剑
t20241217_11495353.html,法新社记者,这个问题昨天已经问过了，但我想再问一次。印度媒体报道称，印度一支登山团队登顶了一座无人攀登且未命名的山峰。山峰位于中方称藏南地区的“阿鲁纳恰尔邦”。印度登山者以六世达赖喇嘛的名字为这座山峰命名。中方对此有何评论？,昨天我已就此作出了回应。藏南地区是中国领土，印方在中国领土上设立所谓“阿鲁纳恰尔邦”是非法的、无效的。中方在这一问题上的立场是一贯、明确的。,林剑
t20241217_11495353.html,塔斯社记者,王毅外长在纽约联大期间会见巴西总统首席特别顾问时表示，中巴和其他“全球南方”国家即将成立乌克兰危机“和平之友”平台。外交部能否进一步介绍相关情况？,当前，乌克兰危机持续延宕，升级外溢风险不断上升。国际社会普遍对此感到担忧。前阶段，中国同巴西联合发表关于政治解决乌克兰危机的“六点共识”，得到国际社会积极响应和支持。,林剑
t20241217_11495359.html,总台华语环球节目中心记者,王毅外长日前在纽约出席了第79届联合国大会一般性辩论，发言人能否进一步介绍有关情况？,当地时间9月28日，中共中央政治局委员、外交部长王毅在纽约联合国总部出席第79届联合国大会一般性辩论，并发表题为《继往开来 砥砺前行 携手共建人类命运共同体》的演讲。,林剑
t20241217_11495359.html,日本经济新闻记者,日本自民党新总裁石破茂在日本广播协会节目中提到了发生在深圳的事件，对中国外交部发言人“类似案件在任何国家都有可能发生”的说法表达不满。他表示“绝对不容忽视”，并称该事件会“对日中关系产生影响”。你对此有何评论？,我愿重申，我们对这一不幸事件感到遗憾和痛心。这是一起个案，正在依法调查中，希望日方能够冷静理性看待。我愿再次强调，中国政府不容许任何违法暴力行为，中方将一如既往保障所有在华外国公民的安全，希望并相信个别案件不会影响中日两国交往与合作。,林剑
t20241217_11495359.html,日本经济新闻记者,石破茂总裁在日本广播协会节目中也提到日中元首沟通交流的重要性，你对此有何评论？,中日互为近邻，同为亚洲和世界重要经济体，拥有广泛共同利益和广阔合作空间。中方对两国各层级对话交流持开放态度。希望日方同中方相向而行，为两国关系改善和发展发挥建设性作用。,林剑
t20241217_11495359.html,日本广播协会记者,第一个问题，石破茂明日将出任日本首相，组建新内阁。据报道，他将选择亲信担任外相、防卫相等要职。媒体分析称这显示出他重视外交和安全保障，是实现“亚洲版北约”的第一步。请问发言人对石破内阁成员安排有何评论？第二个问题，石破茂预计将出席下月在老挝举行的东亚合作领导人系列会议，中方是否有意愿在老挝与日方举行首脑会晤？,关于第一个问题，有关人事任命是日本内政，中方不作评论。希望日方恪守中日四个政治文件确立的各项原则和共识，树立客观正确的对华认知，奉行积极理性的对华政策，把全面推进两国战略互惠关系的定位落到实处，同中方相向而行，推动中日关系沿着正确轨道持续健康稳定发展。,林剑
t20241217_11495359.html,中新社记者,我们注意到，王毅外长在出席联大期间宣布给予葡萄牙、希腊、塞浦路斯、斯洛文尼亚免签待遇，发言人能否介绍具体情况？,为进一步促进中外人员往来，中方决定扩大免签国家范围，对葡萄牙、希腊、塞浦路斯、斯洛文尼亚持普通护照人员试行免签政策。2024年10月15日至2025年12月31日期间，上述国家持普通护照人员来华经商、旅游观光、探亲访友和过境不超过15天，可免办签证入境。同时，我们促请有关国家给予中方人员更多签证便利。,林剑
t20241217_11495359.html,法新社记者,台湾“国防部”周日称，侦获到解放军在内蒙古、甘肃、青海、新疆实施多波次导弹发射行动，对此保持高度警觉。中方对此有何评论？,台湾是中国的一个省，不存在什么“国防部”。这不是外交问题。,林剑
t20241217_11495359.html,凤凰卫视记者,美国白宫网站日前发布消息，决定向中国台湾地区提供价值约5.67亿美元的军事援助。中方对此有何评论？,美方再次向中国台湾地区提供武器，严重违反一个中国原则和中美三个联合公报特别是“八·一七”公报，实际上是为赖清德和民进党当局顽固推行“台独”、挑衅一个中国原则撑腰打气。这再次证明，当前台海和平稳定面临的最大威胁、对台海现状的最大破坏，就是“台独”势力分裂活动和以美国为首的外部势力对其的纵容支持。必须指出，“台独”是死路一条，美国执意“以武助独”必将引火烧身，自食恶果。,林剑
t20241217_11495369.html,总台央视记者,你刚才发布了李强总理将出席东亚合作领导人系列会议的消息。中方如何看待当前的东亚合作？对此次东亚领导人系列会议有何期待？,当前，世界进入新的动荡变革期。东亚地区总体保持和平发展良好势头，但面临的不稳定、不确定、难预料因素增多。面对新形势，地区国家和人民更加珍惜来之不易的和平稳定局面，更加渴望实现共同发展，更加需要通过团结合作来应对挑战。,毛宁
t20241217_11495369.html,新华社记者,中方刚刚发布了李强总理将对老挝、越南进行正式访问的有关信息。中方如何评价当前中老、中越关系？对此次访问有何期待？,老挝、越南是中国的社会主义友好邻邦，两党两国传统友谊历久弥坚。新时代以来，在中老、中越两党两国最高领导人战略引领下，中老、中越命运共同体建设不断走深走实，为各自国家现代化建设注入强劲动力。,毛宁
t20241217_11495369.html,路透社记者,有官员周一表示，蔡英文将于本月访问捷克。外交部对此有何评论？,中方在台湾问题上的立场是一贯的、明确的，坚决反对任何“台独”分子以任何名义窜访中国建交国。我们敦促捷克等有关国家切实恪守一个中国原则，尊重中国主权和领土完整，不得以任何形式为“台独”分裂势力提供便利，不要做损害双边关系的事。我们也正告民进党当局，“台独”是死路一条，任何政治操弄和“挟洋谋独”图谋都是徒劳的。,毛宁
t20241217_11495369.html,中新社记者,昨天，也就是2024年10月7日，是加沙冲突爆发一周年。目前冲突仍在持续，中方对此有何评论？将如何进一步推动停火止战？,加沙冲突延宕一年，造成大量无辜生命消逝和前所未有的人道主义灾难，外溢影响波及地区，地区紧张局势持续升级。中方对战火仍在持续、和平依旧难期深感担忧。,毛宁
t20241217_11495369.html,总台华语环球节目中心记者,据报道，中方已分两批撤离在黎巴嫩中国公民。请问现在自黎巴嫩撤离中国公民的工作已经基本完成了吗？发言人能否介绍详细情况？,自黎以局势骤然升级以来，我们坚决贯彻落实习近平总书记重要指示精神。外交部同交通运输部、民航局及驻黎巴嫩、塞浦路斯等使馆密切协作、昼夜奋战，全力保护中国公民安全，迅速开展转移撤离行动。在各方共同努力下，我们已经安排两批次共215位中国公民分别搭乘轮船和包机，从黎巴嫩安全撤离，其中包括3位香港居民和1位台湾同胞。在此，我们向积极支持、参与转移撤离行动的中国国际航空公司、中国远洋海运集团、浙江宁波众盟航联公司表示感谢。,毛宁
t20241217_11495369.html,《环球时报》记者,据报道，美国国务卿布林肯日前在《外交事务》刊文称，中国是唯一既有意愿、又有能力重塑国际体系的国家。拜登总统将中国称作“步步紧逼的挑战”、最具影响力的长期战略竞争对手。中方对此有何评论？,美方官员的这些谬论不是什么新话。我们也说过很多次了，大国竞争不符合时代潮流，更解决不了美国自身的问题和世界面临的挑战。美方从战略竞争的视角看待国际形势、定义中美关系，是对冷战思维的执念，把中国当作长期战略竞争对手和“步步紧逼的挑战”，是以自己的霸权历史、霸权思维镜像他国，是对中国和中美关系的严重误判，既不符合两国人民根本利益，也不符合国际社会的普遍期待。中国始终是世界和平的建设者、全球发展的贡献者和国际秩序的维护者。事实上，所谓搞不公平竞争、采取咄咄逼人行动、到处耀武扬威、施压胁迫的，正是美国，而不是别人。,毛宁
t20241217_11495369.html,印度报业托拉斯记者,印度总统穆尔穆日前就中华人民共和国成立75周年向中国和中国领导人致贺，强调发展和平稳定的双边关系十分重要。发言人对此有何回应？此前发言人曾提及两国脱离接触的进程，尤其是在东拉达克地区。发言人能否介绍两国为解决这一僵局进行对话的进展？,近日印度总统穆尔穆等亚洲邻国领导人致电致函中国国家主席习近平，祝贺中华人民共和国成立75周年，中方对此表示感谢。中方重视穆尔穆总统关于中印关系的评价，我们愿同印方加强沟通，增进互信，共同推动中印关系健康稳定发展。,毛宁
t20241217_11495369.html,《北京日报》记者,多家旅游平台数据显示，“十一”假期期间，入境游订单量同比增长六成左右，许多城市成为外国游客的热门目的地。我们也注意到近期外交部等相关部门持续出台外国人入境便利化措施。发言人有何进一步评论？,“中国游”的升温，显示了中国的吸引力和开放姿态。中国已同24个国家实现全面互免签证，对16个国家实行免签入境政策，对54个国家实行72小时或144小时过境免签，外国游客来华流程不断简化，在华体验不断优化。据我了解，北京市推出了《境外初次来京人员城市服务指南》，系统提供各类生活服务信息。上海在出租车和地铁站配备外卡支付设备，成都、西安等8个城市也在试点便利来华人员支付的新举措。,毛宁
t20241217_11495369.html,彭博社记者,我想确认一下你刚才的评论。你在评论10月7日加沙冲突爆发一周年时，是否提到“以色列的合理安全关切也应得到重视”？关于这一点，你能否详细解释一下？外交部此前也作出这种表态吗？我想了解一下该表态的背景。,你没有听错，我确实说了，巴勒斯坦人民的民族合法权利应得到实现，以色列的合理安全关切也应得到重视。这是中方的一贯立场，只有这样才能够最终实现巴勒斯坦和以色列两国和平共处，阿拉伯和犹太两个民族和谐共存。,毛宁
t20241217_11495369.html,法新社记者,中方今天宣布，应黎巴嫩政府请求，中方决定向黎提供紧急人道主义医疗物资援助。中方能否详细介绍将向黎方提供哪些援助和物资？,中方高度关注当前黎以紧张局势。应黎巴嫩政府请求，中国政府决定向黎巴嫩提供紧急人道主义医疗物资援助，帮助黎方开展医疗救助工作。中国国家国际发展合作署已经发布有关消息，你可以查阅。,毛宁
t20241217_11495369.html,印度报业托拉斯记者,中方哪位领导人将率团出席即将在巴基斯坦举行的上海合作组织成员国政府首脑（总理）理事会会议？,关于在巴基斯坦举办的上海合作组织政府首脑（总理）理事会会议，我们同巴方保持着密切沟通。如有消息我们会及时发布。,毛宁
t20241217_11495369.html,共同社记者,日本政府今天发布了新任首相石破茂将访问老挝的消息。李强总理会否同日本首相会晤？,关于李强总理出席东亚合作领导人系列会议期间的双边会见，我们会及时发布消息，请你保持关注。,毛宁
t20241217_11495369.html,法新社记者,据报道，美国情报机构官员昨天警告称，外国政府正在“瞄准”国会众议院和参议院选举，来干涉选举年期间的美国民主。美国官员表示，包括中国在内的一些国家已开展“影响行动”，来帮助或伤害国会议员候选人。中方对此有何评论？,中方一贯奉行不干涉内政原则，我们没有兴趣干涉任何国家的内政，包括美国的选举。,毛宁
t20241217_11495375.html,总台央视记者,据报道，以色列计划对伊朗展开重大报复行动，目标可能是伊朗境内的石油生产设施、核设施以及其他战略目标。伊方表示将对以方的任何袭击行动作出回应。中方对此有何评论？,中方对中东局势动荡深感忧虑，反对激化矛盾、扩大冲突，呼吁各方从维护地区和平稳定出发，以冷静、理性、负责任态度处理当前局势。国际社会特别是有影响力的大国应切实发挥建设性作用，防止局势进一步动荡。,毛宁
t20241217_11495375.html,韩联社记者,朝鲜今天宣布即日起完全切断与韩国连接的朝方公路和铁路，并进行防御设施要塞化加固工程。另外，将采取实质性军事措施彻底分离朝鲜的主权行使领域与韩国的领土。中方如何看待朝鲜发布该信息和朝鲜半岛情况？,中方关注半岛局势的发展演变和朝韩关系相关动向。中方认为，维护朝鲜半岛和平稳定、推动半岛问题政治解决进程符合各方共同利益，也是国际社会普遍期待，需要各方共同为此作出努力。,毛宁
t20241217_11495375.html,中阿卫视记者,9月29日，一架军机袭击了阿联酋驻苏丹大使官邸，导致该建筑遭到严重损坏。请问中方对此有何评论？,中方谴责针对外交机构的袭击行为，呼吁按照《维也纳外交关系公约》规定确保外交馆舍安全。,毛宁
t20241217_11495375.html,《中国日报》记者,在新一轮巴以冲突爆发一年之际，美国财政部7日以为哈马斯提供资助为由，对第三国的个人和实体实施制裁。我们还注意到，9月底美国再次对以色列提供了87亿美元军事援助。请问发言人对此有何评论？,巴以冲突延宕一年，导致加沙四万多民众丧生，其中多数是妇女和儿童。推动局势降温，停火止暴，保护平民，避免人道主义灾难已经成为国际共识。,毛宁
t20241217_11495375.html,法新社记者,昨天，中国国家发展和改革委员会新闻发布会并未宣布重大经济刺激新措施，外国投资者对此感到失望。发言人希望向这些外国投资者传递什么信息来提振对中国经济的信心？,昨天中国国家发展和改革委员会新闻发布会内容丰富详实。如果你想了解更多情况，建议向中方主管部门询问。我可以告诉你的是，我们对中国经济发展前景有信心。,毛宁
t20241217_11495379.html,总台央视记者,日前，美国常务副国务卿坎贝尔在线上参加卡内基国际和平基金会研讨会时称，中国认为美国正在衰落，日益显露出“是时候展现自己实力、让美国退出全球舞台”的愿望。过去美国和其他国家在全球建立“操作系统”，中国曾是最大受益者，但中国现在却想改变这个“操作系统”的核心。美中关系在许多方面已进入“以竞争为主导”的新阶段。中方对此有何评论？,美方官员有关言论充斥冷战零和思维和美式霸权主义，显然是在炮制又一针对中国的虚假叙事，目的是渲染“中国威胁”、鼓噪大国竞争，实质是为遏制打压中国找借口。,毛宁
t20241217_11495379.html,法新社记者,台湾地区领导人赖清德今天发表演讲，强调“台湾主权不容侵犯或吞并”，中方对此有何评论？,赖清德的讲话蓄意割裂两岸历史联结，重弹“互不隶属”“坚持主权”等论调，变换花样贩卖“台独”谬论，再次暴露其冥顽不化的“台独”立场，暴露其为谋取政治私利不惜推高台海紧张局势的险恶用心。,毛宁
t20241217_11495379.html,韩联社记者,韩国总统尹锡悦昨天在新加坡发表演讲就韩中关系表示，正建立以相互尊重及国际规则为基础、追求共同利益的关系。他还表示，不管发生任何问题，都应及时开展坦诚对话，不能依赖于误会偏见或间接获取信息等进行应对，必要时及时同高层进行开诚布公的对话，这才是有效管控矛盾危机的方法。中方如何评价韩国总统的立场？还有一个问题，尹锡悦总统今天与东盟各国首脑签署了《关于建立全面战略伙伴关系的联合声明》，重申维持和促进南中国海和平稳定、安保安全以及1982年《联合国海洋法公约》在内国际法规定的航行和飞行自由的重要性。中方如何看待此次联合声明？,首先回答你的第一个问题，中韩互为重要近邻和合作伙伴。中韩建交以来，双边关系取得丰硕成果，给两国人民带来实实在在的福祉，也为促进地区和平与繁荣发挥了积极作用。中国对韩政策保持稳定性、连续性，始终将韩国作为重要合作伙伴。希望韩方奉行积极客观友善的对华政策，同中方相向而行，落实好两国领导人达成的共识，推动中韩关系向好发展、走稳走实。,毛宁
t20241217_11495379.html,彭博社记者,昨天，王毅外长与日本外相岩屋毅通话，但没有提供关于深圳日本男童遇袭身亡事件作案动机的新信息。发言人今天能否提供更多信息？李强总理如在老挝会见石破茂首相，会向他提供相关信息吗？,关于王毅外长昨天同日本外相通话的情况，中方已经发布了消息。你关心的具体问题，我没有更多信息可以提供。,毛宁
t20241217_11495379.html,中新社记者,10月9日，在日内瓦举行的联合国人权理事会第57届会议以协商一致方式通过中国牵头提交的纪念《北京宣言》和《行动纲领》通过三十周年决议。发言人能否介绍更多情况？,当地时间10月9日，联合国人权理事会第57届会议以协商一致方式通过中国代表丹麦、法国、肯尼亚和墨西哥共同提交的“纪念《北京宣言》和《行动纲领》通过三十周年”决议。决议获得广泛支持，有112个国家参与共提。,毛宁
t20241217_11495379.html,法新社记者,澳大利亚总理今天表示，中国将解除对澳大利亚龙虾进口的限制。中方能否提供更多细节？,具体经贸问题建议你向中方主管部门了解。我可以告诉你的是，中方愿同澳方一道，继续通过对话协商，妥善解决彼此关切问题，使中澳关系更加成熟稳定，更好造福两国人民。,毛宁
t20241217_11495379.html,《中国日报》记者,据报道，菲律宾总统马科斯10日在东盟峰会上提及南海问题，强调菲律宾遵守法治和基于规则的国际秩序，呼吁所有东盟成员国不要对外部势力针对东盟成员的侵略性、胁迫性和非法行为视而不见，对这些侵犯行为沉默会削弱东盟。中方对此有何评论？,当前，在中国和东盟国家共同努力下，南海局势保持总体稳定。中方一贯坚持同有关当事国在尊重历史事实和国际法的基础上，通过对话协商妥处涉海分歧，同时中方坚决反对任何侵权挑衅，坚定维护自身的领土主权和海洋权益。中方将继续同东盟各国一道，全面有效落实《南海各方行为宣言》，积极推动“南海行为准则”磋商，共同将南海打造成和平之海、友谊之海、合作之海。,毛宁
t20241217_11495379.html,路透社记者,消息人士称，由于上周日发生致命爆炸袭击，出于安全风险考虑，巴基斯坦政府计划在下周举办的上合组织会议期间要求在巴中国公民减少出行。外交部对此有何评论？,我不掌握你提到的情况。我可以告诉你的是，中方将同巴方共同努力，切实保障在巴中方人员、项目和机构安全。,毛宁
t20241217_11495386.html,总台央视记者,中国—东盟领导人会议、东盟与中日韩领导人会议于近日在老挝首都万象召开。中方能否介绍一下会议情况和成果亮点？,10月10日，第27次中国—东盟领导人会议、第27次东盟与中日韩领导人会议在老挝万象成功举行。会议氛围积极，各国领导人就如何在国际形势变乱交织、保护主义抬头的背景下，维护东亚地区和平稳定的良好局面、保持快速增长的积极势头进行了深入讨论，普遍认为应携手应对当前国际环境中的不确定性，共同维护自由贸易体制，加强产供链互联互通，打造高质量发展动能，坚定推进区域经济一体化进程，使本地区继续成为全球经济增长的重要引擎，团结合作的高地。,毛宁
t20241217_11495386.html,法新社记者,美国国务卿布林肯今天在万象举行记者会表示，中国不应以台湾地区领导人“双十”讲话为借口采取“挑衅行动”。中方对此有何评论？,台湾问题是中国内政，不容任何外部势力干涉。维护台海和平稳定的关键在于坚决反对“台独”。美方应当做的是恪守一个中国原则和中美三个联合公报。,毛宁
t20241217_11495386.html,香港中评社记者,外交部网站10月10日公布对3家美国军工企业和10名高级管理人员采取反制措施的决定，请问发言人有何进一步评论？,中方一贯坚决反对美方向中国台湾地区出售武器。日前，美方再次向中国台湾地区提供大额武器援助，严重违反一个中国原则和中美三个联合公报，特别是“八·一七”公报，严重干涉中国内政，严重损害中国主权和领土完整。依据《中华人民共和国反外国制裁法》有关规定，中方对涉事美国军工企业及高级管理人员采取了反制措施。,毛宁
t20241217_11495386.html,土耳其阿纳多卢通讯社记者,据报道，联合国驻黎巴嫩临时部队的军事设施在黎巴嫩南部遭以色列军队袭击。中国是向联黎部队派遣维和人员的国家之一，你对目前情况有何看法？,中方对以色列国防军袭击联黎部队阵地和哨塔并造成联黎部队人员受伤表示严重关切和强烈谴责。任何蓄意攻击联合国维和人员的行为都严重违反国际人道法和安理会第1701号决议，绝对不能接受，必须立即停止。我们要求对事件进行调查，对有关人员进行问责，并采取措施，杜绝再次发生。冲突各方都必须切实保障包括联黎部队在内的全部联合国人员和资产的安全。中方敦促当事方特别是以色列立即采取措施推动局势降温，保障联合国维和人员安全，防止冲突进一步扩大甚至失控。,毛宁
t20241217_11495386.html,澎湃新闻记者,据报道，10日，欧洲议会通过紧急决议，谴责中国政府在新疆、西藏、香港、澳门和内地“侵犯人权”，呼吁在中国经营的企业遵守人权尽职调查义务，呼吁欧盟和成员国对“参与在中国侵犯人权”的高级官员和实体采取更多制裁措施。中方对此有何评论？,欧洲议会有关决议罔顾事实，颠倒黑白，恶毒攻击中国新疆人权状况，粗暴干涉中国内政和司法主权，严重违反国际法和国际关系基本准则，中方对此表示强烈愤慨、坚决反对，将向欧方提出严正交涉。,毛宁
t20241217_11495386.html,法新社记者,美国国务卿布林肯今天会见东盟领导人，谴责中方在南海日益危险和非法的行为。中方对此有何评论？,我想强调的是，中国在南海的领土主权和海洋权益是在长期的历史过程中形成的，有着充分的历史和法理依据。中国同南海当事国完全有能力、有智慧通过对话协商妥处分歧，共同管控好海上局势。美国等个别域外国家在南海升级武力部署和军事活动，挑动对抗、制造紧张，是南海最大的不稳定源。,毛宁
t20241217_11495386.html,深圳卫视记者,10月10日，在日内瓦举行的联合国人权理事会第57届会议以协商一致方式通过中国牵头提交的无障碍建设专题决议。发言人能否介绍更多情况？,当地时间10月10日，联合国人权理事会第57届会议以协商一致方式通过中国代表喀麦隆、洪都拉斯、巴基斯坦、土耳其等30国提交的“无障碍建设促进所有人享有人权”决议。这是联合国首次就无障碍建设通过专题决议。,毛宁
t20241217_11495386.html,法新社记者,欧洲理事会主席今天在东盟峰会期间表示，中国必须调整其行为，以解决与欧洲不断升级的贸易摩擦。中方对此有何评论？,对于中欧经贸争端，中方已多次阐明立场。我想指出的是，欧方应当清醒认识到，加征关税解决不了任何问题，只会破坏欧盟营商环境，动摇中国企业对欧洲投资合作的信心，削弱欧盟有关产业竞争力，破坏全球产供链稳定，损人不利己。我们敦促欧方拿出实际行动，同中方相向而行，通过磋商寻求解决方案，避免贸易摩擦扩大升级。 今年4月，美方将“堤丰”中导系统运抵菲律宾。这是冷战结束以来，美国首次在海外和亚太地区部署中程导弹，也是美国2019年退出《中导条约》后首次部署此类战略武器。一个核大国把进攻性战略武器部署在其他国家门口，严重破坏地区和平稳定，损害他国正当安全利益，同各国人民谋和平、促发展的愿望背道而驰。,毛宁
t20241217_11495389.html,总台央视记者,中方发布了李强总理将出席上海合作组织成员国政府首脑（总理）理事会第二十三次会议的有关信息，中方对此次上合组织会议有何期待？,成立23年来，上合组织成员国始终秉持“上海精神”，牢牢把握时代潮流，不断增进睦邻友好，持续深化各领域合作，为维护亚欧大陆安全稳定、促进地区国家发展繁荣做出重要贡献。当前，百年变局加速演进，国际社会期待上合组织展现更大担当，务实合作取得更多成果。,毛宁
t20241217_11495389.html,韩联社记者,韩国政府提名前总统秘书室长金大棋为新任驻华大使。中方认为韩国驻华大使更替对韩中首脑交流等高层交往产生什么影响？中国驻韩大使已空缺3个多月，何时任命继任者？,大使是国与国关系发展的桥梁。我们愿就韩国提名新任驻华大使同韩方保持沟通，共同推动中韩关系健康稳定发展。,毛宁
t20241217_11495389.html,法新社记者,中方宣布在台湾周边海域进行军事演习，外交部能否进一步介绍演习的具体目标和内容？能否透露该演习何时结束？外交部对于那些称中国正在破坏地区和平稳定的声音有何回应？,这不是外交问题，建议向中方主管部门了解。我可以告诉你的是，“台独”与台海和平水火不容。“台独”势力的挑衅必然会遭到反制。中方一直致力于维护地区和平稳定，地区国家对此有目共睹。如果关心台海和平稳定，首先要做的是坚决反对“台独”。,毛宁
t20241217_11495389.html,日本广播协会记者,美国国务院发言人对此次军事演习表达严重关切，外交部对此有何评论？,台湾是中国的一部分，台湾问题是中国内政，不容任何外来干涉。如果美方真的在乎台海的和平稳定和地区的繁荣，就应当恪守一个中国原则和中美三个联合公报，切实将美国领导人不支持“台独”的承诺落到实处，停止武装台湾，停止向“台独”分裂势力发出任何错误信号。,毛宁
t20241217_11495389.html,澎湃新闻记者,10月11日至14日，李强总理对老挝、越南进行正式访问。能否介绍访问情况及主要成果？,老挝和越南都是中国的社会主义友好邻邦，这是李强总理任内首次访问两国，访问取得了积极成果。,毛宁
t20241217_11495389.html,朝日电视台记者,上周五，“日本原子弹氢弹爆炸受害者团体协议会”获得今年诺贝尔和平奖。中方对此有何评论？,我注意到有关报道。中方一贯认为，全面禁止和彻底销毁核武器，建立无核武器世界，符合全人类的共同利益。 我没有注意到你提到的情况。中国媒体自主选择报道内容。,毛宁
t20241217_11495389.html,巴基斯坦联合通讯社记者,中方昨天发布了李强总理将对巴基斯坦进行正式访问的消息。中方如何评价当前巴中关系？对此次访问有何期待？,中国和巴基斯坦是铁杆朋友和全天候战略合作伙伴，两国关系历经考验、坚如磐石。巴基斯坦总理夏巴兹今年6月成功对中国进行正式访问，双方积极落实两国领导人达成的重要共识，中巴关系呈现高水平良好发展势头。,毛宁
t20241217_11495389.html,《环球时报》记者,我们注意到最近一份由中国国家计算机病毒应急处理中心、计算机病毒防治技术国家工程实验室和360公司发布的公开报告中披露了美方集中炒作名为“伏特台风”的组织，通过嫁祸他国掩盖自身网络攻击行为，请问中方对此有何评论？,我也注意到这份报告。中方相关机构此前已经发布了两份报告，披露所谓“伏特台风”实际上是一个国际勒索软件组织，美国情报机构、网络安全企业为获取国会预算拨款、政府合同，合谋散布虚假信息、栽赃中国。此次发布的报告进一步披露了一些令人震惊的事实。,毛宁
t20241217_11495392.html,深圳卫视记者,近日，世界知识产权组织发布《2024年全球创新指数报告》，中国在全球的创新力排名较去年上升1位至第11位，是排名前30位中唯一的中等收入经济体。请问发言人对此有何评论？,自2007年《全球创新指数报告》首次发布以来，中国各项排名不断提升。今年的报告显示，中国是10年来创新力上升最快的经济体之一，也是拥有百强科技创新集群最多的国家，创新发展动能强大、前景广阔。,毛宁
t20241217_11495392.html,彭博社记者,近日，一艘菲律宾渔业部门船只和一艘中国“海上民兵船”在南海相撞。菲政府批评了中方船只的行为。外交部对此有何评论？,据我了解，实际情况是，菲方公务船在中国管辖海域以危险方式航行，并与在该海域正常作业的中国渔船发生擦碰。菲方上述行为侵犯了中方主权，严重威胁中方渔船和人员安全。,毛宁
t20241217_11495392.html,法新社记者,美国国防部发言人周一表示，中国人民解放军昨天在台湾附近举行的军事演习是不负责任、不相称的，破坏了稳定。中方对此有何评论？,中方主管部门已经发布了消息。我想强调的是，台湾是中国的一部分，台湾问题纯属中国内政，不容任何外来干涉。要真正维护台海和平稳定，就必须旗帜鲜明坚持一个中国原则，坚决反对“台独”。,毛宁
t20241217_11495392.html,《中国日报》记者,旅美亚特兰大的4只大熊猫“伦伦”“洋洋”一家已于13日接返回国，大熊猫“宝力”“青宝”于15日启程前往美国华盛顿。发言人能否进一步介绍有关情况？,据了解，旅美亚特兰大动物园大熊猫“伦伦”“洋洋”和它们的双胞胎女儿已于10月13日平安回国，4只大熊猫健康状况良好。,毛宁
t20241217_11495392.html,彭博社记者,日本内阁官房副长官今天称，日本表达了对中方环台军演的担忧，随后日本战机在非常靠近台湾西侧的与那国岛附近紧急升空。中国军队或海警开展演习前，是否通报了日本政府，让日方无需担心在台湾周边突然举行未经宣布的军事活动？,中方主管部门已经发布了消息，我刚才也阐明了中方立场。如果你想了解更多情况，建议向中方主管部门询问。,毛宁
t20241217_11495392.html,法新社记者,韩国方面周二称，朝鲜炸毁了连接韩朝、已不再使用的北部公路路段。中方对此有何评论？,我们注意到有关情况。作为半岛近邻，中方关注半岛局势发展和朝韩关系动向。半岛局势紧张不符合各方共同利益，当务之急是避免矛盾进一步激化。中方致力于维护半岛和平稳定、推动半岛问题政治解决进程的立场没有变化。我们也希望各方共同为此作出努力。,毛宁
t20241217_11495396.html,新华社记者,10月14日至16日，李强总理结合赴巴基斯坦出席上海合作组织成员国政府首脑（总理）理事会第二十三次会议对巴基斯坦进行正式访问。发言人能否介绍此访情况及主要成果？,中国和巴基斯坦是全天候战略合作伙伴和铁杆朋友。此访是中国国务院总理时隔11年后再次访问巴基斯坦，实现两国总理年内互访。李强总理同巴政府、议会、军队领导人广泛深入交流，此次访问主要取得三方面积极成果。,毛宁
t20241217_11495396.html,路透社记者,中巴联合声明提到“强化安全措施”、“采取有针对性安全措施”，具体包括什么新的行动或项目？在巴基斯坦强化安全措施过程中，中方是否会提供资金或直接参与？如果是，能否进一步介绍情况？,李强总理访问期间，巴方承诺将坚定不移加大安保投入，强化安全措施，确保在巴中国人员、项目和机构安全。中方将坚定支持巴方反恐努力，愿帮助巴方加强反恐能力建设，同巴方一道为两国合作创造安全环境。,毛宁
t20241217_11495396.html,法新社记者,美国机构“自由之家”今天发布年度网络自由报告称，全球互联网自由度连续14年下降，中国和缅甸互联网自由度低。外交部是否注意到这份报告？对此有何评论？,中国是法治国家，中国公民依法享有各项权利和自由。你提到的这个机构长期在涉华问题上发表不实言论，所谓报告别有用心。,毛宁
t20241217_11495396.html,中新社记者,1964年10月16日，中国成功爆炸第一颗原子弹，并于当日宣布将奉行不首先使用核武器政策。我们注意到，不久前中方代表在《不扩散核武器条约》审议进程中倡议核武器国家谈判缔结“互不首先使用核武器条约”。请问中方对此有何评论？,1964年10月16日，中国政府郑重宣布，中国在任何时候、任何情况下，都不会首先使用核武器。历史与现实证明，不首先使用核武器政策，有助于增进战略互信，推动核裁军进程，有效减少战略风险，促进全球战略平衡与稳定。,毛宁
t20241217_11495396.html,英国天空新闻频道记者,中国限制某些关键矿产出口，这是否是美国限制先进技术出口后，中方同美开展贸易竞争的手段？,具体问题请向中方主管部门询问。我可以告诉你的是，中国始终致力于维护全球产供链安全稳定，中方出口管制措施是公正、合理、非歧视的。,毛宁
t20241217_11495396.html,日本经济新闻记者,深圳日本小学生遇袭事件已经过去快一个月了，请问事件调查有何进展？请公布最新信息，包括犯罪嫌疑人动机。,据我了解，中方公安机关正在依法推进案件办理。具体信息建议向中方主管部门询问。,毛宁
t20241217_11495396.html,《北京青年报》记者,今天是世界粮食日，今年世界粮食日全球活动主题为“粮安天下，共建更好生活，共创美好未来”。近年来，受地区冲突、气候变化、经济放缓等因素影响，粮食安全问题持续困扰全球。发言人如何评价中国在维护全球粮食安全方面作出的努力？,中国是世界第一大粮食生产国，以不足全球9%的耕地产出约占世界1/4的粮食，解决了14亿多人口的吃饭问题。,毛宁
t20241217_11495396.html,法新社记者,消息人士告诉我社，缅甸领导人敏昂莱将于下月访华，此访自王毅外长8月访缅后即开始计划。你能否证实此访正在计划中或提供更多细节？,我目前没有可以提供的信息。,毛宁
t20241217_11495396.html,英国天空新闻频道记者,中方出于什么原因对镓、锗、锑等关键矿物及相关技术实施出口管制？,今年8月，中国商务部和海关总署联合发布公告，介绍了有关情况，你可以查阅。,毛宁
t20241217_11495396.html,日本广播协会记者,15日，美国战略与国际问题研究中心发布一份关于中国《反分裂国家法》的报告，指出明年是该法颁布20周年，有可能作出修订，为武力统一台湾提供合法性。发言人对此有何评论？,台湾问题是中国内政，不容任何外部干预。,毛宁
t20241217_11495403.html,中新社记者,中方刚发布了英国外交发展大臣拉米访华消息。中方如何看待当前中英关系？对此访有何期待？,中英同为联合国安理会常任理事国和世界主要经济体，两国关系长期稳定发展符合双方共同利益，也有利于国际社会团结应对全球性挑战，促进世界和平与发展。,毛宁
t20241217_11495403.html,共同社记者,日本首相石破茂17日配合靖国神社的秋季例行大祭，以“内阁总理大臣石破茂”的名义供奉了被称为“真榊”的供品。相关人士称，石破茂不会在持续到19日的例行大祭期间参拜。中方对此有何评论？,靖国神社是日本军国主义对外发动侵略战争的精神工具和象征，供奉有对侵略战争负有严重罪责的14名甲级战犯。我们敦促日方正视并反省侵略历史，在靖国神社等历史问题上谨言慎行，彻底同军国主义切割，坚持走和平发展道路，以实际行动取信于亚洲邻国和国际社会。,毛宁
t20241217_11495403.html,彭博社记者,我社今早报道称，美国国会众议院“中国特设委员会”两名议员致函商务部长雷蒙多，要求她阻止美国企业向华为公司及其相关企业出售任何半导体制造设备。中国政府对此信函有何评论？是否认为美企应向华为出售相关设备？,关于这个问题，我们已经多次阐明立场。中方一贯坚决反对美方泛化国家安全概念，人为制造障碍，破坏中美正常经贸合作。这种做法不利于全球产供链稳定，损人不利己。美方应当纠正错误做法，为中国企业经营提供公平、公正、非歧视性环境。,毛宁
t20241217_11495403.html,凤凰卫视记者,据报道，菲沙研究所发布《世界经济自由度2024年度报告》，香港在165个经济体中获评为全球最自由经济体。请问外交部对此有何评论？,香港回归以来，国际金融、航运、贸易中心地位稳固，保持自由开放和世界一流营商环境，持续被众多国际机构评选为全球最自由经济体和最具竞争力的地区之一。这充分反映出国际社会对香港独特地位、优势以及“一国两制”发展前景的高度认同。香港未来会更好，欢迎各国工商界人士把握机遇，共享繁荣！,毛宁
t20241217_11495403.html,《人民日报》记者,日前，上海合作组织成员国政府首脑（总理）理事会第二十三次会议在巴基斯坦伊斯兰堡举行，能否请你介绍一下会议成果和亮点？,在此次上海合作组织总理会议上，各国领导人围绕新形势下深化上合组织成员国经贸人文领域合作的前景和措施等议题进行了深入探讨，达成重要共识。,毛宁
t20241217_11495403.html,法新社记者,朝鲜今天表示，其宪法已将韩国定义为“敌对国家”。朝鲜在本周早些时候还炸毁了与韩国连接的公路和铁路。中国同朝韩均有经济和外交联系，中方如何看待上述动向？,中方关注半岛局势发展。我们在半岛问题上的立场是一贯的，始终认为维护半岛和平稳定、推动半岛问题政治解决进程符合各方共同利益，希望各方共同为此作出建设性努力。,毛宁
t20241217_11495403.html,《中国日报》记者,据报道，台湾宣布在印度孟买新设的办事机构正式运行。该机构将成为台湾在印度的第三个办事机构。请问中方对此有何评论？,世界上只有一个中国，台湾是中国领土不可分割的一部分。中方坚决反对任何建交国同台湾进行任何形式的官方接触和往来，包括互设代表机构，已向印方提出严正交涉。,毛宁
t20241217_11495406.html,总台央视记者,我们注意到中方发布了习近平主席将出席金砖国家领导人第十六次会晤的消息。请问中方对此次会晤有何期待？,今年是“大金砖合作”开局之年，此次会晤是金砖扩员后首次举行，国际社会广泛关注。自成立以来，金砖国家始终秉持开放包容、合作共赢精神，坚守团结自强初心，致力于维护多边主义，成为国际事务中积极、稳定、向善的力量。,毛宁
t20241217_11495406.html,日本朝日新闻记者,深圳日本男童遇袭事件发生已经一个月了。发言人在前天记者会上说，暂时不了解更多信息，建议问主管部门。我们向深圳市相关部门询问，还没有收到回复。昨天，中日外交部相关部门就此进行了沟通。据说中方将按照司法程序在适当时间作出解释。请问中方会在什么时候提供掌握的信息？,中日两国外交领事部门就这个问题进行了沟通。目前案件正在依法办理中，中日之间的沟通渠道是畅通的。关于刑事案件在什么阶段可以公开信息、公开哪些信息，建议向公安部门了解。,毛宁
t20241217_11495406.html,路透社记者,一些家人死于过量服用芬太尼的美国家庭联合向贸易代表办公室提交请愿书，要求调查中国如何助长美国合成阿片类药物危机。外交部对此有何评论？,中国是世界上禁毒政策最严格、执行最彻底的国家之一。2019年，中国就宣布正式整类列管芬太尼类物质，是全球第一个正式整类列管芬太尼类物质的国家。中方愿在平等互利、相互尊重的基础上同美方开展禁毒合作。但是也要指出，美国毒品泛滥根源在自身，美国政府应该采取更加有效的措施。,毛宁
t20241217_11495406.html,澎湃新闻记者,据报道，日本知名男演员、歌手西田敏行17日在家中去世。报道称，西田是日本知名反战、对华友好人士。请问发言人对西田去世有何评论？,西田敏行先生是中日两国人民共同喜爱的表演艺术家，也是日中文化交流协会的成员。西田先生生前呼吁反思战争历史、珍视和平，积极参与中日人文交流，为增进两国人民友好感情作出了贡献。我们对西田先生去世表示哀悼，向他的家人表示慰问。,毛宁
t20241217_11495406.html,法新社记者,美国周四宣布对有关中国企业实施制裁，原因是这些企业参与生产俄罗斯在俄乌冲突中部署的无人机。美财政部称，此系美国首次制裁直接同俄罗斯企业合作研制完整武器系统的中国实体。中方对此有何评论？,中方坚决反对美方对中国企业实施非法单边制裁，绝不接受美方的无端指责和施压。我要强调，中国不是乌克兰危机的制造者和当事方，始终坚持劝和促谈，为推动政治解决发挥建设性作用。中国从未向俄乌冲突任何一方提供致命性武器，严格管控军民两用物项包括无人机出口，反对将民用无人机用于军事目的。我们敦促美方立即停止借乌克兰问题对中方抹黑施压、对中方实体和个人滥施非法单边制裁和“长臂管辖”。中方将采取一切必要措施，坚决维护中国企业和公民的正当合法权益。,毛宁
t20241217_11495406.html,路透社记者,外交部是否曾要求南非关闭“台湾驻南非代表处”？,一个中国原则是中国同世界各国建立和发展外交关系的政治基础，也是公认的国际关系准则，是国际社会人心所向、大势所趋。我们赞赏南非作出将“驻南非台北联络代表处”迁出行政首都比勒陀利亚的正确决定。“台独”不得人心，必将失败。,毛宁
t20241217_11495406.html,《北京日报》记者,中方刚刚发布习近平主席特别代表、国家副主席韩正将出席印尼新任总统就职仪式并访问印尼、文莱的消息，中方对韩正副主席此访有何期待？,中国和印尼传统友谊深厚，合作密切深入。在两国元首战略引领下，双边关系保持强劲发展势头，进入共建命运共同体新阶段。韩正副主席将作为习近平主席特别代表出席普拉博沃总统就职仪式，并同印尼领导人就双边关系和共同关心问题深入沟通。在中印尼关系承上启下、继往开来的重要节点，中方愿同印尼一道，弘扬友好传统，深化互利合作，推动中印尼命运共同体建设不断迈上新台阶，为两国各自现代化进程、为地区和全球繁荣发展作出更大贡献。,毛宁
t20241217_11495406.html,印尼安塔拉通讯社记者,以色列军方称，哈马斯领导人辛瓦尔在拉法遭击毙。我的问题是，巴勒斯坦14个派别7月签署的《关于结束分裂加强巴勒斯坦民族团结的北京宣言》，是否因哈马斯领导人身亡而失去意义？,中方一贯支持巴勒斯坦内部和解，认为这是在“两国方案”基础上解决巴勒斯坦问题、实现中东和平稳定的重要一步。无论形势如何变化，巴勒斯坦各派都应加强团结，国际社会都应提供坚定支持。中方愿同有关各方一道，继续为此作出不懈努力。,毛宁
t20241217_11495406.html,路透社记者,外交部对以色列宣布击毙哈马斯领导人辛瓦尔有何评论？,我们注意到有关报道。中方认为，当务之急是全面有效执行联合国安理会有关决议，立即在加沙实现停火止战，切实保护平民，确保人道救援，避免冲突对抗进一步升级。,毛宁
t20241217_11495406.html,香港中评社记者,据报道，东帝汶总统奥尔塔近日接受采访时，对西方国家批评东帝汶同中国关系走近、指责中国大陆在台海采取攻击性行动等言论作出回应，称有关批评十分虚伪，“是中国在帮助我们。早在东帝汶独立前，整个国际社会就已承认中华人民共和国政府是中国的唯一合法政府，西方国家凭什么要求东帝汶反向而行？”中方对此有何评论？,我们注意到有关报道，对奥尔塔总统的上述表态高度赞赏。奥尔塔总统的表态再次说明，坚持一个中国原则是国际社会普遍共识，是大义所在、人心所向。世界上绝大多数国家和国际、地区组织与中国政府和人民坚定站在一起，国际社会坚持一个中国原则的基本格局不可撼动，中国人民反对“台独”分裂、争取国家统一的正义事业必将得到越来越广泛的理解和支持。,毛宁
t20241217_11495406.html,塔斯社记者,昨日，北约防长会议在布鲁塞尔举行。北约秘书长马克·吕特在会议结束后的记者会上表示，伊朗、朝鲜和中国都能成为北约后院的“安全破坏者”。他还称，中国是俄乌冲突的重要推动者。请问中方对此有何评论？,在和平与安全问题上，中国是纪录最好的大国。中国的发展是和平力量的增长，是稳定因素的增强。我们希望北约深刻反思所作所为对欧洲安全架构的影响，深刻反思挑起阵营对抗带来的后果，纠正对华错误认知，停止抹黑中国，停止煽动对抗。,毛宁
t20241217_11495409.html,总台央视记者,上周六，第136届广交会第一期线下展圆满结束。中外客商成交踊跃，各项指标再创历史新高，实现“开门红”。我们还注意到，不少外国客商在中国全自动物流机器人、数控机床、脑机智能仿生手、共享型氢能自行车等新质生产力产品前驻足停留，纷纷为中国的开放合作与科技创新点赞。发言人对此有何评论？,本届广交会首期线下展览聚焦“先进制造”，其中有专精特新“小巨人”、制造业单项冠军、国家高新技术等称号的企业展位数超过1.1万个，比上届增长35.5%。一批中国制造的黑科技、新势力扎堆亮相，圈粉了不少境外采购商。之后几周广交会还会有两个展期，展览总面积达到155万平方米，截至10月10日已有203个国家和地区的12.5万个境外采购商预注册，223家全球零售250强确认参会。相信中外客商都可以在广交会买到心仪的产品，实现互利共赢。,林剑
t20241217_11495409.html,英国广播公司记者,韩国和乌克兰的情报部门均声称，朝鲜士兵现已在俄罗斯境内。中方对此有何反应？中方能否真正在这场战争中保持绝对中立？,对于乌克兰危机，中方的立场是一贯、明确的，希望各方推动缓和局势，致力于政治解决。,林剑
t20241217_11495409.html,拉通社记者,古巴正面临能源危机，主要原因之一是美国的封锁和金融迫害导致其无法获得石油资源。发言人对此有何评论？,美国对古巴的封锁给古巴的经济社会发展和人民生活带来了巨大伤害。中方再次呼吁美国按照《联合国宪章》的宗旨和原则，以及国际法基本准则，尽早全面取消对古巴的封锁制裁，将古巴从“支恐名单”中删除，这符合美古两国和两国人民的共同利益，有利于地区的稳定和发展，同时也是国际社会的普遍呼声。,林剑
t20241217_11495409.html,彭博社记者,昨天有报道称，身份不明的袭击者向中国驻曼德勒总领馆投掷手榴弹。发言人能否证实此事？对此有何回应？,缅甸当地时间10月18日晚5时许，中国驻曼德勒总领馆临街一栋办公楼遭遇了爆炸袭击，未造成人员伤亡，但导致了馆舍部分损坏。中方对袭击行为深感震惊，予以严厉谴责。中国外交部和驻缅甸使领馆已第一时间启动应急机制，迅速开展处置应对。中方已向缅方提出严肃交涉，敦促缅方彻查袭击事件，全力抓捕并依法严惩肇事者，全面加大对中方在缅使领馆、机构、项目和人员的安保力度，杜绝再次发生类似的事件。缅方对事件感到震惊和痛心，表示已采取系列必要举措，将履行承诺和国际法义务，切实承担在缅中方人员和机构安保的主责。,林剑
t20241217_11495409.html,伊拉克如道电视台记者,近期伊拉克库尔德地区举行议会选举，中方与库尔德地区的经贸关系和友谊十分密切，请问发言人对该选举有何评论？,中国和伊拉克传统友好，中方支持伊方维护稳定、实现发展，愿同伊方加强交往，深化合作，推动中伊战略伙伴关系不断取得新进展。,林剑
t20241217_11495409.html,中新社记者,据巴西总统办公室声明，因在家中遭遇意外头部受伤，巴西总统卢拉20日取消前往俄罗斯参加金砖国家领导人会晤行程，改以视频方式参加会议。请问中方对此有何评论？,中方对卢拉总统意外受伤表示慰问，祝卢拉总统早日康复。中方将继续在金砖国家框架下同巴方保持密切沟通合作，推动“大金砖合作”取得更多成果。,林剑
t20241217_11495409.html,新华社记者,墨西哥新任总统辛鲍姆17日在墨西哥城举行的记者会上回答新华社记者提问时表示，墨西哥与中国在贸易、文化等各领域关系“非常好”，墨新政府各部门将与中方加强沟通，继续推动双边关系发展。请问中方对此有何评论？对中墨关系下步发展有何期待？,中国和墨西哥是相互信任的好朋友、共同发展的好伙伴。近年来，中墨关系战略性、互补性、互利性不断凸显，务实合作成果丰硕，有力增进人民福祉。中方祝愿并相信在辛鲍姆总统领导下，墨西哥在独立自主的发展道路上不断取得新的更大成就。中方高度重视中墨关系，期待同墨方一道，加强各领域交流，积极推进务实合作，不断丰富中墨全面战略伙伴关系内涵，更好造福两国人民。,林剑
t20241217_11495409.html,荷兰《忠诚报》记者,上月外交部发言人表示，中国政府调整了跨国收养政策，但保证有关沟通渠道是畅通的。然而，一些海外被收养人后来试图预约中国儿童福利和收养中心，却被告知该中心已关闭。你能否澄清中心目前状况，并介绍海外被收养人仍可使用哪些沟通渠道？,此前我们已经介绍了中国政府调整跨国收养政策的情况。有关具体问题建议向中方主管部门了解。,林剑
t20241217_11495409.html,共同社记者,据报道，10月20日美国驱逐舰、加拿大护卫舰过航台湾海峡，请问中方对此有何评论？,关于美加军舰过航台湾海峡，东部战区已经作出了回应。我要强调的是，台湾是中国领土不可分割的一部分。台湾问题不是什么航行自由问题，而是事关中国主权和领土完整的问题。中国坚决反对任何国家以航行自由为名，挑衅、威胁中国的主权和安全。,林剑
t20241217_11495409.html,彭博社记者,缅甸媒体报道，缅甸军政府领导人敏昂莱将于本月访问中国。请问发言人对此有何评论？能否确认敏昂莱将于本月访华？,我没有可以提供的信息。,林剑
t20241217_11495409.html,韩国《中央日报》记者,即将在俄罗斯喀山举行的金砖国家领导人会晤期间，习近平主席和普京总统将举行会晤。请问中方计划讨论关于朝鲜派兵赴俄乌战争前线吗？中方对最近半岛局势有何评价？,关于你提到的中俄领导人会晤的有关具体问题，目前我没有可以提供的信息。,林剑
t20241217_11495409.html,印尼安塔拉通讯社记者,印尼新任总统普拉博沃任命了有政党背景的苏吉约诺担任外交部长，接替有外交职业背景的蕾特诺。他还任命了三名副外长。请问外交部对印尼新任外长和副外长有何期待？,中方祝贺苏吉约诺先生出任印尼外长，王毅外长已经向苏吉约诺外长发去贺电。,林剑
t20241217_11495409.html,路透社记者,美国总统候选人特朗普周末接受采访，就其与中国领导人的关系以及他认为中方应当如何看待美对台支持发表了一系列言论。外交部对此有何评论？,我们多次说过，对美国大选言论不作评论，也一贯反对美方任何人在大选中拿中国说事。台湾是中国领土不可分割的一部分，台湾问题纯属中国内政，不容任何外部干涉。,林剑
t20241217_11495409.html,印度报业托拉斯记者,金砖国家领导人会晤即将举行。上周，外交部在宣布习近平主席将出席此次会晤的消息时表示，他将同各国领导人深入交流。习近平主席是否将与印度总理莫迪会见？发言人能否介绍更多细节？,如有相关消息，中方将及时发布。,林剑
t20241217_11495409.html,法新社记者,关于朝鲜向俄罗斯派遣军队，中方呼吁缓和局势，但鉴于朝鲜军队已部署到俄罗斯，那么应如何实现政治解决？,刚才我已经回答了这个问题。中方在乌克兰问题上的立场是一贯的、明确的，我们希望各方推动缓和局势，致力于政治解决。,林剑
t20241217_11495409.html,印度报业托拉斯记者,中方对金砖国家领导人会晤有何期待？中方关注的重点领域有哪些？希望通过此次会晤达成什么成果？,此前我们已经发布了习近平主席将出席本次金砖国家领导人会晤的有关消息。我愿重申，今年是“大金砖合作”开局之年，此次会晤也是金砖扩员后首次举行，国际社会广泛关注。自成立以来，金砖国家始终秉持开放包容、合作共赢精神，坚守团结自强初心，致力于维护多边主义，成为国际事务中积极、稳定、向善的力量。,林剑
t20241217_11495409.html,彭博社记者,上周四巴西政府宣布对中国出口的钢铁、光纤电缆和其他化学品征收关税，以打击倾销和其他非法行为，并指示巴西贸易部调查倾销指控和其他相关问题。中方对此有何评论？,具体情况建议向中方主管部门了解。我想说的是，中国和巴西分别为东西半球最大的发展中国家，两国政府都坚定支持自由贸易、反对保护主义，同时也积极致力于维护双边贸易健康稳定发展。中巴经贸关系的本质是互利共赢的，我们相信双方能够妥善处理好相关问题。,林剑
t20241217_11495421.html,总台华语环球节目中心记者,10月21日，在越南第十五届国会第八次会议上，越共中央书记处常务书记梁强当选越南国家主席。中方对此有何评论？对中越关系有何期待？,中方对梁强同志当选越南国家主席表示祝贺。相信在越共中央领导下，越南人民将在社会主义现代化建设事业中取得新的更大成就。,林剑
t20241217_11495421.html,路透社记者,第一个问题，昨天，印度外长表示，印中两国已就在喜马拉雅争议边界的巡逻安排达成一项协议，这将有助于实现脱离接触，并解决2020年以来的冲突。外交部能否证实该协议？能否提供更多信息？第二个问题，该协议是否为习近平主席和莫迪总理在正召开的金砖国家领导人会晤期间举行双边会见开辟了道路？,近段时间以来，中印双方通过外交和军事渠道就中印边境有关问题保持密切沟通，目前双方已就有关问题达成解决方案，中方对此予以积极评价。下一步，中方将与印方落实好上述解决方案。,林剑
t20241217_11495421.html,印度报业托拉斯记者,你刚才已经证实了印度外秘昨天宣布的关于结束对峙协议的消息，并表示中方对此予以积极评价。能否详细介绍双方是如何达成协议的？协议已经完全达成了吗？是否准备好了执行该协议？,刚才我已经回答了有关问题。中印双方通过外交和军事渠道就边境有关问题保持着密切沟通，目前达成了解决方案。下一步，中方将与印方落实好上述解决方案。,林剑
t20241217_11495421.html,塔斯社记者,习近平主席已乘专机赴喀山出席金砖国家领导人第十六次会晤。昨日，俄罗斯总统助理乌沙科夫表示，22日普京总统将在金砖国家领导人会晤期间与习近平主席会见，请问中方对这次会见有何期待？,应俄罗斯联邦总统普京邀请，习近平主席于10月22日至24日赴俄罗斯喀山出席金砖国家领导人第十六次会晤，届时中俄元首将有交流会晤的机会，就双边关系及国际、地区问题深入交换意见。,林剑
t20241217_11495421.html,《北京青年报》记者,近期法国欧洲新闻电视台、美国《旅行和旅游世界》、新加坡《联合早报》等媒体评论称，近年来中国采取一系列免签政策，实行数字支付协助服务、健全双语设施和快捷交通系统等便利措施，极大方便了外国游客的中国行，外国游客也纷纷涌向中国。发言人对此有何评论？,很高兴看到“中国游”持续火爆。中国主管部门最新统计，今年三季度，中国各口岸入境外国人达到818.6万人次，同比上升48.8%。其中，通过免签入境488.5万人次，同比上升78.6%。有外媒统计，目前欧洲到中国的旅游预订量已经高于2019年的水平。,林剑
t20241217_11495421.html,彭博社记者,关于中印双方的协议，你表示双方已就有关问题达成解决方案。能否介绍有关问题具体指什么？是关于边界和实控线吗？,我已经作出回答，没有其他可以提供的信息。,林剑
t20241217_11495421.html,澎湃新闻记者,日前，国际保护知识产权协会世界知识产权大会在杭州开幕。来自92个国家和地区约2300名业内人士齐聚一堂，探讨知识产权领域前沿热点问题。这是协会成立127年来首次在中国举办世界知识产权大会。发言人对此有何评论？,本次世界知识产权大会由中国贸促会和国际保护知识产权协会共同主办，首次落地中国，体现了国际社会对中国知识产权保护的充分肯定。习近平主席向大会致贺信，体现了中国对知识产权工作的高度重视。,林剑
t20241217_11495421.html,彭博社记者,莫迪总理和习近平主席都将出席金砖国家领导人会晤。中方是否希望两位领导人在会晤期间会见？,我刚才回答过这个问题。如有相关消息，我们会及时发布。,林剑
t20241217_11495421.html,《中国日报》记者,据悉，中国同梵蒂冈决定延期关于主教任命的临时性协议。中方能否证实？对此有何评论？,《中梵双方关于主教任命的临时性协议》自2018年签署以来，已于2020年和2022年两次延期，中梵双方均对协议执行成效予以积极评价。经友好协商，双方决定将协议再延期4年。双方将本着建设性精神保持接谈，持续推进中梵关系改善。,林剑
t20241217_11495423.html,总台央视记者,日前，在联合国大会第三委员会上，针对澳大利亚、美国等少数西方国家就涉疆、涉藏问题表达所谓关切，100多个国家以不同方式发言支持中方，反对以人权为借口干涉中国内政。请问中方对此有何评论？,10月22日，在第79届联合国大会第三委员会会议上，巴基斯坦代表80个国家做共同发言，指出新疆、西藏事务是中国内政，反对以人权为借口干涉中国内政，主张各方恪守《联合国宪章》宗旨和原则，尊重各国人民根据国情自主选择发展道路的权利。还有20多个国家以单独发言、集团发言等方式支持中国，反对将人权问题政治化和双重标准。100多国在联合国表达支持中国的正义立场，反映了国际社会的强烈心声，充分说明了澳大利亚、美国等少数西方国家借所谓人权问题搞政治操弄的行径不得人心，也注定不会得逞。,林剑
t20241217_11495423.html,法新社记者,印度外交部表示，莫迪总理将于今天的金砖国家领导人会晤期间会见习近平主席。发言人能否证实并透露会见何时举行？,如有相关消息，我们会及时发布。,林剑
t20241217_11495423.html,《北京日报》记者,日前，国际能源署发布了2024年度《世界能源展望》和《可再生能源报告》，认为全球能源市场正进入由中国引领的“电力时代”，中国正在带动全球电动汽车发展崛起。国际能源署署长法提赫·比罗尔称，当今世界几乎所有的能源故事都是中国故事。但同时，《外交政策》杂志等一些媒体认为，目前中国能源转型计划仍显保守，中国可以做得更多。发言人对此有何评论？,我也关注到你提到的报告。中国始终高度重视应对气候变化，积极推进能源绿色转型和产业结构调整。10年来，中国新增清洁能源发电量占国内用电增量一半以上，可再生能源年度新增装机在全球占比40%以上，减少二氧化碳排放约30亿吨，是全球能耗强度降低最快的国家之一和利用可再生能源第一大国。中国建立了全球规模最大的碳排放权交易市场，与100多个国家和地区开展绿色能源项目合作，在发展中国家建设了一批标志性的水电、光伏、风电项目，不再新建境外煤电项目。“新三样”产业在开放竞争中快速发展，形成先进绿色产能，为全球能源转型作出重要贡献。,林剑
t20241217_11495423.html,法新社记者,以色列方面称，在击毙真主党前领导人后，以方又击毙了真主党新任领导人。中方对此有何评论？,中方对当前中东局势动荡不断升级深感担忧，反对侵犯黎巴嫩主权、安全和领土完整的行为，反对任何激化矛盾导致地区局势升级的举动。希望有关方面尽快重返政治解决轨道，通过沟通、对话解决矛盾、分歧，推动地区局势尽快降温。,林剑
t20241217_11495423.html,法新社记者,中方将一名大众汽车公司高管拘留10天之后驱逐出境，据称是因其毒品检测呈阳性。外交部能否进一步介绍有关情况？,据了解，大众公司的这名人士因吸食可卡因被中国公安机关依法行政拘留10日并遣送出境，具体情况请你向中方主管部门了解。,林剑
t20241217_11495423.html,法新社记者,台湾“国防部”称，正监测一艘中方的航母穿越台湾海峡。中方能否证实？台湾“国防部长”今天在提及本月早些时候的军演时称，对台湾的封锁视同战争。发言人对此有何评论？,台湾是中国的一个省，不存在什么“国防部”，也不存在什么“国防部长”。这也不是一个外交问题。台湾是中国领土，中国航母的相关活动是再正常不过的事。,林剑
t20241217_11495431.html,总台央视记者,昨天，习近平主席出席金砖国家领导人第十六次会晤并发表重要讲话。多国人士表示，习主席提出的五点建议将推动金砖合作迈上新高度，将为金砖国家和全球南方带来更多发展新机遇。发言人能否进一步介绍情况？,当地时间10月23日，金砖国家领导人第十六次会晤在俄罗斯喀山举行。此次会晤是金砖扩员后首次举行，受到国际社会高度关注。,林剑
t20241217_11495431.html,韩联社记者,近日韩国情报机构称，朝鲜为了向俄罗斯派兵，正在转移兵力。昨日美国和北约称，已有朝鲜向俄罗斯派兵的证据。另外，英国称朝鲜有极大可能开始向俄罗斯派兵。22日，韩国总统办公室的高级官员称，今后将分阶段考虑 向乌克兰 支援防御性武器，但如果朝方做得太过火，最后将会考虑支援进攻性武器。中方是否认为朝鲜向俄罗斯派兵？朝鲜的派兵使已旷日持久的乌克兰危机进入新局面，中方如何看待？,关于第一个问题，中方不了解有关情况。,林剑
t20241217_11495431.html,《环球时报》记者,今天是联合国成立79周年。当前，加沙冲突等热点问题延宕不绝，国家间矛盾复杂难解，有观点认为联合国权威正在被削弱，多边主义面临压力，世界未来充满不确定性。发言人对此有何评论？中方如何看待联合国的作用？,我们向联合国成立79周年表示祝贺。作为最具普遍性、代表性和权威性的政府间国际组织，联合国为维护世界和平发展发挥了不可替代的作用。,林剑
t20241217_11495431.html,土耳其阿纳多卢通讯社记者,武装恐怖分子昨天袭击了位于土耳其首都的土航空航天工业公司总部，导致5名平民死亡，22人受伤。中方对此有何评论？,中方坚决反对一切形式的恐怖主义。我们向此次事件中的遇难者表示哀悼，对伤者表示慰问。作为友好国家，中方希望土耳其保持安全稳定。,林剑
t20241217_11495431.html,伊拉克如道电视台记者,土耳其正在讨论解除库尔德游击队武装和解决库尔德问题，土总统表示支持，称之为“希望之窗”。中方是否将监督有关会谈？,我不掌握你所提到的有关情况。,林剑
t20241217_11495431.html,印度报业托拉斯记者,昨天莫迪总理同习近平主席在金砖国家领导人会晤期间进行了重要会见。中国外交部发布的消息稿详细介绍了习近平主席的表态。考虑到过去四年半双边关系低迷，中方如何看待此次会见成果？,10月23日，习近平主席同印度总理莫迪在俄罗斯喀山出席金砖国家领导人会晤期间举行双边会见，就改善和发展中印关系达成重要共识，为中印关系重回稳定发展轨道指明了方向。中方愿同印方共同努力，坚持从战略高度和长远角度看待和处理中印关系，加强沟通合作，增进战略互信，妥善处理分歧，推动两国关系早日重回稳定发展轨道，为地区和世界和平与繁荣、推进世界多极化作出积极贡献。,林剑
t20241217_11495431.html,法新社记者,印尼海上安全机构今天称，近日两次将中国海警船驱逐出“北纳土纳”海域。外交部能否证实此事？对此有何评论？,中国海警船系依据国际法和国内法在中国管辖海域开展例行巡航。中方愿通过外交渠道同印尼方加强沟通协商，妥善处理两国间海上问题。,林剑
t20241217_11495431.html,印度报业托拉斯记者,新华社报道称，习近平主席对莫迪总理改善两国关系的建议表示原则赞同。发言人能否详细介绍习主席赞同哪些建议？,习近平主席同莫迪总理在双边会晤中就改善和发展中印关系达成重要共识。双方一致认为，本次会见具有建设性和重要意义，中印两国应该从战略高度和长远角度看待和处理中印关系，不让具体分歧影响两国关系大局，为地区和世界和平与繁荣、推进世界多极化作出积极贡献。,林剑
t20241217_11495435.html,《中国日报》记者,昨天，习近平主席出席“金砖+”领导人对话会并发表重要讲话。国际社会特别是发展中国家普遍对习近平主席提出的三点主张表示欢迎，认为这为下阶段“全球南方”团结合作指明了方向。发言人能否进一步介绍情况？,昨天，“金砖+”领导人对话会在俄罗斯喀山成功举行，习近平主席出席并发表重要讲话。习近平主席提出三点主张：坚守和平，实现共同安全；重振发展，实现普遍繁荣；共兴文明，实现多元和谐。我们要做维护和平的稳定力量，加强全球安全治理，探索标本兼治的热点问题解决之道；要做共同发展的中坚力量，积极参与和引领全球经济治理体系改革，推动把发展置于国际经贸议程中心地位；要做文明互鉴的促进力量，增进沟通对话，支持彼此走符合本国国情的现代化道路。这三点主张与三大全球倡议一脉相承，不仅回应了“全球南方”求和平、谋发展、促合作的迫切需要，也彰显了中国与“全球南方”携手并进、共谋发展的坚定决心。,林剑
t20241217_11495435.html,总台央视记者,中方发布了芬兰总统斯图布对华进行国事访问的消息，能否介绍此访安排？中方对此访有何期待？,斯图布总统访华期间，习近平主席将同他会谈，李强总理、赵乐际委员长将分别同他会见，就双边关系和共同关心的议题深入交换意见。,林剑
t20241217_11495435.html,法新社记者,美国、韩国、乌克兰及日本今天均称，几千名朝鲜士兵正在俄罗斯接受训练并可能被派往乌克兰作战。外交部能否证实此事？朝鲜军队在乌克兰行动对这场冲突意味着什么？,我们已经多次就这个问题阐述了中方立场。中方不了解相关情况。对于乌克兰危机，中方的立场是一贯、明确的，我们始终主张各方要推动缓和局势，致力于政治解决。,林剑
t20241217_11495435.html,湖北广电记者,今天是南部非洲发展共同体确定的“反制裁日”，津巴布韦举办“反制裁日”五周年纪念活动，呼吁西方尽早解除对津非法制裁。中方对此有何评论？,2019年第39届南部非洲发展共同体峰会将10月25日确定为“反制裁日”，呼吁美国等部分西方国家和组织解除对津巴布韦的非法制裁。津巴布韦作为南共体轮值主席国，也是受到非法制裁的当事方，举办“反制裁日”五周年纪念活动，中方对此表示支持。,林剑
t20241217_11495435.html,路透社记者,中国驻阿富汗大使周二在社交平台上表示，中国将给予阿富汗100%税目产品零关税待遇。发言人能否详细介绍有关安排？,今年9月5日，习近平主席在中非合作论坛北京峰会开幕式上的主旨讲话中宣布，中方愿主动单方面扩大市场开放，决定给予包括33个非洲国家在内的所有同中国建交的最不发达国家100%税目产品零关税待遇，成为实施这一举措的首个发展中大国和世界主要经济体。,林剑
t20241217_11495435.html,东方卫视记者,24日，莫桑比克国家选举委员会公布莫大选结果，执政党莫桑比克解放阵线党总统候选人查波得票70.67%，赢得大选。请问中方对此有何评论？,作为莫桑比克的友好国家，中方对莫桑比克成功举行总统、议会和地方政府“三合一”选举感到高兴，向莫桑比克解放阵线党和当选总统查波表示祝贺。中方高度重视发展中莫关系。明年两国即将迎来建交50周年，中方愿同莫方在新的历史起点上一道努力，推动中莫全面战略合作伙伴关系不断深入发展，更好造福两国人民。,林剑
t20241217_11495435.html,法新社记者,台湾领导人赖清德今天访问金门并发表演讲称，他不会放弃任何一寸领土。外交部对此有何评论？,台湾是中国领土的一部分。无论民进党当局说什么、做什么，都改变不了台海两岸同属一个中国的事实，更改变不了两岸必然统一，也终将统一的历史大势。,林剑
t20241217_11495435.html,路透社记者,印度政府消息人士称，印中两国已经开始从有争议的喜马拉雅边境地区的对峙点撤军。中方能否证实并提供更多信息？,根据中印近期就边境有关问题达成的解决方案，双方一线部队正在开展相关工作，目前进展顺利。,林剑
t20241217_11495435.html,深圳卫视记者,据了解，台湾外事部门负责人林佳龙正窜访危地马拉，危地马拉总统阿雷瓦洛将同他会见。请问发言人对此有何评论？,我们注意到有关报道。我想强调的是，世界上只有一个中国，台湾是中国领土不可分割的一部分，中华人民共和国政府是代表全中国的唯一合法政府。就在53年前的今天，联合国大会通过第2758号决议，恢复了中华人民共和国在联合国的合法席位。全世界183个国家同中国建交的事实充分证明，台湾当局利用“邦交国”搞政治操弄、谋求“台独”的行径是徒劳的，无法撼动坚持一个中国原则的时代潮流，也阻挡不了中国必然统一的历史大势。,林剑
t20241217_11495435.html,法新社记者,《华尔街日报》今天报道称，普京总统希望马斯克避免在台湾上空激活星链卫星互联网服务，算是帮中国一个忙。外交部能否证实？对此有何评论？,我不了解你提到的有关情况。 1971年10月25日，第26届联合国大会以压倒性多数通过第2758号决议，决定恢复中华人民共和国在联合国的一切权利，承认中华人民共和国政府代表是中国在联合国唯一合法代表，并立即把台湾当局的代表从联合国及其所属一切机构中驱逐出去。这一决议彻底解决了包括台湾在内全中国在联合国的代表权问题，明确不存在“两个中国”，不存在“一中一台”。作为中国领土不可分割的一部分，台湾没有任何根据、理由或权利参加联合国及其他只有主权国家才能参加的国际组织。在这一原则问题上，没有灰色地带，没有模糊空间。,林剑
t20241217_11495446.html,《人民日报》记者,中方刚刚发布了斯洛伐克总理菲佐即将来华进行正式访问的消息。发言人能否进一步介绍此访安排？中方如何看待当前中斯关系？对此访有何期待？,中方欢迎菲佐总理来华进行正式访问。访问期间，习近平主席将同他会见，李强总理、赵乐际委员长将分别同他会谈、会见，就两国关系及双方共同关心的问题深入交换意见。,林剑
t20241217_11495446.html,路透社记者,发言人对于日本众议院选举及日本政府可能进行的改组有何评论？是否认为这可能改变日本安全政策，比如中方此前批评的日本强军扩武计划？,我们注意到有关选举结果，这是日本内政，中方不作评论。中日关系长期健康稳定发展，符合两国人民根本利益。希望日方同中方相向而行，恪守中日四个政治文件的原则和共识，全面推进两国战略互惠关系，致力于构建契合新时代要求的建设性、稳定的中日关系。,林剑
t20241217_11495446.html,总台央视记者,我们注意到，乌兹别克斯坦于10月27日举行了最高会议立法院选举。请问中方对此有何评论？,乌兹别克斯坦最高会议立法院选举日前顺利举行，中方对此表示祝贺。应乌中央选举委员会邀请，中方派团赴乌观察了选举。中方认为，此次选举民主、公开、透明，体现了乌兹别克斯坦的政治开放和包容，中方给予积极评价，真诚祝愿乌兹别克斯坦人民在国家发展道路上取得更大成就。,林剑
t20241217_11495446.html,塔斯社记者,我有两个问题，第一个问题，据媒体报道，明年美军将开始接收新型移动卫星干扰站，主要是为了对抗俄罗斯和中国。中国外交部对美国国家太空防御战略如何评价？如果这种政策对中国的太空探索构成真正威胁，中国会采取何种立场？第二个问题，10月26日，以色列军队打击伊朗境内军事设施，加剧冲突升级，危及平民。以色列不断扩大袭击范围，造成大量人员伤亡。中方对近几天的中东局势有何评论？,关于第一个问题，中方始终坚持和平利用外空，反对外空军备竞赛，反对外空武器化。中国无意与任何国家搞“太空竞赛”，也不谋求所谓的“太空优势”。,林剑
t20241217_11495446.html,中新社记者,10月25日至28日，第十一届中国—中亚合作论坛在宁夏银川举行，全国政协副主席、上海合作组织睦邻友好合作委员会主席沈跃跃出席开幕式并作主旨讲话。发言人能否介绍此次论坛情况及主要成果？,10月25日至28日，第十一届中国—中亚合作论坛在宁夏银川举行。此次论坛由上海合作组织睦邻友好合作委员会和宁夏回族自治区政府共同举办，主题为“推动绿色发展 建设共同家园”。全国政协副主席、上合组织睦邻友好合作委员会主席沈跃跃出席论坛开幕式并发表主旨讲话。吉尔吉斯斯坦副总理拜萨洛夫、塔吉克斯坦副总理济约佐达、乌兹别克斯坦最高会议立法院第一副议长赛义多夫、上合组织秘书长张明、中国—中亚机制秘书处执行主任吴颖钦以及中国和中亚五国政府、地方、工商界、友好社团、媒体代表和驻华使节等300余人出席论坛。,林剑
t20241217_11495446.html,印尼安塔拉通讯社记者,印尼外长苏吉约诺上周表示，印尼将金砖合作机制视为维护发展中国家和全球南方利益的战略平台，致力于加入金砖。中方对此有何回应？,作为新兴市场国家和发展中国家加强团结合作、维护共同利益的重要平台，金砖合作机制已成为国际事务中一支积极、稳定、向善的力量。印尼是重要发展中大国和新兴市场国家，近年来积极参与“金砖+”合作。金砖国家是开放包容的机制，我们欢迎包括印尼在内的更多志同道合的伙伴成为金砖大家庭的一员。,林剑
t20241217_11495446.html,《环球时报》记者,《华尔街日报》日前报道称，西方国家认为中国正在以“前所未有的规模”开展间谍活动，目的是破坏对手国家并提振中国经济，西方情报机构无力遏制中国的活动。中方对此有何回应？,我不知道这篇报道有什么事实依据。一段时间以来，少数西方媒体炒作所谓中国开展间谍活动的虚假叙事，但除了一些捕风捉影、揣测炒作的言论外，没有任何事实和证据。相反，我倒是注意到，近日美国中央情报局公然在网络社交媒体发布中文网络投靠操作指南，企图以此蛊惑诱骗中方人员投靠中情局，这是对中国国家利益的严重侵犯，中方对此严正抗议。中方将坚决打击境外反华势力的渗透破坏活动，有力维护国家主权、安全和发展利益。,林剑
t20241217_11495446.html,深圳卫视记者,10月23日至25日，中国和东盟轮值主席国老挝在深圳联合举办生物军控和生物安全东南亚地区研讨会，发言人能否介绍有关情况？,这是中国和东南亚国家首次联合举办生物军控和生物安全研讨会。会议取得积极成果，中国和东盟轮值主席国老挝发表共同主席总结，主要包括四个方面的共识：,林剑
t20241217_11495446.html,美国全国广播公司记者,我的问题与《环球时报》的提问相关。据报道，美国政府正调查据称与中国有关的行为体，该行为体侵入了美国通讯网络，尤其是对美方有关政客手机进行了黑客攻击。中方对此有何评论？,我不了解你提到的具体情况，但是我也注意到了相关报道，报道特别还提出一个所谓的黑客组织“盐台风”。美方近来似乎热衷于制造各种“台风”。我想提醒注意的是，针对此前美方热炒的所谓“伏特台风”事件，中国网络安全机构发布了真相系列报告，以确凿证据证明所谓“伏特台风”实为国际勒索软件组织，美国炮制网络溯源虚假叙事的真实目的是栽赃陷害中国。有关报告清楚表明了到底谁才是全球网络空间安全的最大威胁。,林剑
t20241217_11495455.html,总台央视记者,今天是柬埔寨国王西哈莫尼登基20周年纪念日。据报道，为庆祝西哈莫尼国王登基20周年，10月28日起，柬埔寨开始举行为期三天的全国性庆祝活动。请问中方对此有何评论？,中方对西哈莫尼国王登基20周年表示热烈祝贺，习近平主席已向西哈莫尼国王致贺电。西哈莫尼国王登基以来，为柬埔寨和平稳定、发展振兴、国际交往作出重要贡献。相信在西哈莫尼国王庇佑下，勤劳智慧的柬埔寨人民一定可以把国家建设得越来越好。,林剑
t20241217_11495455.html,法新社记者,朝鲜外务相正在访问俄罗斯。美国安全官员称，约1万朝鲜士兵正在俄训练，包括高级将领在内的朝鲜士兵可能在未来几周内前往俄乌冲突前线。韩国称俄朝军事合作对国际社会构成重大安全威胁，中方对此有何评论？,对于乌克兰危机，中方立场是一贯、明确的。我要强调的是，中方希望各方推动缓和局势、致力于政治解决乌克兰危机的立场没有改变，将继续为此发挥建设性作用。,林剑
t20241217_11495455.html,东方卫视记者,我们关注到，有报道提到26日格鲁吉亚举行新一届议会选举。执政党“梦想”党宣布赢得选举，反对派称投票舞弊，不承认选举结果。中方对此有何评论？,中方注意到，格鲁吉亚选举顺利举行。中方一贯尊重格鲁吉亚人民的选择，真诚希望格鲁吉亚稳定和繁荣。中方愿同格方一道努力，推动中格关系不断向前发展。,林剑
t20241217_11495455.html,韩国广播公司记者,昨天韩国广播公司报道称，有韩国人在中国首次因涉嫌违反《反间谍法》被逮捕。中国外交部能否确认这一消息？被捕的韩国人现在是什么状态？韩国政府是否就此人的释放问题与中国政府进行了协商？,该韩国公民因涉嫌间谍罪，被中方有关部门依法逮捕。有关部门已向韩国驻华大使馆进行领事通报，并为大使馆领事官员执行领事职务提供必要便利。中国是法治国家，依法查处违法犯罪活动，同时保障当事人的各项合法权利。,林剑
t20241217_11495455.html,日本经济新闻记者,关于朝鲜向俄罗斯派兵的问题。昨天，北约称已确认有朝鲜士兵部署在俄罗斯西部。请介绍中方目前掌握的信息。朝鲜派兵可能会使乌克兰局势和朝鲜半岛局势更加紧张，中方将为缓解局势发挥怎样的作用？,刚才我已阐明，对于乌克兰危机，中方立场是一贯、明确的。我要再次强调，中方希望各方推动缓和局势、致力于政治解决乌克兰危机的立场没有改变，将继续为此发挥建设性作用。,林剑
t20241217_11495455.html,彭博社记者,拜登政府敲定了美个人及企业对华投资限制最终规则，聚焦半导体、量子信息、人工智能等高科技领域。外交部对此有何回应？,中方对美方发布对华投资限制规则表示强烈不满、坚决反对。中方已向美方提出了交涉，将采取一切必要措施，坚定维护自身合法权益。,林剑
t20241217_11495455.html,彭博社记者,台湾“国防部”与美国签订正式条约，从两家美国公司采购进攻性无人机，以提升自身防御能力。请问外交部对此事有何评论？,台湾是中国的一个省，不存在什么“国防部”。中方坚决反对美台军事联系的立场是一贯、明确的。你提问涉及到的两家美国企业及其主要高管已被中方制裁。,林剑
t20241217_11495455.html,日本广播协会记者,美国白宫发言人表示，美方与中方讨论了朝鲜在俄罗斯的军队部署问题。发言人能否分享更多细节？,我不了解相关情况。中方在乌克兰危机和朝鲜半岛问题上的立场是一贯的。,林剑
t20241217_11495455.html,北京广播电视台记者,据报道，泰国政府将迎请北京灵光寺佛牙舍利赴泰供奉。中方能否证实此消息，对此有何评论？,应泰国政府邀请，为庆祝泰国国王哇集拉隆功六循（72岁）寿辰和2025年中泰建交50周年，中方同意安排北京灵光寺佛牙舍利于2024年12月至2025年2月赴泰国曼谷供奉73天。,林剑
t20241217_11495457.html,印度报业托拉斯记者,发言人曾表示中印边界脱离接触进展顺利。有报道称双方脱离接触或许于今天完成。发言人能否介绍印中在边境实际控制线地区脱离接触的最新进展？,不久前，中印双方就边境有关问题达成解决方案。目前，双方一线部队正在有序推进落实工作。,林剑
t20241217_11495457.html,日本广播协会记者,美国国务院发言人在10月28日的记者会上透露，美方已就朝鲜派兵俄罗斯的问题与中方进行了磋商，并表达对此事的担忧。在昨天的记者会上，发言人表示不了解有关情况。今天发言人是否有可进一步分享的信息？,我没有可以提供的信息。中方在乌克兰危机和朝鲜半岛问题上的立场是一贯的。,林剑
t20241217_11495457.html,印度报业托拉斯记者,追问一下，中印边界脱离接触是否有最后期限？,我没有进一步补充的信息。,林剑
t20241217_11495457.html,德国电视二台记者,我的问题与欧盟今天开始对中国电动汽车加征关税有关。中国政府是否仍希望磋商能够取得成果？我们听说中国政府已要求本国汽车制造商暂停在欧洲投资或建设汽车工厂。发言人能否介绍相关情况？,关于欧盟对中国电动汽车加征关税的问题，中国商务部发言人已就此阐明中方立场。我想强调的是，在没有业界申请的情况下，欧盟机构执意对中国电动汽车进行反补贴调查并加征高额关税是典型的贸易保护主义行为，将损害中欧产业链供应链合作，损害欧洲消费者利益，损害欧盟绿色转型和全球应对气候变化的努力。,林剑
t20241217_11495457.html,《中国日报》记者,近期，中国政府密集推出一揽子增量政策，支持扩大内需和提振投资消费，受到国际社会广泛关注。新加坡国务资政李显龙认为，中方出台的措施有助于提升信心和需求。德国联邦经济发展和对外贸易协会主席舒曼表示，一揽子增量政策对增强市场信心发挥了关键作用，中国经济保持增长，对全球市场意义重大。请问发言人对此有何评论？,今年以来，中国经济总体平稳、稳中有进，活力与韧性集中显现。今年前三季度我们同160多个国家和地区贸易量实现增长，进出口总额创下新高，国内生产总值增速在全球主要经济体中名列前茅，这些都是中国经济“升温”可知可感的实例，再次说明中国经济长期向好的基本趋势没有改变。,林剑
t20241217_11495457.html,路透社记者,俄罗斯媒体报道称，今天俄罗斯副外长鲁登科在北京与王毅外长会见，请问双方是否讨论或打算讨论朝鲜军队参加俄乌冲突的有关问题？如果讨论了，能否进一步分享信息？,关于乌克兰危机，中方的立场是一贯的。,林剑
t20241217_11495457.html,德国电视二台记者,重复一下我刚才的问题。我们听说中国政府已要求本国汽车制造商暂停在欧洲投资或建设汽车工厂。发言人能否介绍相关情况？,你提到的具体情况，建议向中方的主管部门询问。,林剑
t20241217_11495457.html,路透社记者,据《中国民航报》报道，加拿大航空公司计划增加加中直航航班。在面对两国贸易分歧的情况下，中方如何看待加方这一举措，对目前中加关系持何立场和态度？,关于加拿大航空公司计划增加中加直航航班，建议你向中方主管部门询问。中方对发展中加关系的立场是一贯和明确的。我们重视加方这一举措，希望加方继续为两国正常人员往来创造良好条件。,林剑
t20241217_11495457.html,法新社记者,关于俄罗斯副外长鲁登科今天在北京与王毅外长会见，发言人能否介绍会见情况，包括朝鲜向俄罗斯派军有关内容？,我刚才已经回答了这个问题。,林剑
t20241217_11495457.html,路透社记者,近期有许多欧洲国家元首访华。中方连续邀请这些领导人访华，是否是为了敦促他们在欧盟对中国电动汽车加征关税问题上发挥建设性作用？,中欧之间有着正常的各层级往来。刚才我也强调了，对话合作是中欧关系的主基调，互利共赢是中欧经贸合作的本质。在相互尊重的基础上，通过对话协商妥处经贸摩擦符合中欧共同利益，也是双方企业和民众的普遍期待。希望欧方以建设性态度与中方继续推进磋商，展现诚意和灵活性，寻求解决方案，避免贸易摩擦扩大升级。,林剑
t20241217_11495457.html,法新社记者,据印度尼西亚媒体报道，印尼总统普拉博沃将访华。请问发言人能否证实？,在两国元首战略引领下，中印尼关系保持强劲发展势头。前不久，习近平主席特别代表、国家副主席韩正出席了普拉博沃总统就职仪式，体现了中方对印尼新政府的坚定支持。中方愿同印尼保持密切沟通协调，深化全方位战略合作，推动中印尼命运共同体建设不断取得更大发展，更好造福两国人民。,林剑
t20241217_11495462.html,韩联社记者,朝鲜今天向东部海域发射了一枚洲际弹道导弹，这是朝鲜今年以来首次试射洲际弹道导弹。韩国和美国均谴责此次试射，并表示将作出强有力回应。韩国总统府表示将与乌克兰开展讨论派遣特使，以应对朝鲜向俄罗斯派兵事。中方如何看待当前局势？,中方注意到有关报道。作为半岛近邻，中方关注半岛局势发展动向，始终认为维护半岛和平稳定、推动半岛问题政治解决进程符合各方共同利益，希望各方为此作出努力。,林剑
t20241217_11495462.html,拉通社记者,国际社会昨天再次对古巴反对美国封锁表示支持，表明美方在这一问题上受到孤立。中方对此有何评论？,联合国大会以187票压倒性再次通过相关决议，体现了对古巴人民捍卫国家主权、反对外来干涉和封锁的正义斗争的坚定支持，表明美国大搞单边主义和霸凌行径、严重违反《联合国宪章》宗旨和原则的行径遭致国际社会一致谴责和坚决反对。,林剑
t20241217_11495462.html,中新社记者,今天是世界城市日。2024年世界城市日中国主场活动正在山东威海、上海两地举办，活动主题为“共建人民城市，共享美好生活”。当前，全球的城市发展仍面临资源短缺、环境污染、极端气候等方面的挑战。发言人如何评价中国在城市可持续发展方面的成就和为世界作出的贡献？,世界城市日是首个由中国倡议设立、经联合国大会决议通过的国际日，旨在传承弘扬2010年上海世博会“城市，让生活更美好”的理念，为探讨合作应对各类城市问题、推动落实联合国2030年可持续发展议程提供了重要平台，得到越来越多国家支持响应。,林剑
t20241217_11495462.html,法新社记者,阿斯利康中国公司称其总裁正在接受中国有关部门的调查。外交部能否介绍调查细节？,你提到的有关情况，建议向中方主管部门了解。我要指出的是，中国政府欢迎外国企业在华投资经营，将依法保障他们的合法权益。,林剑
t20241217_11495468.html,伊朗声像组织记者,我的问题是关于发生在伊朗境内的恐怖袭击事件。10月26日上周六，极端组织“伊斯兰国呼罗珊分支”支持并联系外国恐怖组织“正义军”，在锡斯坦—俾路支斯坦省塔夫坦市袭击了伊朗警方巡逻队两台车，导致10名警察殉职。请问中方对此有何评论？,中方谴责有关恐怖袭击事件，反对一切形式的恐怖主义，支持伊朗维护国家安全稳定的努力。,林剑
t20241217_11495468.html,路透社记者,本周四，越南对中国在西沙群岛附近海域扣押越渔民和渔船表示抗议。外交部能否证实这一消息？,西沙群岛是中国固有领土。中方敦促越方切实加强对本国渔民教育管理，不得到中方管辖海域从事非法活动。,林剑
t20241217_11495468.html,法新社记者,据报道，朝鲜士兵已抵达俄罗斯。乌克兰总统泽连斯基表示，对中国在朝鲜向俄派兵问题上“保持沉默”感到惊讶。中方对此有何回应？,我们注意到近期一些相关报道和各方反应。朝俄是两个独立主权国家，如何发展双边关系是他们自己的事。中方不掌握朝俄双边交往合作的具体情况。,林剑
t20241217_11495468.html,法新社记者,我想追问关于朝鲜向俄罗斯派兵的问题。美国表示多达八千名朝鲜士兵已抵达俄乌边境地区。中方能否证实？是否已就该问题与朝鲜进行沟通？,我不了解有关情况。我刚才已经阐明，中方在乌克兰危机问题上的立场是一贯、明确的。,林剑
t20241217_11495468.html,路透社记者,据缅甸当地媒体报道，缅甸领导人将访华。外交部能否证实？,我没有可以提供的信息。,林剑
t20241217_11495468.html,法新社记者,欧盟外交与安全政策高级代表博雷利今天起访问日本。访问期间，日本政府和欧盟将签署“安全与防卫伙伴关系协定”。据媒体报道，该协定是针对中国的。请问中方对日欧签署该协定有何回应？,各方开展安全与防务合作应有利于促进地区和平稳定，不应针对第三方或损害他国的安全利益。,林剑
t20241217_11495468.html,澎湃新闻记者,第七届进博会将于下周开幕，我们注意到目前各项筹备工作已基本就绪。据统计，有297家世界500强和行业龙头企业、来自多国近800个采购团体参展与会，数量创历届新高。请问发言人如何评价本届进博会对中国扩大高水平对外开放的意义？,举办进博会是中国扩大自主开放的重要举措，也是中国推动建设开放型世界经济的实际行动。你刚才提到的数据充分显示了中国超大规模市场的吸引力，反映出国际社会对中国经济发展前景的强大信心，也展现了各方希望通过开放合作实现互利共赢的共同意愿。,林剑
t20241217_11495468.html,彭博社记者,越南已要求中国立即释放在南海被扣押的渔民和渔船，并要求中国赔偿损失。外交部对此有何回应？,刚才我已经回答了有关的问题。 为进一步便利中外人员往来，中方决定扩大免签国家范围，自2024年11月8日起对斯洛伐克、挪威、芬兰、丹麦、冰岛、安道尔、摩纳哥、列支敦士登、韩国持普通护照人员试行免签政策。至2025年12月31日期间，9国持普通护照人员来华经商、旅游观光、探亲访友和过境不超过15天，可免办签证入境。,林剑
t20241217_11495476.html,印度报业托拉斯记者,印度宣布印中两军在东拉达克天文点和典角两个争议地区脱离接触，并于上周六开始恢复巡逻。中方对此有何评论？如何看待双方目前在实控线地区脱离接触进程？,中印两国军队正在落实双方就边境有关问题达成的解决方案，目前进展顺利。,毛宁
t20241217_11495476.html,总台央视记者,中方刚刚发布李强总理出席大湄公河次区域经济合作第八次领导人会议的消息，发言人能否介绍举办此次会议的背景情况？中方对此次会议有何期待？,11月6日至7日，大湄公河次区域经济合作（GMS）第八次领导人会议将在云南昆明举行，李强总理将出席并主持会议。此次会议主题为“聚焦创新发展，共建美好家园”。,毛宁
t20241217_11495476.html,塔斯社记者,摩尔多瓦总统选举第二轮投票的计票工作基本结束。据报道，接近完整的选票统计结果显示，现任总统桑杜获得55%的选票。中方对此有何评论？对未来中摩关系有何期待？,摩尔多瓦是中国的友好伙伴。中方一贯尊重摩尔多瓦人民的选择，真诚希望摩尔多瓦繁荣稳定。中方愿同摩方一道努力，推动两国关系持续向前发展。,毛宁
t20241217_11495476.html,彭博社记者,据报道，日本国家安全保障局长秋叶刚男正在中国访问，此访他将努力推动两国高层互动。外交部能否确认秋叶访华？是否计划安排双方高层互动？,日本国家安保局长秋叶刚男正在中国访问。今天上午，中共中央政治局委员、中央外办主任王毅同他举行新一轮中日高级别政治对话。有关情况我们将及时发布消息，你可以保持关注。,毛宁
t20241217_11495476.html,《中国日报》记者,10月30日，博茨瓦纳举行大选，民主变革联盟总裁杜马·博科当选博茨瓦纳新任总统并于11月1日宣誓就职。请问中方对此有何评论？,中方祝贺博茨瓦纳大选顺利举行，对博科先生当选并宣誓就任博茨瓦纳总统表示诚挚祝贺，祝愿博茨瓦纳在博科总统的领导下在国家发展的道路上取得成功。,毛宁
t20241217_11495476.html,法新社记者,朝鲜外务相崔善姬周五在莫斯科表示，朝鲜将站在俄罗斯一边，直至俄罗斯取得对乌克兰的胜利。中方对此有何评论？,关于俄罗斯和朝鲜的双边交往，我们已经多次阐明立场。在乌克兰危机问题上，中方的立场是一贯、明确的。,毛宁
t20241217_11495476.html,《环球时报》记者,据报道，帕劳总统候选人、现任总统惠普斯表示，中国一段时间来向其施压，要求其与台湾断绝“外交关系”。还有报道称，另一位总统候选人雷门格绍否认对其亲华态度的分析评论。发言人对此有何评论？,世界上已有183个国家在一个中国原则基础上同中国建立了外交关系，坚持一个中国原则的历史大势不可阻挡。现在只有帕劳等极少数国家与台湾地区维持所谓“邦交”关系。这种做法不仅违背自身国家和人民的利益，违背联大第2758号决议，也构成了对中国国家主权的侵害，必须予以纠正。,毛宁
t20241217_11495480.html,东方卫视记者,今天上午，第七届中国国际进口博览会在上海开幕，李强总理出席开幕式并发表主旨演讲。发言人能否进一步介绍情况？据了解，本届进博会共有来自152个国家和地区的3496家展商参加，国别（地区）数和企业数均超上届，吸引了297家世界500强和行业龙头企业参展，创历史新高。发言人如何看待进博会对中国高水平对外开放的重要意义？,举办进博会是中国扩大开放合作的重要举措。七年来，进博会已成为中国构建新发展格局的窗口、推动高水平开放的平台，展现出中国与世界共谋发展的诚意和胸怀。正如李强总理在今天上午第七届进博会开幕式上的主旨演讲中强调，越是面对逆全球化思潮抬头，单边主义、保护主义上升，中国越是要坚持开放、扩大开放、提升开放。,毛宁
t20241217_11495480.html,印尼安塔拉通讯社记者,印度尼西亚总统普拉博沃将于11月8日至10日对中国进行国事访问。能否介绍两国领导人重点讨论的议题及可能签署的协议？,中国和印尼是隔海相望的好邻居、命运与共的好伙伴。在两国元首战略引领下，中印尼关系保持强劲发展势头，进入共建命运共同体新阶段。,毛宁
t20241217_11495480.html,中新社记者,中方今天发布了意大利总统将访华的消息。能否介绍访问有关安排？中方如何评价当前中意关系？对此访有何期待？,马塔雷拉总统访华期间，习近平主席将同他会谈，擘画中意关系未来发展蓝图，李强总理、赵乐际委员长将分别同他会见。,毛宁
t20241217_11495480.html,半岛电视台记者,黎巴嫩卫生部周一宣布，黎巴嫩死亡人数已超过3000人，是2006年以色列与真主党战争中死亡人数的两倍。中方对此有何评论？中国能否在以色列与真主党停火谈判中发挥作用？,中方高度关注当前黎巴嫩局势，我们反对侵犯黎巴嫩主权、安全和领土完整的行为，反对和谴责一切伤及无辜平民的行动。我们呼吁有关方立即采取措施缓和局势，防止地区紧张局势进一步升级。中方将继续同国际社会一道，为推动局势降温发挥建设性作用。,毛宁
t20241217_11495480.html,法新社记者,缅甸领导人敏昂莱本周将来华出席会议，他还会对中国进行国事访问吗？中方对此有何期待？,缅甸是地区重要国家，一直积极参与地区合作机制，中方按惯例邀请缅甸领导人出席大湄公河次区域经济合作领导人会议。具体情况我们会及时发布信息，你可以保持关注。,毛宁
t20241217_11495480.html,法新社记者,美国总统候选人特朗普刚刚表示，他将因芬太尼问题对中国征收关税。发言人对此有何评论？,对于竞选言论，我不作评论。,毛宁
t20241217_11495484.html,澎湃新闻记者,昨天，第七届中国国际进口博览会在上海开幕。我们注意到，源自智利安第斯山脉高海拔地区的雪山车厘子作为全球首发新品抵达进博会展馆。此外，包括秘鲁沙漠蓝莓在内的众多拉美明星产品已经成为中国各大商超的热销之选。发言人对此有何评论？,每年，拉美和加勒比企业都会带着自己的特色产品，漂洋过海来赴“进博之约”，是进博会的参与者、见证者，更是受益者。除了你提到的这些拉美产品外，借助进博会等平台，洪都拉斯的白虾、咖啡，尼加拉瓜的蜂蜜、海鲜等都在中国有了知名度。智利水果出口商协会同多个中国电商平台达成合作协议，“厦门—圣保罗”跨境电商空运专线开通，更多拉美产品进入中国消费者“购物车”。,毛宁
t20241217_11495484.html,路透社记者,昨天，在巴基斯坦有两名中国人遭枪击，外交部是否认为这表明针对在巴中国公民的袭击升级？中方是否打算要求巴方采取新的安全措施？会否建议中国公民不去巴基斯坦？,11月5日上午，巴基斯坦卡拉奇发生枪击事件，2名中国公民在事件中受伤，已被送往医院救治。,毛宁
t20241217_11495484.html,《金融时报》记者,特朗普在美国总统大选中占据优势。他曾宣称将大幅提高对华关税，中方准备如何应对？会否因此出台更多财政刺激措施？,美国总统选举是美国内政，我们尊重美国人民的选择。,毛宁
t20241217_11495484.html,路透社记者,今天中国国家安全部称，某国家机关前工作人员张某因向境外间谍情报机关提供大量机密信息而被判处死刑。请问该境外间谍情报机关属于哪个国家？此案是否为新修订的《反间谍法》生效后，中方第一次作出死刑判决？,我不了解你提到的情况。建议向主管部门询问。,毛宁
t20241217_11495484.html,日本广播协会记者,这次美国大选结果将在哪些方面影响中国的外交政策和中美关系？,中国的对美政策一以贯之，将继续按照相互尊重、和平共处、合作共赢原则看待和处理中美关系。,毛宁
t20241217_11495484.html,西班牙《阿贝赛报》记者,从目前情况看，几乎可以肯定特朗普将赢得大选。如果特最终胜出，中方会否向其致贺？,我们将按惯例处理有关事宜。,毛宁
t20241217_11495484.html,深圳卫视记者,据报道，国际红树林中心在深圳正式揭牌成立，请介绍一下有关情况。,今天上午，国际红树林中心成立协定签署仪式在深圳举行，首批18个成员国代表正式签署协定并为国际红树林中心揭牌。,毛宁
t20241217_11495484.html,法新社记者,一名菲律宾军方官员今天表示，菲律宾、美国和其他西方大国频繁举行联合军演，这有助于遏制中国在南海的“侵略性行动”，发言人对此有何评论？,中国对南海诸岛及其附近海域拥有主权，依据国内法和国际法维护自身的主权权利。我们一贯认为，国家间的防务、安全合作应有利于地区和平稳定，不应针对第三方，更不应损害第三方利益。在南海炫耀武力、挑动对抗，只会加剧局势紧张，破坏地区稳定。,毛宁
t20241217_11495484.html,法新社记者,据报道，阿斯利康中国制药公司的数十名高管可能卷入一起保险诈骗案。关于这个案子你能提供更多信息吗？,我不了解你提到的情况。,毛宁
t20241217_11495487.html,中新社记者,今天上午，大湄公河次区域经济合作第八次领导人会议在昆明举行，国务院总理李强出席会议并讲话。发言人能否进一步介绍情况？,今天上午，国务院总理李强在云南昆明主持大湄公河次区域经济合作（GMS）第八次领导人会议。柬埔寨、老挝、缅甸、泰国、越南政府首脑和亚洲开发银行行长出席。,毛宁
t20241217_11495487.html,湖北广电记者,我们注意到，今年的进博会有37个最不发达国家参展，主办方特意为这些国家的企业提供了120余个免费展位。食品和农产品展区还进一步扩大了非洲产品专区面积，集中展现非洲特色农产品。发言人能否介绍有关考虑？,从第一届开始，进博会一直积极为最不发达国家参展提供便利。七年来，越来越多来自最不发达国家的产品通过进博会进入中国市场，带动相关国家产业发展、民生改善。,毛宁
t20241217_11495487.html,路透社记者,据美国有线电视新闻网（CNN）报道，习近平主席和美国当选总统特朗普进行了通话，你能否证实？,习近平主席已向美国当选总统特朗普致贺。习近平主席指出，历史昭示我们，中美合则两利、斗则俱伤。一个稳定、健康、可持续发展的中美关系符合两国共同利益和国际社会期待。希望双方秉持相互尊重、和平共处、合作共赢的原则，加强对话沟通，妥善管控分歧，拓展互利合作，走出一条新时期中美正确相处之道，造福两国，惠及世界。,毛宁
t20241217_11495487.html,法新社记者,央视新闻报道称，习近平主席致电特朗普，祝贺他当选美国总统。请问是发贺电还是通电话？,习近平主席向美国当选总统特朗普致了贺电。,毛宁
t20241217_11495487.html,彭博社记者,习近平主席给特朗普打了电话还是发去了贺电？,刚刚我回答了这个问题。习近平主席向特朗普当选总统致了贺电。,毛宁
t20241217_11495487.html,《纽约时报》记者,我有两个问题。第一个问题，特朗普称将对中国商品全面加征关税，中方将如何应对？第二个问题，特朗普称，中方不会“入侵”台湾，你对此有何回应？,关于第一个问题，我们不回答假设性问题。作为原则，我愿重申，贸易战不会有赢家，也不利于世界。,毛宁
t20241217_11495487.html,深圳卫视记者,北京时间11月7日，第79届联大裁军与国际安全委员会（联大一委）表决通过了中国提交的“在国际安全领域促进和平利用国际合作”决议。请发言人进一步介绍相关情况？,我们对联大一委表决通过“在国际安全领域促进和平利用国际合作”决议表示欢迎。决议要求加强联合国作用，在各国平等参与基础上，促进对话合作，制定指导原则，维护广大发展中国家和平利用科技的合法权利，敦促个别国家停止滥用出口管制、实施非法单边强制措施。决议还决定，继续在联合国大会审议相关问题。,毛宁
t20241217_11495487.html,德新社记者,德国总理朔尔茨昨天将财政部长林德纳解职，德国三党联合政府将崩溃。外交部对此有何评论？从中国政府的角度来说，这对中德关系有何影响？,你提到的问题是德国内政，我不作评论。对于中德关系，中方的立场是一贯的。,毛宁
t20241217_11495487.html,美国全国广播公司记者,埃隆·马斯克与中国关系良好，他可能在特朗普政府中发挥重要作用，这对中美关系来说是否是一个积极因素？,对于中美关系，中方立场是一贯的。我们始终按照习近平主席提出的相互尊重、和平共处、合作共赢三原则来看待和处理中美关系，致力于推动中美关系稳定、健康、可持续发展。,毛宁
t20241217_11495487.html,《北京青年报》记者,我们注意到，近日“太阳之光：古蜀与印加文明互鉴展”在秘鲁举办，受到广泛关注。发言人对此有何评论？能否介绍该展览的详细情况？,中国和秘鲁同为文明古国，两国人民心灵相通、理念相近。去年以来，“何以文明”全球巡展走进秘鲁，“印加天路”安第斯文化展等展览来到中国，受到两国民众热烈欢迎，进一步增进了中秘人民之间的了解和友谊。,毛宁
t20241217_11495487.html,埃菲社记者,中方如何评价2021年以来缅甸政治和解和转型进程？中方为支持这一进程发挥了什么作用？,中方在缅甸问题上的立场十分明确。我们支持缅方维护独立、主权、国家统一和领土完整，支持缅各方通过友好协商实现政治和解，支持缅方重启政治转型进程。,毛宁
t20241217_11495496.html,总台央视记者,今天我们看到消息，习近平主席将出席亚太经合组织第三十一次领导人非正式会议和二十国集团领导人第十九次峰会，请问中方对于两次会议有什么期待？希望通过出席这两场会议向世界传递什么信息？,习近平主席出席今年亚太经合组织领导人非正式会议，是中国面向亚太开展的一次重要元首外交行动，充分体现了中方对亚太经济合作的高度重视。当前，世界经济增长乏力，亚太区域经济合作面临新的挑战。亚太经合组织是亚太地区重要经济合作平台，各方期待亚太继续发挥引擎作用，引领世界经济增长。习近平主席将在会上发表重要讲话，介绍深化改革开放重要举措，阐述中国对推进亚太合作的政策主张。中方愿同各方一道努力，全面平衡落实亚太经合组织2040年布特拉加亚愿景，推动此次会议取得积极成果，为推进区域经济一体化、促进亚太和世界增长注入新动力，携手构建亚太命运共同体。,毛宁
t20241217_11495496.html,总台CGTN记者,习近平主席即将对秘鲁、巴西进行国事访问，能否介绍此访主要安排及中方对发展中秘、中巴关系的期待？,秘鲁是拉美重要国家，中国同秘鲁建有全面战略伙伴关系。建交53年来，中秘政治互信不断巩固，共建“一带一路”合作成果丰硕，人文交流更加深入，给两国人民带来了实实在在的好处。去年以来，习近平主席和博鲁阿尔特总统两度会晤，为中秘关系发展擘画新蓝图。,毛宁
t20241217_11495496.html,路透社记者,习近平主席出席亚太经合组织领导人非正式会议或二十国集团领导人峰会期间，是否将会见美国总统拜登？,我没有可以发布的信息。,毛宁
t20241217_11495496.html,法新社记者,美国前财长姆努钦昨天接受采访称，建议对华加征关税。中方对此有何回应？,具体问题请向主管部门了解。作为原则，我想重申，贸易战没有赢家，也不利于世界。,毛宁
t20241217_11495496.html,今日俄罗斯记者,昨天，俄罗斯总统普京表示，美国奉行“双重遏制”政策，试图同时遏制中国和俄罗斯，但如果美国改变这一政策，所有人都将受益。他还表示，俄罗斯支持中国，因为中国奉行“克制”政策，并且中俄是“盟友”。中方对此有何评论？,中俄是新时代全面战略协作伙伴。两国始终在不结盟、不对抗、不针对第三方原则基础上发展双边关系和各领域合作。,毛宁
t20241217_11495496.html,《中国日报》记者,中方刚刚发布了丁薛祥副总理将作为习近平主席特别代表赴阿塞拜疆出席世界领导人气候行动峰会并访阿的消息，请问能否进一步介绍相关情况？,联合国气候变化巴库大会（COP29）主席国阿塞拜疆将举行世界领导人气候行动峰会。COP29主要任务是制定2025年后气候资金目标，并为各方提交新一轮国家自主贡献作准备，对推进全球气候治理具有重要意义。丁薛祥副总理将作为习近平主席特别代表出席峰会。,毛宁
t20241217_11495496.html,法新社记者,昨天，德国联邦检察官办公室称逮捕了一名美国公民，此人涉嫌主动提出为中国从事间谍活动，监视美国在德军事机构。中方是否了解此案？对此有何评论？,我不了解你提到的情况。,毛宁
t20241217_11495496.html,澎湃新闻记者,中方发布了丁薛祥副总理将访问新加坡并主持中新双边合作机制会议的消息。发言人能否进一步介绍有关情况？,中国和新加坡是友好邻邦和重要合作伙伴，去年两国确立了全方位高质量的前瞻性伙伴关系新定位。中新双边合作机制会议是统筹两国合作的最高级别机制平台，为深化双边合作、推动中新关系发展发挥了重要作用。,毛宁
t20241217_11495496.html,路透社记者,俄罗斯总统普京表示，愿同美国当选总统特朗普恢复对话，特关于乌克兰问题的表态“值得关注”。中方对此有何评论？,俄美关系是俄罗斯和美国之间的事情。,毛宁
t20241217_11495496.html,法新社记者,阿斯利康中国公司几天前表示，其总裁在中国被拘留。发言人能否介绍更多情况？,我不了解具体情况，建议向中方主管部门了解。,毛宁
t20241217_11495496.html,法新社记者,台湾“海巡署”今天称，如举报在“台湾水域”发现外国军舰包括大陆军舰，将得到现金奖励。外交部对此有何评论？,这不是外交问题。,毛宁
t20241217_11495496.html,中新社记者,据报道，菲律宾正式出台“海洋区域法”和“群岛海道法”。中方对此有何评论？,中国外交部已就菲律宾出台所谓“海洋区域法”和“群岛海道法”发表声明，并召见菲律宾驻华大使提出严正交涉。,毛宁
t20241217_11495499.html,共同社记者,据报道，在日本众议院首相选举第二轮投票中，自民党总裁石破茂获胜，再次当选日本首相，请问发言人对此有何评论？,这是日本内政，中方不作评论。中日关系长期健康稳定发展，符合两国人民根本利益。希望日方同中方相向而行，恪守中日四个政治文件的原则和共识，全面推进两国战略互惠关系，致力于构建契合新时代要求的建设性、稳定的中日关系。,林剑
t20241217_11495499.html,中新社记者,我们注意到，11月8日，习近平主席夫妇同意大利总统马塔雷拉和女儿劳拉共同赏鉴境外返还文物。发言人能否介绍相关情况？对中意文物返还合作有何评论？,我们欢迎这56件流失海外多年的中国文物艺术品“回家”，高度赞赏意大利保护文化遗产、推动流失文物返还原属国的责任担当。此次习近平主席夫妇同意大利总统马塔雷拉和女儿劳拉共同赏鉴境外返还文物，是继2019年后两国领导人再次共同见证中意文物返还合作成果，彰显意方对中国文化遗产的尊重，更是中意友好的鲜活例证。,林剑
t20241217_11495499.html,总台央视记者,中方刚刚发布了俄罗斯联邦安全会议秘书绍伊古来华举行中俄第十九轮战略安全磋商的消息，能否介绍此次磋商有关安排？中方对此次磋商有何期待？,中俄是新时代全面战略协作伙伴，两国就共同关心的战略性、全局性问题保持密切沟通。11月12日，王毅主任将同应邀来华的绍伊古安秘举行年度例行的战略安全磋商，旨在落实两国元首年内会晤达成的重要共识，就双边关系和涉及两国战略安全利益的重大问题深入沟通、协调立场，增进互信。中方将及时发布磋商有关信息，你可以保持关注。,林剑
t20241217_11495499.html,共同社记者,中国政府昨天发表声明，公布了黄岩岛的领海基线，发言人能否进一步介绍相关内容？,11月10日，中国政府就黄岩岛的领海基线发表了声明。同日，外交部网站也发布了外交部发言人就中国政府公布黄岩岛领海基点基线答记者问。具体情况你可以查阅。,林剑
t20241217_11495499.html,法新社记者,外交部能否介绍俄罗斯联邦安全会议秘书绍伊古此访细节，包括中方会否提出部署在俄乌冲突中的朝鲜士兵问题，以及特朗普当选美国总统对中俄两国及中俄关系意味着什么？,关于绍伊古安秘来华举行年度战略安全磋商等有关情况，中方会及时发布有关信息，请你保持关注。,林剑
t20241217_11495499.html,印尼安塔拉通讯社记者,中国政府周六发布的《中华人民共和国和印度尼西亚共和国关于推进全面战略伙伴关系和中印尼命运共同体建设的联合声明》中提到，双方将共同致力打造更多海上合作亮点，包括在两国主张重叠海域开展共同开发合作，一致同意设立政府间联合指导委员会，探讨和推进有关合作。请问需要探讨的两国主张重叠海域有哪些？,中方一贯倡导“搁置争议，共同开发”，始终致力于同周边海上邻国一道，通过海上共同开发更好地管控争议，推进合作，维护稳定，实现共赢。中方愿同印尼方共同努力，落实好两国领导人达成的重要共识，使有关合作成果早日惠及两国和两国人民。同时，中方愿同周边其他海上邻国积极探讨开展包括共同开发在内的海上合作。,林剑
t20241217_11495499.html,路透社记者,中国和印尼在上周末发表联合声明称，双方就在两国主张重叠海域开展共同开发合作达成重要共识。印尼外交部今天表示，尽管同中国达成了共同开发协议，但印尼不承认中国在南海“九段线”的主权主张。中国是否认为这一“重要共识”代表印尼承认中国对印尼部分专属经济区的主权主张？,中国在南海的主权和相关权利是在长期的历史过程中形成的，具有充分的历史和法理依据，符合国际法和国际实践。早在1948年，中国政府就正式公布了南海断续线，重申在南海的主权和相关权利。中方高度重视同印尼签署有关海上共同开发合作文件，愿同印尼方一道努力，落实好两国领导人达成的重要共识，使有关合作成果早日惠及两国和两国人民。,林剑
t20241217_11495499.html,路透社记者,近期巴基斯坦发生针对中国公民的袭击事件后，中方对在巴中国公民的安全担忧是否有所增加？如果是，具体担忧是什么？中方对在巴中国公民和项目的安保是否感到满意？,中方重申，恐怖主义是全人类公敌，打击恐怖主义、避免悲剧重演是国际社会的共同责任。中方将继续支持巴方推进反恐行动，坚决维护海外中国公民、项目和机构安全。中巴双方有决心、有能力挫败一切破坏中巴关系的图谋，让恐怖分子付出应有代价。,林剑
t20241217_11495499.html,彭博社记者,据美国媒体报道，美国会众议院共和党议员正在制定一项法案，可能会取消中国永久正常贸易关系地位，外交部对此有何评论？,根据中美双方就中国加入世贸组织达成的协议，美国2001年宣布给予中国永久正常贸易关系地位。美方一些政客妄图开历史倒车，将中美经贸关系拉回冷战时期，这违反世贸组织规则，只会损害中美两国共同利益，干扰全球经济运行。我们敦促美方有关议员切实遵守世贸组织规则，停止损人不利己的言行。,林剑
t20241217_11495499.html,香港中评社记者,据报道，8日，美国国务院发表声明，支持菲律宾颁布“海洋区域法”，称该法使菲律宾国内法与《联合国海洋法公约》和2016年南海仲裁案裁决相一致。美方重视菲律宾在维护国际法，特别是在南海维护国际法方面的领导作用，呼吁各国将其海洋主张与反映在《公约》中的国际海洋法相一致。中方对此有何评论？,多年来，美国从服务其地缘政治出发，一直指使挑动菲律宾在南海侵权挑衅，唯恐南海不乱，其险恶用心世人皆知。美方口口声声要求各国遵守《联合国海洋法公约》，但自己却不加入《公约》，这是典型的虚伪“双标”。南海仲裁案本身就违反《公约》，是彻头彻尾的政治闹剧，所谓裁决是非法的、无效的。,林剑
t20241217_11495499.html,法新社记者,中国商务部刚才宣布，初步认定原产于欧盟的进口相关白兰地存在倾销并将征收关税。外交部是否有补充信息？,这个问题建议你向中方主管部门了解。,林剑
t20241217_11495499.html,法新社记者,《华尔街日报》援引消息人士说法称，中国正考虑给予美在欧洲、亚洲的盟友关税减免、免签、投资及其他政策激励，并称这是对特朗普再次当选总统的回应，因为特朗普曾声称要对自华进口商品全面加征60%关税。外交部对此有何评论？,当前全球发展面临挑战，国际局势中不稳定、不确定因素增多。中方一贯倡导平等有序的世界多极化和普惠包容的经济全球化，愿同各方一道努力，推动坚持真正的多边主义，构建开放型世界经济，支持全球可持续发展，推动各国合作应对挑战，实现共同繁荣，携手构建人类命运共同体。,林剑
t20241217_11495502.html,总台国广记者,上周中方发布了习近平主席将访问拉美的消息。今年恰逢习近平主席提出中拉要努力构建携手共进的命运共同体10周年。请问发言人，10年来构建中拉命运共同体取得怎样的发展？,10年来，习近平主席提出的构建中拉命运共同体倡议，从愿景到行动，从蓝图到现实，取得丰硕成果，惠及双方人民，受到拉美和加勒比地区国家广泛欢迎。,林剑
t20241217_11495502.html,东方卫视记者,日前，第七届进博会在上海成功闭幕。本届进博会成果丰硕，按一年计意向成交金额800.1亿美元，比上届增长2%。发言人如何评价本届进博会的成果和意义？,进博会是中国扩大高水平对外开放、与世界分享发展红利的生动注脚。6天的时间里，77个国家和国际组织参加国家展，129个国家和地区的展商参加企业展，参展的世界500强和行业龙头企业达到297家，450多项新产品、新技术、新服务亮相。本届进博会还为包括非洲国家在内的37个最不发达国家提供120多个免费展位，以实际行动让更多发展中国家搭乘中国发展快车、参与到经济全球化进程中来。,林剑
t20241217_11495502.html,总台央视记者,据报道，习近平主席近日复信巴西友好人士，引发热烈反响。巴西各界友好人士纷纷表示，习近平主席的复信为巴中友好和两国关系发展提供了新动力。发言人能否介绍有关情况？,近日，习近平主席复信巴西圣保罗州坎皮纳斯市前副市长恩里克·特谢拉、巴西—中国友好协会、巴西圣保罗大学及圣保罗州立大学师生、里约科帕卡巴纳要塞乐团等百余名巴西友好人士，鼓励他们继续为中巴友好事业贡献力量，引发广泛积极反响。巴西各界友好人士纷纷表示深受鼓舞，热切期待习近平主席访问巴西，愿继续为深化巴中友谊贡献力量。,林剑
t20241217_11495502.html,路透社记者,菲律宾防长特奥多罗今天称，中国正持续施压要求菲放弃南海主权，并称菲是“中国侵略的受害者”。中方对此有何回应？,关于菲方有关人士的言论，我要指出的是，每一次中菲海上争议升级，都是因为菲方侵权挑衅引起的。菲方侵权在先，中方不得不依法采取必要措施，维护自身合法权益。如果菲方不再侵权挑衅，海上局势就不会再起风波。,林剑
t20241217_11495502.html,新华社记者,昨天，习近平外交思想研究中心和中国国际问题研究院举办了一场关于真正的多边主义的研究报告发布活动。报告提出，面对国际形势变乱交织，真正的多边主义是人类应对全球性挑战、完善全球治理体系的必然选择。请问发言人能否进一步介绍情况？,昨天下午，习近平外交思想研究中心和中国国际问题研究院举办了《真正的多边主义：理念发展、核心要义和中国实践》专题研究报告发布活动。2021年4月，习近平主席在博鳌亚洲论坛年会开幕式的主旨演讲中鲜明倡导“真正的多边主义”理念。三年多来，这一理念日益获得世界各国广泛支持，有力促进国际社会团结合作，彰显宝贵时代价值和实践意义。该报告对这一重要理念的内涵与实践进行全面总结梳理，为我们进一步坚持和践行真正的多边主义提供了有益参考和借鉴。,林剑
t20241217_11495502.html,《北京日报》记者,据媒体报道，毛里求斯现任总理贾格纳特11日接受采访时承认败选。变革联盟领导人拉姆古兰将第四次出任毛里求斯总理。请问中方对此有何评论？,中方注意到有关报道，祝贺拉姆古兰先生当选毛里求斯总理，相信毛里求斯在拉姆古兰总理的领导下，将在国家建设的道路上取得更大成功。,林剑
t20241217_11495502.html,彭博社记者,德国经济部国务秘书本周访问台湾，同台官员、企业高管举行会谈并将参访台积电。外交部对此访有何评论？,世界上只有一个中国，台湾是中国领土不可分割的一部分。一个中国原则是公认的国际关系准则和国际社会普遍共识，也是中德关系的政治基础。我们敦促德方恪守一个中国原则，停止与台湾当局进行任何形式的官方交往，停止向“台独”分裂势力发出错误信号。,林剑
t20241217_11495502.html,路透社记者,中方对本次亚太经合组织领导人非正式会议有什么期待？习近平主席会否在会议期间同拜登总统会面？,关于第一个问题，习近平主席出席今年亚太经合组织领导人非正式会议，是中国面向亚太开展的一次重要元首外交行动，充分体现了中方对亚太经济合作的高度重视。当前，世界经济增长乏力，亚太区域经济合作面临新的挑战。亚太经合组织是亚太地区重要经济合作平台，各方期待亚太继续发挥引擎作用，引领世界经济增长。习近平主席将在会上发表重要讲话，介绍中国深化改革开放重要举措，阐述中国对推进亚太合作的政策主张。中方愿同各方一道努力，全面平衡落实亚太经合组织2040年布特拉加亚愿景，推动此次会议取得积极成果，为推进区域经济一体化、促进亚太和世界增长注入新动力，携手构建亚太命运共同体。,林剑
t20241217_11495502.html,法新社记者,今天早些时候王毅主任同俄罗斯联邦安全会议秘书绍伊古会面，外交部能否提供会谈细节？,我们会适时发布消息，请你保持关注。,林剑
t20241217_11495502.html,法新社记者,朝俄正式批准《全面战略伙伴关系条约》，要求双方立即相互提供军事援助。中方对朝俄加强军事合作有何评论？,关于朝俄双边交往合作，我们已经多次表明立场。朝俄是两个独立主权国家，如何发展双边关系是他们自己的事。,林剑
t20241217_11495506.html,总台央视记者,秘鲁政府高官日前表示，当前世界单边主义和保护主义抬头，经济全球化面临挑战。中国积极引领亚太经合组织（ APEC ）发展，是国际合作的重要倡导者、推动者、参与者。还有很多国家的政要和学者表示，亚太经济体应推动构建开放包容的世界经济，防止世界陷入分裂。中方对此有何评论？APEC领导人非正式会议即将举行，中方如何看待亚太高质量发展和经济一体化前景？,亚太是全球经济最具活力的地区，也是世界经济增长的重要引擎。亚太地区人口占世界的三分之一，经济在全球占比超过六成，贸易占比近一半。根据国际货币基金组织测算，今年亚太经济增长率有望达到4.2%，远高于2.9%的全球经济增长率。,林剑
t20241217_11495506.html,路透社记者,在珠海发生的驾车冲撞行人案件造成35人死亡、43人受伤，引发全球关注。近期中国多个城市发生了一系列备受关注的暴力袭击事件。外交部是否担心这些事件会影响中国对外国投资者及游客的吸引力？,关于你提到的案件，有关部门已经发布了警情通报。据了解，目前该案中并无外国公民伤亡。我要指出的是，中国是世界上最安全、刑事犯罪率最低的国家之一。中国政府一直并将继续采取有效措施，全力保障人民群众生命安全和社会稳定，也将一如既往切实保护所有在华外国人安全，为中外企业提供市场化、法治化、国际化的营商环境。,林剑
t20241217_11495506.html,中阿卫视记者,昨日，沙特王储警告以色列不要袭击伊朗，谴责以色列在加沙的行动是屠杀。自从去年中国促成沙特和伊朗恢复外交关系，我们看到了沙特和伊朗关系越来越好。中方对沙特和伊朗现在的关系有何评论？,沙特和伊朗实现历史性和解一年多来，双方关系不断取得积极进展，中方对此表示欢迎，也对沙伊为此付出的努力表示赞赏。近期，沙伊在各个层面展开良好互动，不但巩固了沙伊和解势头，也为促进地区和平稳定作出重要贡献。中方将一如既往支持沙伊相向而行、增进互信，实现持久睦邻友好。,林剑
t20241217_11495506.html,澎湃新闻记者,昨天发言人介绍了本届进博会的有关情况。我们也注意到，在本届进博会上，秘鲁羊驼玩偶成为大家关注的热点之一，得到了“温暖驼”的美誉。秘鲁手工艺人马马尼在接受采访时表示，中国已成为他和乡亲们的福地，让他们有了更多收入，生活蒸蒸日上，请问发言人对此有何评论？,我们也听说了秘鲁手工艺人马马尼的故事。软萌可爱的羊驼制品吸引了一大批中国消费者，是进博会名副其实的“人气王”。据了解，原来他经营的手工作坊只有一层，一年仅能卖出百余只羊驼制品，现在作坊不仅扩建到三层，还带动几百位手工艺人发家致富。正如他们所说，“远在地球另一端”的中国彻底改变了他们的生活。,林剑
t20241217_11495506.html,法新社记者,太平洋岛国帕劳总统惠普斯称，中方派科考船进入帕劳专属经济区是对帕方主权的侵犯，且无视帕方反对。外交部对此有何评论？,我不了解你提到的有关情况。我要指出的是，中国是负责任国家，一贯依法依规开展远洋渔业和海洋科学研究活动。,林剑
t20241217_11495506.html,中阿卫视记者,今天早上，胡塞武装发言人叶海亚发表声明，称胡塞武装在红海袭击了美国的航空母舰，因为美国不断侵略也门领土。中方如何评价美国不断侵犯中东国家领土？,红海水域是重要的国际货物和能源贸易通道，各方应依法共同维护红海水域航道安全，同时切实尊重包括也门在内红海沿岸国家的主权和领土完整。红海局势紧张是加沙冲突外溢的突出表现，当务之急是国际社会应共同努力，特别是大国应该发挥建设性作用，推动全面落实联合国安理会有关决议，立即停火止战。,林剑
t20241217_11495512.html,总台央视记者,联合国拉丁美洲和加勒比经济委员会近日发布《2024拉美和加勒比地区国际贸易展望》报告显示，中国是拉美和加勒比地区重要贸易伙伴，也是该地区出口增长最快的市场。2000年至2022年，中拉货物贸易总额增长35倍，而同期该地区与世界其他地区贸易总额增长4倍。请问发言人如何评价中拉经贸合作？,互利共赢是中拉关系发展的价值取向。正如联合国拉加经委会报告显示，近年来中拉货物贸易额持续扩大，去年达到4890亿美元。今年前三季度，中拉货物贸易额达到4274亿美元，同比增长7.7%，全年有望突破5000亿美元。,林剑
t20241217_11495512.html,彭博社记者,美国官员周三在一份声明中称，中国官方支持的黑客发起攻击，入侵多家电信公司网络。《纽约时报》称黑客试图入侵当选总统特朗普及家人、竞选搭档万斯、副总统哈里斯竞选团队工作人员的手机。外交部对此有何评论？,中方在网络安全问题上的立场是一贯的，我们没有兴趣利用网络干涉别国内政，更反对出于政治目的，散布与中国相关的虚假信息。,林剑
t20241217_11495512.html,路透社记者,消息人士称，台湾前领导人蔡英文计划于下周访问加拿大。发言人对此有何评论？,中方在台湾问题上的立场是一贯的、明确的，坚决反对任何“台独”分子以任何名义窜访中国的建交国。我们敦促有关国家恪守一个中国原则，以实际行动维护双边关系的政治基础。,林剑
t20241217_11495512.html,深圳卫视记者,据报道，菲律宾武装部队发言人称，菲军方正考虑尝试采购“堤丰”中程导弹发射系统，菲国防部长特奥多罗亦称“打算获得此种能力”，并称该系统能够“提升威慑力”，菲“不会放弃未来在领土内获得这种能力的权利”。中方对此有何评论？,关于美国在菲律宾部署中导，中方已多次阐明了坚决反对的严正立场。我想再次强调，菲方引入中导系统这一战略性、进攻性武器，是配合域外势力制造地区紧张对立、挑动地缘对抗和军备竞赛的挑衅和危险举动，是对本国和东南亚各国人民、历史和地区安全极不负责任的选择。本地区需要和平与繁荣，不需要中导和对抗。我们再次敦促菲方正视地区国家和人民呼声，尽早纠正错误做法，按此前公开承诺尽快撤走“堤丰”中导系统，不要在错误的道路上越走越远。,林剑
t20241217_11495512.html,彭博社记者,我社援引知情人士报道，在巴西举办的二十国集团峰会上，乌克兰的盟友将就朝鲜在俄乌问题上日益支持俄罗斯向中方施压。中方将如何应对？中方对朝鲜参与俄乌冲突持何立场？,这是一个假设性问题，我不作评论。我可以告诉你的是，中方在乌克兰问题上的立场是一贯的、明确的，中方发挥的建设性作用得到国际社会广泛认可。,林剑
t20241217_11495512.html,日本广播协会记者,据了解，日本首相石破茂预计在秘鲁亚太经合组织领导人非正式会议期间与习近平主席举行会晤。这将是他出任首相后首次与习主席会晤。中方可否提供更多细节？中方对此次会晤有何期待？,关于你提到的具体会晤， 目前我没有可以发布的信息。,林剑
t20241217_11495514.html,总台央视记者,当地时间11月14日，习近平主席乘专机抵达利马，出席亚太经合组织第三十一次领导人非正式会议并对秘鲁进行国事访问。发言人能否进一步介绍情况？,当地时间11月14日下午，习近平主席与秘鲁总统博鲁阿尔特举行会谈，就双边关系、重点领域合作等深入交换意见。两国元首共同见证签署关于共建“一带一路”的合作规划、中秘自贸协定升级协议书。双方发表关于深化全面战略伙伴关系的联合声明。两国元首还以视频方式出席钱凯港开港仪式。,林剑
t20241217_11495514.html,路透社记者,消息人士透露，赖清德计划在未来数周出访期间过境夏威夷和关岛。外交部对此有何评论？,一个中国原则是国际社会普遍共识。台湾当局利用所谓的“邦交国”搞政治操弄、谋“独”挑衅的行径是徒劳的，撼动不了国际社会坚持一个中国原则的牢固格局，更阻挡不了中国必然统一的历史大势。关于台湾地区领导人在美国所谓“过境”问题，我们一贯坚决反对美方安排这种“过境”。我们敦促美方恪守一个中国原则和中美三个联合公报规定，不允许赖清德“过境”，不向“台独”势力发出任何错误信号，以实际行动维护中美关系和台海和平稳定。,林剑
t20241217_11495514.html,新华社记者,我们注意到，今天中国和秘鲁元首共同见证了钱凯港开港仪式。钱凯港开港后有望成为拉美重要航运枢纽和太平洋门户港，大幅缩短秘鲁到亚洲的直航时间。发言人能否介绍有关情况？,当地时间11月14日，习近平主席同秘鲁总统博鲁阿尔特在利马以视频方式共同出席钱凯港开港仪式。,林剑
t20241217_11495514.html,中新社记者,我们注意到，昨天中方有关部门发布的数据显示，中国新能源汽车年产量首次突破1000万辆，成为全球首个达到这一目标的国家。外媒评论称，这凸显中国推进绿色能源转型的努力。发言人对此有何评论？,我们注意到有关报道。具体问题建议向主管部门了解。我想指出的是，中国新能源汽车产业快速发展，产量约90%用于国内消费，这不仅反映出中国超大规模市场的潜力，也彰显中国政府推进绿色低碳发展、为全球碳中和作出积极贡献的坚定决心。根据国际能源署测算，要实现碳中和目标，全球新能源汽车销量到2030年需要达到4500万辆。中国将继续推动高质量发展和高水平对外开放，深化新能源产供链合作，促进技术创新和产业发展，为世界提供更多优质绿色产品，更好助力全球绿色发展。,林剑
t20241217_11495514.html,法新社记者,美国国务院负责西半球事务的助理国务卿尼科尔斯昨天称，拉美国家需要确保中国在该地区的经济活动尊重当地法律、维护人权、保护环境。中方对此有何回应？,中国始终秉持相互尊重、平等互利、开放包容、合作共赢原则，致力于同拉美国家发展友好合作关系，不附加任何条件，不针对第三方，也无意同任何国家比拼影响力。拉美国家作为主权独立国家，有权利也有能力自主选择发展道路和合作伙伴。中拉合作给地区国家经济社会发展带来实实在在的好处，受到地区国家广泛欢迎和普遍认可。我刚才提到的钱凯港项目，就是一个非常生动的例证。,林剑
t20241217_11495514.html,《中国日报》记者,今天是《区域全面经济伙伴关系协定》（RCEP）签署四周年。请问发言人能否介绍RCEP实施成效以及中国在其中发挥的作用？,《区域全面经济伙伴关系协定》（RCEP）是当今世界覆盖人口最多、经贸规模最大的自由贸易协定。RCEP正式实施以来，持续释放关税减免、通关简化、贸易投资便利化等制度红利，强化区域产供链稳定畅通，推动区域经济进入高质量发展新阶段。,林剑
t20241217_11495518.html,新华社记者,中方能否进一步介绍萨摩亚总理此访安排和中方期待？,萨摩亚是最早同新中国建交的太平洋岛国之一，两国友好合作有着深厚的民意基础，切实惠及两国人民。建交半个世纪以来，无论国际风云如何变幻，中萨关系始终健康稳定发展，两国始终是相互支持的好朋友，共谋发展的好伙伴。菲娅梅总理访华期间，两国领导人将就中萨关系以及共同关心的重要问题深入交换意见，共同擘画中萨关系发展蓝图。,林剑
t20241217_11495518.html,总台央视记者,习近平主席日前在秘鲁首都利马出席了亚太经合组织第三十一次领导人非正式会议，发言人能否进一步介绍相关情况？中方提出了哪些倡议主张？,当地时间11月16日，亚太经合组织（APEC）第三十一次领导人非正式会议在秘鲁利马举行。习近平主席出席会议并发表重要讲话，为推动构建亚太命运共同体、开创亚太发展新时代提出三点建议：,林剑
t20241217_11495518.html,法新社记者,美国和菲律宾今天签署《军事情报保护协定》，允许两国共享机密信息。在中菲舰船在南海冲突频发、领土争议突出的背景下，中方对美菲签署协议有何评论？,不论签署何种军事协定，开展何种防务安全合作，都不得针对第三方或损害第三方利益，更不得破坏地区和平、加剧地区紧张。维护本国安全、维护地区和平稳定，唯一正确的选择是坚持睦邻友好、坚持战略自主。,林剑
t20241217_11495518.html,塔斯社记者,据《纽约时报》和《费加罗报》消息，美国、法国和英国已授权使用远程武器对俄罗斯领土纵深进行打击。中方对此有何评论？在这样的背景下，中方如何看待和平谈判的前途？,中方在乌克兰问题上的立场是一贯、明确的。早日停火止战，寻求政治解决，符合各方利益。当务之急是尽快推动局势降温。中方始终鼓励和支持一切有利于和平解决危机的努力，愿继续以自己的方式，为政治解决乌克兰危机发挥建设性作用。,林剑
t20241217_11495518.html,路透社记者,澳大利亚和英国政府宣布两国领导人将在二十国集团领导人峰会期间同中国领导人举行会晤。你能否证实？,关于二十国集团领导人峰会期间有关双边会晤的情况，我们会适时发布消息，你可以保持关注。,林剑
t20241217_11495518.html,《中国日报》记者,习近平主席在亚太经合组织工商领导人峰会发表书面演讲，受到广泛关注。我们注意到，作为关键词、高频词，“经济全球化”在整篇演讲中出现了13次。发言人认为习近平主席关于经济全球化的这些论述向世界发出了什么样的信号？,经济全球化是社会生产力发展的客观要求，是科技进步的必然结果，是浩浩荡荡的历史潮流，虽然遭遇过逆风和回头浪，但其大势从未改变，以各种名目执意将相互依存的世界割裂开来，是开历史的倒车。,林剑
t20241217_11495518.html,芬兰《赫尔辛基新闻》记者,欧洲国家情报机构称获得了关于中俄合作生产军用无人机的信息。这些无人机是否用于在乌克兰的冲突？中方对此持何立场？,类似问题中方已多次作出回应。我愿在这里重申，中方在乌克兰危机问题上一贯秉持客观公正立场，积极劝和促谈，同一些国家搞双重标准、在乌克兰危机中拱火浇油的做法形成鲜明对照。中方在军品出口方面一向采取慎重、负责态度，从未向冲突当事方提供致命性武器，始终依法依规严格管控军用及军民两用无人机。希望有关国家和人士不要在没有事实依据的情况下对中方妄加猜测、污蔑抹黑。,林剑
t20241217_11495518.html,乌通社记者,周日，俄罗斯军队对乌克兰民用能源基础设施发动大规模导弹和无人机袭击，共发射120枚导弹和近100架无人机。乌克兰全境开始断电，黑海沿岸大型港口城市敖德萨目前已无法供电、供暖、供水，乌克兰其他几个城市和乡镇也是如此。在寒冷的天气中，数十万乌克兰人没有暖气和电力。中方对俄罗斯升级局势有何评论？,中方在乌克兰问题上的立场是一贯的、明确的，有关各方应以负责任方式推动局势降温，为尽早实现停火、政治解决危机积累条件。,林剑
t20241217_11495518.html,印度报业托拉斯记者,中印两国领导人在二十国集团领导人峰会期间会否举行双边会见？,不久前，习近平主席在喀山出席金砖国家领导人会晤期间会见印度总理莫迪。中方愿同印方一道努力，落实两国领导人重要共识，加强沟通合作，增进战略互信。关于你提到的具体问题，我没有可以提供的信息。,林剑
t20241217_11495518.html,深圳卫视记者,我们注意到，近来中国同东南亚国家往来热络，尤其是首脑交往再掀高潮。上周五，习近平主席在秘鲁出席亚太经合组织（APEC）第三十一次领导人非正式会议期间，同新加坡总理黄循财、泰国总理佩通坦会晤。在短短不到一个月时间里，李强总理同柬埔寨、老挝、缅甸、泰国、越南等五国政府首脑共同出席大湄公河次区域经济合作第八次领导人会议。丁薛祥副总理访问新加坡并主持中新双边合作机制会议。韩正副主席访问印尼、文莱。印尼新任总统普拉博沃、马来西亚总理安瓦尔相继访华。发言人能否介绍更多情况？,近期，中国同东南亚国家交往再掀高潮，展现了地区国家团结合作、携手发展的共同愿望，也彰显了中国同周边国家关系的高水平发展。,林剑
t20241217_11495521.html,法新社记者,今天，香港特区高等法院以“串谋颠覆国家政权罪”判决45人入狱。美国、澳大利亚等国“谴责”这一判决结果。外交部对此有何评论？,香港是法治社会，有法必依、违法必究是基本原则，任何人都不能打着“民主”的旗号从事违法活动并企图逃脱法律制裁。个别西方国家一面无视其本国通过有关司法程序维护自身国家安全的事实，一面对香港法院公正实施香港国安法无端指责，这种行径是对法治精神的严重亵渎和践踏。中国中央政府坚定支持香港特区维护国家安全、依法惩治各类危害国家安全的活动，坚决反对个别西方国家借有关司法个案干涉中国内政、抹黑和破坏香港法治。,林剑
t20241217_11495521.html,总台华语环球节目中心记者,二十国集团（G20）领导人第十九次峰会正在巴西里约热内卢举行。我们注意到，本次峰会主题是“构建公正的世界和可持续的星球”，第一阶段议题是“抗击饥饿与贫困”，可以看出“发展”依然是本次G20峰会关注的重点。国际社会也普遍期待中国作为最大的发展中国家能够为解决全球发展问题带来哪些新思路、新主张。发言人能否介绍更多情况？,发展是实现人民幸福的关键，对任何国家都是硬道理。中方始终致力于推动国际社会重视发展问题，习近平主席提出全球发展倡议，为推进全球发展事业和国际发展合作指明方向。中方主张把发展置于二十国集团合作核心位置，把实现联合国2030年可持续发展议程作为优先工作，构建全球可持续发展伙伴关系，推动实现更加包容、更加普惠、更有韧性的全球发展。这次里约热内卢峰会上，习近平主席围绕第一阶段“抗击饥饿与贫困”议题发表重要讲话，同世界分享中国脱贫攻坚的经验，倡导建设一个共同发展的公正世界。,林剑
t20241217_11495521.html,法新社记者,追问关于香港特区高等法院判决的问题。台湾方面也谴责这一判决。外交部对此有何回应？,台湾是中国的一个省，你提到的问题也不是一个外交问题。,林剑
t20241217_11495521.html,印度报业托拉斯记者,今天中国和印度外长在里约热内卢举行会见，发言人能否介绍会见细节？会见具体内容是什么？,关于此次会见，中方已发布了消息稿。正如王毅外长所说，习近平主席和莫迪总理前不久在喀山举行成功会见，中印关系重启再出发，这符合两国人民根本利益，符合全球南方国家的期待，也符合历史前进的正确方向。双方要落实好两国领导人重要共识，相互尊重彼此核心利益和重大关切，通过对话沟通增进互信，秉持诚意诚信妥处分歧，推动两国关系早日重回稳定健康发展轨道。,林剑
t20241217_11495521.html,共同社记者,据报道，本周第十一届东盟防长扩大会将在老挝举行。会议期间，中美防长可能进行会晤。发言人能否介绍中美在特朗普当选总统明年1月就职前进行军事对话的重要性？,关于中美两军交往，建议你向中方主管部门了解。,林剑
t20241217_11495521.html,中新社记者,我们关注到，在二十国集团领导人第十九次峰会第二阶段会议上，习近平主席还就“全球治理机构改革”这一议题发表了重要讲话。发言人能否进一步介绍有关情况？,二十国集团成立以来，始终直面全球挑战，以平等协商、互利共赢精神引领国际合作。在本次峰会第二阶段会议上，习近平主席指出，二十国集团要继续做完善全球治理、推动历史进步的力量，在经济、金融、贸易、数字、生态环境等领域进一步凝聚国际共识，建设合作型、稳定型、开放型、创新型、生态友好型世界经济。,林剑
t20241217_11495521.html,印度报业托拉斯记者,追问一个关于中印外长会见的问题。据印方报道，这是两国脱离接触进程开始后，中印外长首次举行会见，双方谈及两军脱离接触及下阶段修复中印关系措施。发言人能否介绍细节？,关于两国外长会见的情况，中方已经发布了消息稿，你可以查阅。我刚才也介绍了有关情况。,林剑
t20241217_11495521.html,路透社记者,追问一个关于二十国集团领导人峰会的问题。峰会通过《二十国集团领导人里约热内卢峰会宣言》，敦促各方承诺提供大量新的气候资金。你认为这是否有助于推动《联合国气候变化框架公约》第二十九次缔约方大会达成协议？对于避免本次大会出现类似哥本哈根气候变化大会的结果，中方是否持乐观态度？,气候变化是全人类面临的共同挑战。气候资金是采取气候行动、实现减排和适应目标的关键支撑。资金短缺是广大发展中国家实施国家自主贡献面临的挑战之一。对于谁出资这个问题，《巴黎协定》已作出明确规定。发达国家有义务向发展中国家提供资金支持，其他国家可自愿出资。中方呼吁发达国家正视历史责任，为发展中国家提供充足、可预测、可持续的资金支持，助力发展中国家实现公正转型，为下阶段全球气候行动提供信心和保障。,林剑
t20241217_11495521.html,路透社记者,朝鲜领导人金正恩周一会见俄罗斯自然资源和生态部部长，俄罗斯联邦武装力量总参谋部军事学院代表团昨天抵达平壤。王毅外长在二十国集团领导人峰会期间与俄罗斯外长拉夫罗夫会见时，是否谈及了上述情况？你能否提供更多信息？,关于王毅外长会见俄罗斯外长拉夫罗夫，中方已经发布了消息稿，你可以查阅。,林剑
t20241217_11495521.html,今日俄罗斯记者,外交部对德国总理朔尔茨与俄罗斯总统普京的通话有何评论？,中方在乌克兰危机问题上的立场是一贯、明确的。我们支持一切有利于局势降温、政治解决危机的努力，愿继续为此发挥建设性作用。,林剑
t20241217_11495526.html,东方卫视记者,日前，习近平主席在亚太经合组织第三十一次领导人非正式会议上提出《全球数据跨境流动合作倡议》。中方在2024年世界互联网大会乌镇峰会正式发布了《倡议》全文。外交部对此有何评论？,中方发布《全球数据跨境流动合作倡议》，就各方普遍关切的数据跨境流动治理问题提出了建设性解决思路，明确中国促进全球数据跨境流动合作的立场主张，倡导秉持开放、包容、安全、合作、非歧视的原则，推动构建开放共赢的数据跨境流动国际合作格局，促进数据跨境高效便利安全流动。这是继《全球数据安全倡议》之后，中方就数据问题发布的又一重要倡议，体现了习近平主席关于推动构建网络空间命运共同体理念的核心要义，展现了中国统筹发展安全、完善数字治理、践行多边主义的坚定决心。,林剑
t20241217_11495526.html,路透社记者,巴基斯坦计划对西南部俾路支省的分裂叛乱分子发动新一轮军事攻势。考虑到很多“一带一路”倡议的重要项目位于该省，请问中方会否参与巴方军事行动？,我不了解你提到的情况。作为原则，中方坚定支持巴方反恐努力，愿同巴方深化各领域务实合作，更好造福两国和两国人民。,林剑
t20241217_11495526.html,总台央视记者,明年将迎来中泰建交50周年。我们注意到昨天泰方举办了泰中建交50周年主题发布仪式，泰国外长玛里出席并致辞。你能否介绍中方对庆祝中泰建交50周年的考虑，对下阶段中泰关系发展有何期待？,中国和泰国是亲密友好邻邦，建交近半个世纪以来，无论国际风云如何变幻，两国始终以心相交、守望相助、携手发展，“中泰一家亲”历久弥新，成为国家间和睦相处、共同发展的典范。在两国领导人的战略引领下，中泰命运共同体建设持续取得新进展。不久前，习近平主席在亚太经合组织第三十一次领导人非正式会议期间会见泰国总理佩通坦，就下阶段推进中泰命运共同体建设达成重要共识，共同宣布将明年中泰建交50周年确定为“中泰友谊金色50年”，同意要办好系列庆祝活动，让中泰友好更加深入人心。双方还拟定了“中泰齐心，命运与共”的建交50周年口号。,林剑
t20241217_11495526.html,彭博社记者,台湾“外交部长”林佳龙开始对欧洲进行为期一周的“访问”，并于周二在布鲁塞尔与比利时议员及欧洲议会议员会面。外交部对此有何评论？,首先我要纠正你的是，台湾是中国的一个省，不存在什么“外交部长”。台湾问题是中方核心利益中的核心，一个中国原则是国际社会普遍共识，也是中欧关系的政治基础。中方坚决反对建交国同台湾地区开展任何形式的官方往来。欧方应恪守一个中国原则，停止与台湾当局进行任何形式的官方交往，停止向“台独”分裂势力发出错误信号。我们也正告台湾当局，在国际社会搞“一中一台”或“两个中国”、图谋推进“台独”主张是绝没有出路的。,林剑
t20241217_11495526.html,法新社记者,今天，习近平主席对巴西进行国事访问，将同巴西总统卢拉举行会谈，中方对此有何期待？,中国和巴西分别是东西半球最大的发展中国家，均为重要新兴市场国家，互为全面战略伙伴。今年是中巴建交50周年。半个世纪以来，面对国际风云变幻，中巴关系始终保持健康稳定发展，各领域务实合作成果丰硕，成为发展中国家团结合作、携手发展的典范，双边关系的全局性、战略性、全球性影响持续提升。去年4月，巴西总统卢拉成功对中国进行国事访问，两国元首就引领开辟新时代中巴关系新未来达成一系列重要共识。,林剑
t20241217_11495526.html,俄新社记者,俄罗斯总统普京19日签署总统令，批准新版《俄罗斯联邦核威慑国家基本政策》。文件指出，俄罗斯视核武器为一种威慑手段，使用核武器是极端情况下被迫采取的措施。同日俄国防部通报称，经确认，乌克兰使用了美制陆军战术导弹系统，发射的6枚导弹全部被俄军防空系统拦截，导弹残片落入俄罗斯布良斯克州一处军事区域内。中方对此有何评论？,我们注意到有关报道。当前形势下，各方应当保持冷静克制，通过对话协商，共同推动局势缓和，减少战略风险。在乌克兰问题上，中方的立场是一贯、明确的。我要强调的是，中方希望各方推动缓和局势、致力于政治解决乌克兰危机的立场没有改变，将继续为此发挥建设性作用。,林剑
t20241217_11495526.html,法新社记者,黎智英今天在香港出庭作证。昨天，个别国家的议员和外交事务专家签署一封公开信，对黎被监禁“表达关切”。中方对此作何回应？是否认为该案将得到公平审判？,香港是法治社会，有法必依、违法必究是基本原则，任何人都不能打着“自由”的旗号从事违法活动并企图逃脱法律制裁。黎智英是反中乱港事件的主要策划者和参与者，是反华势力的“代理人”和“马前卒”。香港特区政府依据香港基本法和香港国安法维护国家安全，于法有据，于理应当，无可指摘。香港司法机关依法独立行使审判权，程序公平公正，庭审公开透明。中国中央政府坚定支持香港特区维护国家安全、依法惩治各类危害国家安全的活动，坚决反对个别国家借有关司法个案干涉中国内政、抹黑和破坏香港法治。,林剑
t20241217_11495528.html,中新社记者,发言人能否介绍习近平主席访问巴西的具体情况和成果亮点？中方对中巴关系未来发展有何展望？,习近平主席刚刚成功结束对巴西的国事访问。访问期间，两国元首宣布，将中巴关系提升为携手构建更公正世界和更可持续星球的中巴命运共同体，同时将共建“一带一路”倡议同巴西发展战略对接。,林剑
t20241217_11495528.html,俄新社记者,美国战略司令部高级代表布坎南今天早些时候表示，美国不希望发生核战争，但一旦发生核打击，美方希保留一部分核武库，以在未来威慑潜在对手。请问中方对此有何评论？,美方官员有关表态，反映出美国追求霸权、谋求绝对战略优势的陈旧思维。美方近年来持续升级“三位一体”核力量，提升核武器在国家安全政策中的作用，与盟国强化“核共享”与“延伸威慑”安排，推进中导、反导前沿部署，严重破坏全球战略平衡与稳定，加剧军事竞争与对抗，抬高核风险。,林剑
t20241217_11495533.html,总台央视记者,中方刚发布了卢森堡副首相兼外交、外贸大臣贝泰尔访华消息，如何评价当前中卢关系？对此访有何期待？,卢森堡是欧盟创始成员国，也是中国的友好合作伙伴。中卢建交50多年来，始终坚持相互尊重、合作共赢、共促发展。近年来，中卢在航空货运、金融、钢铁等领域合作成果丰硕，为两国人民带来了实实在在的利益，也为促进中欧合作、维护国际产供链稳定作出积极贡献。中方愿同卢方一道，不断增进友好互信，深化互利合作，推动中卢关系取得新发展。,林剑
t20241217_11495533.html,土耳其阿纳多卢通讯社记者,据报道，国际刑事法院以涉嫌在加沙犯下战争罪和危害人类罪为由，对以色列总理内塔尼亚胡、前防长加兰特发布逮捕令。国际刑事法院称有合理证据证明，两人均应对以饥饿为手段犯下的战争罪以及通过谋杀、迫害及其他不人道行为犯下的危害人类罪负责。二人还涉嫌犯下蓄意指挥袭击平民的战争罪。中方对此有何评论？,中方注意到有关报道。,林剑
t20241217_11495533.html,总台华语环球节目中心记者,目前中方已对29个国家试行免签政策，是否还会增加？部分国家还希望进一步延长免签停留期限、增加免签事由等，请问是否有这方面考虑？,为进一步便利中外人员往来，中方决定扩大免签国家范围，自2024年11月30日起至2025年12月31日，对保加利亚、罗马尼亚、克罗地亚、黑山、北马其顿、马耳他、爱沙尼亚、拉脱维亚、日本持普通护照人员试行免签政策。,林剑
t20241217_11495533.html,俄新社记者,俄罗斯总统普京昨天表示，作为对乌克兰军队使用美国和英国远程武器的回应，俄军对乌克兰国防工业综合体设施发动了混合打击。普京还表示，在战斗条件下测试了俄罗斯新型中程弹道导弹“榛树”。这次是携带非核弹头的中程弹道导弹。普京也强调乌克兰冲突已经具有全球性。外交部对此有何评论？,中方在乌克兰问题上的立场是一贯的、明确的，主张通过政治手段解决危机，避免局势升级。当前形势下，各方应当保持冷静克制，通过对话协商，推动局势降温，为尽早实现停火、政治解决危机积累条件。,林剑
t20241217_11495533.html,土耳其阿纳多卢通讯社记者,昨天，联合国安理会对要求在加沙地带停火的决议草案进行表决，美国是唯一行使否决权的国家。这是美国作为常任理事国第六次对此类决议行使否决权。中方对此有何评论？,中国常驻联合国代表已在表决后的解释性发言中全面阐述了中方立场。这一决议草案旗帜鲜明要求在加沙立即停火，符合安理会行动的正确方向，反映了国际社会期盼和平的强烈呼声。,林剑
t20241217_11495533.html,《环球时报》记者,据报道，美国国务院发言人19日发表声明，将对实施香港国安法的香港官员实施新的签证限制。请问中方对此有何评论？,中国中央政府坚定支持香港特区维护国家安全、依法惩治各类危害国家安全的活动，坚决反对美方借有关司法个案干涉中国内政、抹黑和破坏香港法治。美方应切实尊重中国主权和香港法治，恪守国际法原则和国际关系基本准则，不得以任何方式插手干涉香港事务。如果美方一意孤行，对香港特区政府官员实施签证限制，中方将坚决反制。,林剑
t20241217_11495533.html,法新社记者,赖清德将于本月末“访问”三个太平洋“邦交国”，这是赖“就任”后的首次“出访”。中方对此有何评论？,一个中国原则是国际关系基本准则和国际社会普遍共识。赖清德当局借窜访所谓“邦交国”，搞政治操弄、谋“独”挑衅的行径绝不可能得逞，也不可能撼动国际社会坚持一个中国原则的牢固格局，更阻挡不了中国终将统一的历史大势。我们敦促有关国家早日认清历史大势，做出真正符合自身根本和长远利益的正确决断。,林剑
t20241217_11495533.html,土耳其阿纳多卢通讯社记者,追问关于国际刑事法院对内塔尼亚胡、加兰特发布逮捕令的问题。我们注意到，美方迅速对法院决定作出回应。美国白宫发言人皮埃尔表示，美方拒绝国际刑事法院对以色列官员发布逮捕令的决定。去年该法院称俄罗斯总统普京在俄乌冲突中犯下战争罪并对其发布逮捕令时，美方支持国际刑事法院决定，拜登总统还表示欢迎该决定，称决定“很有说服力”。你如何看待美国对国际法的双标行径？,中方一贯反对个别国家对国际法“合则用，不合则弃”，搞选择性适用和双重标准。我愿重申，中国一贯主张国际刑事法院应秉持客观公正立场，依法行使职权，按照统一标准全面善意解释和适用《罗马规约》和一般国际法。,林剑
t20241217_11495533.html,法新社记者,摩洛哥国家通讯社称，中国领导人周四在摩洛哥短暂经停。外交部能否证实并提供更多细节？,我目前没有可以提供的信息。,林剑
t20241217_11495533.html,路透社记者,关于赖清德“访问”太平洋“邦交国”的问题，中方是否要求其他国家协助阻止赖前往这些国家？是否要求美国或其他地区国家阻止赖“访问”？,我刚才已经说过，一个中国原则是国际社会的普遍共识。,林剑
t20241217_11495533.html,湖北广电记者,日前，联合国可持续发展解决方案网络负责人、美国哥伦比亚大学教授杰弗里·萨克斯在COP29边会期间接受采访时说，中国已成为能源转型领域的重要引领者，在应对全球气候变化方面的作用不可或缺。发言人对此有何评论？,近年来，中国坚定不移走绿色发展之路，深入贯彻新发展理念，经济增长“含金量”更高、“含绿量”更足。中国在世界范围内率先实现土地退化“零增长”，新增绿化面积占全球的四分之一，扭转了二氧化碳排放快速增长的态势，建成了全球最大、最完整的新能源产业链，新能源装机规模、新能源汽车产销量均居世界第一。 习近平主席在中美元首利马会晤中强调，一个中国原则和中美三个联合公报是双边关系的政治基础，必须始终恪守。“台独”分裂行径同台海和平稳定水火不容。美方想要维护台海和平，关键是要认清赖清德和民进党当局的“台独”本性，慎之又慎处理台湾问题，明确反对“台独”，支持中国和平统一。,林剑
t20241217_11495536.html,总台央视记者,据报道，联合国气候变化巴库大会（COP29）达成新的气候资金集体量化目标（NCQG）。请问中方如何评价本次大会取得的成果？中方将为落实大会成果发挥什么作用？,11月24日，《联合国气候变化框架公约》第二十九次缔约方大会（COP29）在阿塞拜疆首都巴库闭幕。经过两周艰苦谈判，各方最终就新的气候资金集体量化目标、《巴黎协定》第六条实施细则问题等达成共识。会议成果体现了共同但有区别的责任原则，展现了全球应对气候变化的共同努力和意愿。,毛宁
t20241217_11495536.html,路透社记者,停靠在丹麦和瑞典之间的中国船只“伊鹏3号”最新进展是什么？该船是自愿停下来还是被扣押？船员是否正接受问询？,据我了解，中方同事件各相关方通过外交渠道保持着顺畅沟通。关于中国船只的具体情况，我没有更多信息可以提供，建议你向中方主管部门询问。,毛宁
t20241217_11495536.html,韩国广播公司记者,根据中国刑法，因《反间谍法》被拘留的韩国人必须在今年内接受审判。希望知道相关案件的调查进展。,我不了解你提到的情况。关于案件具体办理情况，建议向中方主管部门询问。,毛宁
t20241217_11495536.html,日本朝日电视台记者,上周五，中国发布了对日本实施单方面30天免签政策。中国之前的立场是希望（中日）共同提升双方人员往来便利化水平，要求双方面的免签措施。这样的态度变化是出于什么原因？,中国政府始终高度重视便利中外人员往来。希望日方同中方相向而行，共同努力提升两国人员往来便利化水平。,毛宁
t20241217_11495536.html,伊拉克如道电视台记者,伊拉克是中国的重要经贸伙伴。以色列威胁要对伊发动袭击。发言人认为此举会否损害中方在伊利益？中方是否通过联合国安理会或其他外交渠道采取措施防止伊被袭？,中方一贯反对侵犯别国主权、安全，反对动辄使用武力。当前中东局势高度紧张，有关各方应当避免进一步推高地区整体安全风险。近期发生的一系列事件再次表明停火止战的紧迫性，国际社会特别是有影响的大国，应当切实发挥建设性作用，为缓和地区紧张局势创造必要条件。中方将继续发挥自身影响，为促进地区和平稳定作出努力。,毛宁
t20241217_11495536.html,法新社记者,阿富汗外交部发言人今天在社交媒体X平台上称，塔利班最高外交官阿米尔·汗·穆塔基会见了中国外交部阿富汗事务特使岳晓勇。发言人能否介绍会见内容和成果？,这个问题我需要向我的同事了解一下。,毛宁
t20241217_11495536.html,深圳卫视记者,11月18日至20日，香港成功举办国际金融领袖投资峰会。11月22日至23日，国际金融论坛全球年会首次在香港举行。两场盛会吸引来自全球多个国家和地区的财经政要和金融机构负责人出席，受到广泛关注。请问外交部有何评论？,我们对香港成功举办两场国际金融领域盛会表示祝贺。这是国际社会对香港国际金融中心地位、营商环境和发展前景投下的信任票。实践证明，有“一国两制”保驾护航，有国家鼎力支持和各界共同努力，香港一定能够保持长期繁荣稳定，更好地发挥国际金融中心的作用。中方欢迎来自世界各地的企业赴港投资兴业、欢迎各国人才到港各展所长，分享香港发展和“一国两制”的红利。,毛宁
t20241217_11495536.html,路透社记者,美国商会周四表示，拜登政府最快将于下周公布新的对华出口限制措施。外交部对此有何评论？,中方一贯坚决反对美方泛化国家安全概念、滥用出口管制措施，对中国进行恶意封锁和打压。这种行为严重违反市场经济规律和公平竞争原则，破坏国际经贸秩序，扰乱全球产业链供应链稳定，最终损害的是所有国家的利益。中方将采取坚决措施，坚定维护中国企业正当合法权益。,毛宁
t20241217_11495536.html,中新社记者,据报道，24日，俄罗斯副外长鲁登科在接受塔斯社采访时表示，台湾问题纯属中国内政。美国违背一个中国原则，打着维持“现状”旗号加强与台湾的军事政治接触，加大对台军售。美国如此明目张胆地干预该地区事务，为的是挑衅中国，为其私利在亚洲制造危机。请问中方对此有何评论？,我们注意到有关报道。一个中国原则是国际社会普遍共识和国际关系基本准则。中方高度赞赏俄方坚持一个中国原则、反对搞“以台制华”的正义立场。,毛宁
t20241217_11495536.html,法新社记者,日本媒体报道称，美国正与日本制定应急计划，以应对未来可能发生的涉及台湾的紧急情况。根据这些计划，美国将在日本“南西诸岛”以及菲律宾部署导弹部队。中方是否了解有关计划？对此有何评论？,台湾是中国领土不可分割的一部分，台湾问题是中国内政。维护台海和平稳定的关键在于坚持一个中国原则。中方坚决反对有关国家以台湾问题为借口，强化地区军事部署，挑动紧张对抗，破坏地区和平稳定。,毛宁
t20241217_11495536.html,彭博社记者,立陶宛候任总理帕卢茨卡斯表示，愿意与中国恢复外交关系。三年前，由于贸易争端，中方将双边关系降级。帕表示支持改善对华关系，恢复两国互派大使。但他强调立方不会改变目前的政策，包括维持与台湾的贸易联系。外交部对此有何评论？,我们注意到立陶宛方面的有关表态。众所周知，立陶宛在涉台问题上的错误行径，是导致中立关系遭遇困难的根本原因。中方对话的大门始终敞开，希望立方重新回到坚持一个中国原则的正确道路上来，恪守两国建交公报中所作政治承诺，为双边关系正常化积累有利条件。,毛宁
t20241217_11495536.html,共同社记者,关于刚才朝日电视台的提问，我追问一下，现在中方是否要求日本对中国公民免签？,我们希望日方能和中方相向而行，共同努力让两国人员往来便利化水平得到进一步提升。,毛宁
t20241217_11495536.html,法新社记者,台湾“国防部”今天表示，昨天发现一个中方的气球飘过该岛西北海域上空。这是今年4月以来首次发现这样的气球。发言人能否介绍相关情况？对此有何评论？,首先，台湾没有什么“国防部”。你提的也不是一个外交问题。,毛宁
t20241217_11495536.html,《环球时报》记者,据报道，乌拉圭主要反对党联盟“广泛阵线”候选人奥尔西在总统选举第二轮投票中获胜，执政党民族党候选人已承认败选，乌总统拉卡列致电奥尔西祝贺其当选。请问中方对此有何评论？,中方祝贺乌拉圭大选平稳顺利举行，祝贺奥尔西先生当选乌拉圭新任总统。中方高度重视发展同乌拉圭的关系，愿同乌方一道，进一步加强政治互信，深化各领域交流合作，密切在国际和地区事务中的沟通协调，推动中乌全面战略伙伴关系不断深入发展，造福两国人民。,毛宁
t20241217_11495539.html,韩联社记者,今年是朝中建交75周年，也是两国宣布的“朝中友好年”。今年4月，“朝中友好年”开幕式在平壤举行，全国人大常委会委员长赵乐际作为中国代表出席。请问发言人“朝中友好年”闭幕式将在何时举行？,如有消息我们会及时发布。,毛宁
t20241217_11495539.html,路透社记者,美国当选总统特朗普宣称将对加拿大、墨西哥和中国征收高额关税。特朗普称，美国将在其他所有关税基础上，再对中国加征10%的关税，因为中方没有采取足够有力的行动阻止芬太尼通过墨西哥流入美国。外交部对此有何评论？,我刚刚关注到你提到的信息，稍后我们会作出回应。,毛宁
t20241217_11495539.html,《华尔街日报》记者,我知道你对特朗普的表态暂时没有具体评论，但你能否透露中方是否已与特朗普过渡团队接触，以探讨这一问题？在特朗普明年1月就职之前，双方是否计划就此进行讨论？,我没有可以提供的信息。作为原则，我们对对话沟通持开放态度。,毛宁
t20241217_11495539.html,澎湃新闻记者,萨摩亚总理菲娅梅正在中国访问。发言人此前表示，双方将以此访为契机，构建更加紧密的中国—太平洋岛国命运共同体。我们也注意到，澳大利亚洛伊国际政策研究所近日发布报告称，中国已成为太平洋岛国地区第二大双边援助国，采取了更具竞争力和政治针对性的新援助模式。发言人能否介绍更多情况？,萨摩亚是最早同新中国建交的太平洋岛国之一，也是太平洋岛国中最早与中国签署“一带一路”合作谅解备忘录的国家之一。在萨摩亚到处可见中萨合作发展的印记。中国企业支持改造的法莱奥洛国际机场是南太最现代化的国际机场之一，中国援建的政府大楼成为萨摩亚新版纸币图案，也是当地人打卡的热门地点。,毛宁
t20241217_11495539.html,《中国日报》记者,22日，墨西哥总统辛鲍姆在晨间记者会上表示，所谓中国产品通过墨西哥进入美国和加拿大的说法不正确。墨政府会向美、加政府证明墨不是中国产品转口的途径，中国产品通过多条途径进入北美市场。辛鲍姆总统还表示，墨本届政府主要目标之一是发展民族工业，提高产品本地成分，替代部分自华进口产品。请问中方对此有何评论？,中方注意到辛鲍姆总统有关表态。中国同各国开展贸易合作都是基于国际规则和市场原则，互利共赢是本质特征。我们始终认为将经贸问题政治化不符合任何一方利益。,毛宁
t20241217_11495539.html,彭博社记者,特朗普在社交媒体上抱怨中国在阻止芬太尼流入美国方面做得不够。外交部对此有何评论？中方是否认为已采取足够措施阻止芬太尼流入美国以及执行与美国达成的协议？,此前我们多次介绍过中美禁毒合作取得的成效。关于你的具体问题，稍后我们会作出回应。,毛宁
t20241217_11495539.html,法新社记者,丹麦昨天表示，正与中国就一艘可能与波罗的海海缆被切断有关的船只进行讨论。外交部能否证实双方正就此事进行讨论？能否介绍有关情况？,据我了解，中方同包括丹麦在内的有关方面通过外交渠道保持着沟通。,毛宁
t20241217_11495539.html,彭博社记者,欧盟提议制裁几家中国公司，称这些公司帮助俄罗斯公司开发了攻击无人机以部署至乌克兰战场。外交部对此有何评论？,中方一贯反对没有国际法依据、未经联合国安理会授权的单边制裁。在乌克兰问题上，中国一直致力于劝和促谈，从未向冲突方提供武器，严格管控军民两用物项甚至民用无人机出口，反对将民用无人机用于军事目的。中俄企业正常交往合作不针对第三方，不应受到第三方干扰和影响。当前包括欧美在内的大多数国家都在同俄罗斯开展贸易。我们敦促欧方不要搞双重标准，停止在没有事实依据的情况下列名中国企业、对中方抹黑推责。中方将采取必要措施，坚决维护中国企业的合法权益。,毛宁
t20241217_11495539.html,法新社记者,昨天，缅甸反政府武装德昂民族解放武装表示，准备与缅甸军政府重启谈判以结束战争。考虑到中国此前斡旋了双方的谈判，发言人能否透露是否有新的谈判计划，是否有任何进展？,作为友好邻邦，中方一直高度关注缅甸和缅北局势发展演变，我们坚决反对缅甸生战生乱，真心希望缅甸局势能够尽快恢复稳定，一直敦促缅北冲突各方停火止战，通过对话协商解决问题，共同推动缅北局势软着陆。中方将继续积极劝和促谈，为缅北和平进程提供力所能及的支持和帮助。,毛宁
t20241217_11495544.html,总台央视记者,第二届中国国际供应链促进博览会昨天开幕。本届链博会以“链接世界，共创未来”为主题，境外展商比例超过首届，广受各国企业欢迎，再次出现“一位难求”的盛况。发言人能否介绍更多情况？,第二届中国国际供应链促进博览会已经在北京开幕，李强总理同参展参会企业代表举行了座谈，韩正副主席出席开幕式并致辞。本届链博会吸引了来自69个国家和国际组织的近700家展商，其中世界500强和行业龙头企业占比超过60%，境外展商占比从首届的26%上升到32%。,毛宁
t20241217_11495544.html,路透社记者,瑞典要求一艘中国船只返回瑞水域，以协助瑞方对近期波罗的海海缆受损事件进行调查。中方是否计划让“伊鹏3号”返回瑞水域？,正如我们此前介绍的，中方同瑞典等相关方的沟通渠道是畅通的。我愿重申，中方一贯支持依据国际法同各国共同维护国际海缆等基础设施安全。,毛宁
t20241217_11495544.html,伊拉克如道电视台记者,中国已对多国实行免签政策，中方何时将对持伊拉克护照的公民发放旅游签证或实行免签？,中方高度重视中外人员往来，愿在前期各项签证便利政策措施基础上，继续为包括伊拉克公民在内的外籍人士提供更多来华便利。,毛宁
t20241217_11495544.html,东方卫视记者,近期中方持续推出便利人员往来举措，上周又宣布了新一批免签国家名单。我们注意到，外国赴华旅游热度持续上涨，各旅游平台上中国相关目的地搜索热度上升，许多外国旅游电商平台上赴华旅游产品预定量大增。发言人能否进一步介绍情况？,去年底以来，中方先后对38个国家实行免签，目前累计同25个国家实现全面互免。同时，我们通过优化签证申请表、取消签证预约、扩大免采指纹范围、调减签证规费等措施，使来华签证手续更加高效和便捷。,毛宁
t20241217_11495544.html,法新社记者,以色列和黎巴嫩真主党达成的停火协议于周三生效，持续一年多的战火已造成数千人死亡，中方对此有何回应？,中方高度关注当前黎以局势，一直呼吁各方切实遵守联合国安理会第1701号决议。我们支持一切有利于缓解紧张局势、实现和平的努力，欢迎有关方面就停火达成一致。同时，中方认为加沙未能实现停火止战是中东局势本轮动荡的根源，各方应当携手推动加沙早日全面、持久停火。,毛宁
t20241217_11495544.html,新华社记者,七国集团外长会发表联合声明，提出寻求同中国建立建设性稳定关系，合作应对全球性挑战，同时要求中国停止支持俄罗斯国防工业，炒作所谓中国“产能过剩”，对东海、南海、涉台、涉疆、涉藏、涉港等问题说三道四。中方对此有何评论？,今年以来，中方已经多次就七国集团涉华错误言论表明严正立场。七国集团既然提出寻求同中国建立具有建设性和稳定的关系、合作应对全球挑战，就应该践行相互尊重、平等互利精神，以实际行动将上述表态落到实处，而不是攻击抹黑中国。,毛宁
t20241217_11495544.html,法新社记者,特朗普周一表示，他将在所有对华加税基础上，再加征10%的关税。外交部对此有无更多评论？,昨天外交部发言人已经回答了有关提问，你可以查阅。我没有更多信息要补充。,毛宁
t20241217_11495546.html,总台央视记者,据报道，中美相互释放了几名正在服刑的人员，三名美国公民已经回到美国。美方还披露了一些美方释放的三位中国公民案件细节。请问中方能否确认？对此有何评论？,经过中国政府不懈努力，三名被美方错误羁押的中国公民平安回到祖国。这再次证明，任何时候中国都不会放弃自己的同胞，祖国永远是他们坚强的后盾。,毛宁
t20241217_11495546.html,澎湃新闻记者,你刚刚宣布中方将同中亚国家在成都共同举行中国—中亚外长第五次会晤。本次外长会晤将讨论哪些议题？,中国—中亚外长第五次会晤将进一步落实中国—中亚西安峰会成果，启动明年在哈萨克斯坦举行的第二届峰会筹备工作。六国外长将就全方位推进中国中亚合作、中国—中亚机制建设以及共同关心的国际和地区问题进行交流。,毛宁
t20241217_11495546.html,法新社记者,赖清德访问太平洋岛国期间将过境夏威夷和关岛。中方对此有何评论？,一个中国原则是国际关系基本准则和国际社会普遍共识。赖清德当局借窜访所谓的“邦交国”搞政治操弄、谋“独”挑衅的行径绝不可能得逞，也不可能动摇国际社会坚持一个中国原则的牢固格局，阻挡不了中国终将统一的历史大势。我们一贯坚决反对美台官方往来，坚决反对台湾当局领导人以任何名义、任何理由窜美，坚决反对美方以任何形式纵容支持“台独”分裂分子及其分裂行径。,毛宁
t20241217_11495546.html,中新社记者,美国国务院网站日前将赴华旅行提醒由三级降为二级，并取消了关于“错误拘押”风险的标注。请问中方有何评论？,中方注意到美方做出的这一调整，认为此举有利于两国人员正常往来。我们历来反对人为制造“寒蝉效应”。希望美方继续为促进两国人文交流创造更多便利。,毛宁
t20241217_11495546.html,《纽约时报》记者,在丹麦附近海域的一艘中国籍船只被其他船只拦停，你对此有何评论？,最近几天我们多次介绍中方立场。中方对于处理此类事故一直秉持合作的态度。目前，我们同相关方的沟通协调工作正在推进中。,毛宁
t20241217_11495546.html,塔斯社记者,《纽约时报》报道称，美国和一些欧盟国家官员提议向乌克兰转让核武器，请问外交部对此有何评论？,中方高度关注乌克兰危机引发的核风险问题，多次重申核武器用不得、核战争打不得。当前形势下，各方应当保持冷静克制，通过对话协商共同推动局势缓和，减少战略风险。,毛宁
t20241217_11495546.html,法新社记者,国际刑事法院首席检察官周三要求法官对缅甸军政府领导人发布逮捕令，原因是其对穆斯林族群罗兴亚人犯下反人类罪。中方对此有何评论？,若开邦问题有着非常复杂的历史、民族和宗教背景，需要综合施策、稳妥解决。作为缅甸的友好邻邦，中方密切关注若开邦局势的发展，愿同国际社会一道为局势回稳降温发挥建设性作用。,毛宁
t20241217_11495546.html,《纽约时报》记者,大众昨天表示，大众和上汽集团将把位于新疆的合资企业转让给上海市政府下属机构。中方对此有何评论？对德国巴斯夫集团将出售其在新疆的合资企业股份有何评论？,具体商业合作的情况请你向有关企业和主管部门了解。我想说的是，一些政治势力在国际上散布了太多关于新疆的谣言，制造了太多的虚假信息，所谓“强迫劳动”就是其中之一。这些人编造涉疆谎言的目的就是要搞乱新疆，进而阻止中国的发展振兴，是打着人权的幌子在新疆制造“强迫脱钩”“强迫失业”“强迫返贫”，这种图谋不会得逞。当前新疆社会稳定、经济发展、民族团结、宗教和睦，新疆各族人民的各项权益得到切实保障。中国将继续推进高质量发展，扩大高水平开放，为包括德国企业在内的外国企业在华投资经营提供更多的机遇。,毛宁
t20241217_11495546.html,《北京青年报》记者,据报道，日本前驻华大使阿南惟茂于本月13日因肺炎去世，请问发言人对阿南先生去世有何评论？,阿南惟茂先生长期从事对华外交，于2001年至2006年任日本驻华大使，退休后任中日友好21世纪委员会日方委员等职，为中日关系改善发展作出了积极贡献。我们对阿南惟茂先生去世表示哀悼，向他的亲属表示慰问。中国驻日本大使和几位同阿南先生共事过的前中国驻日本大使已向其遗属致唁电。,毛宁
t20241217_11495546.html,法新社记者,据路透社报道，中方可能在赖清德访问太平洋岛国前后或结束访问不久，在台湾附近举行军事演习。中方对此有何评论？,关于赖清德窜访，我刚才已经阐明了中方立场。你提到的问题不是外交问题。,毛宁
t20241217_11495546.html,法新社记者,德国汽车巨头大众公司昨天表示将出售其在新疆的业务。外交部对此是否有更多评论？,刚刚《纽约时报》记者问了同样的问题，我已经回答过了。,毛宁
t20241217_11495552.html,《中国日报》记者,你刚刚发布了尼泊尔总理奥利正式访华的消息，能否介绍此访有关安排？中方如何评价当前中尼关系？对此访有何期待？,奥利总理曾两次以尼泊尔总理身份访华，为推动中尼关系发展作出重要贡献。此次来华访问期间，习近平主席将会见奥利总理，李强总理、赵乐际委员长将分别同他举行会谈会见。两国领导人将就深化中尼传统友谊、拓展双方共建“一带一路”和各领域交流合作，以及共同关心的国际地区问题深入交换意见。,毛宁
t20241217_11495552.html,法新社记者,瑞典昨天表示，因为中国船只“伊鹏3号”与波罗的海两条电缆被切断有关，已正式要求中方在相关调查中与瑞当局合作。外交部能否分享事件或调查的最新情况？,中方愿同相关国家合作查明事实真相，中瑞双方正就此保持着密切沟通。,毛宁
t20241217_11495552.html,深圳卫视记者,日前第29届联合国气候变化大会顺利闭幕，气候治理成为热门话题。我们注意到中国在世界范围内率先实现土地退化“零增长”、荒漠化土地和沙化土地面积“双减少”，截至2023年底森林覆盖率已超过25%，成为全球增绿最多的国家。发言人如何评价中国荒漠化防治的成效和对世界的贡献？,中国是世界上遭受荒漠化危害最严重的国家之一。中国政府高度重视，持续推进荒漠化综合防治和“三北”等重点生态工程建设，推动53%的可治理沙化土地得到有效治理，实现了生态保护与民生改善的良性循环，也为全球防沙治沙进程作出了贡献。,毛宁
t20241217_11495552.html,路透社记者,北京一家法院今天以间谍罪判处中国记者董郁玉7年有期徒刑。鉴于该案受到国际关注，外交部对此有何评论？,中国是法治国家，中国司法机关严格依法办案，违法犯罪必被依法追究。,毛宁
t20241217_11495552.html,塔斯社记者,昨日，俄罗斯总统普京在阿斯塔纳回答记者提问时表示，他与哈萨克斯坦总统托卡耶夫讨论了通过哈向包括中国在内的其他国家供应石油和天然气的可能性。请问中方对此有何评论？,建议你向中方主管部门了解。,毛宁
t20241217_11495552.html,路透社记者,中方有没有直接要求美国不允许台湾赖清德访问太平洋岛国时过境夏威夷和关岛？,习近平主席在中美元首利马会晤中强调，一个中国原则和中美三个联合公报是双边关系的政治基础，必须始终恪守。“台独”分裂行径同台海和平稳定水火不容。美方想要维护台海和平，关键是要认清赖清德和民进党当局的“台独”本性，慎之又慎处理台湾问题，明确反对“台独”，支持中国和平统一。,毛宁
t20241217_11495552.html,《环球时报》记者,据报道，美国得克萨斯州州长阿博特近期发布3项行政令，要求防范中国“海外警务站”“猎狐行动”等打压异见人士，禁止得州政府机构和所有公立高等教育机构同中国政府控制的公司新签商业合同，保护得州关键基础设施免受“中国攻击”等。阿博特还致信州政府机构禁止其使用州立基金在华发起任何新投资，并尽快全面撤出对华投资。外交部对此有何评论？,所谓“中国海外警察站”根本不存在。中国执法机关严格根据国际法开展对外执法合作，充分尊重外国法律和司法主权，依法保障犯罪嫌疑人合法权益。,毛宁
t20241217_11495552.html,路透社记者,《全面与进步跨太平洋伙伴关系协定》成员本周在温哥华召开会议，讨论加入该自由贸易协定的申请。据报道，会议同意成立工作组审议哥斯达黎加加入协定事宜。发言人能否透露，是否也成立了工作组考虑中方申请？,关于CPTPP，中方立场是一贯、明确的。中方坚定倡导贸易自由化便利化，积极参与亚太区域合作和经济一体化。我们主动对接国际高标准经贸规则，积极扩大自主开发，推动加入CPTPP进程，与各方就此保持着接触、沟通和磋商。,毛宁
t20241217_11495552.html,路透社记者,据英国广播公司报道，全球时尚连锁店优衣库董事长称，优衣库没有使用来自新疆的棉花。外交部对此有何评论？,新疆地区的棉花是世界上最好的棉花之一。希望有关企业排除政治压力和不良干扰，独立自主作出符合自身利益的商业决策。,毛宁
t20241217_11495552.html,路透社记者,发言人能否确认中俄今天进行的联合空中巡航是在国际空域还是中俄领空？,这个问题建议向中方主管部门了解。,毛宁
t20241217_11495552.html,法新社记者,俄罗斯官方媒体援引俄军方声明表示，俄国防部长今日抵达朝鲜。近几个月来，俄朝加强了军事联系。朝被指派遣了1万多名士兵帮助俄罗斯对抗乌克兰。中国与俄罗斯和朝鲜都关系密切，如何看待此次访问以及俄朝近期军事合作？,俄朝都是主权独立国家，双边交往是俄朝自己的事。我们不了解具体情况。对于乌克兰危机，中方的立场是一贯的。,毛宁
t20241217_11495554.html,湖北广电记者,上周末，为期5天的第二届链博会圆满闭幕。很多参展外宾表示，一些保护主义行径正损害全球产供链，“脱钩断链”损人不利己，与全球工商界意愿背道而驰，建好“共赢链”是众望所归。发言人对此有何评论？,链博会是中国推进对外开放合作、维护全球产供链稳定畅通的重要平台。本届链博会实际参展商超过1000家，签署合作协议、意向协议210多项，涉及金额1520多亿元人民币。中外参展商与3.7万多家上下游供应商建立了合作联系，68家中外企业机构提前签署第三届链博会参展协议，发出了深化互利合作、反对“脱钩断链”的“链博声音”。,林剑
t20241217_11495554.html,法新社记者,台湾领导人赖清德访问太平洋岛国期间“经停”夏威夷，并与美国国会前众议长佩洛西通话。台“总统府发言人”称，双方讨论了“中国军事威胁”。外交部对此有何评论？,中方坚决反对任何形式的美台官方往来，坚决反对美方以任何形式纵容支持“台独”分裂分子及其分裂行径。,林剑
t20241217_11495554.html,中新社记者,据报道，日前立陶宛外交部发表声明称，因违反《维也纳公约》及立陶宛国内法律，立方宣布中国驻立代办处3名工作人员为“不受欢迎的人”。此前立陶宛新任总理帕卢茨卡斯曾表示，支持改善对华关系。请问中方对下阶段中立关系有何考虑？,针对立陶宛看守政府的粗暴挑衅行径，中国外交部发言人已发表谈话，表示强烈谴责和坚决反对。,林剑
t20241217_11495554.html,塔斯社记者,上周，俄罗斯副外长里亚布科夫接受塔斯社采访时表示，在美国升级局势的背景下，俄罗斯面临重启核试验的问题。中方对此有何评论？,中方注意到有关报道。我们希望各方保持冷静克制，通过对话协商致力于政治解决乌克兰危机。,林剑
t20241217_11495554.html,总台华语环球节目中心记者,据报道，日本首相石破茂在日临时国会开幕式上称，他在出席亚太经合组织领导人非正式会议期间同习近平主席深入交流。日中存在各类分歧和关切事项，但双方将在力所能及的领域合作。中国的稳定发展将使整个地区受益。石破茂并称，今后将朝着同习主席达成的全面推进战略互惠关系和构建建设性、稳定的日中关系这一大方向，同中方开展包括领导人在内的各层级沟通。中方对此有何评论？,中方注意到有关报道。中日关系长期健康稳定发展，符合两国人民根本利益。希望日方同中方相向而行，正视历史、面向未来，树立客观正确的对华认知，将“互为合作伙伴、互不构成威胁”等中日四个政治文件确立的原则和方向体现到具体政策和实际行动中，深化各领域务实合作，建设性管控矛盾分歧，落实好两国领导人达成的重要共识，推动中日关系行稳致远。,林剑
t20241217_11495554.html,香港中评社记者,据报道，巴拉圭外长拉米雷斯11月29日赴台“访问”时称，巴方愿无条件同中国大陆建立外交、领事、商业关系，但不接受以对台“断交”为前提。发言人对此有何回应？,一个中国原则是国际社会普遍共识和公认的国际关系基本准则，也是中国发展与其他国家双边关系的政治基础和重要前提。这一原则关乎中国主权和领土完整，没有任何谈判的空间和妥协的余地。,林剑
t20241217_11495554.html,路透社记者,本社报道了美国准备在周一出台针对中国芯片设备制造商的新一轮出口管制措施。外交部对此有何回应？,我们已多次就这一问题表明立场。中方一贯坚决反对美方泛化国家安全概念、滥用出口管制措施，对中国进行恶意封锁和打压。这种行为严重违反市场经济规律和公平竞争原则，破坏国际经贸秩序，扰乱全球产供链稳定，最终损害的是所有国家的利益。中方将采取坚决措施，坚定维护中国企业正当合法权益。,林剑
t20241217_11495554.html,总台央视记者,昨天，中国—中亚外长第五次会晤在成都举行。发言人能否进一步介绍有关情况？,12月1日，中共中央政治局委员、外交部长王毅在成都主持中国—中亚外长第五次会晤。六国外长就落实首届中国—中亚峰会成果、全方位推进中国—中亚合作进行深入沟通，并为明年第二届峰会作了全面政治准备。六国外长签署并发表联合声明，出席“天府号”跨境公路班车中亚线发车暨“中国—中亚商品展示推广中心”揭牌仪式。,林剑
t20241217_11495554.html,今日俄罗斯记者,叙利亚国防部上周表示，政府军与袭击阿勒颇和伊德利卜省的恐怖分子发生交火。在当前局势升级的情况下，中国政府是否考虑从叙利亚撤离中国公民？,中方注意到叙利亚安全局势变化。中国驻叙利亚使馆已发布安全提醒，正密切关注当地局势，要求当地政府采取有效措施，保障中国公民和机构安全。,林剑
t20241217_11495554.html,彭博社记者,菲律宾方面称，近日一架中国海军直升机在南海一岛礁骚扰菲方渔船。外交部对此有何评论？,菲方说法与事实完全不符。中国对南沙群岛及其附近海域拥有无可争辩的主权。中方在相关海域开展维权执法，合理合法。,林剑
t20241217_11495554.html,彭博社记者,外交部对德国外长贝尔伯克访华有何评论？贝在访华前、抵京后均批评中国向俄罗斯提供武器用于对乌克兰作战，称此举威胁欧洲和平。外交部对此有何评论？,关于德国外长贝尔伯克访华情况，我们会适时发布消息，你可以关注。关于乌克兰危机，中方已经多次阐述过立场。中方坚决反对无端指责、嫁祸于人，反对政治操弄。,林剑
t20241217_11495554.html,法新社记者,中方对近期叙利亚局势有无进一步评论？是否与阿萨德政府接触并提供支持？,中方对叙利亚西北部局势深表关切，支持叙利亚维护国家安全和稳定的努力。作为叙利亚的友好国家，中方愿为防止叙利亚局势进一步恶化作出积极努力。,林剑
t20241217_11495558.html,《北京日报》记者,中国“智利周”是智利连续多年在华举办的规模最大、级别最高的系列推广活动。目前，第九届中国“智利周”正在北京、杭州、成都、广州等多地举行，一系列别开生面的活动正在中国掀起“智利热”。请问发言人对此有何评论？,中国和智利是好朋友、好伙伴，两国经济互补性强、利益契合点多、合作领域广阔。“智利周”活动连续在华举办，影响力逐年提升，有力见证了近年来中智关系的蓬勃发展。中方欢迎智方继续在华举办“智利周”活动，乐见两国互利合作纽带日益紧密，为两国人民带来实实在在的好处。,林剑
t20241217_11495558.html,俄新社记者,美国当选总统特朗普日前威胁称，如果金砖国家不放弃打造可替代美元的货币计划，美国将对这些国家加征100%的关税。中方对此有何回应？,金砖国家作为新兴市场和发展中国家合作的重要平台，倡导开放包容、合作共赢，不搞阵营对抗，不针对第三方，为的是实现共同发展、普遍繁荣。中方愿继续同金砖伙伴一道，深化各领域务实合作，为世界经济持续稳定增长作出更多贡献。,林剑
t20241217_11495558.html,路透社记者,中方是否计划于赖清德本周末返台之际在台岛周围举行更多军事演习？,台湾问题是中国核心利益中的核心。中方捍卫国家主权和领土完整的决心坚定不移，正密切关注事态发展。,林剑
t20241217_11495558.html,《北京青年报》记者,日前，伊朗与英国、法国、德国以及欧盟在日内瓦举行高级别对话，重点就伊朗核问题交换意见。双方同意近期继续进行外交对话。中方对此有何评论？,中方注意到有关报道。对话协商是解决伊朗核问题的正道。当前形势下，各有关方应努力维护对话协商良好氛围，为恢复伊朗核问题谈判采取建设性行动。中方将继续坚持客观公正立场，积极劝和促谈，与各方一道推动伊朗核问题政治解决进程。,林剑
t20241217_11495558.html,法新社记者,美国国会众议院“新冠疫情特设委”发布报告称，新冠病毒很可能是从中国实验室泄漏的。中方是否知晓这份报告？对此有何评论？,美方的所谓报告在没有任何实质证据的情况下，炮制诱导性结论，对华泼脏水，搞栽赃陷害，仍是政治操弄溯源的老套路，没有任何可信度。,林剑
t20241217_11495558.html,澎湃新闻记者,据了解，中方专家赴日本福岛近海独立取样采集的海水样本已运抵中国，请问中方能否证实？,根据中日双方达成的共识，日方同意在国际原子能机构框架下对福岛核污染水排海实施长期国际监测，并确保中国等利益攸关国独立取样监测。10月中旬，在国际原子能机构组织下，包括中国在内的多国专家赴福岛第一核电站附近海域，独立采集海水样本并现场封存。近日，相关样本已经运抵中国，中国国内专业研究机构正在进行严谨、独立的检测、分析，并将及时公布进展。,林剑
t20241217_11495558.html,彭博社记者,澳大利亚总理阿尔巴尼斯表示，中国已取消针对澳肉类加工企业的进口限制，这可能会推动增加澳牛肉对华出口。外交部能否证实这一消息？这对中澳关系发出何种信号？,具体经贸问题建议你向中方主管部门了解。我可以告诉你的是，中方愿同澳方一道，继续通过对话协商，妥善解决彼此关切问题，使中澳关系更加成熟稳定，更好造福两国人民。,林剑
t20241217_11495558.html,总台央广记者,据报道，11月29日，科索沃地区领导人库尔蒂称，科北部一条为两座发电站供水的运河遭到塞尔维亚犯罪团伙袭击，可能导致电力和饮用水供应部分中断。此举旨在破坏科关键基础设施。科警方已逮捕8名嫌疑人，其中大多数为科方认定为恐怖组织的塞族民防组织成员。塞尔维亚外长久里奇强烈谴责袭击，称科方对塞指控毫无根据、故意制造紧张。中方对此有何评论？,中方注意到有关报道，谴责破坏重要基础设施的行为。关于科索沃问题，中方一如既往尊重塞尔维亚的主权和领土完整，呼吁有关方面继续开展务实和建设性对话，积极寻求科索沃问题持久解决方案。在此过程中，科索沃地区各民族的安全和合法权益均应得到保障。,林剑
t20241217_11495558.html,法新社记者,昨天，针对美国出台新一轮半导体制造设备出口管制规则，中方表示将采取措施维护自身权益。请问中方将采取哪些具体措施？,中方已就美国再次更新半导体出口管制规则、制裁中国企业、恶意打压中国科技进步提出严正交涉。,林剑
t20241217_11495558.html,深圳卫视直新闻记者,北京时间12月3日，第79届联合国大会举行全会，通过了中国提交的“在国际安全领域促进和平利用国际合作”决议。发言人能否进一步介绍相关情况？,中方欢迎联合国大会再次通过“在国际安全领域促进和平利用国际合作”决议。决议要求加强联合国作用，在各国平等参与基础上，促进对话合作，制定指导原则，维护广大发展中国家和平利用科技的合法权利。决议还专门敦促个别国家停止滥用出口管制、实施非法单边强制措施。,林剑
t20241217_11495560.html,彭博社记者,中国外交部对韩国短暂实施紧急戒严有何评论？这将对中韩关系产生何种影响？对朝鲜半岛或亚太地区安全形势有何影响？（法新社、路透社、德新社、韩国新一社、美国有线电视新闻网、日本广播协会等媒体亦问及）,中方注意到有关情况。对于韩国内政，不予评论。中方已提醒在韩中国公民加强安全防范。希望韩方采取有效措施，切实保障中国公民和机构在韩安全。,林剑
t20241217_11495560.html,法新社记者,菲律宾方面称，近日中国海警船对菲方船只发射水炮。中方对此有何评论？,黄岩岛是中国固有领土。菲律宾派多艘海警和公务船企图侵闯黄岩岛领海，中方依法采取必要措施维护自身领土主权和海洋权益，合理合法、专业克制。中方奉劝菲方立即停止侵权挑衅，不要挑战中方维护自身合法权益的坚定决心。,林剑
t20241217_11495560.html,《中国日报》记者,北京时间12月4日，纳米比亚选举委员会公布大选结果，执政党西南非洲人民组织（人组党）总统候选人内通博·南迪-恩代特瓦以57.31%得票率获胜，将成为纳米比亚独立以来首位女总统。请问中方对此有何评论？,中方很高兴看到纳米比亚总统和国民议会选举成功举行，向纳米比亚人组党和当选总统恩代特瓦表示祝贺。中方高度重视发展中纳关系。明年两国将迎来建交35周年。中方愿同纳方一道努力，以落实中非合作论坛北京峰会成果为契机，推动中纳全面战略合作伙伴关系不断发展，取得更多务实合作成果，更好造福两国人民。,林剑
t20241217_11495560.html,法新社记者,缅甸民族民主同盟军（MNDAA）昨日发表声明，宣布即日起就地停火，愿在中方调解下与缅军展开和谈。中国是否将斡旋缅军与MNDAA之间的和谈？如斡旋，可否提供时间、地点等细节？,中方赞赏缅甸民族民主同盟军近日有关积极表态。中方高度关注缅北局势，一直在敦促缅有关各方坚持对话协商，尽快停火止战，以和平方式解决分歧，避免事态升级，尤其不得危害中国边境、边民和在缅项目企业人员安全。中方将继续为缅北和平进程提供力所能及的支持和帮助。,林剑
t20241217_11495561.html,凤凰卫视记者,外交部网站刚刚公布对13家美国军工企业和6名高级管理人员采取反制措施的决定，请问发言人有何进一步评论?,台湾问题是中国核心利益中的核心。美国近期多次宣布向中国台湾地区出售武器，严重违反一个中国原则和中美三个联合公报，严重干涉中国内政，严重损害中国主权和领土完整。依据《中华人民共和国反外国制裁法》有关规定，中方决定对美国军工企业及高级管理人员采取反制措施。,林剑
t20241217_11495561.html,《人民日报》记者,我们注意到，昨日在巴拉圭亚松森举行的联合国教科文组织保护非物质文化遗产政府间委员会第19届常会上，中国申报的“春节——中国人庆祝传统新年的社会实践”通过评审，被列入联合国教科文组织人类非物质文化遗产代表作名录。发言人对此有何评论？,我们祝贺春节申遗成功！春节是中华文化最古老、最重要的传统节日，也是辞旧迎新、阖家团圆的重要时刻。写福字、贴春联、包饺子、舞龙舞狮这些春节习俗相信大家都很熟悉。,林剑
t20241217_11495561.html,埃菲社记者,委内瑞拉政府宣布，委副总统罗德里格斯已抵达北京。根据委方发布的消息，他计划与多位中国官员会面。中方能否介绍关于访问的具体安排以及中委关系现状？,中国和委内瑞拉是全天候战略伙伴。去年9月，委内瑞拉总统马杜罗对华进行国事访问，习近平主席和马杜罗总统举行了富有成果的会谈，为中委关系发展指明了方向。,林剑
t20241217_11495561.html,共同社记者,据日媒报道，日本外相将于本月底对中国进行正式访问，双方工作层正就两国外长会面进行磋商。请问发言人对此有何期待？,中方重视同日方保持各领域、各层级对话沟通，愿同日方共同致力于推动中日关系改善发展。关于你提到的具体访问，目前我没有可以提供的信息。,林剑
t20241217_11495561.html,法新社记者,昨天，台湾领导人赖清德与美国国会众议长约翰逊通话。中方对此有何评论？,近日，中方已多次就美方执意安排赖清德“过境”和美台官方往来表明严正立场。我要再次强调，台湾问题是中国核心利益中的核心，是中美关系第一条不可逾越的红线。我们敦促美方认清“台独”分裂行径对台海和平稳定的严重危害，切实恪守一个中国原则和中美三个联合公报，兑现美国领导人不支持“台独”等承诺，停止干涉中国内政，停止向“台独”分裂势力发出错误信号。中方将采取坚决有力措施，坚定捍卫国家主权和领土完整。,林剑
t20241217_11495561.html,《环球时报》记者,3日，英国广播公司（BBC）发布所谓调查报道，称英国超市售卖的多种番茄酱可能含有来自中国新疆的番茄原料，这些番茄可能是“强迫劳动”的产物。BBC还发布了一段所谓揭秘新疆番茄涉及“强迫劳动”的视频，呼吁西方国家停止使用新疆番茄原料或成品。发言人对此有何评论？,我们多次强调，新疆不存在“强迫劳动”，中国政府也始终坚决反对并严厉打击强迫劳动。新疆番茄和新疆棉花一样，都是享誉世界、家喻户晓的优质产品，从种植到采收已基本实现机械化，机采率分别超过90%和85%，又何谈“强迫劳动”呢？,林剑
t20241217_11495561.html,法新社记者,中方对韩国局势包括短暂实施紧急戒严有无进一步评论？中方认为韩国政局将如何影响朝鲜半岛稳定？,关于你提到的问题，昨天我们已经作出了回应，你可以查阅。我可以重申，中方注意到有关情况。对于韩国内政，不予评论。中方在朝鲜半岛问题上的立场没有变化。,林剑
t20241217_11495561.html,中新社记者,昨天，海南自贸港全球推介活动成功举行。外交部能否进一步介绍有关情况？,昨天，以“中国式现代化的地方实践：海南自由贸易港 新时代 新使命 新机遇”为主题的外交部海南自贸港全球推介活动在蓝厅成功举行。中共中央政治局委员、外交部长王毅出席并致辞。外交部已经发了消息，相信在座的很多记者也参加并报道了这场活动。,林剑
t20241217_11495561.html,法新社记者,《俄朝全面战略伙伴关系条约》昨日生效。中方对此有何评论？,这是俄朝两个主权国家之间的事情。,林剑
t20241217_11495561.html,深圳卫视直新闻记者,我们注意到，中国在联合国正式发起成立人工智能能力建设国际合作之友小组。请问中方能否介绍有关情况？,12月3日，中国和赞比亚在纽约联合国总部共同举办人工智能能力建设国际合作之友小组首次会议，宣布之友小组正式成立，埃及、巴基斯坦、巴西、埃塞俄比亚、印度尼西亚、俄罗斯、美国、法国、英国等80个国家派员参会。这是推进落实人工智能能力建设联大决议的后续行动，充分彰显中方推动人工智能包容普惠发展的决心。,林剑
t20241217_11495569.html,总台央视记者,发言人刚才发布了李强总理将与10个国际经济组织负责人举行对话会的信息，中方对此次“1+10”对话会有何期待？,当前百年变局加速演进，世界进入新的动荡变革期，世界经济复苏乏力，全球性挑战显著增多。习近平主席上个月出席亚太经济合作组织领导人非正式会议和二十国集团领导人峰会时呼吁，国际社会要加强国际宏观经济政策协调，营造开放、包容、非歧视的国际经济合作环境。,林剑
t20241217_11495569.html,香港中评社记者,据报道，中国台湾地区领导人赖清德已结束“过境”美国夏威夷、关岛。发言人对此有何评论？,美方执意安排中国台湾地区领导人赖清德“过境”美国夏威夷、关岛，开展官方往来，助台拓展所谓“国际空间”，为“台独”分裂活动提供平台，严重违反一个中国原则和中美三个联合公报，损害中国主权和领土完整，向“台独”分裂势力发出严重错误信号。中方对此强烈不满，已向美方提出严正交涉。,林剑
t20241217_11495569.html,路透社记者,赖清德现已返台，中方是否计划在台岛周围举行更多军事演习？,台湾问题是中国核心利益中的核心，是中美关系第一条不可逾越的红线。中方捍卫国家主权和领土完整的决心坚定不移。,林剑
t20241217_11495569.html,彭博社记者,赖清德周五称，有信心与特朗普政府深化合作。此前，赖与美国国会众议长、共和党议员约翰逊通话。发言人对赖的言论有何评论？,中方已就这个问题多次阐明严正立场。中方坚决反对任何形式的美台官方往来，坚决反对美方以任何形式纵容支持“台独”分裂分子及其分裂行径。,林剑
t20241217_11495569.html,《北京青年报》记者,上周末，中国塔克拉玛干沙漠实现3000多公里生态屏障全面锁边“合龙”，用绿色阻沙防护带围起这个中国最大、世界第二大的流动沙漠。国际社会高度关注，认为这项世界最大规模的植树造林工程，不仅有助于防治荒漠化，也为改善全球森林覆盖率作出重要贡献，是应对全球气变挑战的“绿色长城”。发言人对此有何评论？,我们为塔克拉玛干沙漠绿色阻沙防护带锁边“合龙”点赞，也向一代又一代防沙治沙人久久为功、接力前行致敬。,林剑
t20241217_11495569.html,法新社记者,昨天，巴拉圭外交部以“干涉巴内政”为由宣布取消一名中国外交官的签证，限其24小时离境。外交部对此有何评论？,日前，中国政府代表团应邀赴巴拉圭出席联合国教科文组织保护非物质文化遗产政府间委员会第19届常会。作为联合国和联合国教科文组织成员以及此次常会的主办方，巴方有关部门对中国代表团有关成员的指责和要求毫无道理和依据，严重违反国际通行做法，中方坚决反对。,林剑
t20241217_11495569.html,新华社记者,中方发布了王毅外长将主持中越双边合作指导委员会第十六次会议的消息，发言人能否介绍此次会议有关安排和中方期待？中方如何看待当前中越关系？,中共中央政治局委员、外交部长王毅将于12月10日在北京同越南副总理兼外长裴青山共同主持中越双边合作指导委员会第十六次会议，就落实两党两国最高领导人共识、深化中越命运共同体建设交换意见，重点探讨推进互联互通、贸易投资、数字经济、绿色发展等领域合作。会议期间，双方还将共同出席中越陆地边界划界25周年暨“三个法律文件”签署15周年纪念活动。,林剑
t20241217_11495569.html,塔斯社记者,俄罗斯外长拉夫罗夫接受美国媒体采访时表示，俄罗斯并不认为解决乌克兰危机只是莫斯科和华盛顿的责任，俄更愿意以多边形式试着解决这个问题。中方对此有何评论？,对于乌克兰危机，中方的立场是一贯的。我们始终认为对话谈判是解决危机的唯一可行出路，国际社会要为冲突双方恢复直接对话创造条件。只有所有大国都发挥正能量，这场冲突才能尽早出现停火曙光。,林剑
t20241217_11495569.html,法新社记者,美国当选总统特朗普宣布，国会前参议员戴维·珀杜已接受新任美国驻华大使提名。珀杜是特朗普的亲密政治盟友，曾在香港工作。外交部对此有何评论？,我注意到有关报道。,林剑
t20241217_11495569.html,中新社记者,我们注意到，今年高质量共建“一带一路”取得不少重要进展，受到国际社会高度关注。美国经济学家萨克斯本周接受采访表示，我是共建“一带一路”倡议的坚定支持者，中国正在促进全球基础设施发展。发言人对此有何评论？能否介绍今年高质量共建“一带一路”成果？,一年来，高质量共建“一带一路”取得了实打实、沉甸甸的成果。中国与埃及、东帝汶、秘鲁、巴西等多国签署共建“一带一路”合作文件，成立“一带一路”国际合作高峰论坛秘书处，在能源、税收、减灾等专业领域建立30多个多边合作平台。今年前10个月，中国与共建国家间货物贸易额累计达16.94万亿元，增长6.2%，中国企业在共建国家新签承包工程合同额超1万亿元，增长17.1%。中欧跨里海直达快运正式开通，中欧班列累计开行突破10万列，发送货物超过1100万标箱，货值超4200亿美元。西部陆海新通道班列年内运输货物突破80万标箱，通达全球125个国家和地区的542个港口。,林剑
t20241217_11495569.html,总台华语环球节目中心记者,我们注意到，中国给予最不发达国家100%税目产品零关税待遇已于本周正式生效。作为集中最多受益国的大陆，非洲国家对此普遍表示欢迎，认为这一举措顺应全球南方发展需要，将促进非中贸易往来。发言人对此有何评论？,给予包括33个非洲国家在内的所有同中国建交的最不发达国家100%税目产品零关税待遇，是习近平主席在今年中非合作论坛北京峰会上宣布的重大举措。中国为非洲国家优质产品更加便捷快速进入中国大市场创造了有利条件，进一步带动非洲产业发展，促进就业增长和减贫进程，成为实施这一举措的首个发展中大国和世界主要经济体，彰显中国推进高水平对外开放的决心。,林剑
t20241217_11495569.html,中阿卫视记者,昨天，叙利亚首都遭到无人机袭击并且传出枪炮声，中国驻叙利亚使馆建议在叙中国公民尽快回国或离境。叙利亚局势越来越紧张，中方如何看待叙局势？是否会敦促中国公民尽快离开叙利亚？,中方密切关注叙利亚局势发展，希望叙利亚尽快恢复国家稳定。,林剑
t20241217_11495569.html,法新社记者,赖清德今天在帕劳称，台湾和中国“互不隶属”。发言人对此有何评论？,“台独”势力的分裂活动和外部势力的纵容支持是台海和平稳定面临的最大威胁。赖清德和民进党当局一贯打着各种幌子搞“台独”分裂。无论他们说什么、做什么，都改变不了台湾是中国一部分的客观事实，更阻挡不了中国终将统一、也必然统一的历史大势。“倚外谋独”必定失败。,林剑
t20241217_11495571.html,中阿卫视记者,叙利亚巴沙尔政权已经结束，新的政府即将成立。中方如何评论当前叙利亚局势？是否会和新政府建立联系？,中方密切关注叙利亚局势发展，希望各相关方从叙利亚人民根本利益出发，尽快找到恢复叙利亚稳定的政治解决方案。,毛宁
t20241217_11495571.html,土耳其阿纳多卢通讯社记者,阿萨德家族和复兴党在叙利亚61年的统治已结束。叙利亚内战持续了13年，造成数万名叙利亚民众死亡，数百万人流离失所。中方如何看待近期叙利亚局势发展以及叙利亚的未来？,叙利亚的前途和命运应当由叙利亚人民决定。我们希望各相关方本着对叙利亚人民长远和根本利益负责的原则，尽快找到恢复稳定秩序的政治解决方案。,毛宁
t20241217_11495571.html,总台央视记者,据了解，李强总理今天与全球主要国际经济组织负责人举行了“1+10”对话会。发言人能否介绍更多情况？,今天上午，国务院总理李强同主要国际经济组织负责人举行了“1+10”对话会，围绕“凝聚发展共识、促进全球共同繁荣”主题进行了深入交流。多年来，中方领导人与主要国际经济组织负责人定期举行对话会，为加强沟通交流、共同促进世界经济增长、完善全球经济治理发挥了积极作用。,毛宁
t20241217_11495571.html,法新社记者,台湾“国防部”今天称在台湾周边海域发现中国军舰和海警船，并称中国人民解放军已对中国沿海空域实施限制措施。中方对此有何评论？是否会在台湾周边举行军演？,首先我要告诉你的是，台湾没有什么“国防部”，台湾是中国领土不可分割的一部分。台湾问题是中国内政，中方将坚定维护国家主权和领土完整。,毛宁
t20241217_11495571.html,中阿卫视记者,有消息称，以色列趁乱占领了叙利亚戈兰高地地区并空袭了大马士革的设施。中方如何评论？,中方密切关注叙利亚局势的发展，叙利亚的主权和领土完整应当得到尊重。,毛宁
t20241217_11495571.html,土耳其阿纳多卢通讯社记者,在巴沙尔政权时期，中国曾是叙利亚的友好国家之一，中方认为巴沙尔政权快速倒台的原因是什么？叙利亚局势怎么会发展到目前的情形？,中国和叙利亚的友好关系面向全体叙利亚人民，我们希望叙利亚能够尽快恢复稳定。,毛宁
t20241217_11495571.html,法新社记者,中方是否与巴沙尔有联系？,我们正密切关注局势发展，希望叙利亚尽快恢复稳定，各相关方能够找到恢复稳定秩序的政治解决方案。,毛宁
t20241217_11495571.html,法新社记者,韩国总统尹锡悦上周宣布戒严令并随后撤销，引发首尔街头大规模抗议，导致韩国未来政局变得不明朗。韩国局势动荡对中韩关系有何影响？,对于韩国内政，我不作评论。中方对于中韩关系的立场是一贯的。,毛宁
t20241217_11495571.html,土耳其阿纳多卢通讯社记者,一些政治评论员认为，巴沙尔政权倒台与失去俄罗斯和伊朗支持有关。你如何看待这种说法？,刚才我已经介绍了中方对叙利亚局势的立场。对于个人看法，我不作评论。,毛宁
t20241217_11495574.html,新华社记者,今天上午，国家主席习近平与主要国际经济组织负责人举行会见。发言人能否进一步介绍会见有关情况？,今天上午，习近平主席在人民大会堂会见来华出席“1+10”对话会的主要国际经济组织负责人。习主席指出，当前，百年变局加速演进，世界进入新的动荡变革期，再次处于关键十字路口。中方愿同主要国际经济组织践行多边主义，促进国际合作，支持全球南方国家发展，推动平等有序的世界多极化、普惠包容的经济全球化，建设一个共同发展的公正世界。,毛宁
t20241217_11495574.html,法新社记者,台湾方面今天称，中国大陆近日在台湾周边海域部署的军舰规模已超过2022年时任美国众议长佩洛西访台后中方举行军演时的规模。外交部对此有何评论？中方是否正在或计划于本周在台湾周边举行军演？,具体问题建议向中方主管部门了解。我可以告诉你的是，台湾问题是中国内政，中方将坚定捍卫国家主权和领土完整。,毛宁
t20241217_11495574.html,《人民日报》记者,12月10日是世界人权日，也是《世界人权宣言》发表76周年纪念日。发言人能否介绍中方在人权保护领域所做工作？我们注意到一些西方国家经常指责中国人权状况，中方有何回应？,76年前发表的《世界人权宣言》在人类文明发展史上具有重大意义，对世界人权事业发展产生深刻影响。,毛宁
t20241217_11495574.html,路透社记者,中方在福建、浙江、上海沿海临时划设了持续至11日的“空域保留区”，中方是否就此向其他国家通报？,我不了解你提到的情况，建议向主管部门询问。,毛宁
t20241217_11495574.html,中新社记者,据报道，欧盟中国商会9日发布《中国企业在欧盟发展报告》，指出“不确定性”成为当前在欧中企运营的关键词，并向欧盟机构和成员国政府提出一系列政策建议，以便改善中资企业在欧盟的营商环境。中方对此有何评论？,我们注意到欧盟中国商会发布的有关报告。报告反映出在欧中资企业对于欧盟营商环境持续恶化的显著担忧，68%的受访企业认为，过去一年间欧盟整体营商环境恶化；超过半数的受访企业认为，欧盟市场已不再公平开放；78%的受访企业将“不确定性”作为当前在欧运营的关键词。,毛宁
t20241217_11495574.html,《北京青年报》记者,近日，中方作为五核国机制协调员，在阿联酋迪拜召集举行了五核国专家会。中方能否介绍有关情况？,12月4日，中方作为五核国机制协调员，在阿联酋迪拜召集举行五核国专家会。五个核武器国家（中国、法国、俄罗斯、英国、美国）代表与会。各方就核政策等问题进行了坦率沟通，均认为有关讨论十分及时，有助于增进对彼此核政策的了解，避免误解误判。中方将继续作为协调员支持五核国展开讨论。,毛宁
t20241217_11495574.html,法新社记者,缅甸主要少数民族地方武装克钦独立军昨天透露，已派代表团赴中国举行会谈，但没有提供会谈地点、内容等相关细节。你能否证实并提供更多细节？,中方高度关注缅北局势，不愿看到缅甸生战生乱，一直在劝促缅有关各方坚持对话协商，尽快停火止战，不得危害中国边境和在缅项目企业人员安全。中方将继续积极劝和促谈，为缅甸和平进程提供力所能及的支持和帮助。,毛宁
t20241217_11495574.html,深圳卫视记者,近日，针对美方称将对实施香港国安法的香港官员实施新的签证限制，外交部发言人曾表示将坚决反制。中方能否介绍具体反制措施？,我们已经对美方有关动向阐明了严正立场。美国借涉港问题对中方官员滥施签证限制，粗暴干涉中国内政，严重违反国际法原则和国际关系基本准则。依据《中华人民共和国对外关系法》《中华人民共和国反外国制裁法》有关规定，中方决定对在涉港问题上表现恶劣的美方人员采取签证限制。,毛宁
t20241217_11495574.html,彭博社记者,菲律宾总统马科斯称，菲方不会派遣军舰在南海有争议的水域同中国对抗，中方对此有何回应？,近期中菲的海上事态完全是菲律宾方面执意侵权挑衅导致。中方将继续依法坚定维护自身主权和权益。,毛宁
t20241217_11495577.html,塔斯社记者,据报道，俄罗斯联邦安全会议副主席梅德韦杰夫今天开始访问中国，外交部能否进一步介绍相关情况？中方对这次访问有何期待？,统一俄罗斯党主席梅德韦杰夫先生访华是中俄之间一次重要的高层交往。访问情况中方会及时发布信息，你可以保持关注。,毛宁
t20241217_11495577.html,《北京日报》记者,近日，美国战略与国际研究中心发布《中国在古巴的情报足迹：新证据及对美国安全的影响》报告，称在古巴有4个地点最有可能支持中国收集美国及其邻国的情报，建议美国及其地区伙伴加强监视中国在古巴日益增长的存在。中方对此有何评论？,我注意到有关情况。正如古巴副外长德科西奥指出的，美国智库关于所谓中国在古巴军事基地的说法纯属天方夜谭。,毛宁
t20241217_11495577.html,法新社记者,一名负责安全事务的台湾高级官员今天向法新社透露，本周中国大陆明显会在台岛周边举行军演，目的是在美当选总统特朗普上台前对美划出红线。外交部能否确认中方举行了军演？对此有何评论？,具体问题建议向中方主管部门了解。我可以告诉你的是，台湾问题是中美关系第一条不可逾越的红线，这是我们的一贯立场。坚持一个中国原则是维护台海和平稳定的关键所在，中国将坚定捍卫国家主权和领土完整。,毛宁
t20241217_11495577.html,湖北广电记者,当地时间12月10日，加拿大外长乔利发表声明，以违反人权为由宣布对中国有关人员进行制裁。中方对此有何评论？,加拿大政府罔顾事实，打着所谓人权幌子对中方进行污蔑抹黑，对中方人员实施非法制裁措施，粗暴干涉中国内政，严重违反国际法和国际关系基本准则，中方对此坚决反对，予以强烈谴责。,毛宁
t20241217_11495577.html,韩国新一社记者,据韩国媒体报道，新任中国驻韩大使将于本月赴韩履新。中方有何评论？有何期待？,中国新任驻韩国大使情况，请你关注外交部网站。对于中韩关系，中方的立场是一贯的，愿同韩方一道推动两国关系向前发展。,毛宁
t20241217_11495577.html,路透社记者,中国一直是柬埔寨最大债权国，但柬埔寨财政部数据显示，中国今年没有批准向柬埔寨提供贷款。具体原因是什么？,具体问题建议向中方主管部门了解。我可以告诉你的是，中国和柬埔寨是铁杆朋友，我们会继续加强同柬埔寨各领域合作，支持柬埔寨促进发展、改善民生。,毛宁
t20241217_11495577.html,法新社记者,美国方面昨天称，悬赏1000万美元征集相关信息，以缉拿于2020年4月通过对电脑防火墙进行黑客攻击实施诈骗的一名中国男子及其同谋。美财政部宣布已制裁该男子所属的公司。外交部对此案件有何评论？,中方一贯坚决反对并依法打击各种形式的网络攻击，坚决反对对中方实体和个人滥施非法单边制裁和“长臂管辖”。我们敦促美方停止利用网络安全问题污蔑抹黑中国，停止滥施非法单边制裁。中方将采取必要措施，维护中国企业和公民的正当合法权益。,毛宁
t20241217_11495577.html,总台央视记者,12月10日，美国商务部以“侵犯人权”为由将两家中国高科技企业列入“实体清单”。中方对此有何评论？,你提到的所谓制裁，是明目张胆打着人权的幌子打压中国高科技企业，进一步暴露出美方保护人权是假，剥夺中国人民发展权利是真。这种伎俩不可能得逞。,毛宁
t20241217_11495582.html,总台华语环球节目中心记者,日前，上海合作组织秘书长张明接受中央广播电视总台《高端访谈》栏目专访，就习近平主席提出的建设上合组织“五个共同家园”倡议、“上海精神”的现实意义、上合组织国家参与高质量共建“一带一路”等回答记者提问。张明秘书长表示，中国接任轮值主席国，各方都有着很高的期待，希望未来一年上合组织取得长足发展，明年将在中国举行的峰会取得丰富成果，成为上合组织发展历程中又一个重要里程碑。发言人能否介绍中方将如何做好主席国工作？,上海合作组织成立以来，始终遵循互信、互利、平等、协商、尊重多样文明、谋求共同发展的“上海精神”，成为当今世界覆盖面积最广、人口最多的区域性国际组织，树立了构建新型国际关系的典范。,毛宁
t20241217_11495582.html,韩国《中央日报》记者,韩国总统尹锡悦今天向韩国国民发表谈话，谈到中国公民威胁韩国安全的案例，还说中国生产的太阳能设备将会破坏韩国的森林。对此中国政府有何看法？,中方注意到有关情况，对韩方上述言论深感意外和不满。中方对韩国内政不作评论，但坚决反对韩方将内政问题同涉华因素相关联、炒作莫须有的所谓“中国间谍”、抹黑正常经贸合作。这不利于中韩关系健康稳定发展。中国政府一贯要求在海外中国公民遵守当地法律法规。我们注意到，韩方提到的有关个案尚未形成结论，中韩相关部门一直保持着沟通。中方再次敦促韩方公正处理涉中国公民案件，及时向中方通报案件处理情况，切实保障涉事中国公民的安全与合法权益。中国绿色产业发展是全球市场需求、技术创新和充分竞争的结果，也为应对气候变化、完善全球环境治理作出了重要贡献。,毛宁
t20241217_11495582.html,《中国日报》记者,能否介绍法国总统外事顾问博纳来华安排和中方期待？,法国总统外事顾问博纳来华期间，王毅主任将同他举行中法战略对话，就落实两国元首共识，深化中法各领域合作进行战略沟通，并就共同关心的国际和地区问题深入交换意见。,毛宁
t20241217_11495582.html,总台中国之声记者,加纳选举委员会宣布，全国民主大会党总统候选人马哈马赢得2024年总统选举，当选新一任加纳总统。中方对此有何评论，对中加关系发展有何期待？,中方祝贺马哈马先生当选加纳总统，习近平主席已经向马哈马总统致贺电，相信在马哈马总统领导下，加纳国家建设和发展事业将取得更大成就。,毛宁
t20241217_11495582.html,法新社记者,美国司法部昨天称，一名中国公民被控操作无人机飞跃位于加州的范登堡太空军基地并拍摄美军队设施照片。该男子在旧金山即将登机前往中国时被捕。中方是否注意到该案件？对此有何评论？,我不了解你提到的情况。,毛宁
t20241217_11495582.html,路透社记者,根据多个消息来源，为同下一届美国政府建立关系，台湾当局已派两名高级官员前往华盛顿与当选总统特朗普团队接触。外交部对此有何评论？,中方在台湾问题上的立场是一贯的、明确的。我们敦促美方恪守一个中国原则和中美三个联合公报，慎重处理台湾问题，不要向“台独”分裂势力发出任何错误信号。,毛宁
t20241217_11495582.html,深圳卫视记者,据了解，12月12日，台湾所谓“外交部次长”吴志中以赖清德“特使”身份出席索马里兰所谓“总统”就职仪式。请问中方对此有何评论？,我们注意到有关报道。我愿重申，世界上只有一个中国，台湾是中国不可分割的一部分。一个中国原则是国际关系基本准则和国际社会普遍共识。民进党当局倚外谋“独”、分裂国家的图谋终归徒劳。 中方已就此阐明严正立场。加方某些政治人物出于不可告人的目的，打着所谓人权幌子搞政治操弄、向美国献媚，进行拙劣表演，极其虚伪，这是一场彻头彻尾的政治闹剧，国际社会对此看得一清二楚。,毛宁
t20241217_11495590.html,韩联社记者,今天，韩国外交部针对昨天尹锡悦总统就中国公民涉事案件发表的言论和中国外交部的反应表示：“无论最近韩国国内局势如何，韩国将继续发展与中国的双边关系，同时与中国保持必要的沟通。”对此中方如何评价？,我注意到韩国外交部的有关表态。关于韩方昨天有关涉华言论，我们已经表明中方立场。推动中韩关系健康稳定发展符合双方共同利益。希望韩方为此作出积极努力。,毛宁
t20241217_11495590.html,《中国日报》记者,在刚刚揭晓的2024年中国国际传播年度热词榜上，“中国游”名列前十。“ChinaTravel中国游”打开了世界了解中国的新窗口、新通道，快乐的“中国游”让外国游客更加全面深入地认识中国、探索中国，他们也在亲身游历后刷新了对中国的认知。不少外国旅游博主表示“中国并不像我们原来想象的那样”“看到了一个西方媒体永远不会展现的中国”。发言人对此有何评论？,“中国游”的蓬勃发展是中国推进高水平对外开放的直接体现。今年前三季度，中国入境游客约9500万人次，同比增长近80%。随着中国开放的大门越开越大、“免签朋友圈”不断扩容，相信“中国游”的热度会更高。,毛宁
t20241217_11495590.html,《环球时报》记者,近日，《全球发展报告2024》发布会在北京举行。与会代表普遍认为，报告内容详实、数据丰富，对国际社会凝聚发展共识、应对共同挑战具有积极作用，各方并高度肯定中国为推进全球发展事业所作贡献，认为中方提出的全球发展倡议顺应各国发展呼声，有助于推动联合国2030年可持续发展议程重回正轨。发言人对此有何评论？,发布《全球发展报告》是落实全球发展倡议的一项重要举措。这是中方有关机构发布的第三份年度报告，旨在凝聚聚焦发展的国际共识，探讨应对全球发展挑战的思路和合作路径。,毛宁
t20241217_11495590.html,路透社记者,中国国防部今天上午表示，菲律宾在美国的怂恿支持下，连续在南海地区多个点位挑衅滋事。外交部能否举出美国怂恿的具体例子？,国防部的表态你可以向国防部了解。关于中菲海上争议，我们已经多次阐明立场、介绍情况，你可以查阅。,毛宁
t20241217_11495590.html,东方卫视记者,据报道，美国国会联邦参议员斯科特日前发布声明称，中国产大蒜对美国食品安全构成“极大威胁”，要求将中国大蒜列入“使用童工或强迫劳动生产的商品清单”并发起301调查。美国国会众议院已经审议通过的“2025财年国防授权法案”中，也包括要求美军商店禁止销售中国大蒜的条款。中方对此有何评论？,不知道你有没有注意到，美国有关政客的谎言谬论已经引发了中国网民的群嘲。相信大蒜做梦也没有想到，竟能对美国产生“极大威胁”。从无人机到起重机，从冰箱到大蒜，被美国扣上“国家安全风险”帽子的中国产品越来越多，但是美方所谓的证据和理由哪一条能经得起检验？世人看得很清楚，这些不过是美国大搞保护主义，滥用国家力量遏制打压中国发展，强推“脱钩断链”的幌子罢了。,毛宁
t20241217_11495596.html,韩联社记者,14日，韩国国会通过了对尹锡悦总统的弹劾案，尹被停职。中方如何看待此次弹劾，以及弹劾对韩中关系和朝鲜半岛局势有何影响？中国驻韩大使任命是否因此推迟？,我们注意到近期韩国政局变化。这是韩国内政，我不作评论。,林剑
t20241217_11495596.html,新华社记者,中方刚发布了塞尔维亚外长久里奇访华消息。中方如何看待当前中塞关系？对此访有何期待？,中方欢迎塞尔维亚外长久里奇来访。,林剑
t20241217_11495596.html,中国新闻社记者,据科技部消息，中美已长期续签《中美科技合作协定》。中方对此有何评论？,中美两国政府代表已于2024年12月13日在北京换文签署了《关于修订和延长两国政府科学技术合作协定的议定书》，将《中美科技合作协定》自2024年8月27日起延期5年。,林剑
t20241217_11495596.html,法新社记者,台湾“国防部”称已收到美国38辆“艾布拉姆斯”主战坦克。中方对此有何评论？,首先，我要纠正你的是，台湾不存在什么“国防部”。中方坚决反对美台军事联系和美对台出售武器的立场是一贯的、明确的。我们敦促美方恪守一个中国原则和中美三个联合公报特别是“八·一七”公报规定，停止武装台湾，停止纵容支持“台独”势力“以武谋独”。台湾当局“以武谋独”“倚洋谋独”的图谋注定不可能得逞。中方将坚定捍卫国家主权、安全和领土完整。,林剑
t20241217_11495596.html,法新社记者,美国军舰于周一抵达柬埔寨，离中国改造的云壤海军基地仅数千米之远。此为美军舰八年来首次造访柬埔寨。中方对此有何评论？,我们注意到有关报道。中方主张，各国开展安全与防务交流合作应有利于促进地区和平稳定，而不是相反。,林剑
t20241217_11495596.html,印度报业托拉斯记者,中印两国今年10月达成边界问题协议后，中印边境问题特别代表中国外交部长王毅、印度国家安全顾问多瓦尔将举行会谈。据猜测，该会谈将于近期举行。你能否提供会谈具体日期？,近期，中印两国领导人在喀山举行会晤，就发挥好两国边界问题特别代表会晤机制作用达成重要共识。目前，双方正就举办新一次特代会晤保持着密切沟通。如有进一步消息，中方将及时发布。,林剑
t20241217_11495596.html,法新社记者,据共同社报道，日本外相岩屋毅正安排于12月25日与中国外长王毅会谈。外交部能否证实，并提供更多细节？,中方重视同日方保持各领域、各层级对话沟通，愿同日方共同致力于推动中日关系改善发展。关于你提到的具体访问，目前我没有可以提供的信息。,林剑
t20241217_11495600.html,路透社记者,王毅外长将于明天同印度国家安全顾问多瓦尔举行中印边界问题特别代表第23次会晤。该高级别会晤上次于2019年12月举行。发言人能否介绍双方将讨论的内容，以及重建中印之间信任需采取的行动？,中方昨天已发布了消息，中印边界问题特别代表第23次会晤将于12月18日在北京举行。我们会适时发布会晤相关信息，请你保持关注。,林剑
t20241217_11495600.html,法新社记者,为削弱俄罗斯对乌克兰的战争行动，欧盟理事会昨日宣布实施新一轮制裁，首次对中国实体实施“全面制裁”，包括采取旅行禁令和资产冻结。外交部对此有何评论？,中方一贯反对没有国际法依据、未经联合国安理会授权的单边制裁。对欧盟无理制裁中国企业表示强烈不满、坚决反对。在乌克兰问题上，中国一直致力于劝和促谈，从未向冲突方提供武器，严格管控军民两用物项出口，对无人机出口管制范围和措施是全球最严水平。中俄企业正常交往合作不应受到干扰和影响。当前包括欧美在内的大多数国家都在同俄罗斯开展贸易。我们敦促欧方不要在对俄经贸合作问题上搞双重标准，停止在没有事实依据的情况下对中方抹黑推责，停止损害中国企业合法利益。中方将采取必要措施，坚决维护中国企业的正当合法权益。,林剑
t20241217_11495600.html,《北京日报》记者,近段时间，海外社交平台上关于来华旅行的图文和视频备受欢迎。以“China Travel”为标签的单支视频在YouTube平台上播放量最高突破8000万次，TikTok视频总播放量近10亿。“周五下班去中国”也成为韩国等国社交媒体的新热词。发言人对此有何评论？,我也在网上看到不少外国网友“中国游”的视频，很多外国朋友通过镜头展现中国现代都市的繁华盛景和普通百姓的烟火日常。这其中既有对中国充满好奇的“头回客”，也有为中国魅力所吸引的“回头客”。,林剑
t20241217_11495600.html,路透社记者,中国制裁了特朗普第一任期内的27名美国官员，包括美前国务卿蓬佩奥。你能否证实这些人士仍受到中方制裁？,我没有可以提供的信息。,林剑
t20241217_11495600.html,法新社记者,一名中国商人否认参与了间谍行动。英国首相斯塔默昨日表示，英政府“对中国构成的挑战表示关切”。中方对此有何回应？,所谓“中国间谍”的指控十分荒唐。我想指出，中英关系发展既符合两国共同利益，也有利于促进世界经济增长、应对全球性挑战。希望英方同中方相向而行，多积累积极因素，彰显两国合作互利共赢的本质。,林剑
t20241218_11501265.html,总台央视记者,12月20日，澳门将迎来庆祝回归25周年。发言人如何评价澳门回归以来取得的对外交往合作成果？,澳门回归祖国25年来，具有澳门特色的“一国两制”实践取得举世瞩目成就，宪法和澳门基本法确立的宪制秩序牢固树立，经济快速发展，民生持续改善，社会和谐稳定。,林剑
t20241218_11501265.html,路透社记者,美国国会将在未来几天就限制美对华投资相关法案进行投票，该法案将扩大对技术投资的限制，并包括涉华国家安全关切的相关条款。中方对此有何回应？,中美经贸合作互利共赢，造福两国人民。泛化国家安全概念、出于政治目的对正常经贸往来人为设置障碍的做法，违背美方一贯标榜的市场经济、公平竞争、自由贸易原则，扰乱全球产供链稳定，不符合任何一方利益。中方敦促美方有关政客停止将经贸问题政治化、武器化，为两国经贸合作创造必要条件。,林剑
t20241218_11501265.html,印度报业托拉斯记者,中国外交部长王毅和印度国家安全顾问多瓦尔于今日举行中印边界问题特别代表会议第23次会晤。发言人能否提供更多信息？,据我了解，有关活动还在进行中。我们会适时发布消息，请你保持关注。,林剑
t20241218_11501265.html,法新社记者,太平洋岛国瓦努阿图发生7.3级地震，至少2名中国公民遇难。外交部能否予以证实？中方是否会协助瓦努阿图救灾？,中方高度关注瓦努阿图地震灾情，对瓦方表示诚挚慰问，希望瓦政府和人民早日克服困难，恢复正常生产生活。中国援瓦医疗队正在当地医院积极参与治疗当地受伤民众，当地中资企业主动调用机械设备，帮助瓦方开展救灾，受到瓦努阿图政府和民众好评。中方将与瓦政府保持密切联系，及时向瓦努阿图赈灾提供支持。,林剑
t20241218_11501265.html,《北京青年报》记者,据报道，上周末《黑神话：悟空》在被称为“游戏界奥斯卡”的全球年度游戏大奖TGA中获多项提名并最终斩获年度“最佳动作游戏”和“玩家之声”两个奖项，实现中国游戏史上“零的突破”。发言人对此有何评论？,我们对《黑神话：悟空》获奖表示祝贺。很高兴看到《西游记》这部400多年前的中国神话小说在数字化技术“加持”下大放异彩，“圈粉”全球玩家。,林剑
t20241218_11501265.html,路透社记者,美国议员已提出三项针对中方在芬太尼危机中作用的法案，将建立特别工作组阻止毒品贩运，为制裁中国实体铺平道路。外交部对此有何回应？,中方坚决反对美方一些政客扭曲事实、散布虚假信息、抹黑中方禁毒努力。中国是禁毒最坚决、政策最彻底、纪录最良好的国家，也是世界上列管物质最多、管制最严格的国家之一。中国禁毒部门始终严格依法打击制毒化学品流失，规范相关企业合法合规经营。,林剑
t20241219_11505778.html,总台华语环球节目中心记者,日前，中央经济工作会议成功举行。外媒评论认为，在全球经济复苏乏力、全球化面临空前挑战之际，会议凸显了中国仍是全球经济增长最大引擎，将巩固中国作为全球经济增长领导者地位。我们也注意到，近日中国英国商会和中国德国商会分别发布调查报告，76%的英国企业计划维持或增加在华投资，92%的德国企业将继续在华运营、超过一半将在未来两年内增加投资。发言人对此有何评论？,今年以来，面对世界经济不确定性上升，中国坚定推进高质量发展和高水平对外开放，经济运行总体平稳、稳中有进，持续成为世界经济的“稳定锚”和“动力源”。前三季度，中国经济增长4.8%，在全球主要经济体中名列前茅。前11个月，货物进出口总额同比增长4.9%，新设外商投资企业增长8.9%，全年的经济社会发展目标即将顺利实现。中国连续多年举办进博会、链博会，给予所有建交的最不发达国家100%税目产品零关税待遇，实现制造业领域外资准入限制措施“清零”，开放指数较2008年提高11.89%，是150多个国家和地区的主要贸易伙伴，长期保持全球第二大外资流入国地位。正如你提到的，不少外国企业也计划继续增加在华投资，以实际行动投下看好中国“信任票”。,林剑
t20241219_11505778.html,法新社记者,美国国防部发布了关于中国军事和安全发展的年度报告，认为中国军队的腐败影响了中国军事现代化。中方对该报告有何回应？,美方这份报告和此前类似报告一样，罔顾事实，充满偏见，散布“中国威胁”论，不过是为维持自己的军事霸权找借口。中国坚定做世界的和平力量、稳定力量、进步力量，同时也坚决捍卫国家主权安全和领土完整。我们敦促美方摒弃冷战思维和霸权逻辑，客观、理性看待中国战略意图和国防建设，停止年复一年发表这种不负责任的报告，以实际行动维护中美两国、两军关系稳定。,林剑
t20241219_11505778.html,新华社记者,日前，美国《外交政策》杂志以“在拉丁美洲，中国做对了什么”为题刊发文章，指出中国通过基础设施投资解决了拉美长期以来被忽视的发展赤字问题，同以美国为首的西方国家带有更多意识形态色彩的援助项目形成鲜明对比。发言人是否注意到这篇文章？对其观点有何评论？,我也注意到这篇文章。如果想了解中国在拉美到底做对了什么，答案很清晰，那就是中国始终坚持相互尊重、平等互利、开放包容、合作共赢原则发展中拉友好关系。中拉之间只有相互支持、携手共进的真心实意，没有零和博弈、赢者通吃的地缘算计。,林剑
t20241219_11505778.html,塔斯社记者,美国国务卿布林肯在接受《外交事务》杂志采访时表示，美与其欧亚伙伴共同协调政策，中方对此表达不满证明了美对华政策的成功。他还说，台湾问题不仅是中国自己的事也是大家的事，因为一旦台湾地区发生危机，整个世界都会受到影响。中方对此有何评论？,中方始终按照相互尊重、和平共处、合作共赢的原则看待和发展中美关系，同时坚决捍卫自身主权安全发展利益。我们始终认为，“新冷战”打不得也打不赢，对华遏制不明智、不可取，也不会得逞。习近平主席在秘鲁利马同拜登总统会晤时总结了过去四年中美打交道的7点经验和启示，为中美关系指明了方向，希望美方认真记取，同中方相向而行。,林剑
t20241219_11505778.html,《环球时报》记者,据报道，18日，美国白宫国家禁毒政策办公室主任古普塔称，中美元首旧金山会晤以来，两国在芬太尼问题上取得了进展。中方已关闭许多销售芬太尼前体的网站、逮捕涉事人员，并列管50多种芬太尼类物质，使芬太尼造成的死亡人数出现下降。在处理对华关系时，必须确保这一领域的进展不被逆转。被问及特朗普称将就芬太尼问题对华加征关税时，古称，施压没有坏处，但施压时必须了解正在发生的事情和已经取得的进展。中方对此有何评论？,中国是世界上禁毒政策最严格、执行最彻底的国家之一。从全球毒品共治角度出发，本着人道主义善意，中国为美国应对芬太尼类问题提供了支持。2019年，中国宣布正式整类列管芬太尼类物质，是全球第一个正式整类列管芬太尼类物质的国家。,林剑
t20241219_11505778.html,路透社记者,泰国正在主办关于缅甸问题的会议，参加国包括缅甸、中国、孟加拉和印度，会议讨论的事项包括缅甸当局举行选举的计划。请问中方是否参加了此会，中方代表是谁？中方对会议有何期待，是否支持缅甸当局在目前缅内战日益升级的情况下举行选举？,缅甸问题本质上是缅甸内政。中方支持缅甸各党派在宪法和法律框架内通过对话协商妥处分歧。中方也一贯支持地区国家为推动缅甸局势回稳降温所做积极努力。关于你提到的会议，我暂时没有可以提供的情况。如有进一步消息，中方将及时发布。,林剑
t20241219_11505778.html,东方卫视记者,据报道，12月18日中日两国专家就福岛核污染水排海问题举行了新一轮对话，请问发言人能否介绍有关情况？,据了解，12月18日，中日双方专家针对日本福岛核污染水排海问题在北京开展了第三次技术对话。双方围绕长期国际监测安排和中国等利益攸关国独立取样监测安排进行了深入和建设性的讨论。,林剑
t20241219_11505778.html,路透社记者,据《华尔街日报》报道，美国政府正考虑出台一项基于国家安全的禁令，目标是一家中国路由器制造企业TP-LINK。外交部对此有何评论？,我们一贯反对美方泛化国家安全概念、针对特定国家企业采取歧视性做法。中方将采取坚决措施，坚定维护中国企业正当合法权益。,林剑
t20241219_11505778.html,法新社记者,昨日，一位名为陈金平（音）的男子在美国纽约承认代表中国政府骚扰在美的中国异见人士。去年4月，该男子被指控为中国公安部运营“秘密警察站”。中方是否在其他国家运营“秘密警察站”，对陈案有何评论？,关于你提到的案件，我不了解具体情况。中国是法治国家，一贯严格遵守国际法，尊重各国司法主权，不存在所谓“秘密警察站”。,林剑
t20241219_11505778.html,彭博社记者,据本社报道，英国正计划与中国拓展经贸投资合作。中方对此有何评论？,中英都是经济金融大国，双方合作根植于两国共同利益，顺应企业界期待，本质是互利共赢。我们也希望英方同中方相向而行，深化合作，推动中英经济关系取得更多成果，更好造福两国人民、惠及世界。,林剑
t20241219_11505778.html,深圳卫视直新闻记者,昨天，中印边界问题特别代表第23次会晤在北京举行。发言人能否进一步介绍会晤成果？对中印关系下步发展有何期待？,12月18日，中印边界问题特别代表第23次会晤在北京举行，这是五年来双方首次会晤。中方已发布会晤消息稿，同印方发布的消息稿精神和要素是一致的。我愿进一步介绍有关情况。,林剑
t20241220_11510746.html,法新社记者,美国当局周四逮捕了一位名为孙耀宁（音）的男子，指控其作为中国共产党的“代理人”影响加利福尼亚州地方政治。外交部是否了解此事，发言人对此有何评论？,关于你提到的案件，我不了解具体情况。我要强调的是，中国从不干涉别国内政。到底是谁在肆意干涉他国内政，国际社会看得很清楚。,林剑
t20241220_11510746.html,《环球时报》记者,我们注意到，日前美国《国会山报》、英国《每日电讯报》等部分西方媒体援引反华学者郑国恩报告称，美英超市出售的辣椒制品含有来自中国新疆的辣椒原料，这些辣椒可能是“强迫劳动”的产物。他们呼吁西方企业停止使用新疆辣椒原料和成品。发言人对此有何评论？,个别媒体提到的这份“报告”煞有介事援引一些所谓“匿名目击者”的模糊描述，缺乏事实支撑，甚至没有最基本的现场调查，可谓漏洞百出。事实上，新疆辣椒在种植过程中已基本实现机械化，不少主产区机采率达到100%，所谓的强迫劳动，难道是“强迫机器劳动”吗？我们也注意到，就在本周，在乌鲁木齐举行了一场新疆就业和社会保障国际研讨会，来自40多个国家、地区和国际组织的200多名嘉宾与会。他们纷纷表示目睹了一个与虚假宣传完全不同的新疆，谴责“强迫劳动”谎言严重违背事实真相，剥夺了新疆群众的劳动权、生存权和发展权。,林剑
t20241220_11510746.html,路透社记者,澳大利亚总理表示，澳政府将提供1.9亿澳元资金，支持所罗门群岛扩大警力，使其逐步减少对外部伙伴的依赖。中国和所罗门群岛签订了警务合作协议，澳方曾对此表达关切。中方对澳向所警方提供支持有何看法？,中方一贯主张，各国在发展同太平洋岛国关系时，应该秉持“三个坚持”，要坚持岛国自主、坚持发展为先、坚持开放包容。任何国家都不应该将岛国当作自己的“后院”。希望有关方能切实尊重岛国独立和主权完整，不干涉岛国内政。,林剑
t20241220_11510746.html,《中国日报》记者,据报道，美国防部日前宣布将1名囚犯从关塔那摩监狱遣返，目前仍有29名被拘留者在押关塔那摩监狱。外界评称，近年来，美国历届政府曾多次承诺关闭关塔那摩监狱，但时至今日仍未兑现承诺。尽管古巴政府曾多次抗议，美国仍非法占领关塔那摩部分领土超过120年。发言人对此有何评论？,我们注意到有关报道。美国长期非法霸占古巴关塔那摩湾部分领土，在关塔那摩监狱滥搞任意拘押，滥施刑讯逼供。美方行径严重违反国际法，严重损害古巴主权利益。包括联合国在内的国际社会已多次就此表达关切，要求美方尽快关闭关塔那摩监狱，还被拘留者以公正。美方对关闭这座“美式集中营”一再食言，这只会刷新美式人权的底线和下限。,林剑
t20241220_11510746.html,法新社记者,瑞典警方昨日表示，中国当局正对与波罗的海海缆受损事件有关的船只展开调查。丹麦外交大臣称，中国、瑞典、德国、芬兰代表已登船。外交部能否提供更多信息，对此有何评论？,中方已同包括瑞典、丹麦在内的相关国家就联合开展事实性调查进行了充分沟通，目前相关工作仍在进行中，我没有更多可以提供的信息。我愿重申，中方愿本着开放、合作、专业、客观原则，同各相关方继续加强沟通协调，共同查明事件真实情况，并使事件得到稳妥解决。,林剑
t20241220_11510746.html,路透社记者,追问海缆受损事件。外交部能否介绍中方哪个部门现场参与了“伊鹏3号”的调查？中方目前在多大程度上与瑞典警方展开合作？,我刚才已经说过，有关工作正在进行中，目前我没有更多可以提供的信息。,林剑
t20241220_11510746.html,法新社记者,德国当局昨日表示已对一名中国公民展开间谍调查。当地媒体称此人在波罗的海基尔港海军基地拍照。外交部对此有何评论？,我不了解你提到的情况。中国政府一贯要求在海外的中国公民遵守当地法律法规，并依法依规保护海外中国公民和企业合法权益。希望德方以事实为依据，停止以所谓“间谍案”进行操弄抹黑，切实保障在德中国公民合法权益。,林剑
t20241223_11515702.html,中新社记者,外交部网站12月21日公布了对加拿大有关机构及人员采取反制措施的决定，请介绍有关背景情况。,近期加方以所谓侵犯人权为由制裁中方人员。根据《中华人民共和国反外国制裁法》，为维护国家主权、安全和发展利益，保护中国公民、组织的合法权益，中方决定对加拿大有关机构及人员采取反制措施。,毛宁
t20241223_11515702.html,埃菲社记者,最近美国当选总统特朗普称，巴拿马运河是美国重要国家资产，威胁美将收回巴拿马运河。请问中方有何评论？,我们注意到，巴拿马总统穆利诺已就此作公开表态，强调巴拿马运河及周边地区每一寸土地皆为巴所有，巴主权和独立不容商讨。运河通行费并非随意决定。运河不受任何大国直接或间接控制。,毛宁
t20241223_11515702.html,《环球时报》记者,据报道，美国“国会—行政部门中国委员会”（CECC）20日发布2024年度报告，称中国政府违背“一国两制”原则，加大干涉港澳事务。请问发言人对此有何回应？,你提到的这个机构一贯出于政治目的攻击抹黑中国，毫无信誉可言。该机构年复一年发布所谓报告，污蔑抹黑港澳人权状况和“一国两制”实践，中方对此强烈不满，坚决反对。,毛宁
t20241223_11515702.html,总台央视记者,据了解，近日乌克兰危机“和平之友”小组在纽约再次举行会议，会后发表了新闻稿。发言人能否介绍有关情况？,日前，乌克兰危机“和平之友”小组在纽约再次举行会议，中国、巴西、阿尔及利亚、南非、土耳其等17个“全球南方”国家代表与会。会后发表了新闻稿，积极评价9月部长级会议及联合公报，强调联合公报是“全球南方”国家首次在乌克兰问题上集体发声。各方共同评估了最新形势及下步发展，普遍对当前冲突升级表示担忧，重申尊重各国主权和领土完整，尊重各国合理关切以及和平解决国际冲突等原则，呼吁推动局势降温，强调战场不外溢、战事不升级的重要性，支持以联合国宪章和国际法为基础，通过外交方式实现乌克兰危机全面持久政治解决，支持“全球南方”国家为此发挥建设性作用。中方愿同小组其他成员一道，为早日实现和平作出积极努力。,毛宁
t20241223_11515702.html,法新社记者,据《金融时报》报道，瑞典批评中国拒绝瑞检察官登检伊鹏3号。这艘被怀疑损坏两条波罗的海海缆的中国货船已于上周六驶离此前停泊海域。中方对此有何评论？,据我了解，中方已邀请德国、瑞典、芬兰和丹麦共同参与完成联合事实性调查，并向他们提供了资料和信息。伊鹏3号为配合调查，已停航较长时间。为保障船员身心健康，船东公司经过综合评估并商有关方面后决定复航。中方已事先通报各相关国家。中方愿继续同各相关国家保持沟通，合作推进事件后续处置。,毛宁
t20241223_11515702.html,法新社记者,菲律宾军方今天称，计划采购美国“堤丰”中程导弹系统以保护其海上利益。中方对此有何评论？,关于美国在菲律宾部署中导，中方已多次阐明了坚决反对的严正立场。我想再次强调，菲方引入中导系统这一战略性、进攻性武器，是配合域外势力制造地区紧张对立、挑动地缘对抗和军备竞赛的挑衅和危险举动，是对本国和东南亚各国人民、历史和地区安全极不负责任的选择。本地区需要和平与繁荣，不需要中导和对抗。我们再次敦促菲方正视地区国家和人民呼声，尽早纠正错误做法，按照此前公开承诺尽快撤走“堤丰”中导系统，不要在错误的道路上越走越远。,毛宁
t20241223_11515702.html,法新社记者,斯里兰卡总统表示将于下月中旬访华。外交部能否予以证实并提供更多信息？,中国和斯里兰卡是真诚互助、世代友好的战略合作伙伴，两国高层交往密切。中方愿同斯方保持高层交往势头，赓续传统友谊，拓展各领域交流合作，更好造福两国人民。,毛宁
t20241224_11517221.html,东方卫视记者,中方刚刚发布了日本外相岩屋毅访华消息。请问您能否介绍此访有关背景和安排？,今年11月，习近平主席同石破茂首相在亚太经合组织领导人利马会议期间举行会晤，一致同意保持高层交往，用好经济、人文等领域高级别对话机制。中方重视岩屋毅外相此访，中国领导人将会见岩屋毅外相，王毅外长将同他举行会谈并共同出席中日高级别人文交流磋商机制第二次会议。,毛宁
t20241224_11517221.html,总台央视记者,当地时间12月23日，美国总统拜登将“2025财年国防授权法案”签署成法，其中包含涉华消极内容。请问中方对此有何评论？,美方执意将夹带涉华消极内容的“2025财年国防授权法案”签署成法，年复一年渲染“中国威胁”，鼓噪对台军事支持，滥用国家力量打压中国科技和经济发展，限制中美经贸往来和人文交流，损害中方主权安全发展利益，干扰双方稳定中美关系的努力，中方对此强烈不满、坚决反对，已向美方提出严正交涉。,毛宁
t20241224_11517221.html,共同社记者,据报道，中国政府正考虑2025年上半年重新开始进口日本水产品。东京电力福岛核电站处理水的海水样本已通过测试并确定是安全的。请问发言人对此有何评论？,在福岛核污染水排海问题上，最关键的是日方切实履行自身承诺。中方将在有效参与长期国际监测和独立取样等监测活动实施之后，基于科学证据着手调整有关措施，逐步恢复符合规准的日本水产品进口。中方反对日本福岛核污染水排海的立场没有变化。,毛宁
t20241224_11517221.html,《环球时报》记者,昨日，俄罗斯宣布了金砖伙伴国名单，受到国际社会广泛关注。你能否介绍一下具体情况？,今年10月，习近平主席出席金砖喀山峰会，同其他金砖国家领导人就设置伙伴国达成重要共识。这是继去年实现历史性扩员后，金砖发展进程的又一个重要进展。峰会之后，中方积极配合主席国俄罗斯，会同金砖成员国推进伙伴国工作，最终确定印度尼西亚、马来西亚、泰国、白俄罗斯、玻利维亚、古巴、哈萨克斯坦、乌兹别克斯坦、乌干达成为金砖伙伴国。,毛宁
t20241224_11517221.html,今日俄罗斯记者,我们注意到很多西方代表团前往叙利亚会见叙新领导层，中方也会这样做吗？,中国对叙利亚长期奉行友好合作政策，从不干涉叙利亚内政，尊重叙利亚人民的选择。中方十分关注叙利亚局势变化，同有关各方就此保持沟通。关于你提到的具体问题，我暂时没有可以提供的信息。,毛宁
t20241224_11517221.html,路透社记者,香港当局今日再次对六名居住在海外的“活动人士”发布通缉令，并威胁撤销有关人员护照。中方对此有何评论？,我们支持香港特区政府依法履职。香港是法治社会，任何人都没有法外特权，任何违法犯罪的行为必然受到法律的惩处。,毛宁
t20241225_11518266.html,深圳卫视记者,香港警方12月24日宣布对郭凤仪等7名通缉对象实施指明潜逃者执法行动，并依法通缉刘珈汶等6名外逃反中乱港分子。我们注意到个别国家就此说三道四。发言人有何评论？,我们对个别国家公然攻击抹黑香港警方正当执法行动表示强烈不满和坚决反对。,毛宁
t20241225_11518266.html,法新社记者,巴西官员周二称，巴方从比亚迪在巴新建电动汽车工厂建筑工地上解救出160多名在恶劣环境中工作的中国工人。中方能否予以证实？对此有何评论？,中国驻巴西使领馆正在同巴西方面保持沟通，核实情况，妥善处理。,毛宁
t20241225_11518266.html,《北京青年报》记者,日前，2025年第九届亚冬会执委会召开新闻发布会，宣布筹办工作已进入赛时运行机制阶段。主办地哈尔滨将亚冬会作为今年冰雪旅游季的主题，再度火爆全网，据称外国游客将同比增长20%。请问发言人对此有何评论？,我也注意到有关报道。2025年亚洲冬季运动会是继北京冬奥会后中国举办的又一重大综合性国际体育赛事，也是中外人民深化交流、增进友谊的又一次“双向奔赴”。哈尔滨素有中国冰雪旅游的“顶流”之称。我们欢迎各国朋友届时齐聚“冰城”哈尔滨，共同见证体育健儿风采，体验冰雪运动乐趣，透过冰雪魅力感受多彩中国。,毛宁
t20241226_11519574.html,总台央视记者,25日，王毅外长同来华访问的日本外相岩屋毅举行会谈。请问发言人能否介绍有关情况？,这次中日外长会谈的基调友好、积极、正面，聚焦落实习近平主席同石破茂首相利马会晤达成的重要共识，就全面推进中日战略互惠关系，构建契合新时代要求的建设性、稳定的中日关系进行了富有成效的沟通。两国外长一致同意，中日关系具有超越双边的重要意义，双方应持续开展各层级、各渠道交流合作，增进彼此理解互信，妥善处理矛盾分歧，推动中日关系沿着正确轨道健康稳定向前发展。会谈的具体情况我们已经发布了消息，你可以查阅。,毛宁
t20241226_11519574.html,《中国日报》记者,昨日，中日高级别人文交流磋商机制第二次会议在京举行。请问发言人能否介绍有关情况？,昨天，王毅外长同日本外相岩屋毅在北京共同主持中日高级别人文交流磋商机制第二次会议。中国文旅部部长孙业礼、日本文部科学大臣阿部俊子等两国主管部门负责人参加。双方梳理了机制首次会议以来两国在人文领域的交流进展，围绕青少年、教育、旅游、友城、体育、文娱、媒体智库、妇女等领域交流合作达成10项共识。我们希望双方以此次会议为契机，扩大双向往来，创新交流内涵，营造健康理性的民意环境，树立正确客观的相互认知，搭建起更多民间友好交流的桥梁，助力中日关系健康稳定发展。,毛宁
t20241226_11519574.html,《环球时报》记者,24日，菲律宾防长特奥多罗发表声明称，在联合演习背景下，美在菲部署“堤丰”中导正当合法。菲是主权国家，不是任何国家的“家门口”，部署和采购国防安全相关物资属于菲主权权利，不接受外国反对。菲根据所谓“综合群岛防御计划”提升防御能力，是基于自身国家利益和独立外交政策，不针对特定国家，而是针对安全威胁和挑战。中方在批评菲发展军力之际，自身不断增强核武和弹道导弹能力。中方对此有何评论？,关于美国在菲律宾部署中程导弹问题，中方已多次阐明坚决反对立场。我要强调的是，“堤丰”中导系统核常兼备，不是防御性武器，而是战略性、进攻性武器。菲方配合美方引入“堤丰”，将自身安全和国防拱手于人，把地缘对抗和军备竞赛风险引入域内，对地区和平安全构成实质性威胁，这样的行为究竟是基于谁的利益？又何谈独立外交？这是典型的害人害己。,毛宁
t20241227_11521821.html,新华社记者,外交部网站公布了对7家美国军工企业及相关高级管理人员采取反制措施的决定，请问发言人有何进一步评论?,美国近日再次宣布向中国台湾地区提供大额武器援助并出售武器，美国“2025财年国防授权法案”包括多项涉华消极条款，严重违反一个中国原则和中美三个联合公报，严重干涉中国内政，严重损害中国主权和领土完整。依据《中华人民共和国反外国制裁法》有关规定，中方决定对7家美国军工企业及相关高级管理人员采取反制措施。,毛宁
t20241227_11521821.html,法新社记者,美国国务院发言人周四称，香港悬赏通缉六名逃窜海外的“民主活动人士”是“跨国镇压”。中方对美方贴的这一标签有何评论？,美方口中所谓“民主活动人士”，逃窜海外长期从事反中乱港活动，干扰破坏香港发展和社会稳定，严重危害国家安全、损害香港根本利益、冲击“一国两制”底线。香港警方依据香港国安法和国安条例对其采取执法行动，是维护法治、顺应民意的正义之举，是捍卫中国国家主权安全的必要之举，是保障香港长治久安和发展繁荣的正当之举。,毛宁
t20241227_11521821.html,印度报业托拉斯记者,印度前总理曼莫汉·辛格昨日在德里去世。发言人如何看待他的政治遗产特别是对印中关系发挥的作用？,辛格先生是印度资深政治家和著名经济学家，为推动中印关系发展作出过积极贡献。他担任总理期间，中印两国宣布建立面向和平与繁荣的战略合作伙伴关系，并就解决边界问题的政治指导原则达成一致。中方对他的逝世表示深切哀悼，向印度政府和人民以及辛格先生的家属表示诚挚慰问。,毛宁
t20241227_11521821.html,印度报业托拉斯记者,昨日，中国在临近中印边界实际控制线、生态脆弱的喜马拉雅山脉地区批准建造世界上最大的大坝。这座位于雅鲁藏布江上的大坝引发了周边地区诸多关切，特别是它的规模。中国是否考虑过印度和孟加拉国等下游国家对该大坝可能产生影响的关切？,首先，中方对跨境河流开发一向秉承负责任的态度。开展雅鲁藏布江下游水电开发，旨在加快发展清洁能源，应对气候变化和极端水文灾害。雅下水电开发已经经过数十年深入研究，工程安全和生态环境保护等方面都有相应的保障措施，不会对下游产生不利影响。我们也将继续通过既有渠道同下游国家保持沟通，加强防灾减灾合作，造福流域人民。,毛宁
t20241227_11521821.html,路透社记者,俄罗斯驻华大使今日对俄新社表示，中国领导人将于明年访问俄罗斯。中方能否证实？中国领导人是否已经计划访俄？访问时间是什么时候？,中国和俄罗斯是新时代全面战略协作伙伴，双方始终保持各个层级的密切往来。,毛宁
t20241227_11521821.html,共同社记者,25日中日外长会谈后，中国外交部在新闻稿中提到，日方在历史问题上继续秉持“村山谈话”的明确立场，表达深刻反省和由衷道歉。日本外相岩屋毅在今天的记者会上表示，中国外交部发布的内容是不准确的，在外长会谈中我表示的是“石破内阁继承包括1995年村山谈话和2015年安倍谈话在内的历届内阁总理大臣的谈话内容”。日方还就中方发布信息不准确提出了交涉。发言人对此怎么看？,日本多位领导人曾就历史问题作出表态。其中，日本前首相村山富市1995年就历史问题发表正式谈话，对日本殖民统治和侵略表示深刻反省，向战争受害国表示道歉。日方在中日外长会谈中表示将秉持上述立场。正确认识和对待日本军国主义侵略历史，是日本取信于国际社会特别是亚洲近邻的重要前提。明年是中国人民抗日战争胜利暨世界反法西斯战争胜利80周年。我们希望日方能够再度展现和平发展的决心，同中方一道，本着“正视历史、开辟未来”的精神，推动中日关系健康稳定向前发展。,毛宁
t20241227_11521821.html,总台华语环球节目中心记者,据报道，马来西亚民调机构近日发布的最新民调显示，马来西亚民众对华整体好感大幅上升，主流民意看好中国发展。其中，有77%受访者对中国持正面看法，84%受访者认为中马关系发展良好。中方对此有何评论？,我们注意到有关报道。中国和马来西亚是隔海相望的近邻，两国人民传统友谊源远流长，睦邻友好、互利共赢、团结协作始终是中马关系的主旋律。今年，双方隆重庆祝了建交50周年暨“中马友好年”，中马命运共同体建设再谱新篇。,毛宁
t20241227_11521821.html,路透社记者,美国国务院今早发布的另一份声明涉及中国对加拿大相关机构的制裁。美方呼吁中方停止借新疆和西藏问题对加机构和人员实施制裁的“跨国镇压行为”。外交部对此有何回应？,加拿大以所谓侵犯人权为由制裁中方人员，中方依法采取反制措施，完全正当、合理。我们奉劝有关国家正视自身问题，停止借所谓人权搞政治操弄。,毛宁
t20241227_11521821.html,日本广播协会记者,据了解，今年6月发生的苏州日本人学校校车持刀袭击案件嫌疑人已被起诉，9月深圳相关案件嫌疑人也已被起诉。请问他们被起诉的罪名是什么？可否介绍嫌疑人犯罪动机等更多案件细节？,据我了解，中方检察机关已于11月29日对苏州的案件提起公诉。案件具体信息，建议你向中方主管部门了解。,毛宁
t20241227_11521821.html,共同社记者,据报道，中共中央政治局委员、外交部长王毅将于明年2月访问日本，并与日本外相岩屋毅会谈，目前中日两国政府正就日程进行磋商。请问发言人能否证实这个消息？您如何评价当前中日关系？对王毅外长访日有何期待？,关于王毅外长访日，目前我没有可以提供的信息。我可以告诉你的是，在日前举行的中日外长会谈中，两国外长一致同意保持各层级、各渠道交流合作。,毛宁
t20241227_11521821.html,法新社记者,美国当选总统特朗普威胁控制巴拿马运河，称中方参与了运河运营，运河上还驻有中国士兵。外交部对特朗普表态有何评论？是否否认干涉运河运营并在运河驻有士兵？,这个问题我几天前作出过回应，你可以查阅。我注意到巴拿马总统穆利诺指出，巴拿马运河不受任何大国直接或间接控制。中方将一如既往尊重巴拿马对运河的主权，承认运河为永久中立的国际通行水道。,毛宁
t20241227_11521821.html,路透社记者,巴西当地劳工部门称，从比亚迪在巴工厂建筑工地发现的中国工人是“国际人口贩卖”的受害者。比亚迪及承包商金匠集团已同意在达成终止合同协议前，为这些工人提供协助和酒店住宿。外交部对此有何回应？,我们注意到有关报道，同巴西方面保持着沟通，正在核实有关情况。我想指出的是，中国政府高度重视保障劳动者合法权益，一贯要求中资企业依法依规经营。,毛宁
t20241230_11523864.html,总台央视记者,12月17日，瓦努阿图发生7.3级地震，首都维拉港等地建筑物受损严重。据报道，中方已向瓦努阿图派出工程专家组，开展地震灾后评估，发言人能否介绍相关情况？,瓦努阿图地震发生之后，中方积极行动，向瓦方提供救灾援助。应瓦努阿图政府请求，中国地震局派出4名工程专家12月30日抵达瓦努阿图首都维拉港，开展重灾区建筑物结构科考、安全评估及次生灾害调查等工作。这是中方首次向太平洋岛国紧急派出灾后评估专家组，将为瓦努阿图灾后重建作出积极贡献。,毛宁
t20241230_11523864.html,法新社记者,美国前总统卡特逝世，享年100岁。他曾与邓小平一起促成美中两国建立正式外交关系。中方对他的逝世有何评论？,中方对美国前总统吉米·卡特逝世表示深切哀悼。卡特前总统是中美建交的推动者和决策者，长期以来为促进中美关系发展和两国友好交流合作作出重要贡献。我们对此予以高度评价。,毛宁
t20241230_11523864.html,《读卖新闻》记者,今年是中朝建交75周年，也是两国宣布的“中朝友好年”。请问中方参与了哪些活动？如何总结“中朝友好年”？另外，今年4月在平壤举行了“中朝友好年”开幕式，为什么没有举行闭幕式？,中朝是友好近邻，始终保持着传统友好合作关系。中方愿同朝方一道，按照两国领导人达成的重要共识，维护好、巩固好、发展好中朝关系。,毛宁
t20241230_11523864.html,《中国日报》记者,上周，王毅外长会见伊朗外长阿拉格齐，就中东局势深入交换意见。今年中东局势动荡不安，引发世界关注。发言人能否进一步介绍中方在中东问题上的立场和中方发挥的作用？,王毅外长在同伊朗外长阿拉格齐会谈时提出，在中东问题上应当秉持“四个尊重”，即尊重中东国家的主权和领土完整，尊重中东国家的正当合理关切，尊重中东人民作出的自主选择，尊重中东国家的历史文化传统。王毅外长强调，中东是中东人民的中东，不是大国博弈的角斗场，也不应成为域外国家地缘争夺的受害者。中东由乱向治的当务之急是立即停火止暴、缓解人道危机，坚持政治解决、恢复对话谈判。这是中方在中东问题上的基本立场。,毛宁
t20241230_11523864.html,法新社记者,昨天，习近平主席就韩国济州航空发生客机空难造成179人死亡向韩国代总统致慰问电。外交部对发生在韩国务安的此次空难有何进一步评论？,我们关注韩国发生的客机失事并造成重大人员伤亡这一不幸事件。习近平主席当天已向崔相穆代总统致慰问电，代表中国政府和人民，向遇难者表示深切哀悼，向遇难者家属致以诚挚慰问，祝愿伤者早日康复。,毛宁
t20241231_11524802.html,新华社记者,2024年是中非关系发展中具有里程碑意义的一年。中非合作论坛北京峰会成功举行，中国同所有非洲建交国的双边关系提升到战略关系层面，中非关系整体提升至新时代全天候命运共同体。发言人能否介绍今年中非合作的亮点及对明年中非关系的展望？,2024年，中非关系在变乱交织的国际形势下继续收获硕果。,毛宁
t20241231_11524802.html,法新社记者,世卫组织昨日呼吁中国提供新冠疫情数据和数据访问权限，以便了解疫情起源，并称这在道义和科学上十分重要。请问外交部对此有何评论？,5年前新冠疫情暴发后，中国第一时间向世卫组织和国际社会分享疫情信息和病毒基因序列，毫无保留地分享防控和诊疗经验，为国际社会抗击疫情作出了巨大贡献。,毛宁
t20241231_11524802.html,总台中文国际频道记者,今年，金砖国家举行扩员后首次峰会，秘鲁、巴西等国相继举办亚太经合组织领导人非正式会议、二十国集团领导人峰会等重要国际多边会议。有评论认为，2024年是全球南方年。发言人如何看待全球南方崛起势头和对世界的影响？,正如王毅外长指出，全球南方大踏步走上历史舞台，是世界大变局的鲜明标志。一年来，“大金砖合作”实现良好开局、“上合组织+”新模式初现，非洲联盟亮相二十国集团。全球南方国家携手前行，更积极、更广泛参与多边合作，为经济全球化转型带来新动能，为完善全球治理带来新气象。,毛宁
t20241231_11524802.html,路透社记者,叙利亚军队宣布了包括高级职位在内的几名外籍战斗人员的任命，其中有“突厥斯坦伊斯兰党”头目。外交部对此有何评论？,“东伊运”是中国依法认定、联合国安理会列名的恐怖组织，国际社会应充分认清“东伊运”暴恐本质，予以坚决打击。,毛宁
t20241231_11524802.html,法新社记者,美国财政部昨日表示，中国政府支持的行为体本月初对其发起网络攻击，黑客侵入了员工计算机工作站，一些文件遭泄露。外交部对此有何评论？,关于此类缺乏证据的无端指控，我们已多次表明立场。中方一贯反对各种形式的黑客攻击，我们更反对出于政治目的，散布针对中国的虚假信息。,毛宁
t20250102_11526000.html,总台CGTN记者,介绍中提到，徽标中嵌入了“弘扬‘上海精神’：上合组织在行动”主席国工作口号。发言人能否介绍中方提出上述口号的考虑？,中国是“上海精神”的首倡者，更是弘扬“上海精神”的行动派。我们将“行动”作为主席国工作的关键词，就是要以更加务实的举措和更加进取的姿态，不断提升上合组织政治、安全、经济、人文领域合作水平，完善组织运作机制，构建上合组织命运共同体，拓展共赢发展新空间。,毛宁
t20250102_11526000.html,湖北广电记者,近日，中方就瓦努阿图地震灾情援助一批赈灾物资，并表示愿根据瓦方需要继续提供后续帮助。能否介绍有关情况？,瓦努阿图地震灾害发生后，中方已第一时间提供了紧急人道主义援助。为更好支持瓦努阿图赈灾工作，今天，中国政府包机装载一批紧急救灾援助物资抵达瓦努阿图首都维拉港。这批物资共约35吨、235立方米，包括帐篷、折叠床、净水设备、太阳能灯、应急食品和医疗用品等。中方灾后评估工程师团队也已在瓦努阿图紧锣密鼓开展工作，为瓦政府和人民应对灾情助一臂之力。,毛宁
t20250102_11526000.html,日本共同社记者,日本首相石破茂去年年底表示，日本首相访问中国是极为重要的事。中方对此有何评论？,习近平主席同石破茂首相在秘鲁利马会见时一致同意保持两国高层交往。近期，两国高层通过多种方式持续互动，两国关系延续改善发展势头。中方愿意同日方一道，持续开展各层级各领域对话沟通，增进政治互信，深化互利合作，妥善管控分歧，共同努力全面推进中日战略互惠关系，构建契合新时代要求的建设性、稳定的中日关系。,毛宁
t20250102_11526000.html,香港中评社记者,2024年，面对复杂多变的国际环境，香港特区聚焦发展，向世界展示了香港的独特优势和雄厚实力。香港特区行政长官李家超表示，香港走出了疫情的低谷，重拾经济活力，营商环境持续改善，经济动力不断提升。发言人有何评论？,2024年，在中央政府大力支持下，香港特区政府担当作为、务实进取，集中精力拼经济、谋发展，加强对外交流合作，不断巩固香港稳定发展的良好态势。香港获评全球最自由经济体，国际金融中心排名升至全球第三，资产管理规模超过4万亿美元。全年访港游客4400万人次，同比增长超过30%。通过人才计划吸引约17万人到港。截至去年底，内地和海外的驻港公司总数接近1万家，香港本地初创企业接近4700家，数量均创新高。,毛宁
t20250102_11526000.html,法新社记者,昨天在美国新奥尔良，一名男子驾车冲向人群，造成至少15人死亡。中方对事件有何评论？受害者中是否有中国公民？,我们对发生此次暴力袭击事件感到震惊，对受害者表示哀悼，对受害者家属和伤者表示慰问。中方一贯反对任何针对平民的暴力恐怖行径。,毛宁
t20250103_11526840.html,总台央视记者,中国外长今年首访非洲有何特殊意义？中方对这次访问有何期待？,王毅外长此次访问非洲四国，延续中国外长35年来每年首访非洲的优良传统。去年中非合作论坛北京峰会上，习近平主席提议将中国同所有非洲建交国的双边关系提升到战略关系层面，将中非关系整体定位提升至新时代全天候中非命运共同体。习近平主席提出中非要携手推进“六个现代化”、推进实施“十大伙伴行动”，非方反响热烈。纳米比亚、刚果（布）、乍得、尼日利亚都是中国友好合作伙伴。王毅外长此访旨在推动落实中非合作论坛北京峰会成果，深化各领域务实合作，推动中非关系持续深入发展。,毛宁
t20250103_11526840.html,《环球时报》记者,人类命运共同体研究中心揭牌仪式昨天在北京举行。发言人能否进一步介绍相关情况？中心未来将发挥什么作用？,昨天，人类命运共同体研究中心揭牌仪式在北京举行。中共中央政治局委员、外交部长王毅为研究中心揭牌并致辞。,毛宁
t20250103_11526840.html,《北京青年报》记者,今年1月1日，《区域全面经济伙伴关系协定》（RCEP）迎来生效实施三周年。发言人能否介绍3年来RCEP取得了哪些成效，中方对RCEP下一步发展有什么期待？,《区域全面经济伙伴关系协定》（RCEP）是全球参与人口最多、经贸规模最大、最具发展潜力的自由贸易协定，为亚太区域经济一体化注入了强劲动力，为成员国带来了巨大的市场机遇，也提振了国际社会对多边主义的信心。亚洲开发银行研究显示，到2030年，RCEP将为区域内国家带来2450亿美元的经济增长，创造280万个就业岗位。,毛宁
t20250103_11526840.html,法新社记者,拜登政府周四称，出于国家安全担忧，正考虑出台在美限制或禁止中国无人机的新规定。中方是否对此感到关切？,中方一贯坚决反对美方泛化国家安全概念，干扰和限制正常经贸往来，破坏全球产供链安全稳定。我们将采取一切必要措施，坚定维护自身合法权益。,毛宁
t20250103_11526840.html,印尼安塔拉通讯社记者,最近，印尼卫生部就甲流等呼吸道疾病在华传播作出声明，起因是社交媒体有视频显示，中国一家医院满是流感患者。外交部对此有何评论？,具体问题建议向中方主管部门了解。,毛宁
t20250103_11526840.html,彭博社记者,昨天中方宣布对用于制造电池组件和加工两种关键金属的技术实施出口限制。我知道商务部已经发表了声明，但发言人能否从地缘政治或外交的角度介绍这一举措背后的意图是什么？我们该如何解读该举措？,具体问题请向商务部了解。作为原则，中方根据自身需要并借鉴国际通行做法，依法依规实施公正、合理和非歧视的出口管制措施。,毛宁
t20250103_11526840.html,日本共同社记者,据报道，中日韩政府将于2月在东京举行三国外长会，发言人能否证实该消息？,目前我没有可以提供的信息。,毛宁
t20250106_11527763.html,总台央视记者,本周王毅外长正式开启对非洲四国的访问，这也是中国外长连续35年年初首访非洲。发言人能否介绍中方如何看待非洲？对未来非洲国家发展前景又有何看法？,中国是最大的发展中国家，非洲是发展中国家最集中的大陆，中非友谊源远流长。在习近平主席亲自引领和擘画下，2024年中非合作论坛北京峰会成功举行，中非关系进入新时代全天候中非命运共同体新阶段。中国外长连续35年年初首访非洲，充分体现中非传统友谊历久弥新，中国对非友好合作一以贯之。中方始终认为，非洲从来不是“被遗忘的大陆”，而是“活力的源泉”和“发展的热土”。,郭嘉昆
t20250106_11527763.html,韩联社记者,韩国联合参谋本部称，朝鲜今天向半岛东部海域发射一枚中程弹道导弹。这是朝鲜自去年11月发射弹道导弹后，时隔两个月再次发射弹道导弹。中方如何看待此次发射？,中方在朝鲜半岛问题上的立场是一贯的、明确的。针对有关发射活动，我没有新的评论。,郭嘉昆
t20250106_11527763.html,路透社记者,印度方面称，已向中方表达对中国修建雅鲁藏布江大型水电工程的关切。美国总统国家安全事务助理沙利文今天在印度听取了印方关切。中方是否已采取行动或通过口头方式来缓解印方关切？美国在其中能否发挥作用？,关于雅鲁藏布江下游水电工程，中方已经表明了立场。我愿重申，中方修建雅鲁藏布江下游水电工程经过严谨科学论证，不会对下游国家生态环境、地质、水资源权益造成不良影响，反而一定程度上有利于下游防灾减灾和应对气候变化。,郭嘉昆
t20250106_11527763.html,《读卖新闻》记者,美国政府上周五否决日本制铁公司收购美国钢铁公司。美国业内人士批评称此决定不公平。有报道称，这对中国钢铁产业和中国政府来说应该是一个可喜的决定。中国政府对此有何回应？,我们注意到有关报道。关于美日间具体商业合作，中方不作评论。中方一贯主张，各国都应该坚持公平竞争原则和世贸组织规则，为全球市场有序运行和国际贸易健康发展发挥积极作用。,郭嘉昆
t20250106_11527763.html,《中国日报》记者,今年是世界贸易组织成立30周年。我们关注到，日前《福布斯》杂志刊文称，如果保护主义威胁成真，不仅全球贸易体系将受损，世贸组织争端解决机制也将面临严重危机。《纽约时报》也刊文称，“小院高墙”策略给美国带来巨大经济和外交代价，不少公司担心被挡在中国市场之外。发言人对此有何评论？,世界贸易组织是多边贸易体制的核心，成立30年来通过提供开放、稳定、可预期的制度环境，确保了全球贸易总体平稳有序，加强了成员间经贸合作，推动了发展中经济体参与经济全球化并从中受益，为增进各国人民福祉、促进可持续发展作出了重要贡献。,郭嘉昆
t20250106_11527763.html,法新社记者,美国财政部上周五对一家总部位于北京的网络安全公司实施制裁。他们指责该公司帮助中国黑客渗透美国通信系统并进行监视。请问中方有何回应？,关于所谓网络攻击问题，中方已多次阐明立场。中方一贯坚决反对并依法打击黑客攻击行为，敦促美方停止利用网络安全问题污蔑抹黑中国。一段时间以来，美方大肆炒作所谓“中国黑客攻击”，甚至发起对华非法单边制裁。中方对此坚决反对，将采取必要措施维护中方的合法权益。,郭嘉昆
t20250106_11527763.html,《北京青年报》记者,日前，上海合作组织秘书长叶尔梅克巴耶夫在接受采访时表示，将北约同上合组织进行比较是错误的，上合组织并非冷战产物，其创建目的不是同任何一方对抗。上合组织强调不结盟和非意识形态化，以推动和平与合作为己任。发言人对此有何评论？,我注意到叶尔梅克巴耶夫秘书长的表态。,郭嘉昆
t20250106_11527763.html,法新社记者,台湾当局昨天称，台湾地区的政府网络在2024年每日平均遭袭240万次，他们称多为“中国网军”所为，请问是否属实？,这不是一个外交问题。,郭嘉昆
t20250107_11528538.html,总台央视记者,昨晚，2025年金砖主席国巴西表示，印度尼西亚已成为金砖正式成员。本月1日，哈萨克斯坦、马来西亚、古巴、玻利维亚等多国成为金砖伙伴国。不少媒体认为金砖国家迈入“大金砖合作”的新时代，对下步全球南方团结合作、完善全球治理发挥重要影响。发言人对此有何评论？,中方热烈欢迎新成员加入金砖大家庭。,郭嘉昆
t20250107_11528538.html,法新社记者,美国财政部长耶伦今天同中国国务院副总理何立峰举行视频会议。美国财政部称，耶伦对中国政府支持的人士开展恶意网络攻击活动表达关切，中方对上述言论有何回应？,关于这次视频通话，中方已经发布了消息稿，请你查阅。有关具体问题，请向主管部门询问。,郭嘉昆
t20250107_11528538.html,深圳卫视记者,日前，哈萨克斯坦总统托卡耶夫接受专访，称哈萨克斯坦是中国非常重要的战略伙伴，哈中合作全方位快速发展，已达到永久全面战略伙伴关系的高水平；发展对华全方位合作是哈优先外交方向，哈中商贸往来密切、发展前景光明；2023年哈中互免签证协定签署，对双方往来产生积极影响，哈民众得以从全新视角看待中国，见证中国发展，并感受到中国人民的友好情谊。发言人对此有何评论？,中国和哈萨克斯坦是山水相连的好邻居、高度互信的好朋友和彼此成就的好伙伴。正如托卡耶夫总统在采访中所说“哈中合作全方位快速发展”。近年来，在习近平主席和托卡耶夫总统战略引领和亲自擘画下，中哈各领域合作驶入“快车道”。刚刚过去的2024年是中哈关系又一个“丰收年”，习近平主席成功对哈萨克斯坦进行国事访问，同托卡耶夫总统就两国关系达成新的重要共识，为两国合作注入强劲动力。两国各层级团组互访频繁，经贸合作增势喜人，产能、互联互通、农业、新能源等领域合作有序推进，人文合作取得新突破，人员往来再创新高。,郭嘉昆
t20250107_11528538.html,彭博社记者,美方将腾讯和电池生产商宁德时代列入黑名单。外交部对此有何评论？,中方一贯坚决反对美方泛化国家安全概念，划设各类名目的歧视性清单，无理打压中国企业，遏制中国高质量发展。中国人民的发展权利不可剥夺、不容无视。我们敦促美方立即纠正错误做法，立即解除对中国企业的非法单边制裁和“长臂管辖”。中方将采取必要措施坚决维护中国企业的合法权益，维护自身正当发展权利。,郭嘉昆
t20250107_11528538.html,印尼安塔拉通讯社记者,中国是金砖国家初始成员之一，中方认为印度尼西亚成为金砖正式成员有何战略意义？,我刚才已就金砖国家扩员表明了中方立场。,郭嘉昆
t20250107_11528538.html,路透社记者,中国媒体援引中国驻泰国使馆消息称，中国演员王星在缅泰边境失踪。你能否证实？王星在哪国失踪？你能否提供更多案件细节？,中国有关驻外使领馆已接到当事人亲属求助，并保持密切沟通，正核实情况、开展工作。我们将继续跟进事件进展，指导驻外使领馆做好后续工作。,郭嘉昆
t20250107_11528538.html,彭博社记者,菲律宾方面称，中方一艘大型海警船在菲专属经济区内“非法存在”。菲律宾海警称，上周六菲方船只在西部省份三描礼士省的卡彭斯岛沿岸发现这艘船，并在此后一直跟踪。外交部对此有何评论？,中国海警依法在相关海域巡航执法，无可非议。,郭嘉昆
t20250107_11528538.html,印尼安塔拉通讯社记者,世卫组织发言人称，中方发布的数据显示，近期急性呼吸道感染病例有所上升，但是中国今年的呼吸道传染病流行规模和强度低于去年。外国人来华旅行仍然是安全的吗？,中国政府始终坚持依法及时公开透明发布传染病信息。你提到的具体问题，建议向中方主管部门了解。,郭嘉昆
t20250107_11528538.html,法新社记者,中国新任驻法国大使邓励已经抵达法国，你对中法关系的发展有什么期待？,关于中国新任驻法国兼驻摩纳哥大使邓励抵法履新，中国驻法使馆已经发布了信息，请你查阅。中国对发展中法关系的立场是一贯、明确的。,郭嘉昆
t20250108_11529191.html,总台央视记者,昨天，西藏日喀则市定日县发生6.8级地震。发言人能否介绍中方抗震救灾情况？,西藏日喀则市定日县地震发生后，习近平总书记作出重要指示，要求全力开展人员搜救，全力救治受伤人员，最大限度减少人员伤亡，防止发生次生灾害，妥善安置受灾群众，做好善后等工作。加强震情监测预警，及时调拨抢险救援物资，抓紧抢修损毁基础设施，安排好群众基本生活，确保安全温暖过冬。李强总理作出批示，要求全力以赴组织抢险救援，尽最大努力减少伤亡。昨天，张国清副总理率有关部门赶赴现场指导救援处置工作。,郭嘉昆
t20250108_11529191.html,新华社记者,据报道，地震发生后，有不少国家和国际组织领导人向中方表示了慰问。发言人能否介绍有关情况？,西藏日喀则市定日县1月7日发生6.8级地震以来，许多国家和国际组织以各种方式向中方表达了慰问。,郭嘉昆
t20250108_11529191.html,路透社记者,据了解，中国电动汽车生产商比亚迪将数百名持非正规签证的中国工人带到巴西建厂。消息人士称，比亚迪承诺在该问题上遵守当地劳动法。外交部能否介绍此事最新处理进展？,正如我们多次强调的，中国政府高度重视保障劳动者合法权益，一贯要求中资企业依法依规经营。中方愿继续同巴方一道，本着平等互利、合作共赢的原则，持续加强各领域交流合作。,郭嘉昆
t20250108_11529191.html,东方卫视记者,在各国媒体进行年终盘点时，我们注意到中国发展互联互通合作成果受到高度关注，很多观点认为“中老铁路+中欧班列”“中老铁路+西部陆海新通道班列”等互联互通运输新模式成为带动区域经济发展的“新引擎”。发言人能否介绍有关情况？,近一段时间，中国同相关国家在互联互通合作上不断传来好消息：中欧班列累计开行突破10万列，中老铁路货物运输总量破5000万吨，西部陆海新通道班列年度开行量首次突破万列，中欧跨里海直达快运开通，中吉乌铁路启动建设，中越跨境铁路、马来西亚东海岸铁路等重点项目取得重要进展，“钱凯—上海”的中拉陆海新通道实现双向贯通。中国成为全球互联互通的重要驱动力量。,郭嘉昆
t20250108_11529191.html,路透社记者,据称山东港口集团禁止受美国制裁的油轮停靠其港口，位于山东省的独立炼油厂将因此面临更高运输成本，这些炼油厂是伊朗、俄罗斯和委内瑞拉受制裁的折扣价原油的主要买家。外交部对此有何评论？,我不了解有关情况。作为原则，我想强调，中方一贯坚决反对美方缺乏国际法依据、未经联合国安理会授权的非法单边制裁和“长臂管辖”。,郭嘉昆
t20250109_11529882.html,总台央视记者,非洲媒体近期报道称，受制于各种内外部因素，非洲国家在实现《巴黎协定》、联合国可持续发展目标上面临压力。但同时，在中非合作论坛等框架内进一步巩固的中非友谊，以及中国与非洲国家不断分享现代化成果，为非洲的绿色转型奠定了坚实基础。不少非洲国家积极借鉴中方“绿水青山就是金山银山”理念经验，创造性点出“绿色就是金子”（Green is gold）。发言人对此有何评论？,王毅外长访非期间指出，中方支持非洲绿色发展，携手推进“生态友好的现代化”。,郭嘉昆
t20250109_11529882.html,法新社记者,菲律宾方面称，昨天在对马尼拉一处涉嫌网络诈骗的园区进行大规模突袭时，逮捕了约400名外国人，其中许多是中国人。外交部对此有何评论？能否提供更多细节？,我不了解你提到的有关情况。在打击电诈犯罪等问题上，中方立场是一贯、明确的。,郭嘉昆
t20250109_11529882.html,《环球时报》记者,中方发布了格林纳达总理米切尔将对中国进行正式访问的消息，你能否介绍此次访问有关安排？中方对此访有何期待？,今年1月20日是中国同格林纳达复交20周年，中方欢迎米切尔总理在这一特殊时刻对中国进行正式访问。习近平主席将会见米切尔总理，李强总理将举行欢迎仪式、会谈并共同出席合作文件签字仪式，赵乐际委员长也将与米切尔总理举行会见。双方将就双边关系和共同关心的问题深入交换意见。除北京外，米切尔总理还将赴浙江和上海参观访问。,郭嘉昆
t20250109_11529882.html,法新社记者,昨天刚果（金）数百人示威抗议该国东部地区的非法采矿行为，有关部门正就中方被指广泛参与非法采矿进行调查。上周日，3名中国公民被捕，并被搜查出金条和大额现金。中方对此有何评论？,我不了解你提到的具体情况。中国政府一贯要求海外中国公民和企业严格遵守当地法律法规。,郭嘉昆
t20250109_11529882.html,日本共同社记者,据报道，日本执政党自民党和公明党干事长将于13日访华并同中国共产党进行交流。请问发言人对此访有何期待？,具体问题请向中方主管部门中联部询问。中联部已就举行中日执政党交流机制第九次会议发布了消息。政党交流是中日关系的重要组成部分，中方重视同日本朝野政党及各界人士开展对话交流，共同推动中日关系改善发展。,郭嘉昆
t20250109_11529882.html,澎湃新闻记者,我们注意到，连日来很多外企宣布继续加大布局中国。日本车企宣布在华设立电动汽车生产工厂，德国车企与中国车企达成重磅合作，法国医药企业在华设立全新生产基地，马来西亚百货集团在华焕新升级，多家外企在华落地“超级工厂”。有分析认为，外企加大对华投资，反映出中国产供链优势和市场机遇。发言人对此有何评论？,外资企业加大对华投入，再次证明中外经贸合作互利共赢的本质。2024年前11个月，在华新设外商投资企业超5万家，同比增长8.9%。近5年，外商在华直接投资收益率约9%，位居全球前列。,郭嘉昆
t20250109_11529882.html,法新社记者,乍得总统府周三晚上遭武装分子袭击，造成至少19人死亡。此次袭击恰逢王毅外长正式访问乍得，外交部能否证实王毅外长安全无恙、未受袭击影响？,中方注意到有关袭击事件的报道。中方坚定支持乍方为维护国家安全和稳定所作努力，乍得和平稳定局面不会受此次事件的影响。,郭嘉昆
t20250109_11529882.html,日本朝日新闻记者,昨天日本警察厅宣布，中国政府涉嫌参与的黑客组织对日本200多家企业、机构和团体发动了网络攻击。请问发言人对此有何评论？,我们注意到有关报道。中方坚决反对并依法打击黑客攻击行为，更反对将网络安全问题政治化，这一立场是一贯、明确的。,郭嘉昆
t20250110_11530934.html,总台央视记者,中方发布了斯里兰卡总统迪萨纳亚克对华进行国事访问的消息。中方能否介绍此访有关安排？如何评价当前中斯关系？对此访有何期待？,这是迪萨纳亚克总统就任以来首次到访中国，对中斯关系发展具有重要意义。访问期间，习近平主席将同迪萨纳亚克总统举行会谈，李强总理、赵乐际委员长将分别同他会见。,郭嘉昆
t20250110_11530934.html,路透社记者,尼泊尔、印度等邻国是否提出支援西藏地震搜救行动？中方是否向他们提出支援请求？,关于西藏日喀则定日县地震，我们昨天已经介绍了抗震救灾的最新形势和有关情况。目前中方搜救和医疗力量有保障，我们对国际社会的关心支持表示感谢。,郭嘉昆
t20250110_11530934.html,中新社记者,此次中英经济财金对话是时隔近6年后再次举办，能否介绍一下本次对话的有关背景？中方对此次对话有何期待？,中英双方重启经济财金对话，旨在落实习近平主席与斯塔默首相达成的重要共识。这一高级别对话机制建于2008年，是就经济财金领域战略性、全局性、长期性重大问题开展对话合作的重要平台。此次对话期间，双方将就宏观经济政策和经济全球化、贸易与投资、产业合作、金融市场发展、金融监管合作等议题展开讨论。,郭嘉昆
t20250110_11530934.html,美国有线电视新闻网记者,美国最高法院考虑取消TikTok在美禁令。中方对禁令取消是否有信心？中国政府是否向字节跳动提供指导？,关于涉TikTok问题，我的同事以及中国商务部新闻发言人此前已多次阐明了中方原则立场。,郭嘉昆
t20250110_11530934.html,总台华语环球节目中心记者,据报道，9日，黎巴嫩举行总统选举，黎军总司令约瑟夫·奥恩当选。中方对此有何评论？,中方对黎巴嫩选举产生新任总统表示欢迎，对奥恩总统当选表示祝贺。中黎传统友好，中方重视发展中黎关系，将一如既往支持黎方维护国家主权和领土完整，继续推进两国友好关系和各领域互利合作，推动中黎关系不断取得新的发展。,郭嘉昆
t20250110_11530934.html,《北京日报》记者,我们注意到，近期，外界十分关注中国出现的人偏肺病毒（HMPV）感染病例增多。个别国家的卫生部门对本国民众发布防护提醒。一些人开始担忧赴华旅行的安全性，网络上甚至出现“中国出现不明病毒”等论调。世界卫生组织表示，当前中国呼吸道病毒感染情况处于正常范围，HMPV也是一种常见已知病毒。不少专家也表示目前没有任何迹象表明出现了更严重的全球健康问题。发言人对此有何评论？,近期我们已经多次回应有关问题。冬季是北半球呼吸道传染病高发季节，流感病毒是常见病原体之一。目前看，中国呼吸道传染病的流行规模和强度低于去年同期。,郭嘉昆
t20250110_11530934.html,法新社记者,德国检方昨天指控三名人员涉嫌为中国情报部门从事间谍活动，向中方提供可能具有军事用途的海军技术信息。外交部是否注意到此事？对此有何评论？,关于你提到的问题，我们此前已经作过回应。我要重申，中方一贯坚持在相互尊重、互不干涉内政的原则基础上发展中德关系，在遵守法律法规基础上推进同德方的互利合作。我们希望德方停止炒作所谓“中国间谍风险”，不要为中德关系健康稳定发展设置障碍。,郭嘉昆
t20250110_11530934.html,路透社记者,格陵兰岛最大稀土矿开发商的首席执行官透露，美国、丹麦官员去年曾游说该公司不要将其项目出售给同中方有关联的公司。外交部对此有何评论？,我不了解你提到的情况。,郭嘉昆
t20250113_11532418.html,总台央视记者,第十一次中英经济财金对话刚刚落幕，何立峰副总理与英国财政大臣里夫斯共同主持了对话，能否介绍一下对话成果？,1月11日，何立峰副总理与英国财政大臣里夫斯共同主持了第十一次中英经济财金对话，双方达成69项互利共赢成果。,郭嘉昆
t20250113_11532418.html,韩联社记者,据韩国媒体报道，王毅外长正在协调日程，最快将于下个月访问韩国。请问发言人，王毅外长计划访问韩国吗？,中韩互为重要近邻和合作伙伴，推动中韩关系健康稳定向前发展符合双方共同利益。关于下步中韩双边高层交往事宜，我没有可以提供的具体信息。,郭嘉昆
t20250113_11532418.html,路透社记者,上周五，美国决定将一家中国港口运营商列入针对俄罗斯石油的最新制裁名单，中国政府对此有何回应？是否考虑采取反制措施？,中方一贯反对美方泛化国家安全概念，干扰和限制正常的经贸往来，反对没有国际法依据、未经安理会授权的非法单边制裁和“长臂管辖”。,郭嘉昆
t20250113_11532418.html,乌通社记者,我想问关于俄乌冲突的问题。乌克兰国防军上周抓获两名为俄罗斯作战的朝鲜士兵，这证实了朝鲜直接参与俄乌冲突，也证明了俄朝正进行军事合作，违反联合国安理会对朝制裁。外交部对朝鲜参与俄乌冲突有何评论？,我不了解你提到的有关情况。对于乌克兰危机，中方的立场是一贯、明确的，我们希望各方推动缓和局势，致力于政治解决。,郭嘉昆
t20250113_11532418.html,彭博社记者,菲律宾方面表示，已就中方在菲方南海“专属经济区”的“持续非法存在和活动”提出外交抗议。此前，菲方称大型中国海警5901舰重返该水域。外交部对此有何评论？,中国在南海的主权和相关权利是在长期的历史过程中形成的，具有充分的历史和法理依据，符合国际法和国际实践。中国海警在相关海域巡航执法，合理合法，无可非议。中方敦促菲方停止恶意炒作。,郭嘉昆
t20250113_11532418.html,《中国日报》记者,上周末，王毅外长结束新年访非之旅。非洲及国际舆论对此访高度关注，评论认为，中国对非交往坚持大小国家一律平等，对非合作助力可持续发展，推动非洲国家实现长期稳定增长。发言人能否进一步介绍王毅外长此行重要意义？,王毅外长访非取得圆满成功，并在访问结束之际接受媒体采访全面介绍此访情况。此访赓续中国外长35年来新年首访非洲的传统，更就落实习近平主席在2024年中非合作论坛北京峰会上提出的中非携手推进现代化六大主张和“十大伙伴行动”形成一系列新共识、新成果。,郭嘉昆
t20250113_11532418.html,路透社记者,位于印度的“西藏流亡政府首席噶伦”边巴次仁上周日表示，中国政府应在灾后重建中将藏族民众的习俗和基本权利考虑在内。外交部对此有何评论？,所谓“西藏流亡政府”是一个彻头彻尾的分裂主义政治集团，世界上没有任何国家予以承认。对其分裂本质和政治图谋，我们很清楚并保持高度警惕。,郭嘉昆
t20250114_11533577.html,中新社记者,美国商务部发布了新的人工智能相关出口管制措施。中方对此有何评论？,中国商务部发言人已就此作了回应。我愿强调指出，美方泛化国家安全概念，将经贸科技问题政治化、武器化，滥用出口管制，恶意打压中国，严重破坏市场规则和国际经贸秩序，严重影响全球产供链稳定，严重损害中美两国和各国工商界利益。中方对此坚决反对，将采取坚定措施维护中国企业正当合法权益。,郭嘉昆
t20250114_11533577.html,法新社记者,菲律宾国家安全委员会发言人今天表示，本月中国向南海部署一艘海警船，表明北京方面正在加大“侵略力度”。他还称这艘大型海警船正在采用恫吓手段，阻止菲方渔业活动。外交部对此有何回应？,中方已就有关问题多次作出回应。我愿重申，中国在南海的主权和相关权利是在长期的历史过程中形成的，具有充分的历史和法理依据，符合国际法和国际实践。,郭嘉昆
t20250114_11533577.html,《环球时报》记者,日前，《环球时报》发布的一项面向46国、5.1万民众的全球民意调查显示，九成多受访者认为未来十年中国经济会持续增长，近六成认为中国是世界经济增长的主要动力源；63%的受访者对中国有好感，其中非洲国家对华好感度最高，达到84%；近七成受访者期待中国未来更多参与国际事务或发挥更大作用。发言人是否注意到此份报告？发言人对此有何评论？,我也注意到这份民调。有关数据表明，中国的“朋友圈”正越来越大。,郭嘉昆
t20250114_11533577.html,彭博社记者,据知情人士透露，德国预计将于本周三通过一项法案，授权其武装部队击落涉嫌针对德军事基地、工业设施和其他关键基础设施的不明可疑无人机。我想问，虽然这项法案没有点名任何具体国家，但中俄被认为是重点怀疑对象。外交部对德国政府授权其武装部队可击落不明可疑无人机有何评论？,我不了解你提到的具体情况。我愿再次强调，中方坚决反对有关方面在没有事实依据的情况下对中国进行无端怀疑和污蔑抹黑。,郭嘉昆
t20250114_11533577.html,澎湃新闻记者,我们注意到，中国国务院办公厅昨日印发了《关于进一步培育新增长点繁荣文化和旅游消费的若干措施》，其中提到：“优化入境旅游政策”，包括有序扩大单方面免签国家范围等。近期中国的“免签效应”带旺了入境游，特别是新年以来，“中国游”持续掀起热潮，很多外国游客到中国过元旦跨年。有旅游平台预计今年春节期间外国游客来华旅游订单量将比去年同期增长203%。发言人对此有何评论？,随着中国持续扩大免签国家范围，各项便利化措施不断优化，越来越多外国游客来中国“打卡”。去年全年，各口岸出入境外国人达6488.2万人次，同比增长82.9%，其中免签入境2011.5万人次，同比增长112.3%。刚刚过去的元旦假期，外国人入境人次同比增长近34%。,郭嘉昆
t20250114_11533577.html,东方卫视记者,据报道，1月12日，位于韩国庆尚北道的月城核电站2号机组在正常运转过程中，储存池内约29吨核废水未经样本分析即被排放入海。工作人员发现储存池排放阀门处于开启状态后当即予以关闭。经对罐内残留样本分析，放射性物质含量为正常水平。中方对此次韩国核电站漏水事故有何评论？,中方注意到有关情况。从目前披露的信息看，韩方已采取应急处置措施。中方会密切关注这次事故的后续情况。,郭嘉昆
t20250114_11533577.html,法新社记者,即将卸任的美国总统拜登昨日发表讲话称，中国永远不会超越美国，并表示在其四年任期内，华盛顿一直在处理与北京的关系，两国关系从未陷入冲突。外交部对拜登的讲话有何评论？,过去四年，中美关系虽然历经跌宕起伏，但总体实现了稳定。在两国元首战略引领下，双方团队通过磋商确定了中美关系的一些指导原则，开展两国对话和合作，恢复和新建了20多个沟通机制，在一些领域取得成果。同时，中方始终坚持原则，坚决维护自身主权安全发展利益，对美方错误行径进行坚决有力反制。,郭嘉昆
t20250114_11533577.html,美国全国广播公司记者,洛杉矶山火仍在持续，这是美国历史上最惨重的火灾。中国相关部门是否考虑就此向美方提供实质性的援助或慰问？,美国洛杉矶地区近日发生严重山火，我们对遇难人员表示哀悼，对伤者及伤亡人员家属表示慰问。,郭嘉昆
t20250115_11534987.html,总台华语环球节目中心记者,昨天下午，习近平主席与欧洲理事会主席科斯塔通电话。请问发言人能否进一步介绍通话的情况和中方对今年中欧关系的展望？,14日晚，国家主席习近平应约同欧洲理事会主席科斯塔通电话。当前，百年变局加速演进，国际形势变乱交织，世界面临阵营化、碎片化、无序化风险。中欧是推动多极化的两大力量、支持全球化的两大市场、倡导多样性的两大文明，中欧关系具有战略意义和世界影响。新年伊始习近平主席同科斯塔主席通话，这是中国最高领导人同新一届欧盟机构领导人的首次接触，是在中欧关系承前启后关键节点上的一次重要战略沟通。,郭嘉昆
t20250115_11534987.html,法新社记者,美方昨天表示将37家中国实体列入“维吾尔强迫劳动预防法实体清单”，以涉嫌与“强迫劳动”有关为由禁止从这些矿业、纺织和太阳能行业的中国企业进口商品。中方对此有何评论？,所谓“强迫劳动”完全是无稽之谈。美方基于谎言炮制并实施涉疆恶法，将中国企业列入制裁清单，本质是要干涉中国内政、损害中国利益、遏制打压中国。中方将采取坚决措施，坚定维护中国企业正当合法权益。,郭嘉昆
t20250115_11534987.html,韩国新一社记者,韩国共同调查本部称，今天上午已执行对尹锡悦总统的逮捕令，并开始对尹锡悦总统的调查。中方对此有何评论？,对于韩国内政，我不作评论。中韩互为重要近邻和合作伙伴，中方愿同韩方一道，共同推动两国关系健康稳定发展。,郭嘉昆
t20250115_11534987.html,拉通社记者,美国政府宣布将古巴从“支持恐怖主义国家名单”中移除等措施，但对古巴封锁仍然存在。中方对此有何评论？,将古巴从所谓“支恐名单”中移除是美国早应纠正的历史欠账。我们注意到迪亚斯－卡内尔主席指出，有关决定来得太迟且范围有限。美国将古巴列入所谓“支恐名单”毫无根据，是对古巴主权和尊严的粗暴干涉和践踏，遭到包括中国在内的国际社会绝大多数成员强烈谴责和一致反对。,郭嘉昆
t20250115_11534987.html,《北京青年报》记者,近日，美国儿童合唱团One Voice在北京天坛演唱中文歌曲《如愿》的视频走红社交媒体，获得超过百万次点赞，网友纷纷表示“唱得真好听”。发言人有何评论？,这条视频广为传播、深受好评，再次表明加强中美人文交流是得人心、顺民意的。2023年11月，习近平主席在旧金山宣布，“未来5年邀请5万名美国青少年来华交流学习”。在这一倡议感召下，2024年共有1万6千余名美国青少年来华交流学习，结交新朋友，学习新语言，感受中华文化，触摸现代中国。国之交在于民相亲。希望中美友谊的种子生根发芽，不惧风雨，催生出更多促进两国友好的新一代使者，续写中美关系稳定、健康、可持续发展的新乐章。,郭嘉昆
t20250115_11534987.html,俄新社记者,七十年前的这天，中国政府决定发展自己的核武器。今天中国是核大国之一，而近年来美国不断宣称中国正在增加其核武库。此前特朗普曾表示，中国将在核武库方面赶上甚至超越美国。外交部对此有何评论？,作为负责任大国，中国坚持走和平发展道路，致力于同世界各国开展友好合作。中国发展核武器是在特殊的历史时期为应对核威胁、打破核垄断、防止核战争被迫做出的历史性选择。我们奉行不首先使用核武器政策，坚持自卫防御核战略，始终将自身核力量维持在国家安全需要的最低水平，不与任何国家搞军备竞赛。,郭嘉昆
t20250115_11534987.html,法新社记者,昨天美国发布最终规则，以国家安全为由，禁止在美国市场的汽车使用中国技术。该规则旨在限制使用来自中国和俄罗斯的汽车软硬件。外交部对此有何评论？,具体问题请你向主管部门询问。我想说的是，美方以所谓国家安全为由，限制中国网联车软硬件及整车在美国使用，毫无事实依据。有关做法干扰企业经济商业合作，违反市场经济和公平竞争原则，是典型的保护主义和经济胁迫，中方对此坚决反对。中方敦促美方停止泛化国家安全的错误做法，停止对中国企业的无理打压。中方将采取必要措施坚决维护自身合法权益。,郭嘉昆
t20250115_11534987.html,彭博社记者,欧盟对中国医疗器械采购开展调查，证实了欧盟对中方在采购市场中歧视外国企业的担忧。该调查可能导致中方在欧盟招标中受到限制。外交部对该调查有何评论？,有关具体问题请向主管部门询问。我想指出的是，中欧互为第二大贸易伙伴，都是构建开放型世界经济的重要力量。中方始终坚持高水平对外开放，坚持维护市场经济原则和世贸规则，主张通过对话磋商解决贸易争端。希望欧方同中方相向而行，恪守市场开放承诺和公平竞争原则，遵守世贸组织规则，为中国企业提供公平、透明、非歧视的营商环境，推动中欧经贸关系健康稳定发展。,郭嘉昆
t20250115_11534987.html,彭博社记者,美国计划出台新规，禁止向中方销售先进芯片。新规针对台积电、三星、英特尔等公司，要求他们对客户开展更严格的审查。外交部对此有何评论？,中方已多次就美方恶意封锁打压中国半导体产业表明严正立场。美方将经贸科技问题政治化、泛安全化、工具化，不断加码对华芯片出口管制，胁迫别国打压中国半导体产业，这种行径阻碍全球半导体产业发展，最终将反噬自身，损人害己。,郭嘉昆
t20250116_11536633.html,总台央视记者,1月15日，以色列同哈马斯达成加沙停火换俘协议。中方对此有何评论？,中方欢迎达成加沙停火换俘协议，希望协议能够得到有效执行，实现加沙全面永久停火。,郭嘉昆
t20250116_11536633.html,新华社记者,我们注意到中国日前向《联合国气候变化框架公约》秘书处提交了第一次双年透明度报告和第四次两年更新报告。报告介绍了中国应对气候变化自主贡献进展，减缓气变的政策行动及减排效果，全面展现了中国应对气变的成效。发言人如何评价近年来中国在应对气候变化全球治理中发挥的作用？,气候变化是重大全球性挑战。中国历来高度重视应对气候变化，是《联合国气候变化框架公约》首批缔约方之一，也是最早签署和批准《巴黎协定》的国家之一。此次提交的两份报告，信息分享透明专业，多维度展现了中国气候治理的政策举措、成效和经验。,郭嘉昆
t20250116_11536633.html,法新社记者,拜登总统昨天宣布，将有关允许在美港人签证到期后继续留美的项目延长两年。中方对此有何评论？,香港回归以来，“一国两制”在港实践取得了举世公认的成功。当前，香港的安全、民主、民众自由权利得到更加有效保障，发展前景更加光明。任何抹黑香港的图谋不会得逞，也不会动摇国际社会对香港的信心。,郭嘉昆
t20250116_11536633.html,韩联社记者,美国候任国防部长赫格塞斯日前在提名确认听证会上将朝鲜称为“拥核国家”。韩国、美国和日本政府重申不认可朝鲜“拥核国家”地位，对朝鲜无核化政策立场保持不变。中方如何评价美国候任防长的言论？,中方在朝鲜半岛问题上的基本立场没有变化。中方始终认为维护半岛和平稳定、推动半岛问题政治解决进程符合各方共同利益，希望各方为此作出共同努力。,郭嘉昆
t20250116_11536633.html,法新社记者,特朗普的国务卿提名人选鲁比奥昨日在听证会上称，中国是美国遇到过的最强大、最危险、能力近乎相当的对手。美国必须向中国表明，“入侵”台湾将付出过高代价。中方对此有何评论？,中国的发展有着清晰历史逻辑和强大内生动力，我们的目标光明磊落，就是让人民过上更好日子，为世界作出更大贡献。中方始终按照习近平主席提出的相互尊重、和平共处、合作共赢的原则看待和处理中美关系，同时坚决捍卫自身主权安全发展利益。美方要树立正确对华认知，停止无端攻击抹黑中国。,郭嘉昆
t20250116_11536633.html,澎湃新闻记者,据报道，台“外交部长”林佳龙15日至18日将以“总统特使”身份出席帕劳总统就职典礼。请问发言人对此有何评论？,台湾是中国的一个省，没有什么“总统”，也没有什么“外交部”。世界上只有一个中国，台湾是中国不可分割的一部分。一个中国原则是国际关系基本准则和国际社会普遍共识。民进党当局倚外谋“独”、分裂国家的图谋终归徒劳。,郭嘉昆
t20250116_11536633.html,法新社记者,三名中国公民因持有金条和大量现金在刚果（金）东部被捕，并被判处七年有期徒刑。外交部对此有何评论？,中国政府一贯要求海外中国公民遵守当地法律法规。中国驻刚果（金）使馆已与刚方进行了沟通，予以妥善处理。我们也希望刚方依法、公正办案，保障涉事中国公民的合法权益。,郭嘉昆
t20250116_11536633.html,彭博社记者,据报道，中石化与斯里兰卡签署了一项炼油厂协议。外交部对此有何评论？能否介绍协议细节？这对中斯经贸关系意味着什么？,中国和斯里兰卡是真诚互助、世代友好的战略合作伙伴。1月15日下午，国家主席习近平在北京人民大会堂同来华进行国事访问的斯里兰卡总统迪萨纳亚克举行了会谈。习近平主席在会谈中指出，中国和斯里兰卡传统友好。建交68年来，两国关系始终保持健康稳定发展，树立了不同国家友好相处、互利合作的典范。在双方共同努力下，中斯真诚互助、世代友好的战略合作伙伴关系不断深入发展，高质量共建“一带一路”和各领域交流合作取得丰硕成果，为两国人民带来实实在在的福祉。当前，中斯关系面临承前启后、继往开来的历史契机，双方要从战略高度把握中斯关系，共同打造中斯命运共同体。,郭嘉昆
t20250116_11536633.html,法新社记者,美国昨天宣布对先进计算半导体实施出口管制，提高对企业尽职调查的要求。中方对此有何评论？,针对近期拜登政府密集出台涉华经贸科技限制举措，中国商务部已经阐明严正立场，中方已向美方提出严正交涉。美方泛化国家安全概念，将经贸科技问题政治化、武器化、工具化，动辄挥舞制裁大棒，严重侵害中国等国企业正当权益，严重破坏市场规则和国际经贸秩序，严重干扰全球产供链稳定，损害了包括美国企业在内全球各国企业共同利益。这种做法是典型的经济胁迫和霸道霸凌，中方对此强烈不满，坚决反对。,郭嘉昆
t20250117_11537997.html,总台央视记者,你刚刚发布了丁薛祥副总理出席世界经济论坛2025年年会的消息。能否进一步介绍有关活动安排和中方期待？,世界经济论坛被誉为“世界经济风向标”，是最具国际影响力的非官方经济论坛之一。习近平主席曾三次出席论坛活动并发表重要演讲，发出了支持经济全球化、维护和践行多边主义、共创美好世界的最强音。本届论坛年会以“智能时代的合作”为主题，邀请各方探讨加强合作之道，共同把握智能时代的发展机遇。丁薛祥副总理将在年会开幕全会中国专场发表特别致辞。,郭嘉昆
t20250117_11537997.html,新华社记者,据报道，斯里兰卡总统迪萨纳亚克访华期间达成多项成果，中斯双方发表了联合声明。发言人能否进一步介绍有关情况？如何看待此访对中斯关系的意义？,1月14日至17日，应国家主席习近平邀请，斯里兰卡总统迪萨纳亚克对中国进行国事访问。这是迪萨纳亚克总统就任以来首次到访中国，对中斯关系发展具有重要意义。1月15日，习近平主席同迪萨纳亚克总统举行会谈，就深化中斯战略合作伙伴关系、共同打造中斯命运共同体达成重要共识，对中斯关系发展作出新的战略指引。两国元首共同见证签署共建“一带一路”合作规划和农产品输华、社会民生、新闻广电等多项双边合作文件。访问期间，李强总理、赵乐际委员长分别会见迪萨纳亚克总统。中斯双方发表了联合声明，充分体现迪萨纳亚克总统此次访华成果。,郭嘉昆
t20250117_11537997.html,中新社记者,中方发布了孟加拉国临时政府外交顾问图希德正式访华的消息。中方如何评价当前中孟关系？对此访有何期待？,中国和孟加拉国是传统友好近邻。建交以来，中孟双方始终相互尊重、平等相待，在涉及彼此核心利益问题上相互支持，树立了国家间友好交往、合作共赢的典范。,郭嘉昆
t20250117_11537997.html,法新社记者,昨天中国媒体报道称，在香港上市的万科公司首席执行官被公安机关带走。外交部能否证实？如消息属实，外交部能否提供更多细节？,我不了解你提到的具体情况，建议你向主管部门询问。,郭嘉昆
t20250117_11537997.html,总台国广记者,发言人能否介绍丁薛祥副总理此次访问瑞士和荷兰的有关安排？中方如何评价当前中瑞和中荷关系？对访问有何期待？,今年是中瑞建交75周年。2017年习近平主席对瑞士成功进行国事访问以来，中瑞关系发展迈上历史新高。访问瑞士期间，丁薛祥副总理将同瑞士联邦主席兼财政部长凯勒-祖特尔，联邦副主席兼经济、教研部长帕姆兰分别举行会见、会谈，就中瑞关系及各领域互利合作、国际和地区问题交换意见。中方期待通过此访进一步推动落实两国领导人达成的重要共识，同瑞方一道开启建交75周年庆祝活动，更好增进政治互信，加强双多边合作，实现中瑞创新战略伙伴关系提质增效。,郭嘉昆
t20250117_11537997.html,法新社记者,昨日美方发布报告称，中国在船舶制造业的作法破坏了公平竞争，美方有必要立即采取行动。外交部对此有何回应？,关于你提到的问题，中国商务部新闻发言人已对此作出回应。我愿强调指出，拜登政府对中国海事、物流和造船业发起301调查，严重违背世贸规则，是彻头彻尾的保护主义行径，中方对此强烈不满，坚决反对，已经多次表明我们的立场。,郭嘉昆
t20250117_11537997.html,《北京日报》记者,据报道，15日，科索沃地区警方闯入科北部塞尔维亚族聚居区，强行关闭当地塞族机构，遣散工作人员。塞尔维亚总统武契奇谴责科当局行为。美国、欧盟、法国方面亦对科当局行为表达关切，敦促科方履行成立塞族城市联盟义务。中方对此有何评论？,关于科索沃问题，中方一如既往尊重塞尔维亚的主权和领土完整，认为科索沃地区塞族的安全和合法权益应该得到保障。单方面行动无助于问题解决，影响地区安全稳定。希望有关方面继续在联合国安理会相关决议框架内开展务实和建设性对话，积极寻求科索沃问题的持久解决方案。,郭嘉昆
t20250117_11537997.html,路透社记者,我想问一个关于中国公民被困缅甸的问题。最近这些人的家属在中国社交平台上发布求救信息，包括一份涵盖上千条被困人员信息的文档。请问外交部如何看待这些家属发布的求助信息？如何看待跨境电诈及与其相关的人口贩卖、绑架虐待事件？,1月16日，中共中央政治局委员、外交部长王毅在北京会见东盟10国驻华使节时表示，近期在泰缅边境一带连续发生网赌电诈恶性案件，威胁并伤害中国等各国公民切身利益，需要引起高度重视。希望相关国家负起责任，采取强有力措施，坚决打击网赌电诈，维护人民群众生命财产安全，绝不允许犯罪分子逍遥法外。,郭嘉昆
t20250117_11537997.html,法新社记者,昨日，欧洲一家隐私保护组织对微信、Temu等6家中国企业提起投诉，称这些公司违反欧盟数据隐私法。外交部对此有何回应？,中国政府高度重视并依法保护数据隐私与安全，从来没有也不会要求企业或个人以违反当地法律的方式为中国政府采集或提供位于外国境内的数据、信息和情报。有关方面应当尊重市场经济和公平竞争原则，为中国企业提供公平、透明、非歧视的营商环境。,郭嘉昆
t20250117_11537997.html,深圳卫视记者,我们注意到国家互联网应急中心今日发布报告，公布美国情报机构对中国某先进材料设计研究院和某智慧能源和数字信息大型高科技企业进行网络攻击的详细情况，旨在为全球相关国家、机构有效发现和防范美网络攻击行为提供借鉴。请问发言人对此有何评论？,我们注意到相关报告。报告再次曝光了美国政府对中国进行网络攻击和商业及知识产权窃密的行为。中方对此表示严重关切，敦促美方立即停止相关恶意活动。中方将采取必要措施维护自身网络安全和利益。,郭嘉昆
t20250120_11541143.html,新华社记者,1月17日，上合组织秘书长叶尔梅克巴耶夫到任招待会在京举办，会上叶尔梅克巴耶夫秘书长表示，上合组织秘书处今年工作的重中之重就是要支持中方主席国工作，保障2025年在中国举办的峰会取得圆满成功。发言人对此有何评论？,中方祝贺叶尔梅克巴耶夫秘书长履新，将一如既往为秘书长履职提供便利，支持秘书处加强自身建设，为上合组织各领域合作提供更有力保障。,毛宁
t20250120_11541143.html,总台央视记者,据报道，国际货币基金组织（IMF）首席经济学家古兰沙表示，中国通报2024年经济增长5%，超出IMF预期，是一个“惊喜”，IMF还上调了2025、2026年中国经济增长预期。中方对此有何评论？,2024年，中国经济顺利实现增长目标，经济总量首次突破130万亿元，增量相当于一个中等国家一年的经济体量。这是中国经济韧性和潜力的体现，也是中国带给世界的信心。,毛宁
t20250120_11541143.html,路透社记者,TikTok已恢复在美服务，并提及特朗普所作努力。但特朗普称他希望达成一份协议，让美国以合资模式拥有TikTok50%的股份。中方对同特达成协议是否持开放态度，将会达成何种协议？,TikTok在美国运营多年，深受美国用户喜爱，为促进美国内就业、拉动消费发挥了积极作用。希望美方能够认真倾听理性声音，为各国市场主体在美国经营提供开放、公平、公正和非歧视的营商环境。,毛宁
t20250120_11541143.html,美国全国广播公司记者,据报道，美国候任总统特朗普称希在上任后100天内访华。发言人对此有何回应？,中方愿意同美国新政府一道，在两国元首的战略引领下，本着相互尊重、和平共处、合作共赢原则，保持沟通、加强合作、妥善管控分歧，推动中美关系在新的起点上取得更大进展。,毛宁
t20250120_11541143.html,《金融时报》记者,马斯克周日称，允许TikTok在美运营却禁止X平台在华运营是不对等的，应做出改变。中方对此有何评论？,中国政府依法管理互联网。只要遵守中国法律法规，提供安全、可靠的产品和服务，我们欢迎各国互联网企业来中国发展。,毛宁
t20250120_11541143.html,《中国日报》记者,日前，金砖主席国巴西发表新闻公告，表示尼日利亚已成为金砖伙伴国。中方对此有何评论？,中方欢迎并祝贺尼日利亚成为金砖伙伴国。作为发展中大国和“全球南方”重要力量，尼日利亚积极参与金砖合作，不仅有利于自身发展，也符合金砖国家和“全球南方”共同利益，相信将为金砖机制发展作出积极贡献。,毛宁
t20250120_11541143.html,法新社记者,美国候任总统特朗普就职仪式今日即将举行，中方对于特朗普总统任期有何期待？未来几天或几周内的中美关系及中美对话会有何进展？,中美合则两利、斗则俱伤，这是中美关系发展历史的启示。中方始终认为，稳定、健康、可持续发展的中美关系符合两国共同利益和国际社会期待。中方愿同美国新一届政府秉持相互尊重、和平共处、合作共赢的原则，加强对话沟通，妥善管控分歧，拓展互利合作，走出一条新时期中美正确相处之道，造福两国，惠及世界。,毛宁
t20250120_11541143.html,深圳卫视记者,据了解，缅军与缅甸民族地方武装果敢同盟军日前在昆明举行和谈并签署了停火协议。请介绍此次和谈的背景和具体情况。,1月中旬，在中方斡旋和促推下，缅甸政府与果敢同盟军在云南昆明举行第七次和谈。双方达成并签署正式停火协议，于北京时间2025年1月18日零时起就地停火止战。双方感谢中方为推动此次和谈取得成果所作的努力。,毛宁
t20250120_11541143.html,《金融时报》记者,特朗普允许TikTok在短暂关停服务后继续在美运营，中方对此有何评论？,刚刚我已经回答了有关问题。TikTok在美国运营多年，遵守美国法律法规，从来没有危害美国家安全，得到很多美国用户的喜爱。我们希望美方能够认真倾听各方理性声音，为各国市场主体在美国经营提供开放、公平、公正和非歧视的营商环境。,毛宁
t20250120_11541143.html,法新社记者,加沙停火换俘协议已生效，双方已交换了一些人质和囚犯。外交部对于协议生效以及加沙未来和巴以冲突前景有何评论？,中方欢迎加沙停火协议生效，希望协议得到完整连续执行，实现加沙全面永久停火。中方将同国际社会一道，继续为推动中东地区实现和平稳定作出努力。,毛宁
t20250120_11541143.html,《金融时报》记者,马斯克还称，由于TikTok有可能收集美国人的数据，并控制在美国国内展示的内容，是否应该允许这样的平台在美运营值得思考。中方对此有何评论？,我们始终认为，互联网企业运营应当遵守法律法规。中国政府高度重视并依法保护数据隐私和安全，从来没有也不会要求企业或个人以违反当地法律的方式采集或提供位于外国境内的数据。,毛宁
t20250121_11542004.html,总台中文国际频道记者,据报道，18日，印度外长苏杰生发表讲话称，印中关系关乎两国发展前景和全球秩序。印将在相互尊重、相互敏感、相互利益基础上，着眼长远处理对华关系。亚洲多极化是世界多极化发展的先决条件。印中正逐步摆脱2020年边界冲突带来的复杂局面。同时，面对中国实力日益增长，印须做好应对准备，加快增强自身综合国力。请问中方对此有何评论？,中印作为两大文明古国、发展中大国和新兴经济体，应聚焦发展、共谋合作。这符合两国28亿多人民的根本利益，契合地区国家和人民的共同期盼，顺应全球南方卓然壮大的历史潮流，也有利于地区乃至世界和平繁荣。双方应认真落实习近平主席和莫迪总理喀山会晤重要共识，坚持中印“互为发展机遇、互不构成威胁”、“是合作伙伴而非竞争对手”，坚持从战略高度和长远角度看待和处理中印关系，推动中印关系重回健康稳定发展轨道，探索相邻大国和睦相处、共同发展的正确道路。在国际事务中，双方应坚持奉行和平共处五项原则，践行真正的多边主义，倡导平等有序的世界多极化和普惠包容的经济全球化，为维护和促进世界和平稳定与发展繁荣作出更大贡献。,郭嘉昆
t20250121_11542004.html,美国全国广播公司记者,鲁比奥确认出任特朗普政府的国务卿。鲁于2020年被中国制裁。鉴于这明显会给中美关系有益发展带来复杂因素或制造障碍，中方是否考虑解除对鲁制裁？,中方将坚定维护国家利益，同时中美两国高层级官员有必要以适当方式保持接触。,郭嘉昆
t20250121_11542004.html,拉通社记者,美国总统特朗普上任数小时后，就将古巴重新列入“支持恐怖主义国家名单”。请问发言人对此有何评论？,中方注意到有关情况。 美国反复利用所谓“支恐国家名单”对古巴滥施单边制裁违背事实，毫无根据，充分暴露了其霸权霸道霸凌面目。几天时间里如儿戏般将古巴移出、移进所谓名单，试问国家信誉何在，国际信义何在？,郭嘉昆
t20250121_11542004.html,《纽约时报》记者,特朗普总统称他将指示联邦机构研究贸易问题，但并未立即宣布对华征收新关税。请问中方有何回应？,中美经贸合作的本质是互利共赢。维护中美经贸关系稳定发展，符合两国和两国人民的根本利益，也有利于全球经济发展。中方愿按照相互尊重、和平共处、合作共赢原则，同美方加强对话沟通，妥善管控分歧，拓展互利合作。希望美方同中方相向而行，共同推动中美经贸关系稳定、健康、可持续发展。,郭嘉昆
t20250121_11542004.html,《金融时报》记者,特朗普总统向字节跳动表示，该公司必须将50%的股份转让给美国公司，否则将对华征收100%的关税。发言人对此有何回应？,TikTok在美国运营多年，深受美国用户喜爱，为促进美国内就业、拉动消费发挥了积极作用。希望美方能够认真倾听理性声音，为各国市场主体在美国经营提供开放、公平、公正和非歧视的营商环境。,郭嘉昆
t20250121_11542004.html,路透社记者,特朗普今天早些时候称受邀将访华。中方是否已邀请特访华？特访华将有何重要意义？,中方愿同美国新政府一道，在两国元首的战略引领下，本着相互尊重、和平共处、合作共赢原则，保持沟通，加强合作，妥善管控分歧，推动中美关系在新的起点上取得更大进展。,郭嘉昆
t20250121_11542004.html,今日俄罗斯记者,印度外长苏杰生周六称，印方将在相互尊重、相互敏感、相互利益的原则上，发展平衡、建设性的对华关系。请问中方对该策略有何评论？,你提的问题跟第一位记者所提问题是一样的，我刚才已经作了回答。,郭嘉昆
t20250121_11542004.html,《纽约时报》记者,白宫今日称，美国将退出气候变化《巴黎协定》。中方对此有何回应？,中方对美方宣布将要退出《巴黎协定》表示关切。气候变化是全人类面临的共同挑战，没有一个国家能够置身事外，也没有一个国家能够独善其身。,郭嘉昆
t20250121_11542004.html,《纽约时报》记者,白宫今日还称，美国将退出世界卫生组织，并抱怨中国在世卫组织缴纳会费力度不够。中方对美退出世卫组织、以及特朗普政府称中方缴纳会费少有何回应？,作为全球公共卫生领域的权威、专业国际机构，世界卫生组织在全球卫生治理中发挥中心协调作用。世界卫生组织的作用只应加强，不应削弱。中方将一如既往支持世界卫生组织履行职责，深化国际公共卫生合作，加强全球卫生治理，推动构建人类卫生健康共同体。,郭嘉昆
t20250121_11542004.html,法新社记者,特朗普最近还提到了巴拿马运河问题，称中国事实上正在运营巴拿马运河，他誓言将运河收归美所有。外交部对特朗普针对中国涉巴拿马运河的言论有何回应？,关于巴拿马运河问题，中方立场是一贯、明确的，我没有更多信息可以补充。,郭嘉昆
t20250121_11542004.html,彭博社记者,外交部对于特朗普将对中方是否遵守第一阶段贸易协议进行调查有何回应？中方是否认为特朗普在2月1日前不以关税威胁中国是个积极信号？,刚才我已经回答了相关问题。中美经贸合作的本质是互利共赢的，经贸关系也是双方共同关心的重要问题。尽管中美之间有分歧摩擦，但两国的共同利益和合作空间巨大，双方可就此加强对话与协商。,郭嘉昆
t20250121_11542004.html,《纽约时报》记者,追问TikTok。中方是否认为将TikTok出售给美国公司或合资企业时，TikTok的特定算法也能转让给合资美企？,关于你提到的企业运营和收购问题，我们认为，应当根据市场原则由企业自主决定。如涉及中国企业，应当符合中国的法律法规。,郭嘉昆
t20250122_11542823.html,《人民日报》记者,世界经济论坛2025年年会正在瑞士达沃斯召开。世界经济论坛是讨论全球经济问题的重要平台。发言人能否介绍中方提出了什么主张？,中共中央政治局常委、国务院副总理丁薛祥出席了今年的世界经济论坛年会并发表特别致辞，提出4点建议：一是共同推动普惠包容的经济全球化，二是共同维护和践行真正的多边主义，三是共同塑造世界经济发展新动能新优势，四是共同应对气候变化、粮食安全、能源安全等重大全球性挑战。,毛宁
t20250122_11542823.html,中新社记者,上周，美国财政部发表声明，以涉嫌参与“盐台风”网络攻击为由，对相关中国企业和公民实施制裁。中方对此有何回应？,中方反对美国拜登政府在缺乏可信证据的情况下，指责中方、滥施制裁。事实上，美国对中国实施了长时间、系统性、大规模的网络攻击，中方多次就此表达关切和反对。,毛宁
t20250122_11542823.html,塔斯社记者,美国总统特朗普周二表示，他打算自2月1日起对中国出口到美国的商品加征关税。中方对此有何评论？,这个问题中方已经多次表明立场。贸易战、关税战没有赢家。中方将坚定维护国家利益。,毛宁
t20250122_11542823.html,《环球时报》记者,菲律宾国家调查局声明称，逮捕了涉嫌从事间谍活动的一名中国公民和两名菲律宾人。菲武装部队总参谋长布劳纳称发现“中国间谍”在美国位于菲律宾的军事基地附近活动，菲司法部长雷穆拉表示将尽全力起诉该“中国间谍”以维护菲主权安全。中方对此有何回应？,中国政府一贯要求海外中国公民遵守当地法律法规。我们敦促菲方以事实为依据，停止捕风捉影、炒作所谓“中国间谍”，切实保障在菲中国公民的合法权益。,毛宁
t20250122_11542823.html,共同社记者,据报道，日美澳印四国外长21日在华盛顿举行会晤，就中国试图改变东海、南海现状等问题交换意见。发言人对此有何评论？,中方一贯主张，国与国之间的合作不应针对第三方。搞集团政治和阵营对抗不会带来和平与安全，不利于亚太和世界的稳定。中方在有关海域的活动合理合法、无可非议。希望有关方面多做有助于增进各国互信与合作的事。,毛宁
t20250122_11542823.html,《纽约时报》记者,中方是否更改了美国国务卿鲁比奥的中文译名？如果属实，这一变动是否与他受制裁有关？,我还没有注意到你提到的情况。我想，与中文译名相比，更重要的是他的英文名字。关于制裁，我的同事昨天已经介绍了中方立场。我可以告诉你的是，中方制裁针对的是损害中国正当利益的言行。,毛宁
t20250122_11542823.html,法新社记者,泰国政府今天否认其计划将48名被关押在该国拘留中心的维吾尔人遣返中国。这些人十年前逃离中国后在泰国被捕。中方是否同泰方商定了接收这些维吾尔人的计划，能否介绍此事最新进展？,我不了解你提到的具体情况。作为原则，中方在非法移民问题上的立场是一贯和明确的。我们坚决打击任何形式的非法移民活动，反对任何纵容甚至支持非法移民的行为。中国是法治国家，将通过加强国际执法安全合作处理好有关问题。,毛宁
t20250122_11542823.html,东方卫视记者,据报道，1月21日，土耳其一家酒店发生火灾，已造成76人死亡，51人受伤。土耳其总统埃尔多安宣布1月22日为全国哀悼日。请问中方对此有何评论？,中方对昨天土耳其博卢省发生的严重火灾事故感到痛心，对不幸遇难人员表示深切哀悼，向遇难者家属及受伤人员表示诚挚慰问，祝愿伤者早日康复。,毛宁
t20250122_11542823.html,法新社记者,社交媒体上有报道称，一名中国矿工昨晚在阿富汗北部塔哈尔省遇袭身亡。外交部能否予以证实，并提供更多关于此次袭击和该中国公民的信息？,我还不了解你提到的情况，相信中国驻阿富汗使馆会跟踪了解，尽全力保护中国公民的合法权益和人身安全。,毛宁
t20250122_11542823.html,彭博社记者,关于TikTok的问题。美国总统特朗普称，他对于马斯克或甲骨文董事长埃里森作为合资方与美国政府共同参与收购社交媒体TikTok持开放态度。外交部对此有何评论？中方对美国政府以合资方式获得TikTok部分所有权有何评论？,关于TikTok问题，这两天我和我的同事已多次表明中方原则立场，你可以查阅。,毛宁
t20250122_11542823.html,路透社记者,发言人能否就中美战略沟通渠道如何运行介绍更多情况？中国政府哪个部门、哪位官员将同美方哪位官员对话？,中方目前没有可以发布的消息。,毛宁
t20250122_11542823.html,法新社记者,关于（特朗普）10%的关税威胁，有关方面是否已经进行对话或者正在磋商？,我可以告诉你的是，我们愿同美方保持沟通，妥善处理分歧，拓展互利合作，推动中美关系稳定健康可持续发展。中方也将坚决维护自身利益。,毛宁
t20250122_11542823.html,今日俄罗斯记者,美国新任总统特朗普表示，如金砖国家试图摆脱美元，将向这些国家征收100%的关税。请问中方对此有何评论？,金砖国家作为新兴市场和发展中国家合作的重要平台，倡导开放包容、合作共赢，不搞阵营对抗，不针对第三方，为的是实现共同发展、普遍繁荣。中方愿继续同金砖伙伴一道，深化各领域务实合作，为世界经济的稳定增长作出更多贡献。,毛宁
t20250122_11542823.html,路透社记者,追问在泰国维吾尔人的问题。联合国人权专家昨日发表声明，敦促泰国立即停止可能向中国转移48名维吾尔人的行动，并警告称这些人如被遣返，可能遭受酷刑或其他残忍、不人道或有辱人格的待遇和惩罚。中方对该声明有何回应？,从你的问题看，这件事涉及两个主权国家之间的执法合作。联合国的专家，不论是什么身份，都应恪守联合国宪章宗旨和原则以及特别机制行为准则，公正客观履职，不干涉联合国会员国的司法主权和会员国之间的正常执法合作，而不是不负责任随意发声。,毛宁
t20250122_11542823.html,彭博社记者,美国国务卿鲁比奥周二与“四边机制”成员国澳大利亚、印度及日本外长举行会晤。外交部对此会晤有何评论？,刚刚共同社的记者也提了这个问题，我已经作了回答。,毛宁
t20250122_11542823.html,美国全国广播公司记者,发言人对于巴拿马运河问题是否有最新评论？特朗普总统对中国控制巴拿马运河提出警告，称他希从巴拿马收回该运河。中方对此有何评论？,我们认同巴拿马总统穆利诺所说，巴拿马主权和独立不容商讨，运河不受任何大国直接或间接控制。中方没有参与运河的管理运营，从不插手运河事务，一贯尊重巴拿马对运河的主权，承认运河为永久中立的国际通行水道。,毛宁
t20250123_11543819.html,《环球时报》记者,据报道，中国科研机构已完成对日本福岛核污染水排海首次独立取样的检测分析，能否介绍具体情况？,确保中方等利益攸关国独立取样监测是日方在福岛核污染水排海问题上作出的承诺内容之一。经向有关部门了解，中方科研机构已完成对中方首次独立取样样本的检测、分析，样本中氚和铯-137、锶-90等核素活度浓度未见异常。,毛宁
t20250123_11543819.html,《环球时报》记者,上述检测结果是否验证了福岛核污染水排海的安全性？,福岛核污染水排海涉及国际公益，日方罔顾周边国家和国际社会关切所采取的单方面行动缺乏正当性、合理性，中方反对排海的立场没有变化。在国际社会缺乏阻止日方排海的强制机制情况下，利益攸关国对日方排海持续进行独立取样监测是管控排海风险的有效措施。,毛宁
t20250123_11543819.html,法新社记者,美国新任国务卿鲁比奥昨日与菲律宾外长马纳罗通话。美国务院发言人称，鲁强调了美在《美菲共同防御条约》下对菲的坚定承诺。双方还讨论了中国“在南海开展的危险与破坏稳定的行动”。外交部对此有何回应？,中方在有关海域的活动合理合法、无可非议。美国不是南海问题当事方，也无权介入中菲两国之间的涉海问题。美菲军事合作不得损害中方在南海的主权和海洋权益，更不能以此为菲律宾非法主张背书。中方将继续采取必要措施坚定捍卫自身领土主权和海洋权益，维护南海和平稳定。,毛宁
t20250123_11543819.html,《北京日报》记者,白宫日前称，美国将退出气候变化《巴黎协定》。有评论认为这将为全球应对气候变化、实现绿色转型蒙上阴影。发言人对此怎么看？,中方对美方宣布退出《巴黎协定》表示遗憾。气候变化是全人类面临的共同挑战，没有一个国家能够置身事外，也没有一个国家能够独善其身。,毛宁
t20250123_11543819.html,法新社记者,跟进昨日中国矿工在阿富汗北部塔哈尔省遇袭身亡事。事发后，据一名为“SITE”的监测组织消息，“伊斯兰国”地区分支机构称对此次袭击事件负责，“‘伊斯兰国’发表声明称，其战斗人员向一辆载有中国人的车辆开火”。外交部今天能否提供更多信息，有何评论？,中方对袭击事件深感震惊，予以强烈谴责，对遇难者表示哀悼。事件发生后，中方紧急向阿方提出严正交涉，要求阿方彻底调查，严惩凶手。,毛宁
t20250123_11543819.html,日本共同社记者,今天苏州一家法院就去年6月发生的日本母子遇袭案件作出判决，中国籍被告被判处死刑，中方对此有何评论？,我了解的情况是，这个案件已进入司法程序，中国司法机关将依法审理。中方将一如既往采取措施保护在华外国公民安全。,毛宁
t20250123_11543819.html,彭博社记者,美国务卿鲁比奥已与多国官员通话，主要是日本、澳大利亚、韩国、沙特阿拉伯、阿联酋及“四边机制”国家等美盟友国家的官员。此举旨在与越来越多国家进行接触。中国外长是否计划与鲁通话？鉴于鲁已被中方制裁了两次，该通话能否进行？,你的具体问题，我没有可以提供的消息。作为原则，中美两国高层级官员有必要以适当方式保持接触，同时中方将坚定维护国家利益。,毛宁
t20250123_11543819.html,总台央广记者,还是关于福岛核污染水检测结果的问题。这个检测结果正常是否代表中方将恢复日本水产品进口？,中国政府始终坚持人民至上，坚定维护人民群众食品安全。在恢复日本水产品进口问题上，中方始终秉持科学态度。首次独立取样检测只是日方落实在排海问题上承诺的一个步骤。能否最终恢复日本水产品进口，要基于中方持续独立取样监测等一系列科学数据，且日方要切实采取措施有效保障输华水产品的质量安全。,毛宁
t20250123_11543819.html,路透社记者,据本社今日报道，美国将部署在菲律宾的“堤丰”中程导弹发射系统转移到菲另一地点。据菲高官透露，此次重新部署有助于确定该系统可以移到哪个新的发射位置、以及这样做用时多少。中方对此有何评论？,关于美国在菲律宾部署中导，中方已多次阐明了坚决反对的严正立场。我想再次强调，菲方引入中导系统这一战略性、进攻性武器，制造地区紧张对立、挑动地缘对抗和军备竞赛，是非常危险的举动，也是对本国和东南亚各国人民、对地区安全极不负责任的选择。我们再次敦促菲方正视地区国家和人民呼声，尽早纠正错误做法，按此前公开承诺尽快撤走“堤丰”中导系统，不要在错误的道路上越走越远。,毛宁
t20250123_11543819.html,路透社记者,据《金融时报》周三报道，两艘载有制作火箭推进剂原料的伊朗货船将于未来几周内从中国起航前往伊朗，这可能使涉事中国实体受到美国制裁。中方对此有何评论？,我不了解你提到的具体情况。我可以告诉你的是，中方一向根据中国的出口管制法律法规和承担的国际义务对两用物项实施严格管控。我们也一贯反对任何非法单边制裁。,毛宁
t20250123_11543819.html,路透社记者,据中国美国商会的一项调查显示，超过一半的在华美国企业担心中美关系恶化，数量达到五年来新高。发言人对该调查有何评论？,我想这说明了中美关系稳定、健康发展的重要性。中方始终根据习近平主席提出的相互尊重、和平共处、合作共赢三原则看待和发展中美关系，希望美方同中方相向而行，推动两国关系回到健康稳定发展的轨道。,毛宁
t20250124_11544578.html,新华社记者,丁薛祥副总理今天结束了对瑞士、荷兰的访问。发言人能否介绍此访情况？双方达成了哪些重要共识？,1月19日至24日，应瑞士、荷兰政府邀请，中共中央政治局常委、国务院副总理丁薛祥对上述两国进行了访问。访问围绕落实中欧领导人重要共识，日程丰富、成果丰硕，实现了2025年中欧高层交往“开门红”。,毛宁
t20250124_11544578.html,法新社记者,印度昨日称，印外交秘书将于本周末访华。中方能否证实并提供更多信息？,去年10月，习近平主席同印度总理莫迪在喀山出席金砖峰会期间举行会见，就改善和发展中印关系达成重要共识。近段时间，中印双方认真落实两国领导人重要共识，两国外长、防长在多边场合会见，中印边界问题特别代表举行第23次会晤并取得积极成果。双方同意改善和加强交往，恢复机制性对话和各领域交流合作，推动中印关系早日重回健康稳定发展轨道。,毛宁
t20250124_11544578.html,俄新社记者,美国总统特朗普昨天表示，希望中国为结束乌克兰冲突发挥重大建设性作用。请问中方是否计划采取新的举措推动解决乌克兰危机？,对话谈判是解决乌克兰危机的唯一可行出路。我们乐见各方发挥建设性作用，为推动局势降温、政治解决危机积累条件。中方将继续劝和促谈，愿同各方保持沟通。,毛宁
t20250124_11544578.html,美国全国广播公司记者,美国总统特朗普在世界经济论坛年会上表示，他非常喜欢习近平主席，但是希望（同中方）达成公平的贸易协议。中方是否愿同特政府接触以解决他所称的“离谱的1.1万亿贸易逆差”？,中美经贸合作是互利共赢的，中国从不刻意追求贸易顺差。尽管中美之间有分歧和摩擦，但两国的共同利益和合作空间是巨大的，双方可以就此加强对话与协商。,毛宁
t20250124_11544578.html,路透社记者,发言人能否证实去年9月在深圳发生的日本男童被刺身亡案今日在深圳市中级人民法院进行公审？,我可以告诉你的是，这个案件已进入司法程序，中国司法机关将依法审理有关案件。具体情况，建议你向中方主管部门了解。,毛宁
t20250124_11544578.html,德新社记者,德国基民盟主席和基民盟总理候选人默茨昨天表示，他对德国经济界的所有代表说，在中国投资是一个涉及巨大风险的决定。默茨还表示，按照德国的标准中国不是一个法治国家。外交部对此有何评论？,中德是全方位战略伙伴。建交53年来，两国始终本着相互尊重、求同存异、交流互鉴、合作共赢原则发展双边关系，书写了中德务实合作的成功故事，为两国人民带来了实实在在的好处。我们希望德方客观理性看待中国发展，坚持中德友好传统，正视中德合作互利共赢的本质，多做符合两国和两国人民利益的事。我们也欢迎德国政治家来中国走一走、看一看，感受真实的中国，感受新时代中国的生机与活力。,毛宁
t20250124_11544578.html,法新社记者,美国总统特朗普在接受福克斯新闻台采访时表示，他更希望不对华征收关税，但关税对中国具有巨大威力。外交部对此有何评论？,这个问题我们已多次表明立场。中美经贸合作是互利共赢的。对于分歧和摩擦，应当通过对话协商解决。贸易战、关税战没有赢家，不符合任何一方的利益，也不利于世界。,毛宁
t20250124_11544578.html,总台央视记者,今天是中国和瑙鲁复交一周年。中方如何评价一年来中瑙双边关系发展？对两国关系下步发展有何期待？,一年前，中国和瑙鲁在一个中国原则基础上恢复大使级外交关系。复交以来，两国关系蓬勃发展，取得丰硕成果。,毛宁
t20250124_11544578.html,彭博社记者,跟进乌克兰问题。美国总统特朗普在世界经济论坛年会上发言时称，他在上周五同习近平主席通话时谈及乌克兰问题，双方有望共同努力结束乌克兰危机。外交部能否予以证实，可否介绍下阶段中国在乌克兰问题上将采取的措施？,关于习近平主席同特朗普总统通电话的情况，中方已经发布了消息，你可以查阅。关于乌克兰危机，中方将继续致力于劝和促谈，我们愿就此同各方保持沟通。,毛宁
t20250127_11546757.html,湖北广电记者,春节已被列入联合国教科文组织人类非物质文化遗产代表作名录。蛇年春节临近，请问外交部面向海外侨胞开展了哪些工作？能否介绍相关情况？,春节在中国传统里象征着和平、和睦、和谐，寄托着人们对自然的敬畏与感恩，对家庭团圆的企望，对美好生活的向往。“春节”列入“非遗”说明春节文化不仅是中国的，也是世界的。从2023年开始，外交部每年在春节前后联合驻外使领馆开展“温暖迎春·共庆中国年”慰侨专项活动，受到广大侨胞欢迎。蛇年春节期间，外交部将继续通过驻外使领馆向海外侨胞送去温暖和祝福，与侨胞和各国朋友共同举办节庆活动，体验春节文化，在浓浓年味中感受中华文化魅力。,毛宁
t20250127_11546757.html,路透社记者,据《卫报》报道，王毅外长将于下月访问英国。发言人能否确认此访并提供更多信息？,中国和英国都是联合国安理会常任理事国和世界主要经济体，加强战略沟通、增进政治互信、推动互利合作，符合双方和国际社会共同利益。一段时间以来，中英两国领导人举行会晤，各部门重启机制性对话，两国各界对中英关系朝着健康稳定方向发展感到鼓舞、充满期待。关于你提到的具体访问，目前我没有可以提供的信息，你可以保持关注。,毛宁
t20250127_11546757.html,英国天空电视台记者,特朗普称中国向墨西哥和加拿大供应芬太尼。发言人对此有何回应？中方采取了哪些措施打击芬太尼前体的销售？,中国是世界上禁毒政策最严格、执行最彻底的国家之一。2019年，中国就宣布正式整类列管芬太尼类物质，是世界上第一个正式整类列管芬太尼类物质的国家。本着人道主义精神，中国为美国应对芬太尼类问题提供了支持，同美方开展了广泛、深入的禁毒合作并取得显著成效，这是有目共睹的。希望美方以实际行动维护中美禁毒合作来之不易的良好局面。,毛宁
t20250127_11546757.html,深圳卫视记者,据报道，香港美国商会日前发布《2025年香港商业信心调查报告》，显示受访在港美企对香港营商环境更有信心，更客观看待香港国安法律。请问外交部对此有何评论？,我注意到这份报告。报告显示，75%的企业认为香港是亚洲的国际商业中心，九成企业认为香港欢迎外资的态度没有改变。83%的受访者对香港法治有信心。这些数据显示了美国在港企业对香港发展前景和营商环境的信心。,毛宁
t20250127_11546757.html,彭博社记者,昨天，美国中央情报局称，他们认为新冠疫情很可能源于实验室泄漏而非来源于自然界。外交部对此有何回应？,溯源是一个科学问题，应当秉持科学精神、由科学家来作出判断。“实验室泄漏极不可能”是中国—世卫组织联合专家组在实地走访武汉相关实验室并同相关科研人员深入交流的基础上得出的权威科学结论，得到了国际社会和科学界的广泛认可。,毛宁
t20250127_11546757.html,新华社记者,据了解，习近平主席特别代表、国家副主席韩正前不久出席特朗普总统就职典礼期间受到了美方高规格礼遇。同时一些台媒报道，台所谓“立法院”日前发布消息，声称所谓“立法院长”韩国瑜率团参加特朗普就职典礼时获美方“高规格礼遇”，“突破历年最高观礼规格”。中方对此有何评论？,1月20日，习近平主席特别代表、国家副主席韩正应邀出席特朗普总统就职典礼，在典礼主会场国会大厦圆形大厅主席台就座，并同现场的有关国家领导人及美方政要寒暄交流。,毛宁
t20250127_11546757.html,彭博社记者,昨天，特朗普威胁要对哥伦比亚征收关税，除非哥方接收在美国没有证件的哥公民。几小时前，美方撤回了这一威胁，称哥方现已同意接收这些移民。我的第一个问题是，中方如何看待过去24小时内美国和哥伦比亚之间发生的事？第二个问题是，中方是否也愿接回非法入美或在美没有证件的中国公民？,关于你的第一个问题，这是美国和哥伦比亚之间的事情，我们希望双方能够妥善处理。,毛宁
t20250127_11546757.html,《中国日报》记者,据报道，近期塞尔维亚国内多次发生抗议游行。1月25日，塞尔维亚总统武契奇举行大型集会并发表讲话，回顾塞近年来经济社会建设取得前所未有进展，强调塞尔维亚不能停止前进。中方对此有何评论？,中方注意到有关消息。近年来，在武契奇总统领导下，塞尔维亚坚持独立自主，经济社会发展取得长足进步。中方一贯尊重塞尔维亚主权和领土完整，支持塞方维护国家稳定和发展利益。作为铁杆朋友，我们相信塞方有智慧、有能力继续保持社会稳定大局和良好发展势头。,毛宁
t20250205_11549494.html,北京日报记者,蛇年春节可以说是活力四射、年味十足。我们注意到世界各地也举行了丰富多彩的春节庆祝活动，外国人来华过地道中国年推动了“China Travel”持续升温。有人评价说，春节在世界范围内“飞入寻常百姓家”。发言人对此有何评论？,今年的春节是首个世界“非遗版”春节。我们高兴地看到，随着中国持续扩大免签国家范围，全面放宽优化过境免签政策，中国年正在成为“世界年”，近20个国家将春节定为法定假日，近200个国家和地区举办节庆庙会、舞龙舞狮、花车巡游、汉服体验、点亮中国红、“行走的年夜饭”等春节庆祝活动，世界各地共庆春节、同享喜乐。外国朋友来华体验中国年的热情愈发高涨。第三方平台数据显示，今年到中国过春节的外国游客较2024年增长150％，创下新高。,林剑
t20250205_11549494.html,英国广播公司记者,在美方宣布对华加征关税和中方反制后，特朗普总统表示，他不急于同习近平主席沟通。两国领导人将何时沟通？中方届时将对美方作何表态？,中方注意到有关报道。两国元首1月17日通话时，中方已阐明了原则立场，双方也已就开展互利合作达成原则共识。现在需要的不是单方面加征关税，而是进行平等和相互尊重的对话与协商。,林剑
t20250205_11549494.html,美国有线电视新闻网记者,关于中美贸易和关税问题，中方是否认为美方能秉持诚意行事？,美方以芬太尼问题为由，对中国商品加征10％关税，中方对此强烈不满，坚决反对。中方采取的措施是维护自身正当权益的必要之举。,林剑
t20250205_11549494.html,阿纳多卢通讯社记者,美国总统特朗普表示，计划将居住在加沙地带的巴勒斯坦人重新安置到约旦和埃及等邻国，之后美国将接管并“拥有”加沙地带。中方对此有何评论？,中方始终认为，“巴人治巴”是加沙战后治理的基本原则，我们反对针对加沙民众的强制迁移，希望有关各方以加沙停火和战后治理为契机，推动巴勒斯坦问题重回以“两国方案”为基础政治解决的正确轨道，实现中东持久和平。,林剑
t20250205_11549494.html,伊拉克如道电视台记者,伊拉克“发展之路”是中国“一带一路”倡议的一部分吗？对中方的倡议有何作用？中国与叙利亚间的贸易额是多少？自去年12月8日以来有何变化？中国如何看待包括叙利亚库尔德人在内的叙各民族权利？,关于第一个问题，伊拉克是中国共建“一带一路”的重要伙伴。中方愿加强“一带一路”倡议同伊拉克“发展之路”计划对接，推动中伊务实合作取得新进展。,林剑
t20250205_11549494.html,韩联社记者,应全国人大常委会委员长赵乐际邀请，韩国国会议长禹元植将于今日访华。访问期间，禹元植议长将出席哈尔滨亚洲冬季运动会的开幕式。能否证实习近平主席将会见禹元植议长？,应全国人大常委会委员长赵乐际邀请，韩国国会议长禹元植将于2月5日至9日率团访华。中方已经发布了消息，你可以查阅。关于你提到的会见安排问题，请你继续保持关注。,林剑
t20250205_11549494.html,彭博社记者,据本社报道，巴拿马正考虑终止同一家香港公司关于运营巴拿马运河港口的合同。中方对此有何评论？中方如何看待相关港口运营合同？,香港特区政府已就有关香港公司运营巴拿马运河附近港口问题作了回应。巴拿马是国际投资汇聚之地，历来以良好的法治和透明的营商环境闻名于世，相信会为包括中国香港特区企业在内的各国、各地区企业提供公平公正的环境。,林剑
t20250205_11549494.html,路透社记者,本周二，特朗普总统的行政令生效，部分来自中国大陆和香港的包裹不再享受关税豁免。几小时后，美国邮政宣布，暂停接收此类包裹。外交部对此有何评论？,你提到的具体问题，建议向中方主管部门了解。我们敦促美方停止将经贸问题政治化、工具化，停止无理打压中国企业。中方也将继续采取必要措施，坚决维护中国企业合法权益。,林剑
t20250205_11549494.html,阿纳多卢通讯社记者,巴拿马宣布不再与中方续签“一带一路”合作协议。此前，特朗普总统威胁将收回对巴拿马运河的所有权，声称中国对该运河的控制力和影响力违背了该运河的国际中立地位。中方对此有何评论？,近期美方在巴拿马运河问题上发表不负责任的言论，蓄意曲解甚至攻击抹黑有关合作。中方对相关行径表示坚决反对，并向美方提出严正交涉。,林剑
t20250205_11549494.html,路透社记者,美国以芬太尼问题为由对中国产品加征10％关税。作为反制，中国对一些美国产品征收10％至15％关税。在打击毒品非法出口方面，中国是否仍有采取进一步举措的余地？是否会采取更多行动来解决美方在芬太尼问题上的关切？,中国是世界上禁毒政策最严格、执行最彻底的国家之一。芬太尼是美国的问题，根子在美国自身。本着人道主义精神，中国为美国应对芬太尼类问题提供了帮助。应美方请求，中方于2019年宣布正式整类列管芬太尼类物质，是世界上第一个正式整类列管芬太尼类物质的国家。近年来，中方同美方在禁毒领域广泛开展务实合作，在物质列管、情报交换、个案合作、网络广告清理、毒检技术交流、多边互动等方面，取得诸多可视化进展，成效有目共睹。,林剑
t20250205_11549494.html,路透社记者,泰国总理正在访华。中方是否要求泰国政府遣返自2014年以来在泰国被拘留的48名维吾尔人？,我不了解你提到的具体情况。中方在非法移民问题上的立场是一贯、明确的。我们坚决打击任何形式的非法移民活动，反对任何纵容甚至支持非法移民的行为。中国是法治国家，将通过加强国际执法安全合作处理好有关问题。,林剑
t20250205_11549494.html,路透社记者,昨晚，欧盟委员会主席冯德莱恩表示，欧盟将继续在对华经贸关系中“去风险”，但双方仍有建设性接触的空间，寻找符合双方共同利益的解决方案，甚至达成能够扩大贸易和投资关系的协议。冯德莱恩通常对华较为强硬，此番表态是否意味其对华关系的调门有所变化？在全球贸易竞争加剧的情况下，中方是否会考虑同欧盟加强对话，以解决双方间的经贸问题？,当前，百年变局加速演进，国际形势变乱交织，世界面临阵营化、碎片化、无序化风险，中欧关系更加具有战略意义和世界影响。,林剑
t20250205_11549494.html,彭博社记者,我还有两个问题。第一个问题是关于泰国总理本周访华的。在过去24小时里，泰国对缅甸部分地区断电、断网、断油，相关地区被怀疑存在网络诈骗活动。中方是否欢迎泰国政府这一执法行动？泰国总理访华期间，双方将讨论哪些议题？第二个问题是关于周二在国外以“经济间谍罪”被起诉的一名中国公民，他是谷歌的一名软件工程师。中方对此有何评论？,关于泰国总理访华有关消息，我们会适时发布，请你保持关注。,林剑
t20250206_11550287.html,总台央视记者,我们注意到，过去一年中国多地不断擦亮冰雪“名片”，冰雪运动、冰雪旅游热度持续攀升，赴冰雪之约成为国人“闹新春”的新选择，也吸引了越来越多外国游客。发言人对此有何评论？,去年年初，“尔滨”凭借冰雪魅力火爆出圈，相信大家都记忆犹新。一年多来，中国各地的冰雪运动、冰雪旅游等资源不断地被挖掘盘活，“冷资源”迸发出“热活力”。新疆、内蒙古等地发力用好冰雪优势，上海、广东等地也借势开辟室内雪场，云南、贵州等地更将民族风情、自然风光融入冰雪旅游，天南地北的冰雪消费持续火热。,郭嘉昆
t20250206_11550287.html,法新社记者,根据库克群岛总理办公室发布的消息，该国总理将于下周一访华，并同中方签署战略伙伴关系协议。新西兰方面此前曾公开就此表示不满。中方对此有何评论？能否介绍访问安排？,关于你提到的有关访问，我目前还没有可以发布的消息。,郭嘉昆
t20250206_11550287.html,韩联社记者,据报道，韩国一些政府部门已屏蔽对DeepSeek的访问，之前意大利、澳大利亚、印度、美国、日本等国也传出禁止或限制使用DeepSeek的消息，一些企业也出现屏蔽DeepSeek访问的情况。中方如何看待上述动向？,我注意到有关情况。我想强调的是，中国政府高度重视并依法保护数据隐私和安全，从来没有也不会要求企业或个人以违法形式采集或存储数据。中方一贯反对泛化国家安全概念、将经贸科技问题政治化的做法。同时，中方也将坚定维护中国企业的合法权益。,郭嘉昆
t20250206_11550287.html,《北京青年报》记者,今年春节期间中国电影市场非常火爆。我们注意到有外媒评论称，中国春节电影市场的繁荣显示出消费市场回暖，令人鼓舞，同时中国春节档影片在海外热映体现了中国文化软实力的提升。发言人有何评论？,春节看电影已经成为新年俗。蛇年春节的电影市场更是迎来“开门红”。数据显示，截至2月5日，春节档上映新片总票房突破100亿元人民币，观影人次达到1.87亿，再创历史新高。多部影片在海外同步上映，有的还登上了当地非英语影片票房榜首。春节票房的火爆反映出中国消费市场的旺盛活力，也彰显了中国经济强大的内生动力和广阔的发展前景。一部部走出国门的电影也成为中外交流的新桥梁和世界看中国的新窗口。我们欢迎各国游客用好来华免签和签证便利化政策，亲身走进中国，感受中华文化的独特魅力。,郭嘉昆
t20250206_11550287.html,《环球时报》记者,近来少数自媒体发布所谓柬埔寨领导人在中美之间选边站队、中柬大项目合作受阻等不实言论，请问发言人对此有何评价？,上述涉柬言论完全是无端的造谣攻击和恶意中伤。,郭嘉昆
t20250206_11550287.html,东方卫视记者,在美国总统特朗普提出希望“清空”并接管加沙后，国际社会普遍表示反对。请问中方对此有何评论？,加沙是巴勒斯坦人的加沙，是巴勒斯坦领土不可分割的一部分，不是政治交易的筹码，更不能成为弱肉强食的对象。加沙已经饱受战火摧残，满目疮痍，哀鸿遍野，国际社会特别是大国应携手为加沙人道援助和重建雪中送炭，而不是雪上加霜。中方坚定支持巴勒斯坦人民的民族合法权利，始终认为“巴人治巴”是加沙战后治理必须坚持的重要原则，反对针对加沙民众的强制迁移。中方愿与国际社会一道努力，以“两国方案”为根本出路，推动巴勒斯坦问题早日得到公正的政治解决，即建立以1967年边界为基础、以东耶路撒冷为首都、享有完全主权的独立的巴勒斯坦国。,郭嘉昆
t20250206_11550287.html,法新社记者,美方周三表示，美政府船只可在巴拿马运河免费航行。这是特朗普总统施压的结果。但运河管理部门随即否认称，并未同美方就此达成一致。中方对此有何评论？,关于巴拿马运河的问题，中方多次阐述了我们的立场。中方一贯尊重巴拿马对运河的主权，承认运河作为永久中立国际水道的地位。中方尊重巴拿马政府对运河的管理运营，从不插手运河事务。,郭嘉昆
t20250206_11550287.html,法国《世界报》记者,美国新任总统特朗普就加沙、格陵兰岛、巴拿马运河等不断发表有争议的言论，发言人是否认为这是中国扩大影响力的契机？,关于美国相关政策，中方不作评论。中国始终坚持以《联合国宪章》的宗旨和原则发展与其他国家的关系，也积极为全球的和平与发展作出自身的贡献。,郭嘉昆
t20250206_11550287.html,彭博社记者,蒙古政府表示计划扩大与中国的铁路连接，以促进两国之间的煤炭贸易，该协议将在蒙古总理于2月13日至15日访问中国时敲定。中方能否证实此次访问？此访期间会否敲定协议？,中国和蒙古是山水相连的友好邻邦。两国在各层级保持密切交往，双方一直致力于加强互联互通，深化各领域互利合作。关于你提到的具体高层交往安排和合作事宜，如有相关消息我们会及时发布，请你关注。,郭嘉昆
t20250206_11550287.html,法新社记者,《南华早报》今日报道，中国前驻法大使卢沙野去年12月离任后已被任命为中国政府欧洲事务特别代表。外交部能否证实相关消息？,中国政府已经任命卢沙野大使接替吴红波大使担任中国政府欧洲事务特别代表。卢沙野特别代表将协助协调、处理涉欧事务，并根据需要同欧洲国家及欧盟机构开展磋商、交流等工作。,郭嘉昆
t20250207_11550963.html,阿纳多卢通讯社记者,巴拿马宣布将退出同中方共建“一带一路”合作协议。巴总统穆利诺称已指示，提前90天告知中方将退出协议。中方对此有何评论？你是否认为巴方做出该决定是由于受到了来自美国的压力？,中方对美国通过施压胁迫的手段抹黑破坏共建“一带一路”合作的行径表示坚决反对，对巴方表示不再续签谅解备忘录深表遗憾。,林剑
t20250207_11550963.html,《中国日报》记者,您刚刚发布了张国清副总理出席人工智能行动峰会的消息。能否进一步介绍中方与会考虑和期待？,中国是人工智能全球治理的积极倡导者和践行者。2023年10月，习近平主席提出《全球人工智能治理倡议》，围绕这一重大时代课题提出了中国方案，贡献了中国智慧。2024年5月习近平主席访法期间，中法发表关于人工智能和全球治理的联合声明，提到中国愿参加法国将于2025年举办的人工智能峰会。张国清副总理作为习近平主席特别代表出席峰会，是落实两国元首共识，彰显中国作为人工智能大国，致力于促进人工智能开发与安全的负责任态度。中方期待通过出席此次峰会，同各方加强沟通交流，凝聚合作共识，积极推进落实联合国《全球数字契约》。我们也欢迎各国来华出席2025世界人工智能大会，塑造具有广泛共识的人工智能全球治理框架，促进人工智能向善普惠。,林剑
t20250207_11550963.html,法新社记者,台湾表示在台岛附近上空发现6个来自大陆的气球。你能否证实此事？对此有何评论？,这不是一个外交问题。,林剑
t20250207_11550963.html,印尼安塔拉通讯社记者,习近平主席昨天会见了文莱苏丹哈桑纳尔和泰国总理佩通坦。会见中是否谈及缅甸问题？该问题关系到东盟作为地区组织的信誉。,昨天，习近平主席分别同来华访问的文莱苏丹、泰国总理会见会谈，双方就共同关心的国际地区问题交换了意见。中方已经发布相关消息，你可以查阅。,林剑
t20250207_11550963.html,中新社记者,据报道，日本自民党干事长森山裕就任日本跨党派国会议员联盟“日中友好议员联盟”会长。中方对此有何评论？,森山裕先生是日本资深政治家，关心支持中日交往合作，曾多次率团访华。日中友好议员联盟是日本日中友好七团体之一，长期以来致力于推进两国交流合作。中方对森山裕先生就任议联新会长表示祝贺，对前任会长二阶俊博先生长期以来为发展中日关系所作努力和贡献表示感谢，期待议联在森山会长的带领下，继续为中日友好作出努力。,林剑
t20250207_11550963.html,路透社记者,巴拿马总统表示，退出同中方共建“一带一路”协议的决定在美国国务卿鲁比奥访问之前就做出了。中方对此有何评论？,关于巴拿马总统有关“一带一路”言论，中方已经作出回应。我想强调的是，中巴建交以来，两国关系全面快速发展，两国在共建“一带一路”框架下的合作取得丰硕成果，不断造福两国人民。,林剑
t20250207_11550963.html,彭博社记者,据新西兰电视台报道，库克群岛总理马克·布朗将于今天访华，并与中国政府签署一项重要协议。中方对此有何评论？能否确认布朗将访华？,关于你提到的有关访问，我目前还没有可以发布的信息。,林剑
t20250207_11550963.html,印度报业托拉斯记者,你刚才提到两位东盟国家领导人访华情况以及中方在缅甸问题上的立场。关于泰国总理此次访华，焦点议题之一是泰国边境地区的电诈问题。据称有中国公司参与其中，许多来自不同国家的人被绑架并被迫为这些公司工作。包括中国在内的一些国家对此表示关切。中方在与东盟国家领导人的会谈中是否提到了电诈问题？,昨天，习近平主席、李强总理、赵乐际委员长分别同来华进行正式访问的泰国总理佩通坦举行会见会谈，其中的议题之一就是围绕加强打击网赌电诈交换意见并达成重要共识。中方已经发布相关消息，你可以查阅。,林剑
t20250207_11550963.html,彭博社记者,蒙古政府发言人昨日称，蒙古总理2月13日将访华并签署中蒙运输煤炭铁路扩建协议。中方能否证实此访？对访问有何期待？,中国和蒙古是山水相连的友好邻邦。两国在各个层级保持密切交往，双方一直致力于加强互联互通，深化各领域互利合作。关于你提到的具体高层交往安排和合作事宜，如有相关消息我们会及时发布，请你保持关注。,林剑
t20250207_11550963.html,彭博社记者,本社昨天报道，中国国家市场监督管理总局正在审查苹果公司应用商店的多项政策，并可能对其发起反垄断调查。中方对此有何评论？能否证实国家市场监督管理总局正就苹果公司的这些问题开展调查？,我不了解有关情况。建议你向中方的主管部门询问。,林剑
t20250210_11552101.html,总台央视记者,中方对王毅外长访问英国、爱尔兰有何期待？王毅外长出席本届慕安会将就哪些议题介绍中方立场？,中国和英国同为联合国安理会常任理事国和世界主要经济体，加强沟通合作有利于双方和世界。去年11月习近平主席同斯塔默首相在二十国集团峰会期间举行会晤，为共同书写中英关系健康稳定发展新篇章作出战略指引。王毅外长此访是落实两国领导人共识的一项重要行动，中方将同英方举行中英战略对话，就双边和全球性议题进行广泛深入的战略沟通，深化互信与合作，共同引领中英关系行稳致远，并为世界和平稳定与发展繁荣增添信心与动能。,郭嘉昆
t20250210_11552101.html,韩联社记者,据俄罗斯媒体报道，习近平主席已接受出席5月9日俄罗斯伟大卫国战争胜利80周年活动的邀请。习主席是否将访问俄罗斯？,中国和俄罗斯是新时代全面战略协作伙伴，双方始终保持各层级的密切往来。关于你提到的问题，我目前没有可以发布的消息。,郭嘉昆
t20250210_11552101.html,新华社记者,发言人能否介绍王毅外长主持联合国安理会高级别会议的考虑？,今年是世界反法西斯战争胜利80周年和联合国成立80周年。这是一个值得共同纪念的重要年份，也是一个承前启后的历史时刻。中国倡议召开的这次安理会高级别会议，将回顾联合国成立初心，擘画美好未来前景，为联合国纪念成立80周年系列活动拉开序幕。,郭嘉昆
t20250210_11552101.html,美联社记者,关于库克群岛总理本周访华，有报道称双方将签署全面战略伙伴关系协定，新西兰表达关切并称库克群岛并未就该协定同新方妥善协商。你对此有何评论？,库克群岛是中国在南太平洋地区的重要伙伴。两国1997年建交以来，始终相互尊重、平等相待、共同发展，各领域交流合作成果丰硕。中方愿同库方共同努力，推动两国关系不断取得新发展。关于你提到的访问，我们将适时发布有关消息。,郭嘉昆
t20250210_11552101.html,《中国日报》记者,日前，中国人工智能企业深度求索（DeepSeek）推出性能优越、免费商用的开源大模型，且训练成本相较同类产品更低，在国际上引起广泛关注和热烈讨论。请问发言人对此有何评论？,具体的专业问题，建议你向主管部门了解。我想强调的是，当前，人工智能新技术不断突破、新业态持续涌现、新应用加快拓展，已经成为新一轮科技革命和产业变革的重要驱动力量。,郭嘉昆
t20250210_11552101.html,总台国广记者,8日，纳米比亚开国总统努乔马逝世，享年95岁。中方对此有何评论？,中方对努乔马前总统逝世表示深切哀悼，向努乔马前总统的亲属、向纳米比亚政府和人民表示诚挚慰问。,郭嘉昆
t20250210_11552101.html,路透社记者,追问关于库克群岛的问题，你能否证实库克群岛总理于本周访华？,我刚才已经回答了相关问题。我们会适时发布相关消息，请你保持关注。,郭嘉昆
t20250210_11552101.html,《北京日报》记者,能否介绍中方对此次二十国集团外长会有何期待？,二十国集团作为国际经济合作主要论坛，应该弘扬伙伴精神，合力促进世界经济增长，引领全球治理朝着更加公正合理方向发展，帮助各国实现共同发展繁荣。中方愿同各方共同努力，推动此次外长会取得积极成果，对外发出支持多边主义、加强团结合作、携手应对全球性挑战的有力信号。,郭嘉昆
t20250210_11552101.html,彭博社记者,《华尔街日报》今天报道称，中方正在制定一份美国科技公司名单，这些企业可能成为反垄断调查等的目标。中方目的是影响特朗普总统圈内的科技企业高管，推动特朗普政府就包括关税在内的问题与中方进行谈判。你对该报道有何回应？,我不了解你提到的具体情况。中方一贯反对泛化国家安全概念、将经贸科技问题政治化的做法。中国始终坚持打造市场化、法治化、国际化营商环境，中国市场对所有国家一视同仁，对各国企业同等开放。,郭嘉昆
t20250210_11552101.html,《环球时报》记者,美国总统特朗普日前会见日本首相石破茂。美日发表联合声明称，双方强调维护台湾海峡和平稳定的重要性，反对以武力或胁迫单方面改变台海局势，支持台湾有意义地参与国际组织；《美日安保条约》第五条适用于钓鱼岛，反对中国在南海非法海洋主张、岛礁军事化及威胁挑衅活动。美方还称，将在对抗中国“经济侵略”方面加强合作。请问中方对此有何评论？,美日联合声明涉华内容公然干涉中国内政，攻击抹黑中国，渲染地区紧张局势，中方对此强烈不满，坚决反对。中方已向美方和日方提出了严正交涉。,郭嘉昆
t20250210_11552101.html,彭博社记者,美国总统特朗普称，他计划对所有输美钢铝产品加征25%关税，此举扩大征税范围，并将威胁美方同主要贸易伙伴国的关系。特朗普称，该关税适用于所有国家，将自美国时间周一生效。外交部对此有何回应？,具体问题请向主管部门询问。我要强调的是，搞保护主义没有出路，贸易战、关税战没有赢家。,郭嘉昆
t20250210_11552101.html,日本广播协会记者,今日中国对美国商品加征关税是否正式生效？中美元首是否会就关税问题进行会谈协商？,关于第一个问题，建议向主管部门询问。我要强调，贸易战、关税战没有赢家，损害的是两国人民的利益。现在需要的不是单方面加征关税，而是进行平等和相互尊重的对话与协商。我们敦促美方纠正错误做法，停止将经贸问题政治化、工具化。,郭嘉昆
t20250210_11552101.html,路透社记者,今天是各国向《联合国气候变化框架公约》秘书处提交新一轮国家自主贡献目标的最后期限。中方会否在期限内完成提交？,中国始终是应对气候变化的实干家和行动派。我们坚定不移走绿色低碳发展之路，高度重视应对气候变化工作，坚定实施积极应对气候变化国家战略。中国将按照自己的路径、方式和节奏确定不移地兑现已承诺的“双碳”目标。,郭嘉昆
t20250211_11552937.html,总台央视记者,据了解，第31次中国—东盟高官磋商将于近日举行，发言人能否提供更多信息？中方对此会议有何期待？,经双方商定，第31次中国—东盟高官磋商将于2月12日至14日在浙江宁波举行。中国外交部副部长孙卫东将率团出席，并同中国东盟关系协调国、2025年东盟轮值主席国马来西亚东盟事务高官阿姆兰共同主持会议。,郭嘉昆
t20250211_11552937.html,日本经济新闻记者,根据日本海上保安厅在官网发布的信息，原设置于台湾岛东北部海域的浮标已不存在。日本政府认为这是由于中国移除了浮标。日本政府的这种判断是否符合实际情况？如属实，请说明中国这样做的原因及目的。,中方在有关海域布设水文气象观测浮标，符合中国国内法和国际法。目前，有关浮标已完成其在原站位作业任务。根据科学观测实际需要，中方有关单位对其实施了自主性、技术性调整。,郭嘉昆
t20250211_11552937.html,中新社记者,2月10日慕尼黑安全会议发布专题报告，报告以“多极化”为主题，认为世界多极化势头日趋强劲，中国是多极秩序的主要支持者，倡导平等有序的世界多极化，中国民众普遍相信多极化能带来和平与繁荣。中方对此有何评论？,我们注意到有关报告。慕安会调查显示，国际社会对多极世界的认同上升。我们认为，多极化是当今世界的基本趋势，是不可阻挡的时代潮流。,郭嘉昆
t20250211_11552937.html,路透社记者,美国总统特朗普表示，其就职后曾与中国领导人通话。你能否证实？该通话或视频会晤是何时举行的？能否介绍双方讨论的内容？,1月17日，习近平主席曾应约同美国总统特朗普通电话，中方已发布消息稿。,郭嘉昆
t20250211_11552937.html,法新社记者,据报道，库克群岛总理正在中国访问。你能否证实？如属实，能否介绍访问细节？,昨天我已经回答了相关问题。我愿重申，库克群岛是中国在南太平洋地区的重要伙伴。两国1997年建交以来，始终相互尊重、平等相待、共同发展，各领域交流合作成果丰硕。中方愿同库方共同努力，推动两国关系不断取得新发展。关于你提到的问题，我们将适时发布有关消息。,郭嘉昆
t20250211_11552937.html,路透社记者,新西兰媒体报道称，中方同库克群岛将于本周签署全面战略伙伴关系协定，外交部能否介绍协定细节？针对一些西方国家对中国同库克群岛签署该协定表达的关切和反对，中方有何回应？,正如我刚才所说，我们将适时发布有关消息。我还想强调，中方同库克群岛等太平洋岛国发展关系、开展合作，不针对任何第三方，也不应该受到第三方的干扰和制约。,郭嘉昆
t20250211_11552937.html,法新社记者,根据《联合国气候变化框架公约》的要求，各国应该在2025年2月前提交新一轮的国家自主贡献目标，但包括中国在内的几乎所有国家都没有按时提交。请问中国计划什么时候提交新一轮贡献目标？,昨天我已经回答了相关问题。我愿再次强调，中国始终是应对气候变化的实干家和行动派。我们将按照自己的路径、方式和节奏确定不移地兑现已承诺的“双碳”目标。目前中方正在按照《巴黎协定》及首次全球盘点的要求，研究制定新一轮国家自主贡献，将本着积极负责任的态度，基于自身国情能力和发展阶段，于今年适时向《联合国气候变化框架公约》秘书处通报2035年国家自主贡献。,郭嘉昆
t20250212_11553735.html,深圳卫视记者,有关部门公告显示，东盟国家旅游团自2月10日起可免签入境云南西双版纳。数据显示，今年春节，中国共接待来自175个国家和地区的入境游客逾343万人次，同比增长6.2％。评论认为，这充分体现了中国不断便利中外人员往来政策的成效。请问发言人对此有何评论，中方是否还会推出更多优化入境措施？,今天是中华民族的传统节日元宵节，首先我要祝大家平安幸福，喜乐安康。这个春节假期，来华“打卡”中国年俗成为新时尚，中国人民热情迎接外国朋友。各大旅游城市实现消费“不见外”，外国游客可以畅享便捷的移动支付。最新数据显示，中国银联、网联春节期间处理境外来华人员支付交易数量同比增长124.54％，交易额增长90.49％。中国多地多部门还出台并落实免签政策的文旅配套措施，提升通关效率，便捷跨语言交流，完善住宿、餐饮、观光等一条龙服务，试点“即买即退”的高效离境退税模式等。从线上到线下，从国门到店门，全方位、全链条的“丝滑”体验让外国游客宾至如归，更让他们看到一个开放、自信、文明、安全的中国。,郭嘉昆
t20250212_11553735.html,总台央视记者,日前，习近平主席特别代表、中共中央政治局委员、国务院副总理张国清赴法国出席人工智能行动峰会。峰会发表《关于发展包容、可持续的人工智能造福人类与地球的声明》。请问发言人能否介绍相关情况？,2月10日至11日，习近平主席特别代表、中共中央政治局委员、国务院副总理张国清在巴黎出席人工智能行动峰会。张国清副总理在致辞中强调，习近平主席提出《全球人工智能治理倡议》，围绕重大时代课题提出了中国方案、贡献了中国智慧。国际社会应携手倡导智能向善，深化创新合作，强化包容普惠，完善全球治理，共同构建人类命运共同体。,郭嘉昆
t20250212_11553735.html,法新社记者,关于人工智能峰会，美国副总统万斯在峰会上称，“威权政权”正利用人工智能控制公民并补贴廉价技术出口。美方亦没有签署峰会联合声明。中方对万斯的表态及美方在峰会上的立场有何评论？,我刚才已经介绍了中方代表团出席人工智能行动峰会的有关情况。关于人工智能合作，我们多次强调，中国积极拥抱智能变革，大力推进人工智能创新发展，重视人工智能安全，支持和鼓励企业进行自主创新。我们还积极推动人工智能普惠发展，帮助发展中国家加强能力建设，主张开源人工智能技术，促进人工智能服务的可及性。同时，我们反对以意识形态划线，反对泛化国家安全概念、将经贸科技问题政治化的做法。,郭嘉昆
t20250212_11553735.html,伊拉克如道电视台记者,美国总统特朗普持续表态称，将把加沙的巴勒斯坦人迁走，不让他们返回加沙。中方将如何阻止特朗普这一违反国际法的行为？你认为中方对特朗普加征关税采取针锋相对的做法会对美方产生什么影响？,关于第一个问题，加沙是巴勒斯坦人的加沙，是巴勒斯坦领土不可分割的一部分。中方坚定支持巴勒斯坦人民的民族合法权利，始终认为“巴人治巴”是加沙战后治理必须坚持的重要原则，我们反对针对加沙民众的强制迁移。当前形势下，国际社会特别是大国应为落实加沙停火协议、推动加沙人道援助和重建发挥建设性作用。,郭嘉昆
t20250212_11553735.html,湖北广电记者,近日，美国媒体报道称，美国国际开发署利用美纳税人资金资助中国武汉病毒研究所开展病毒增益研究，可能引发新冠疫情，导致全球数百万人死亡。中方对此有何评论？,中方已经多次阐述在新冠病毒溯源问题上的立场。溯源是一个科学问题，应当秉持科学精神、由科学家来作出判断。“实验室泄漏极不可能”是中国—世界卫生组织联合专家组在实地走访武汉相关实验室并同相关科研人员深入交流的基础上得出的权威科学结论，得到了国际社会和科学界的广泛认可。,郭嘉昆
t20250212_11553735.html,总台华语环球节目中心记者,近日菲律宾领导人称，中国的导弹系统远比菲律宾强大，菲从不过问中国在哪里部署导弹，不明白为何中国对菲的导弹部署指指点点，并称只要中国停止在南海的侵犯及恫吓行为，就会撤出美军部署在菲的“堤丰”中程导弹系统。菲防长特奥多罗称菲方有计划获得属于自己的中导能力，菲有权寻求获得此类威慑能力。请问中方对此有何评论？,关于美国在菲律宾部署中程导弹问题，中方已多次阐明其严重危害和坚决反对立场。在中导问题上，菲律宾一再自食其言、背信弃义。,郭嘉昆
t20250212_11553735.html,法新社记者,两艘美国舰船于本周过航台湾海峡，此为特朗普就职后首次过航。外交部对此有何评论？,中国人民解放军东部战区已经作出回应。,郭嘉昆
t20250212_11553735.html,彭博社记者,菲律宾领导人在今天举行的参议院候选人竞选活动上抨击中国，称没有一位候选人会在菲方海警船在南海被中方海警船水炮击中时鼓掌欢呼。外交部对此有何评论？,我愿用同样的句式回答你的问题：没有一个中国人会认同在菲律宾侵权挑衅时，中方不作出正当合法回应。中方一贯反对利用南海问题搞政治操弄。,郭嘉昆
t20250212_11553735.html,共同社记者,据报道，日本和美国的防长将于三月下旬在日本会谈，会谈中将讨论台湾问题。请问这是否会对王毅 外长访日的计划造成影响？,日前，美日发表联合声明公然在涉台问题上说三道四，干涉中国内政，中方已向美日提出严正交涉，表达强烈不满。,郭嘉昆
t20250212_11553735.html,美国全国广播公司记者,继DeepSeek之后，中国电影《哪吒之魔童闹海》引起历史性轰动。该影片将在北美上映，海外市场对其抱以很高期待，该影片票房突破12亿美元，成为第一部打破此记录的非好莱坞电影。在全球背景下，这部电影有什么意义？,今年春节的电影市场取得“开门红”。多部影片在海外同步上映，有的还登上了当地非英语影片票房榜首。一部部走出国门的中国电影成为中外交流的新桥梁，也为世界看中国打开了新窗口。这根源于中外经贸、文化和民意交流的需求非常强烈，也表明在全球化过程中，各国都能在开放和合作共赢的环境中实现各自的发展。,郭嘉昆
t20250212_11553735.html,彭博社记者,特朗普政府已开始使用“美国湾”而非“墨西哥湾”来指代有关水域。中方如何看待这一变化？中方未来会否将有关水域称为“美国湾”？,我们注意到有关报道，也注意到有关国家的反应。在国际关系中反对霸权霸道霸凌是中方一贯立场。,郭嘉昆
t20250212_11553735.html,法新社记者,你能否介绍库克群岛总理访华及双方可能签署全面战略合作伙伴关系协定的情况？,这几天我已经多次回答过这个问题。中方会适时发布相关消息，请你保持关注。,郭嘉昆
t20250213_11554463.html,总台央视记者,近日，全球多家金融机构发布的2025年经济展望报告认为，中国高质量发展正逐步显现成效，消费和服务业占比有望进一步提升。在刚刚过去的春节假期，中国消费相关行业日均销售收入同比增长10.8%，其中商品消费和服务消费同比分别增长9.9%和12.3%、跨境游整体订单同比增长三成。花旗集团在一份报告中指出“中国蛇年开局良好”。请问发言人有何评论？,蛇年春节，中国消费市场春潮涌动：国潮文化、非遗体验、冰雪经济、消费品以旧换新等热度空前，数码转型、科技赋能催生新的消费业态，中国消费市场正实现从“量”到“质”的变革；“洋年货”供销两旺，中外游客“双向奔赴”，中国超大规模消费市场为各国提供巨大合作机遇。,郭嘉昆
t20250213_11554463.html,东方卫视记者,据了解，库克群岛总理布朗将出席亚冬会闭幕式，中方能否进一步介绍有关情况？,应中方邀请，库克群岛总理布朗于2月10日至16日来华出席哈尔滨亚冬会闭幕式，李强总理将在哈尔滨同他会见。布朗总理一行还分别赴上海、山东参访。,郭嘉昆
t20250213_11554463.html,《北京青年报》记者,据了解，蒙古总理奥云额尔登将出席亚冬会闭幕式，中方能否介绍有关情况？,应中方邀请，蒙古总理奥云额尔登于2月13日至15日来华出席哈尔滨亚冬会闭幕式，李强总理将在哈尔滨同他会见。,郭嘉昆
t20250213_11554463.html,阿纳多卢通讯社记者,美国总统特朗普称，已同意与俄罗斯总统普京开启结束俄乌冲突的谈判。中方对此有何评论？,我们注意到有关报道。俄罗斯和美国都是有影响力的大国，中方乐见俄美就一系列国际问题加强沟通对话。,郭嘉昆
t20250213_11554463.html,法新社记者,澳大利亚今天指责中方一架战斗机在南海采取“不安全”行为，称一架澳空军飞机遭遇中方军机释放照明弹。外交部对此有何回应？,澳大利亚军机未经中方允许，蓄意侵闯中国西沙群岛领空，侵犯中国主权，危害中方国家安全。中方采取驱离措施，正当合法，专业克制。中方已就此向澳方提出严正交涉，要求澳方停止侵权挑衅，停止破坏南海和平稳定。,郭嘉昆
t20250213_11554463.html,路透社记者,据《华尔街日报》报道，中方官员提议俄罗斯总统普京和美国总统特朗普举行元首会晤，以推动结束俄乌冲突，维护和平。外交部对该报道有何回应？中方是否在推动俄美元首举行会晤？是否考虑在北京主办该会晤？,我没有可以提供的信息。,郭嘉昆
t20250213_11554463.html,法新社记者,瑞士政府昨天发布报告称，在瑞藏族人和维吾尔族人受到来自中国的“跨国镇压”，外交部是否注意到该报告？对此有何回应？,中方注意到有关报告。西藏、新疆事务纯属中国内政，不容任何外部势力干涉。就涉藏、涉疆问题进行政治操弄、对中方污蔑抹黑有违事实，有悖中瑞关系相互尊重的根本原则，不符合中瑞关系高水平现状。希望瑞方充分认清涉藏、涉疆问题的重要性和敏感性，切实尊重中方的核心利益和重大关切，停止向外界发出错误信息，以实际行动维护中瑞双边关系大局。,郭嘉昆
t20250213_11554463.html,路透社记者,美国防长称，乌克兰要求恢复其2014年前的边境是“不切实际”的。中方对此持何立场？,当前形势下，各方应保持冷静克制，避免采取可能导致危机扩大化、复杂化的举动，通过对话协商，构建均衡、有效、可持续的欧洲安全架构，找到真正有利于欧洲长治久安的解决方案。,郭嘉昆
t20250213_11554463.html,彭博社记者,本周加拿大各省长集体访问华盛顿，向美释放加方可帮助美方同中方竞争的信息。外交部对此有何回应？,中方始终认为，国家间发展关系不应针对第三方，而应有利于促进各国间的友好合作关系。,郭嘉昆
t20250213_11554463.html,阿纳多卢通讯社记者,德国、西班牙等欧洲国家对美俄就乌克兰问题举行谈判表示担忧，称将乌克兰和欧洲排除在外会损害真正的和平进程。中方对此持何立场？,我刚才已经介绍了中方在乌克兰危机问题上的立场。中方一贯支持一切有利于和平解决危机的努力，也愿继续同有关各方保持沟通，持续为推动危机的政治解决发挥建设性作用。,郭嘉昆
t20250213_11554463.html,阿纳多卢通讯社记者,过去一段时间，特朗普总统持续表示有意购买格陵兰岛，并称美国必须拥有北极领土以“维护自由世界”。你认为美方言论对该地区未来贸易路线、中方“冰上丝绸之路”以及同俄罗斯的北极合作有何影响？,关于美方涉及格陵兰岛的有关言论，中国一贯主张按照《联合国宪章》宗旨和原则处理国与国之间关系。,郭嘉昆
t20250214_11555274.html,总台CGTN记者,哈尔滨第九届亚洲冬季运动会已进入尾声，作为亚冬会历史上参赛人数最多、规模最大的一届，本届赛会赢得各方广泛赞誉。正如亚奥理事会主席辛格所说，本届亚冬会不仅为亚洲冰雪运动员搭建舞台，也成为亚洲各方交流的平台。请问发言人对此有何评论？,第九届哈尔滨亚冬会即将圆满落幕，但“冰雪同梦、亚洲同心”的火种不会熄灭，和平、发展、友谊的共同愿望和追求将继续传承，亚冬会历史上也将留下深刻的“尔滨”印记。,郭嘉昆
t20250214_11555274.html,路透社记者,美国总统特朗普称，美方将自今年起增加对印度的军售，最终计划向印方提供F-35战斗机。外交部对此有何评论？,国家间发展关系、开展合作，不要拿中国说事，更不能借机鼓动集团政治和阵营对抗。亚太地区是和平发展的高地，不是地缘博弈的棋局。拼凑封闭排他的“小圈子”，搞集团政治和阵营对抗，不会带来安全，不利于亚太和世界的和平与稳定。,郭嘉昆
t20250214_11555274.html,总台央视记者,王毅外长刚刚结束了对英国的访问。发言人能否介绍此访情况？主要有哪些成果？,2月12日至13日，应英国外交大臣拉米邀请，中共中央政治局委员、外交部长王毅访问英国，同拉米外交大臣举行了第十次中英战略对话，同英国首相斯塔默、首相国家安全事务顾问鲍威尔会见。访问圆满成功，取得积极成果。,郭嘉昆
t20250214_11555274.html,俄新社记者,美国总统特朗普昨天表示，他计划同中国和俄罗斯的领导人会面讨论削减军备特别是核武器问题。他还表示，希在会晤中提议将三国的国防预算削减一半。中方是否愿同俄美开展核谈判？三国是否可能同意削减国防预算？,我们注意到有关报道。全世界公认美国、俄罗斯拥有超过全球90%的核武器。核裁军必须遵循“维护全球战略稳定”和“各国安全不受减损”等基本原则，美俄作为拥有最大核武库的国家，理应切实履行核裁军特殊、优先责任，进一步大幅、实质削减核武库，为其他核武器国家加入核裁军进程创造必要条件。国际社会对此早有共识。,郭嘉昆
t20250214_11555274.html,塔斯社记者,今天是《中苏友好同盟互助条约》签署75周年纪念日，请问你如何评价俄中合作的发展？最近莫斯科和华盛顿之间有一些未来可能改善双边关系的迹象，这是否会在一些方面影响俄中合作现状？,中俄是新时代全面战略协作伙伴。近年来，在两国元首战略引领下，中俄关系排除外部干扰，保持健康稳定发展，正处于历史最好时期。中俄合作既不针对第三方，也不受第三方因素影响。中方愿同俄方继续在不结盟、不对抗、不针对第三方原则基础上，巩固两国永久睦邻友好，持续推进全方位战略协作，不断深化互利共赢合作。,郭嘉昆
t20250214_11555274.html,印度报业托拉斯记者,莫迪总理同特朗普总统在华盛顿举行了会晤，双方进行了广泛讨论，联合声明称双方同意推进印美国防合作；提出“21世纪印美契约”新倡议，该倡议旨在促进军事伙伴关系，加速商业和技术发展；双方一致认为印美紧密的伙伴关系是维护印太地区自由、开放、和平、繁荣的核心；双方提及加强“四边机制”伙伴关系；双方还同意加强合作打击恐怖主义威胁，铲除恐怖分子的藏身之处，特别是打击位于巴基斯坦的恐怖组织。中方对印美领导人会晤有何评论和回应？,刚才我已经回答了相关问题。我愿重申，中方一贯主张国家间发展关系、开展合作，不应该针对第三方或损害第三方利益，应该有利于促进地区和平稳定与繁荣。亚太地区不是地缘博弈的竞技场。拼凑封闭排他的“小圈子”，搞集团政治和阵营对抗，不会带来安全，不利于亚太和世界的和平与稳定。,郭嘉昆
t20250214_11555274.html,法新社记者,今天有报道称，巴基斯坦西南部发生爆炸袭击，导致至少10人死亡。外交部是否了解袭击是否针对中国公民？是否涉及中国公民？,中方注意到有关报道，对袭击事件表示强烈谴责。根据我目前掌握的情况，此次事件中暂不涉及中国公民。,郭嘉昆
t20250217_11556426.html,《环球时报》记者,今年慕尼黑安全会议聚焦“多极化”。王毅外长在会上发表讲话。发言人能否介绍相关情况？中国是否是世界多极格局中的成长一极？,多极化的世界是历史的必然，也正在成为新的现实。世界需要一个什么样的多极化？王毅外长在慕尼黑安全会议主旨讲话中进一步阐释了中国方案，就是要推动平等有序的世界多极化。,郭嘉昆
t20250217_11556426.html,法新社记者,韩国当局今天表示，在对DeepSeek搜集个人数据的行为进行审查之前，该应用将无法在韩国下载。外交部对此有何评论？,具体问题请向中方主管部门询问。我要强调的是，中国政府一贯要求中国企业在严格遵守当地法律法规的基础上开展海外运营。我们也希望有关国家避免采取将经贸科技问题泛安全化、政治化的做法。,郭嘉昆
t20250217_11556426.html,韩联社记者,韩国、美国、日本外长15日在德国慕尼黑举行会谈，三国在联合声明中首次表示支持台湾有意义地参与国际组织，反对凭借力量或强迫手段单方面改变印太、南海现状，强调维持台海和平稳定的重要性。对此中方持何立场？,我们历来坚决反对有关国家拼凑“小圈子”干涉中国内政，攻击抹黑中国，煽动对抗对立，已向有关国家提出严正交涉。,郭嘉昆
t20250217_11556426.html,路透社记者,王毅外长出席慕尼黑安全会议期间，会见了德国、法国、西班牙外长及欧盟外交与安全政策高级代表，传递了这样一个信息，即在中欧贸易紧张情况下，中方仍愿加强同欧洲的关系。是什么促使中国当下希望与欧盟发展更紧密的关系？美欧跨大西洋关系中新的不确定性对中国有何影响？,当前单边主义、保护主义抬头，不确定、不稳定因素相互交织，国际社会比以往任何时候都渴望和平稳定，比以往任何时候都期待一个健康稳定的中欧关系，比以往任何时候都盼望中欧成为变革世界中的建设性力量。,郭嘉昆
t20250217_11556426.html,彭博社记者,早些时候，美国国务院删除了其网站上“对台湾关系事实清单”中“不支持台独”的表述。中方是否就此与美方进行过讨论？发言人有何评论？,世界上只有一个中国，台湾是中国的一部分，中华人民共和国政府是代表全中国的唯一合法政府，这是国际社会普遍共识和公认的国际关系基本准则，也是美方在中美三个联合公报中作出的庄严承诺。,郭嘉昆
t20250217_11556426.html,《北京青年报》记者,据报道，2月15日，第38届非洲联盟峰会选举吉布提现任外长优素福为新一届非盟委员会主席，任期4年。中方对与非盟关系未来发展有何期待？,中方对优素福当选新一届非盟委员会主席表示祝贺。非洲联盟是非洲联合自强的旗帜和开展国际合作的重要平台。中方一向从战略高度和长远角度看待中国同非盟关系。习近平主席连续13年向非盟峰会致贺，在中非合作论坛北京峰会期间同非盟领导人举行会见，充分彰显中国同非盟关系的高水平。,郭嘉昆
t20250217_11556426.html,俄新社记者,美国总统特朗普此前称，当他威胁要对那些推出新货币挑战美元的国家征收100%关税时，金砖国家就“死了”。中方对此有何评论？,金砖国家作为新兴市场和发展中国家合作的重要平台，倡导开放包容、合作共赢，不搞阵营对抗，不针对第三方，为的是实现共同发展和普遍繁荣。中方愿继续同金砖伙伴一道，深化各领域务实合作，为世界经济持续稳定增长作出更多贡献。,郭嘉昆
t20250217_11556426.html,路透社记者,中国已同库克群岛签署协议。外交部是否会发表公开声明？能否介绍该协议的更多信息？新西兰称对该协议内容非常关切。外交部有何评论？,2月14日下午，李强总理在哈尔滨会见来华出席第九届哈尔滨亚洲冬季运动会闭幕式的库克群岛总理布朗。会见中，双方积极评价中库关系，重申两国交往原则，并商讨未来合作前景。会见后，两国总理共同见证签署了多项双边合作文件，包括《中国—库克群岛全面战略伙伴关系行动计划（2025-2030）》。该行动计划将为两国在经济、环境、文化、社会等领域合作提供路线图，有利于双方共同推动各领域友好交流和务实合作取得更多成果，更好造福两国人民。,郭嘉昆
t20250217_11556426.html,彭博社记者,日本法务省表示将修改家庭法规则，允许台湾、巴勒斯坦等非民族国家的区域或地区被列为原籍地。目前，来自台湾的人原籍地为中国，今后将标注为台湾。外交部对此有何评论？,台湾是中国领土不可分割的一部分，两岸同胞都是中国人。台湾问题纯属中国内政，不容任何外部势力干涉。日本曾对台湾进行侵略和殖民统治，对中国人民负有严重历史罪责，更应该谨言慎行。我们敦促日方恪守一个中国原则和中日四个政治文件精神，不要在台湾问题上搞小动作，不要发出矛盾和错误的信号。 日方恪守一个中国原则和中日四个政治文件精神，是日方对中方作出的庄严政治承诺。我要再次强调，台湾问题纯属中国内政，不容任何外部势力进行干涉。,郭嘉昆
t20250217_11556426.html,法新社记者,公安部部长助理刘忠义近日与缅甸官员会见，讨论共同打击跨境网络诈骗活动。据泰国媒体报道，刘忠义昨日前往泰国，预计将带回数百名涉电诈人员。外交部能否提供更多信息？,近期在泰缅边境一带发生的网赌电诈恶性案件，威胁包括中国、泰国在内的有关国家公民生命财产安全，干扰地区国家正常交往合作。坚决打击网赌电诈犯罪，是中国政府落实以人民为中心发展思想的切实体现，也是维护地区国家共同利益的必然选择，符合各国人民共同期待。,郭嘉昆
t20250218_11557698.html,法新社记者,据韩国媒体报道，中国一家旅行社计划重新开放赴朝鲜旅游业务。外交部对此有何评论？中方对同朝鲜的商业合作持何立场？,中方一贯对中朝各领域交流合作持积极态度。我们对具体旅行社发布的信息不作评论。,郭嘉昆
t20250218_11557698.html,土耳其阿纳多卢通讯社记者,美国和俄罗斯今天将在利雅得就乌克兰危机开始谈判。乌总统泽连斯基称，乌方不会参加这些会谈、也不会接受会谈结果。同时，欧洲领导人在巴黎举行紧急会议，也对乌克兰被排除在谈判之外表示关切。中方对此有何立场？,关于乌克兰危机，中方始终认为对话谈判是解决危机的唯一可行出路，始终坚持劝和促谈。我们乐见一切致力于和平的努力，包括美俄达成的和谈共识。同时我们期待所有当事方和利益攸关方都能适时参与到和谈进程中。,郭嘉昆
t20250218_11557698.html,总台中国之声记者,王毅外长刚刚访问了爱尔兰，可否请发言人介绍访问的情况和成果？,王毅外长于2月16日至17日访问了爱尔兰。此访正值爱尔兰新一届政府成立，王毅外长同马丁总理会见，同哈里斯副总理兼外交贸易部长举行会谈。中方已经发布了有关消息。,郭嘉昆
t20250218_11557698.html,东方卫视记者,我们关注到近期有多家外媒评论称，中美在拉美的竞争正在加剧。美国国际开发金融公司人士近日公开撰文，呼吁美国政府采取措施减缓中国扩张在拉美的经济影响力，并推出一个由美国主导的、符合美国价值观的、替代中国投资的方案。请问发言人对此有何评论？,中国到拉美开展投资经贸合作，从来不搞所谓地缘政治竞争，也从来不搞所谓势力范围那一套。“合作共赢”是中拉关系的关键词。中拉同属全球南方，拥有诸多相似立场和互补之处，是天然的合作伙伴。中拉合作始终坚持共商共建共享，尊重拉方意愿，契合拉方需要，促进拉方发展，受到拉美民众的广泛支持。,郭嘉昆
t20250218_11557698.html,新华社记者,近期，个别国家建议解除联合国安理会涉“沙姆解放组织”制裁。中方如何看待该问题？,叙利亚应坚定反对任何形式的恐怖主义和极端势力。我们注意到，各方普遍认为当前情况下，解除联合国安理会1267委员会涉叙利亚相关组织及其骨干成员制裁的条件不具备，中方也持严重保留态度。我们敦促叙利亚新政权采取切实举措，积极回应包括中方在内的国际社会的反恐关切。,郭嘉昆
t20250218_11557698.html,俄新社记者,《经济学人》称，美国官员提议在乌克兰停火的情况下派遣外国维和部队，其中包括巴西、中国等非欧洲国家的军事人员。外交部有何评论？中方是否考虑向乌派遣维和部队？,我们对假设性问题不作评论。中方在乌克兰危机问题上一贯奉行公正立场，我们已在多个场合重申过中方上述立场。,郭嘉昆
t20250218_11557698.html,土耳其阿纳多卢通讯社记者,美国总统特朗普称，美政府要求乌克兰提供价值5000亿美元的稀土矿产，以换取美方支持乌抵抗俄罗斯。乌方称已拒绝该提议，因其安全和利益未得到保护。美方似正对乌施压，将其排除在和平谈判之外以迫其同意矿产协议。中方对此有何评论？,中方希望有关各方共同发挥建设性作用，为推动政治解决危机、实现和平积累条件。,郭嘉昆
t20250218_11557698.html,彭博社记者,追问关于乌克兰的问题。你刚才说中方对是否参与维和等假设性问题不作评论，如果从更积极和前瞻性的角度来看，中国希望或者可以为解决乌克兰危机的和平协议发挥什么作用？,对于世界上任何争端和冲突，中方一贯主张对话协商、政治解决。在俄乌冲突问题上，我们的立场也是一样的。中方不是乌克兰危机的制造者，更不是当事方，但我们没有隔岸观火，更没有借机牟利。从危机爆发之初，中方就提出希望危机通过对话协商来解决，习近平主席提出了“四点主张”，我们以此为根本遵循，积极开展外交斡旋，包括同巴西等全球南方国家发起“和平之友”小组。形势发展也证明，中方主张客观、公正、理性、务实，体现了国际社会的广泛共识。,郭嘉昆
t20250218_11557698.html,巴西劳动者电视台记者,上周，美国总统特朗普宣布将于4月2日起对进口汽车加征关税。有专家称，美方正对中国进行调查，以在4月对华加征更多关税。巴西也是美方加税目标。请问中巴是否开始讨论如何共同或在金砖国家框架内应对上述关税问题？如果4月份美方对华进一步加征关税，中方将如何应对？,关于你提到的关税问题，中方始终认为，保护主义没有出路，贸易战、关税战没有赢家，这已经成为国际社会的普遍共识。美方也应当意识到，国际社会需要的不是加征关税，而是通过平等磋商，在相互尊重基础上解决各自关切。中方将继续采取必要措施，坚定维护自身正当权益。,郭嘉昆
t20250218_11557698.html,彭博社记者,中国政府是否担心乌克兰危机的和平解决将使美国腾出军事资源以进一步集中在印太地区？中方一直对美国谈论多年的“重返亚洲”战略持强烈批评态度，是否担心欧洲实现和平将导致美国强势“重返亚洲”？,关于乌克兰危机，我们多次介绍过中方立场。我们希望各方能够共同解决危机的根源性问题，找到均衡、有效、可持续的安全架构，实现欧洲的长治久安。与此同时，我们始终认为，亚太地区是各国发展的高地，而不应成为地缘政治对抗的棋局。中方的这一立场是一贯的、坚定的。,郭嘉昆
t20250218_11557698.html,土耳其阿纳多卢通讯社记者,乌克兰外长等官员在慕尼黑安全会议期间同王毅外长会见，呼吁中方在新形势下发挥关键作用，因为目前欧洲国家以及乌克兰似乎同美国存在分歧。同时，中方与乌克兰危机“和平之友”小组等全球南方国家也在发起和平倡议。考虑到此类分歧，中方可为解决危机发挥什么作用？,无论国际形势如何变化，中方始终为和平奔走，为促谈努力，事实和形势的发展也再次证明，习近平主席提出的“四个应该”“三点思考”等原则主张客观公正、理性务实。中方将继续以此为遵循，为政治解决危机、实现和平发挥建设性作用。中方和全球南方国家共同发起的“和平之友”小组，也将继续汇聚劝和促谈的共识。,郭嘉昆
t20250218_11557698.html,西班牙埃菲社记者,韩国方面今天表示，DeepSeek将其用户数据共享给中国公司字节跳动。你对此有何评论？,关于你提到涉及企业的具体问题，请向企业或主管部门了解。我想强调的是，中国政府高度重视并依法保护数据隐私和安全。,郭嘉昆
t20250219_11558915.html,总台央视记者,据报道，中国近日向加沙地带再次提供了人道主义物资。发言人能否介绍有关情况？中方对加沙问题第二阶段谈判有何看法？,王毅外长在纽约联合国总部强调，加沙冲突不应该被边缘化，同样需要国际社会予以重视。中方认为，当务之急是推动当事方持续有效落实停火协议，并以建设性态度推进后续谈判。加沙战后治理应坚持“巴人治巴”原则，让巴勒斯坦人民在自己的领土上重建家园。从长远看，巴勒斯坦问题的最终解决必须回到“两国方案”的正确轨道上来，实现巴以和平共存和共同发展。,郭嘉昆
t20250219_11558915.html,法新社记者,越南国会今天批准了一项80亿美元的铁路建设项目，将铁路从越南北部最大港口城市延伸至中越边境。这将促进两国互联互通和贸易往来。外交部对该项目有何评论？,去年以来，中越双方多次就推进两国铁路互联互通交换意见，一致同意将加快老街—河内—海防标轨铁路可研和同登—河内、芒街—下龙—海防标轨铁路规划编制工作，抓紧推进中国河口至越南老街标轨铁路连接线工作。具体情况请向主管部门了解。,郭嘉昆
t20250219_11558915.html,路透社记者,中国声称对位于南沙群岛的柏礁拥有主权，该礁自上世纪80年代以来被越南占领。有关研究显示，越方正在该礁进行填海造地活动。中国控制柏礁的可能性是否越来越小？,南沙群岛是中国的固有领土，柏礁是南沙群岛的一部分。中方一贯反对有关国家在非法侵占的岛礁上开展建设活动。,郭嘉昆
t20250219_11558915.html,深圳卫视记者,据报道，马来西亚总理安瓦尔近日表示，中国是东盟最重要的经济伙伴之一，双方关系持续成为区域稳定的基石，马来西亚将推动东盟加强与中国合作、推动可持续发展。我们还注意到，安瓦尔还呼吁尽快达成“南海行为准则”，以处理和解决南海争端。请问发言人对此有何评论？,我们注意到有关报道。在中国和东盟国家领导人战略指引下，中国—东盟命运共同体理念深入人心，和平、安宁、繁荣、美丽、友好“五大家园”建设取得积极进展。中国与东盟连续多年互为最大贸易伙伴，双方自由贸易区3.0版升级谈判实质性结束。中国同马来西亚等国的免签安排成效显著，“澜湄签证”正式落地。中国和东盟始终是守护亚太和平、促进亚太发展的关键力量。,郭嘉昆
t20250219_11558915.html,彭博社记者,美国总统特朗普的儿子小特朗普昨天发表评论文章，援引美国防部高官提名人科尔比的话称，美必须把军事重点聚焦中国，同时，中美应实现力量平衡、避免战争，这将使美国人民受益。外交部对小特朗普的言论有何回应？,关于中美关系，中方立场是一贯的、明确的，我们愿本着相互尊重、和平共处、合作共赢原则，同美方通过对话协商解决各自关切，同时坚定维护自身主权、安全和发展利益。希望美方同中方相向而行，共同落实好两国元首达成的重要共识，推动中美关系稳定、健康、可持续发展。,郭嘉昆
t20250219_11558915.html,彭博社记者,据《金融时报》今日报道，三艘中国军舰在澳大利亚东海岸约150英里处航行，这位于澳专属经济区内。去年，一艘澳军舰驶入台湾海峡的中国专属经济区内，中方当时称澳侵犯了中国主权。你是否认为中国船只也侵犯了澳大利亚主权？,我不了解你提到的具体情况，建议你向中方主管部门询问。,郭嘉昆
t20250220_11559593.html,湖北广电记者,中方刚刚发布新西兰副总理兼外长彼得斯访华消息。你能否介绍此访有关情况和中方期待？,今年是中新全面战略伙伴关系第二个10年开局之年。去年11月，习近平主席在利马会见新西兰总理拉克森，为中新关系在新的起点上继续健康稳定发展作出战略引领。李强总理去年访问新西兰，就深化两国务实合作达成重要共识。,郭嘉昆
t20250220_11559593.html,法新社记者,特朗普昨天称，他认为美中有可能达成贸易协议。中方是否认同？双方在达成贸易和关税协议方面有无进展？,中方已多次就中美经贸问题阐明立场。贸易战、关税战没有赢家，损害的是各国人民的利益。我们坚决反对美方单方面加征关税的做法，双方应通过平等和相互尊重的对话与协商解决各自关切。中方将继续采取必要措施，坚定维护自身正当权益。,郭嘉昆
t20250220_11559593.html,《中国日报》记者,据报道，近日中国专家再次赴日本对福岛核污染水排海实施独立取样监测。中方能否介绍相关情况？,2月19日至21日，在国际原子能机构组织下，包括中国在内的多国专家赴福岛第一核电站排海设施和附近海域，独立采集待排放核污染水、海水等样本，并参与采集海洋生物样本。这是日方落实在福岛核污染水排海问题上承诺的具体步骤。今后，对福岛核污染水排海的国际监测和中方的独立取样监测将持续实施，中方将及时发布最新进展。,郭嘉昆
t20250220_11559593.html,《环球时报》记者,据了解，此前中方专家参与采集的海洋生物样本已运抵中国。请问中方能否证实？,福岛核污染水排海涉及很多方面，是一个复杂的、专业性很强的问题。为了科学、全面评估福岛核污染水排海影响，在国际原子能机构组织下，中方专家采集多种不同样本，包括排海口附近海域海水、海洋生物，以及核电站排海设施内的待排放核污染水。中方将同国际社会一道继续完善相关安排。,郭嘉昆
t20250220_11559593.html,法新社记者,据报道，多名涉电诈中国公民正从泰国被接回。外交部能否证实他们已回国并提供更多信息？,坚决打击网赌电诈犯罪，是落实以人民为中心发展思想的切实体现，也是维护地区国家共同利益的必然选择，符合各国人民共同期待。,郭嘉昆
t20250220_11559593.html,路透社记者,特朗普总统称乌克兰总统泽连斯基为独裁者，中方是否认同？中方是否认为乌克兰应在5月份泽连斯基总统任期结束时举行选举？,中方关于乌克兰危机问题的立场是一贯的、明确的。,郭嘉昆
t20250220_11559593.html,路透社记者,二十国集团外长会今天在南非开幕，美国国务卿鲁比奥缺席，因为美国政府对南非制定的会议议程不感兴趣。我们是否可以预期美国今年会退出二十国集团等国际组织？二十国集团会变成十九国集团吗？在美国缺席的情况下，中国将如何站出来发挥领导作用？,关于美方的有关决策，中方不作评论。我们此前已经发布了王毅外长出席在南非举行的二十国集团外长会的相关消息。中方始终认为，二十国集团是国际经济合作的主要论坛，应该弘扬伙伴关系，合力促进世界经济增长，引领全球治理朝着更加公正合理的方向发展，帮助各国实现共同发展繁荣。中方将继续支持南非作为二十国集团轮值主席国相关工作。,郭嘉昆
t20250220_11559593.html,路透社记者,追问特朗普昨天的涉华表态。他称期待中国领导人访问美国，但未给出时间表。他还说正同中方就TikTok进行讨论，但未透露细节。外交部可否提供更多信息？,中国的对美政策是一贯的、明确的，我们愿本着相互尊重、和平共处、合作共赢的原则，同美方一道推动中美关系稳定、健康、可持续发展。希望美方认真落实两国元首通话达成的重要共识，同中方相向而行。关于你提到的具体问题，我没有可以提供的信息。,郭嘉昆
t20250220_11559593.html,路透社记者,据美国政府消息人士称，美方不会派代表团参加下周在杭州举行的政府间气候变化专门委员会会议。中方有何回应？,我不了解你提到的具体情况。中方在气候变化问题上的立场是一贯、明确的，我们将继续履行自己作出的气候承诺，为国际社会共同应对气候变化这一全球性挑战作出中方的积极贡献。,郭嘉昆
t20250220_11559593.html,路透社记者,美国国务院修改了美中关系事实清单，扩大了经济关系的篇幅，强调美中贸易逆差、所谓中国不公平竞争行为及美国公司对在华经营的担忧等；删除了所有关于对华援助、与盟友在中国问题上合作等内容。外交部有何评论？,美国国务院修改“美中关系”页面及“美中关系事实清单”，歪曲事实真相，诋毁中国外交政策，鼓噪所谓中美战略竞争，中方对此强烈不满、坚决反对。,郭嘉昆
t20250221_11560174.html,新华社记者,去年7月以来，上海合作组织进入“中国时间”，发言人能否介绍中方接任上合组织轮值主席国以来做了哪些工作？接下来还有哪些计划？,中方接任上合组织主席国以来，以习近平主席提出的“建设团结互信、和平安宁、繁荣发展、睦邻友好、公平正义的上合组织共同家园”倡议为指引，践行“弘扬‘上海精神’：上合组织在行动”的主席国口号，推动上合组织在政治安全、经贸人文、机制建设等方面深化合作。,郭嘉昆
t20250221_11560174.html,路透社记者,在G20外长会上，中方未重申所有利益攸关方都应参与乌克兰危机的和谈。这是否表明中国立场有所改变？中方希望哪些国家参与和谈？,中方在乌克兰危机问题上的立场是一贯的、明确的。,郭嘉昆
t20250221_11560174.html,总台中文国际频道记者,据报道，美国财长贝森特昨日表示，将于今天同中方举行通话，请问中方能否证实？,据了解，中美经贸中方牵头人、国务院副总理何立峰拟于今晚应约与美国财长贝森特举行视频通话，就中美经济领域重要问题进行沟通。,郭嘉昆
t20250221_11560174.html,《北京日报》记者,据报道，缅甸向中国遣返的首批200名中国籍涉诈犯罪嫌疑人昨日经泰国被押解回国。中方对此次中缅泰三国开展的执法行动有何评价？下步还将采取什么行动？,近期，针对泰缅边境连续发生网赌电诈恶性案件，中国、泰国、缅甸合力开展集中打击行动，多个电诈窝点被铲除，大批嫌犯落网。据了解，除了首批200名中国籍犯罪嫌疑人外，预计还有多批犯罪嫌疑人将被陆续押解回国。中方对泰方和缅方采取强有力措施摧毁电诈团伙、维护中国及各国公民生命财产安全表示赞赏。,郭嘉昆
t20250221_11560174.html,路透社记者,据我们了解，英国政府任命了新的驻华大使，他会说中文，其父是位汉学家并曾任香港总督。外交部对此有何评论？对中英关系未来有何期待？,当前中英关系呈现改善发展势头，各领域交往合作稳步推进，使馆在这一过程当中发挥了重要积极作用。关于你提到的媒体有关报道，目前我没有可以提供的信息。,郭嘉昆
t20250221_11560174.html,法新社记者,菲律宾警方昨天对马尼拉一家据称由中国人经营的离岸博彩运营商开展突袭行动，逮捕了450多人，包括137名中国人。初步审讯表明，这是一个诈骗中心，以体育博彩和投资名义对中国人和印度人实施诈骗。外交部对此有何评论？,中国政府致力于严厉打击赌博及相关犯罪，一贯要求海外中国公民严格遵守当地法律法规，不得从事违法犯罪活动。我们敦促菲方早日彻底解决离岸博彩业相关顽疾。中方愿同菲方共同打击犯罪活动，也敦促菲方公正执法，切实保障在菲中国公民正当合法权益。,郭嘉昆
t20250221_11560174.html,法新社记者,澳大利亚外长今天对三艘中国军舰在澳东海岸进行实弹演习表达关切。自上周中国军舰在国际水域出现以来，澳国防部一直对其进行监控。外交部对此有何评论？,中国人民解放军南部战区组织舰艇编队赴远海开展演训。演训活动始终保持安全、规范和专业操作，符合有关国际法和国际实践。,郭嘉昆
t20250224_11561367.html,日本广播协会记者,俄乌冲突爆发已经三年，乌克兰总统泽连斯基在新闻发布会上表达了他对中国为和平作出贡献的期望，美国总统特朗普也曾表示中国可以为结束俄乌冲突发挥作用。中方是否有新的计划或倡议，为促进和平作出积极贡献？,中方在乌克兰危机问题上的立场是一贯的、明确的。危机全面升级以来，中方一直同有关各方保持沟通，致力于为止战凝聚共识，为和谈铺路搭桥。中方将始终坚定站在和平一边，秉持客观公正立场，继续同国际社会一道为推动危机政治解决发挥建设性作用。,林剑
t20250224_11561367.html,阿纳多卢通讯社记者,今天将在乌克兰举行冲突爆发三周年集会。中方是否会参加？,我没有可以提供的信息。,林剑
t20250224_11561367.html,彭博社记者,库克群岛总理近日访华时，与中方签署了一系列协议，包括库港口设施使用、海底矿产合作等。除已发布的信息外，中方能否介绍更多细节？,此前，中方已应询介绍了中库两国近期签署双边合作文件的有关情况，这是中库两国之间的正常友好交流合作。,林剑
t20250224_11561367.html,法新社记者,一家非政府组织今天发布报告称，有朝鲜公民被迫在印度洋挂有中国国旗的渔船上工作，这违反了联合国安理会有关禁止朝鲜公民赚取外汇用于本国核导计划的决议。外交部有何回应？,我不了解你提到的具体情况。中方一贯依法依规开展远洋渔业活动。中国同朝鲜相关合作都在符合国际法框架内进行。,林剑
t20250224_11561367.html,德新社记者,德国联邦议院选举的初步计票结果显示基民盟获胜。德国选举对中德关系有何影响？外交部对德国选举有何评论？,建交53年来，中方始终从战略高度和长远角度看待中德关系，秉持相互尊重、平等相待、互利共赢、求同存异的原则发展双边关系。中方愿同新一届德国联邦政府一道，巩固好、发展好中德全方位战略伙伴关系。德国和欧盟具有全球影响，中方乐见德国和欧盟在全球事务中发挥重要作用，支持欧洲一体化和欧盟战略自主，愿同德方、欧方共同努力，继续为世界和平与繁荣贡献力量。,林剑
t20250224_11561367.html,彭博社记者,上周五，美国就中美经贸关系、投资限制等发布了一系列声明。美贸易代表办公室还宣布了对中国造船业的拟议限制措施。中国商务部周六发表声明总体阐述了中美经贸关系。外交部还有何具体回应？,关于美方发布有关投资政策的备忘录，我要指出的是，美方发布的有关备忘录以国家安全为由，将中国列为“外国对手”，采取各种歧视性举措，强化对华双向投资限制，中方对此强烈不满、坚决反对，已向美方提出严正交涉。,林剑
t20250225_11561939.html,总台央视记者,我们注意到，昨天中共中央政治局委员、外交部长王毅以视频方式出席联合国人权理事会第58届会议高级别会议并发言。发言人能否介绍有关情况？,联合国人权理事会第58届会议正在举行。2月24日，中共中央政治局委员、外交部长王毅以录制视频方式出席人权理事会高级别会议并发言。王毅外长在发言中阐述了中方关于坚持正确人权观，推动改革和完善全球人权治理的三点主张：,林剑
t20250225_11561939.html,湖北广电记者,2月24日，加拿大发布声明宣布，对76个向俄罗斯提供军民两用物项支持的外国实体和个人实施制裁，其中包括20余家中国实体。中方对此有何评论？,中方一贯反对没有国际法依据、未经联合国安理会授权的单边制裁。加方制裁中国实体的做法毫无道理，十分错误，中方坚决反对，已就此向加方提出严正交涉。,林剑
t20250225_11561939.html,俄新社记者,欧盟对一家中国宇航技术公司实施制裁，称该公司通过提供地形数据和卫星服务支持俄罗斯。中方对此有何评论？,我已经就加拿大方面的有关做法表明了中方态度，也就乌克兰危机问题阐述了中方立场。中方明确反对非法单边制裁的立场是一贯的，中俄企业的正常交往合作不应受到干扰和影响。我们已就此向欧方提出严正交涉，敦促欧方停止在没有事实依据的情况下对中方抹黑推责，停止损害中国企业合法利益。,林剑
t20250225_11561939.html,彭博社记者,知情人士透露，特朗普政府正在制定更加严格的半导体限制措施，并迫使关键盟友加大对中国芯片行业的限制，这预示着美新政府将扩大上届政府对华实施的技术限制。中方对此有何评论？,中方已多次就美国恶意封锁打压中国半导体产业表明严正立场。美方将经贸科技问题政治化、泛安全化、工具化，不断加码对华芯片出口管制，胁迫别国打压中国半导体产业。这种行径阻碍全球半导体产业发展，最终将反噬自身，损人害己。,林剑
t20250225_11561939.html,法新社记者,俄罗斯总统普京昨天表示，愿就美国总统特朗普所提美俄削减50％军费事进行讨论，并称中国如果愿意也可加入。中方是否支持有关提议？中俄元首昨天通话时是否就此进行沟通？,关于习近平主席同普京总统通电话的有关情况，中方已经发布了消息稿，你可以查阅。,林剑
t20250225_11561939.html,路透社记者,台湾“海巡署”以切断海底电缆为由扣留了一艘船籍为多哥的大陆船只。外交部能否证实？对此有何评论？,我不了解你提到的有关情况，这也不是一个外交问题。,林剑
t20250226_11562688.html,总台央视记者,我们注意到，联合国人权理事会第58届会议举行了“纪念《北京宣言》和《行动纲领》三十周年”专题研讨会，中国女航天员刘洋在会上作视频发言。发言人能否介绍有关情况？,今年是北京世界妇女大会召开30周年。2月24日，正在日内瓦举行的联合国人权理事会第58届会议根据中国同有关国家共同提出的决议要求，成功举行了“纪念《北京宣言》和《行动纲领》三十周年”专题研讨会，多位女性联合国机构负责人作为嘉宾致辞。中国首位进入太空的女航天员刘洋作为世界杰出妇女代表以视频方式作主旨发言，介绍新时代中国妇女事业高质量发展理念和成就。刘洋表示，作为《北京宣言》精神的受益者、践行者，科技赋能妇女的见证者，当神舟飞船引擎点燃时，感受到的不仅仅是600吨推力的震撼，更是亿万中国女性托举的力量。“中国航天标准面前无性别”的平等理念彰显了中国妇女事业发展的核心逻辑，即通过制度保障创造公平竞争环境，这正是《北京宣言》精神的具体实践。,林剑
t20250226_11562688.html,彭博社记者,知情人士称，乌克兰已同意与美国共同开发乌自然资源，此举可能缓解特朗普和乌克兰方面间的紧张关系，推进美政府实现俄乌停火的目标。中方如何看待这一安排？,中方注意到有关报道。,林剑
t20250226_11562688.html,路透社记者,美国周二宣布一项调查，可能对铜进口征收新的关税。白宫官员称，导致该决定的部分原因是中国正利用国家补贴和“产能过剩”来削弱竞争，控制全球铜生产。外交部对此有何评论？,具体问题建议向中方主管部门了解。我要强调，贸易战、关税战没有赢家，损害的是各国人民的利益。我们坚决反对美方单方面加征关税的做法，双方应通过平等和相互尊重的对话与协商解决各自关切。中方将继续采取必要措施，坚定维护自身正当权益。,林剑
t20250226_11562688.html,路透社记者,台湾当局称，中国大陆在未事先通知的情况下，在台湾岛西南海岸约40海里处设立了“射击训练”演习区。外交部对此有何评论？,这不是一个外交问题。,林剑
t20250226_11562688.html,路透社记者,库克群岛总理布朗今天在议会反对党针对库中协议发起的不信任投票中过关。该协议导致库克群岛和新西兰的关系紧张。外交部对此有何评论？,此前我们已经介绍过在有关问题上的立场。我想再次强调，中方愿在相互尊重、平等相待基础上发展同库克群岛等太平洋岛国友好合作关系，促进共同发展。,林剑
t20250226_11562688.html,《北京青年报》记者,据报道，特朗普政府日前解冻53亿美元“援外资金”，其中包括8.7亿美元对台军援。中方对此有何评论？,我们对有关报道感到严重关切。美国向中国台湾地区提供军事援助，严重违反一个中国原则和中美三个联合公报，严重侵犯中国主权和安全利益，向“台独”分裂势力发出严重错误信号，中方历来坚决反对。我们敦促美方停止武装台湾，停止破坏台海和平稳定。中方将密切关注形势发展，坚定捍卫国家主权、安全和领土完整。,林剑
t20250226_11562688.html,法新社记者,台湾“海巡署”昨日以切断海底电缆为由扣留了一艘大陆船只，船上有八名中国公民。外交部能否予以证实并提供更多信息？,我昨天回答了这个问题。这不是一个外交问题。,林剑
t20250227_11565127.html,总台央视记者,近期有外媒评论称，当前世界局势动荡加剧，全球经济面临的不稳定、不确定因素成倍增加，世界需要有国家来充当全球经济的稳定器和领导者，但中国在这方面似乎意愿不强。发言人对此有何回应？,中国一直是世界经济的稳定器。作为世界第二大经济体，中国对全球增长年均贡献率达到30%左右，是150多个国家和地区的主要贸易伙伴，连续多年保持全球货物贸易第一大国、第二大进口国地位，是全球产供链稳定畅通不可或缺的一环。,林剑
t20250227_11565127.html,法新社记者,一个人权组织敦促泰国政府立即停止驱逐在泰被拘留数年的40多名维吾尔族人，称在中国他们的人权将受到侵犯。中国是否就该计划与泰政府保持联系，上述人士是否已返回中国，外交部对此有何评论？,2月27日，40名中国籍偷渡人员从泰国被遣返回国。此次遣返依据中泰两国法律、国际法和国际惯例进行，是双方合作打击偷渡等跨境违法犯罪的具体举措，相关人员的合法权益得到充分保护。,林剑
t20250227_11565127.html,巴西劳动者电视台记者,昨天巴西作为金砖国家主席国主持召开了首次协调人会议，讨论了巴西确定的六项主要议题，其中包括人工智能治理。卢拉总统表示，巴西今年将提出以人工智能治理促进发展的领导人宣言。金砖国家应让国家重回上述讨论的中心位置。中国对人工智能治理的主要担忧是什么？如果相关讨论在联合国进展不够迅速，金砖国家应采取哪些措施？,中国始终坚持发展向善为民、安全可控、绿色低碳、普惠包容的人工智能。人工智能是人类的共同财富，不应也不能沦为维护霸权、追求优势的工具。在人工智能发展和治理进程中，各国应守望相助，携手前行，确保所有国家权利平等、机会平等、规则平等，携手打造开放、包容、普惠、非歧视的人工智能发展环境，让人工智能红利惠及所有国家。中方支持金砖国家就人工智能全球治理发挥更大作用，愿同各方一道，为弥合智能鸿沟和促进全球可持续发展贡献力量。,林剑
t20250227_11565127.html,彭博社记者,美国国务卿鲁比奥接受采访时对中俄关系表示关切，称俄罗斯过于依赖中国，俄中都是核大国，可能联起手来对付美国。外交部对此有何评论？,中俄作为两个大国，彼此关系具有强大内生动力，不受任何第三方影响。中俄两国的发展战略和外交政策是管长远的。任凭国际风云变幻，中俄关系都将从容前行。美方对中俄关系挑拨离间，完全是徒劳的。,林剑
t20250227_11565127.html,法新社记者,台湾“国防部”今天称，在台湾岛附近发现了45架大陆飞机和14艘军舰。外交部对此有何评论？,台湾地区哪有什么“国防部”？这也不是一个外交问题。,林剑
t20250227_11565127.html,法新社记者,王毅外长昨日同新西兰外长彼得斯举行会谈。彼得斯对于中方实弹演习缺乏足够的预警表示关切。外交部对此次会谈有何进一步评论，计划如何处理未来的演习？,关于新西兰副总理兼外长彼得斯访华有关情况，中方已经发布消息，你可以查阅。中方此前已多次就有关问题介绍情况，阐明立场。我们愿同新方加强对话沟通，增进相互理解，推动两国关系健康稳定发展。,林剑
t20250227_11565127.html,巴西劳动者电视台记者,近日公布的中央一号文件使用了新词“农业新质生产力”。该词对于中国经济有何重要性？,谢谢你对中国发展的关注。这个问题你可以向中方主管部门进一步了解。我也建议你继续关注即将召开的全国两会。,林剑
t20250228_11566157.html,总台央视记者,据报道，27日，针对泰国向中方遣返40名中国公民，美国、英国、德国、欧盟等发表声明谴责泰遣返行为，呼吁中方保障人权。中方对此有何评论？,中方坚决反对打着人权等幌子以所谓涉疆问题干涉中国内政、干扰中国和有关国家之间正常执法合作。我想强调的是，此次遣返行动依据中泰两国法律、国际法和国际惯例进行。中国是法治国家，在司法领域人权保护方面有完善的法律法规和工作机制，成就有目共睹。包括新疆维吾尔族在内的各族人民享有充分的经济、社会、文化和公民权利及政治权利。,林剑
t20250228_11566157.html,伊拉克如道电视台记者,被监禁的库尔德工人党领导人厄贾兰呼吁库工党放下武器，自行解散。中方对此持何立场？,我们注意到相关报道。中方一贯支持土耳其相关方面寻求通过政治方式解决分歧。,林剑
t20250228_11566157.html,法新社记者,美国总统特朗普昨日称，将于下周对中国输美商品再加征10％的关税。外交部对此有何评论？,美方再次以芬太尼问题为借口，威胁对中国输美产品加征关税，中方对此强烈不满，坚决反对，将采取一切必要措施坚定维护自身正当利益。,林剑
t20250228_11566157.html,深圳卫视记者,据报道，26日，美国国会参议院外委会两名议员联合提出一项决议案，称香港国安法和基本法第23条立法剥夺港人基本权利，美企业需重新评估其在港业务。中方对此有何评论？,美国国会参议院个别议员攻击抹黑香港特区立法，诋毁香港人权法治，粗暴干涉香港事务，中方对此坚决反对。,林剑
t20250228_11566157.html,法新社记者,据俄罗斯媒体报道，俄罗斯前国防部长，现任联邦安全会议秘书绍伊古今日抵京，将与中国领导人和外长分别会见会谈。外交部能否证实并提供更多信息？,中俄作为新时代全面战略协作伙伴，一直保持密切高层交往。关于你提到的具体问题，我目前没有可以提供的信息。,林剑
t20250228_11566157.html,东方卫视记者,据报道，日前韩国领导人在宪法法院弹劾案庭审辩论中再次提及涉华问题，声称中国公民的无人机威胁韩国安全、韩核心技术和军工机密外泄流向中国等。中方对此有何评论？,去年底紧急戒严事态发生之初，韩方就曾发表类似言论，中方已表明严正立场。中方一贯奉行不干涉别国内政原则，相信韩国人民有智慧有能力处理好国内问题。我们对韩方个别势力和人员出于政治私利，持续恶意关联炒作涉华问题表示强烈不满和坚决反对。,林剑
t20250228_11566157.html,《华尔街日报》记者,美国国务卿鲁比奥本周早些时候接受采访谈及芬太尼问题，称中方可能是故意让芬太尼类物质涌入美国。中方对此有何评论？美国国务卿发表上述言论将对中美相关合作造成什么影响？,中方注意到有关报道。相关访谈言论充斥着冷战思维，宣扬遏制打压、甩锅推责那一套，严重损害中方利益，我们对此表示强烈不满和坚决反对。,林剑
t20250228_11566157.html,路透社记者,鲁比奥国务卿就泰国遣返40名维吾尔族人发表评论，称中国对待维族人的方式构成“种族灭绝”和“反人类罪”。中方对此有何回应？澳大利亚也强烈反对此次遣返，已向中方表达关切。中方对此有何具体回应？,我刚才已经阐明了中方的严正立场。至于你提到的美国有关政客的言论，中方已经多次指出所谓“种族灭绝”等言论完全是世纪谎言。新疆经济发展、社会稳定、民族和睦、民生改善的大好局面，事实清楚，有目共睹，不容抹杀。一些国家和个别政客编造散布涉疆谎言，目的就是要搞乱新疆。中方坚决反对打着人权等幌子干涉中国内政，反对借涉疆问题干扰国家间正常执法合作。有关政客应停止炮制、散布涉疆谎言谬论。,林剑
t20250303_11567417.html,中新社记者,3月1日，政府间气候变化专门委员会（IPCC）第62次会议在杭州闭幕。据悉，此次全会期间，中方积极分享了在气象防灾减灾领域的先进经验和做法。发言人可否介绍一下会议成果？我们也注意到，第30届联合国气候变化大会（COP30）主席多拉戈近日接受采访称，中国提供一系列出色的应对气候变化解决方案，在发展自身的同时，也惠及其他国家。发言人有何回应？,我注意到有关报道。这是中国政府第一次承办IPCC全会。在中方大力支持推动下，会议通过了IPCC第七次评估报告大纲，明确了气候变化科学评估重点方向，为凝聚全球科学界合力、共同提升气候治理水平奠定了重要基础。,林剑
t20250303_11567417.html,路透社记者,据《环球时报》今日报道，针对预计明天生效的美国对华新一轮关税，中方正在酝酿反制措施，其中包括限制美国农产品进口。外交部能否予以证实？,上周我已经就相关问题阐明了中方严正立场。中方坚决反对美方再次以芬太尼问题为借口，威胁对中国输美产品加征关税，将采取一切必要措施坚定维护自身正当利益。,林剑
t20250303_11567417.html,巴通社记者,上周五，巴基斯坦和中国签署合作协议，中国空间站将迎来一位巴基斯坦航天员。这是两国航天合作的又一个里程碑。发言人对此有何评论？,太空探索是全人类的共同梦想。我们很高兴看到中巴签署航天合作协议，期待巴基斯坦航天员顺利进入中国空间站。中国载人航天工程立项实施以来，始终坚持“和平利用、平等互利、共同发展”的原则，着眼面向全人类共享中国发展成果，主动开放中国空间站合作机会。我们愿同巴方共同努力，推动双方航天合作不断迈上新台阶，使空间技术更好惠及两国经济社会发展。中方也愿同所有致力于和平利用外空的国家和地区一道，开展更多的国际合作与交流。,林剑
t20250303_11567417.html,路透社记者,美国总统特朗普上周指责乌克兰总统泽连斯基，称泽连斯基尚不准备与俄罗斯达成和平协议。外交部对此次会晤有何评论？,我们注意到有关报道。中方将继续致力于为政治解决乌克兰危机、实现和平发挥建设性作用。,林剑
t20250303_11567417.html,彭博社记者,追问一下，中方是否会像一些分析人士所说，向乌克兰派遣维和部队？,中国不是乌克兰危机的制造者，也不是当事方。我们支持一切有利于和平解决危机的努力，期待各当事方找到能照顾彼此关切、可持续和持久的解决方案。,林剑
t20250303_11567417.html,路透社记者,外交部能否证实上周从泰国被遣返的40名中国公民是维吾尔族人？联合国人权专家曾称这些人被遣返后可能遭到伤害。发言人能否告知这些人回国后会面临什么？,上周我已经明确阐述了中方立场，在此我再次强调，此次遣返依据中泰两国法律、国际法和国际惯例进行。相关人员的合法权利得到充分保障。中方的主管部门也已经发布了相关消息。,林剑
t20250303_11567417.html,总台央视记者,近日，美国国务卿鲁比奥接受美国媒体采访时，就台湾、经贸、新冠疫情、印太等问题对中国进行指责。中方对此有何评论？,鲁比奥有关言论充斥冷战思维，散布谎言谬论，中方对此强烈不满、坚决反对，已向美方提出严正交涉。,林剑
t20250303_11567417.html,路透社记者,美方正敦促墨西哥和加拿大效仿美国对中国加征关税。外交部对此有何评论？,我们多次说过，贸易战、关税战没有赢家。吹灭别人的灯，并不能让自己更光明。各方都应遵守世贸组织规则和市场经济原则，通过平等和相互尊重的对话与协商解决各自关切，共同应对单边主义和贸易保护主义。,林剑
t20250304_11568225.html,总台中文国际频道记者,塔吉克斯坦于3月2日举行了议会下院选举。中方对此有何评论？,塔吉克斯坦议会下院选举日前顺利举行，中方对此表示祝贺。应塔中央选举委员会邀请，中方派团赴塔观察了选举。中方认为，此次选举民主、公开、透明，体现了塔吉克斯坦的政治开放和包容，中方给予积极评价，并真诚祝愿在拉赫蒙总统领导下，塔吉克斯坦人民在国家发展道路上取得新的更大成就。,林剑
t20250304_11568225.html,《北京日报》记者,新西兰副总理兼外长彼得斯上周访华后表示，新西兰和中国的特殊关系正处于“第二个十年”，双方就双边合作、国际和地区问题进行了富有实质内容、建设性的讨论。请问发言人能否进一步介绍有关情况？,2月25日至27日，新西兰副总理兼外长彼得斯访华。这是在中新全面战略伙伴关系进入第二个10年之际，两国间一次重要高层交往，旨在推动落实两国领导人重要共识，加强战略沟通，推动中新关系在新的起点上继续健康稳定向前发展。,林剑
t20250304_11568225.html,《纽约时报》记者,美国对大部分中国商品再次加征10％关税。中方对此有何回应？,相信你也注意到了中方有关部门发布的公告。美方执意以芬太尼问题为借口，再次对中国输美产品加征关税，中方多次阐明反对立场，采取的反制措施完全是维护自身权益的正当、必要之举。,林剑
t20250305_11568706.html,总台央视记者,据报道，3月4日，阿拉伯国家在埃及开罗召开紧急峰会讨论巴勒斯坦问题，并提出关于加沙战后恢复和重建的阿拉伯计划。请问中方对此有何评论？,中方支持埃及等阿拉伯国家为推动加沙停火协议连续有效执行、推进加沙人道救援和恢复加沙安全稳定所作努力，支持巴勒斯坦人民认可的、阿拉伯国家有共识的加沙战后治理方案。加沙的战后治理应坚持“巴人治巴”原则，与“两国方案”相互衔接，最终实现巴以和平共存、中东长治久安。,林剑
t20250305_11568706.html,《中国日报》记者,2024年6月7日，第78届联合国大会协商一致通过中国提出的设立“文明对话国际日”决议。日前，我们了解到联合国秘书处设立了“文明对话国际日”专门网站（英文版）。中方对此有何评论？,去年，中国提出的设立“文明对话国际日”决议在第78届联大协商一致通过。这是中方践行习近平主席提出的全球文明倡议的成功实践，也是为推动全球不同文明间交流对话、促进世界和平与发展作出的重要贡献。联合国近日设立专门网站宣介“文明对话国际日”，这有助于弘扬全人类共同价值，提升公众对尊重文明多样性的意识，聚焦探寻全球性挑战的解决之道。,林剑
t20250305_11568706.html,法新社记者,特朗普总统今天在美国国会发表演讲，称收到泽连斯基总统来信，信中表示希望美方协助结束俄乌冲突。他还重申希望加强美国对巴拿马运河和格陵兰岛的控制。中方有何评论？,我们注意到有关报道。中方在乌克兰危机问题上的立场一贯、明确，通过对话谈判解决危机是唯一可行出路。,林剑
t20250305_11568706.html,埃菲社记者,昨天的外交部例行记者会上，发言人表示，美方如果执意打关税战、贸易战或者别的什么战，中方将奉陪到底。中国驻美大使也作了类似表态。中方是否完全坚持这一表态？中方说的“别的什么战”具体指什么？,昨天我们已经就相关问题表明了中方严正立场。美方执意以芬太尼问题为借口，再次对中国输美产品加征关税，中方多次阐明反对立场，采取了正当、必要的反制措施。美方如果真想解决芬太尼问题，就应该在平等、尊重、互惠的基础上，同中方磋商解决各自关切。美方如果别有所图，执意损害中国的利益，我们必将奉陪到底。奉劝美方收起霸凌嘴脸，趁早回到对话合作的正确轨道上来。,林剑
t20250305_11568706.html,中阿卫视记者,关于昨天埃及举行的阿拉伯紧急峰会，前天在英国伦敦举行了欧洲紧急峰会，讨论乌克兰危机。这两个紧急峰会有一个共同点，都拒绝了美方言论。请问中方对美方近期的言论有何评论？,关于阿拉伯国家紧急峰会的有关情况，刚才我已经阐述了中方立场。,林剑
t20250305_11568706.html,路透社记者,由贝莱德集团支持的财团已同意收购一家香港公司的多数股权，该香港公司经营巴拿马运河两岸的港口。这意味着在白宫施压下，美国公司得以控制该地区的关键港口。外交部对此有何评论？,我们对有关商业交易不予评论。此前，香港特区政府已就有关香港公司运营有关港口问题作了回应。作为原则，我想强调，中方支持包括香港特区企业在内的本国企业赴海外投资兴业，各国都应为相关企业提供公平公正的环境，我们反对在国际经贸关系中滥施胁迫施压手段。,林剑
t20250306_11569534.html,塔斯社记者,据报道，美国国防部长接受媒体采访时说，美国并不寻求与中国开战，但将重建军队，为战争做好准备。外交部对此有何评论？,美方官员有关言论蓄意煽动意识形态对抗，鼓噪中国威胁。奉劝美方不要用自身的霸权逻辑镜像中国，不要用过时的冷战思维看待中美关系，不要以战略竞争为名行对华遏制打压之实。中方立场是明确的、一贯的，无论是关税战还是贸易战，无论是冷战还是热战，都打不得也打不赢。,林剑
t20250306_11569534.html,法新社记者,美国起诉了12名中国公民，包括两名官员，涉及一系列黑客攻击，包括去年侵入美国财政部网络。中方对此有何评论？,中方坚决反对美方对中国的无理指责，要求美方立即停止滥施制裁的错误做法。,林剑
t20250310_11572088.html,总台央视记者,我们注意到，上周王毅外长在两会外长记者会上谈及台湾问题时表示，“台湾地区在联合国的唯一称谓就是‘中国台湾省’”。有观点认为这表明大陆对台政策更趋强硬。请问发言人如何看待？,"1971年联大第2758号决议明确了世界上只有一个中国，台湾不是一个国家，台湾是中国的一部分，明确了中国在联合国的席位只有一个，中华人民共和国政府是唯一合法代表。为恪守这一决议规定，联合国及其专门机构在提及台湾时，使用的称谓就是“中国台湾省”（Taiwan, Province　of　China）。联合国秘书处法律事务办公室官方法律意见明确指出，“台湾作为中国的一个省没有独立地位”。这是联合国的一贯立场，均有案可查。",毛宁
t20250310_11572088.html,《中国日报》记者,中方刚刚发布了老挝外交部长通沙万即将访华的消息，能否介绍此访有关安排和中方期待？中方如何看待当前中老关系？,中国和老挝是社会主义“同志加兄弟”，双方在推进命运共同体建设、落实三大全球倡议方面始终走在前列。去年，习近平总书记、国家主席和通伦总书记、国家主席在喀山金砖峰会期间成功会晤，引领中老全面战略合作取得新成果。中国连续多年是老挝第一大外资来源国和出口国，中老铁路客货运量持续增长，跨境货物运输已覆盖19个国家和地区，成为中南半岛的“黄金大通道”。,毛宁
t20250310_11572088.html,路透社记者,中方周六宣布对加拿大部分农产品加征关税，这反映出中加关系处于何种现状？,中方有关部门已就此发布公告。加拿大方面不顾中方多次规劝，执意对部分中国进口产品采取歧视性限制措施，严重违反世贸组织规则，干扰正常贸易秩序，严重损害中方合法权益，中方采取必要措施予以反制完全正当，合理合法。我们敦促加方采取切实行动，纠正错误做法，为两国企业开展正常贸易和合作提供公平、非歧视、可预期的环境。,毛宁
t20250310_11572088.html,新华社记者,据报道，埃及外长阿卜杜勒阿提日前表示，伊斯兰合作组织（OIC）成员国外长理事会第20次特别会议通过了由埃及起草、阿盟峰会通过的加沙早期恢复和重建计划，将寻求国际社会支持。英国、法国、德国和意大利外长发表联合声明，支持重建加沙的阿拉伯方案，称方案为加沙重建提供了一条现实可行的道路。中方对这一计划持什么立场？,王毅外长在两会外长记者会上强调，支持埃及和阿拉伯国家共同发起的加沙和平方案，即早期恢复和重建计划。,毛宁
t20250310_11572088.html,《环球时报》记者,美国财长贝森特多次表态称中国经济过度依赖出口，美国寻求公平对等的贸易。中方对此有何评论？,今年两会政府工作报告明确提到，把“全方位扩大国内需求”作为今年十个方面工作任务中的第一条，强调要全方位扩大国内需求，使内需成为拉动经济增长的主动力和稳定锚。,毛宁
t20250310_11572088.html,法新社记者,据韩国国防部消息，朝鲜疑似今天向半岛西部海域发射10余枚导弹，请问中方有何回应？,中方注意到有关报道，也注意到朝方近期针对美韩涉及朝鲜军事、外交、制裁等方面动向多次表明立场。我们希望有关方能够正视半岛问题根源，坚持政治解决大方向，为缓和紧张局势、维护地区和平稳定作出努力。,毛宁
t20250310_11572088.html,深圳卫视记者,近期，叙利亚过渡政府安全部队在叙利亚西部拉塔基亚省、塔尔图斯省同当地效忠于前政权的武装发生大规模冲突，造成包括平民在内的大量人员死伤。国际社会对叙利亚局势普遍感到担忧，请问中方对此有何评论？,中方高度关注叙利亚局势，对叙境内发生武装冲突造成大量人员伤亡感到担忧，呼吁有关方面立即停止武装冲突和敌对行动，切实保护平民安全，尊重并坚持包容性原则，通过对话找到符合叙利亚人民意愿的重建国家方案。,毛宁
t20250310_11572088.html,法新社记者,据《华尔街日报》报道，美国总统特朗普正在权衡限制DeepSeek的措施，包括禁止政府设备使用DeepSeek。请问中方对此有何回应？,中方一贯反对泛化国家安全概念、将经贸科技问题政治化。我们将坚定维护中国企业的合法权益。,毛宁
t20250310_11572088.html,路透社记者,马克·卡尼当选加拿大执政党党首，并将取代特鲁多出任加总理。中方希向加新一届政府传递什么信息？,中方注意到有关报道，向卡尼先生表示祝贺。中方一贯主张在相互尊重、平等互利基础上发展中加关系，希望加方树立客观理性的对华认知，奉行积极务实的对华政策，同中方相向而行，推动中加关系改善发展。,毛宁
t20250310_11572088.html,法新社记者,达赖喇嘛将出版新书《为无声者发声》。他在新书发布之前撰文称，中国政府以维护稳定和领土完整为名，企图进一步抹去西藏文明，请问中方对其新书和表态有何回应？,十四世达赖不是一个单纯的宗教人士，而是一个披着宗教外衣从事反华分裂活动的政治流亡者。在涉藏问题上，中方立场是一贯的、明确的。达赖说什么、做什么都改变不了西藏繁荣发展的客观事实。有关方面不应给分裂中国的言论提供平台。,毛宁
t20250310_11572088.html,路透社记者,本社上周报道，美国正考虑对中国制造或悬挂中国船旗的船舶所在船队收取港口费。发言人对此有何评论？,我们此前已就有关问题阐明了立场。征收港口费、对货物装卸设备加征关税等措施损人害己，既推高全球海运成本，扰乱全球产供链稳定，也会增加美国国内通胀压力，损害美国消费者和企业利益，最终也无法振兴美国造船业。我们敦促美方尊重事实和多边规则，立即停止错误做法。中方将采取必要措施捍卫自身合法权益。,毛宁
t20250310_11572088.html,日本广播协会记者,日前，台湾“经济部”称将以民间名义参加日本大阪世博会。中方对此有何评论？,我们一贯坚决反对台湾地区和建交国开展任何形式的官方往来。,毛宁
t20250310_11572088.html,彭博社记者,据报道，美国承诺加快对台军售。发言人对此有何评论？,中方坚决反对美台军事联系和美国对台出售武器的立场是一贯的、明确的。台湾问题是中国核心利益中的核心，也是中美关系第一条不可逾越的红线。中方敦促美方恪守一个中国原则和中美三个联合公报规定，停止售台武器和美台军事联系，停止制造台海局势紧张因素，停止危害台海和平稳定。,毛宁
t20250310_11572088.html,路透社记者,加拿大将于今年晚些时候举行联邦选举。发言人有无希向候选人传递的信息？中方对选举有何期待？,选举是加拿大内政，我不作评论。,毛宁
t20250311_11572935.html,法新社记者,菲律宾前总统杜特尔特今天在马尼拉被逮捕。请问中方有何回应？,这是一个重要的突发事件，中方注意到有关消息，并正密切关注事态发展。我愿重申，中国一贯主张国际刑事法院应严格遵循补充性管辖原则，依法审慎行使职权，避免政治化和双重标准。,毛宁
t20250311_11572935.html,《北京日报》记者,外界十分关注中国两会政府工作报告将今年中国经济增长目标设为5％左右，特别是就扩大高水平对外开放进一步明确了任务。在全球经济低迷背景下，中国将如何为世界发展作出新贡献？,开放是中国经济的活力之源，也是中国对世界的坚定承诺。正如今年政府工作报告指出，无论外部环境如何变化，中国始终坚持对外开放不动摇，稳步扩大制度型开放，有序扩大自主开放和单边开放。,毛宁
t20250311_11572935.html,共同社记者,中国驻日本大使在两会期间接受香港媒体采访时表示，中方会参加今年在日本举行的中日韩领导人会议。请问发言人能否证实王毅外长将于本月访问东京并出席中日韩外长会？,中方重视中日韩合作，同日方和韩方就中日韩外长会有关事宜保持着沟通。关于你提到的具体问题，目前我没有可以提供的信息。,毛宁
t20250311_11572935.html,中新社记者,近日，澳大利亚智库战略政策研究所（ASPI）负责人在社交媒体上公开发文，表示美国冻结援助资金致该机构缺乏反华素材、无法输出攻击中国的内容，呼吁美或其他组织立即为有关反华业务继续供资等。中方对此有何评论？,我注意到了有关报道。你提到的这个澳大利亚所谓研究机构，长期接受美国国防、外交机构及军火商资助，服务于其背后“金主”利益，炮制了大量涉华谎言。其所谓“研究成果”缺乏基本的事实依据，已多次被证明是虚假信息，完全违背学术研究应有的职业道德操守，早已名誉扫地。,毛宁
t20250311_11572935.html,法新社记者,据《南华早报》报道，中美元首可能于下个月在华会晤。发言人能否证实？,我没有可以发布的信息。,毛宁
t20250311_11572935.html,共同社记者,安斯泰来制药集团一名日本员工因“间谍罪”被拘留近两年，引发日本商界担忧。根据2024年国际收支统计数据，外资企业对华直接投资同比大幅减少，有观点认为这是受到《反间谍法》的影响。请问发言人有何评论？,有关案件的具体情况，建议向主管部门了解。,毛宁
t20250311_11572935.html,彭博社记者,知情人士向我社透露，中国官员难以从美方了解到如何阻止特朗普加征关税。发言人对此有何回应？,美方执意以芬太尼问题为借口，两次对中国输美产品加征关税，中方多次阐明反对立场，采取的反制措施是维护自身权益的正当、必要之举。如果美方执意损害中方利益，中方必将坚决反制。如果美方真想解决问题，就应该在平等、尊重、互惠的基础上，同中方通过磋商解决各自关切。,毛宁
t20250311_11572935.html,法新社记者,美乌官员于今日在沙特举行会谈，乌克兰方面将提出自己的停火协议。中方对会谈有何期待？,中方支持一切有利于和平解决危机的努力，期待各方能够找到一个公平、持久、都能接受的解决方案。中方愿与国际社会一道，继续为政治解决危机发挥建设性作用。,毛宁
t20250311_11572935.html,路透社记者,十四世达赖出版新书称他的继任者将出生在中国以外，并称即使在他去世后，“争取西藏人民自由的运动”也将继续。中方对此有何回应？,十四世达赖是一个披着宗教外衣从事反华分裂活动的政治流亡者，根本无权代表西藏人民。,毛宁
t20250311_11572935.html,法新社记者,英国外交大臣拉米访问菲律宾后称，中国正在南海采取“破坏稳定的危险行为”。发言人对此有何评论？,南海是目前世界上最安全、最自由的海上通道之一。作为域外国家，英方应当尊重中方在南海的领土主权和海洋权益，停止挑动矛盾、搬弄是非。,毛宁
t20250312_11573543.html,《纽约时报》记者,据中国媒体报道，中国商务部已约谈沃尔玛，原因是其为应对加征关税，施压中国供应商要求降价。你能否证实？如属实，能否提供更多细节？,这个问题建议向中方主管部门了解。,毛宁
t20250312_11573543.html,《人民日报》记者,中国全国两会刚刚闭幕，我们注意到，不少国际人士表示，两会是观察中国全过程人民民主的窗口。“中国式民主实践”提供了与西方国家不同的政治道路，为世界尤其是全球南方国家提供了宝贵经验和启示。中方对此有何评论？,中国全国两会是全过程人民民主的生动实践。出席今年两会的有来自各行各业近3000名全国人大代表和2000多名政协委员，他们将百姓的声音带到最高议事平台，将人民所思所盼融入国家发展顶层设计。政府工作报告起草过程中征求意见近4000份，征集网民建言200多万条，力求最充分集思广益，最广泛反映民意。两会闭幕后，政府部门将全面落实各项任务，实现从民意反映、倾听到协商、落实的完整闭环。,毛宁
t20250312_11573543.html,彭博社记者,美国总统特朗普今天对输美钢铝产品加征25％关税，中方有何回应？会否采取报复措施？,中方始终认为搞保护主义没有出路，贸易战、关税战没有赢家，这也是国际社会的普遍共识。美方做法严重违反世贸组织规则，严重损害以规则为基础的多边贸易体制，无益于解决问题。中方将采取一切必要措施维护自身合法权益。,毛宁
t20250312_11573543.html,《纽约时报》记者,中方是否认为已同特朗普政府进行了充分沟通，特别是就贸易和其他经济问题？,中方认为应当在平等和相互尊重的基础上，通过对话协商解决各自关切。中美贸易是对等的，如果合作，可以实现互利共赢；但如果一味对中国施压，中方必将坚决反制。,毛宁
t20250312_11573543.html,美国全国广播公司记者,有分析人士认为，中方针对特朗普总统加征关税作出的表态和反制措施与加拿大、墨西哥等国相比更加克制。发言人是否同意这样的看法？,关于美国对中国输美产品加征关税，中方已多次阐明反对立场，并为维护自身权益采取了正当、必要的反制措施。我想重申，中美经贸关系是相互的、对等的。如果选择合作，可以实现互利共赢，如果一味施压，中国必将坚决反制。,毛宁
t20250312_11573543.html,东方卫视记者,据报道，3月11日巴基斯坦俾路支省一列载有约450名乘客的客运列车，在途经该省锡比地区时遭恐怖分子劫持，“俾路支解放武装”宣称对事件负责。巴基斯坦军警正在对被劫持乘客开展营救行动，已成功解救104名乘客并击毙至少16名恐怖分子。巴总理夏巴兹谴责袭击，称正在击退武装分子。请问中方对此有何评论？,我们注意到有关报道，对此次恐怖袭击事件予以强烈谴责。,毛宁
t20250312_11573543.html,法新社记者,乌克兰宣布准备好接受美国提出的俄乌战争暂时停火30天的建议，请问中方对此有何评论？,我们注意到有关报道。中方从危机爆发第一天起就主张对话谈判，寻求政治解决，始终在为和平奔走、为促谈努力。我们期待各当事方通过对话谈判找到照顾彼此关切，可持续和持久的和平方案。,毛宁
t20250313_11574313.html,总台央视记者,我们关注到，今年以来，一批重大外商投资项目接连落地中国，计划投资额高达330亿美元。有评论称外企正用实际行动加码投资中国市场。但也有观点认为，数据显示外商对华投资额近年来有所下滑，出现“外资撤出中国”的苗头。发言人对此有何评论？,最近也有其他记者问过类似问题。我可以同大家分享几组中国权威部门发布的最新数据：截至去年底，外商累计在华投资设立企业近124万家，实际使用外资20.6万亿元人民币。去年，中国新设立外商投资企业近6万家，同比增长9.9％。近5年外商在华直接投资收益率约9％，位居全球前列。从数据上看，中国依然是跨国投资的高地，“看多”“看涨”中国仍是众多外企共识。,毛宁
t20250313_11574313.html,德新社记者,德国媒体报道称，根据德情报机构掌握的证据，2020年全球新冠疫情暴发很可能源于武汉市一家实验室的事故，请问外交部对此有何评论？中方对新冠疫情暴发有何立场？,中方已多次就这一问题阐述立场。我们认为，新冠病毒溯源是一个科学问题，应当由科学家来作出判断，秉持科学精神看待。“实验室泄漏极不可能”是中国—世卫组织联合专家组在实地走访武汉相关实验室并同相关科研人员深入交流的基础上得出的权威科学结论，得到了国际社会和科学界的广泛认可。,毛宁
t20250313_11574313.html,《北京青年报》记者,我们注意到，政府工作报告提及，2024年中国扩大单方面免签国家范围，入境旅游持续升温。王毅外长在两会记者会上也指出，免签“朋友圈”有望进一步扩容，“打卡中国”将继续成为国际新风尚。发言人能否进一步介绍有关情况？,中国已经对38个国家实行单方面免签，对54个国家过境免签延长至240个小时。去年，超过2000万人次外国人免签入境，同比增长112％，其中通过单方面免签政策来华的总人次超339万，同比增长1200％。不少外国朋友表示，来之前中国是个“谜”，来之后成了“中国迷”。,毛宁
t20250313_11574313.html,法新社记者,第一个问题，中方将于明天举行伊朗核问题中俄伊北京会晤，请问中方有何期待？第二个问题，这次会晤是否对外国媒体开放？如不开放，是何考虑？,作为联合国安理会常任理事国和伊朗核问题全面协议参与方，中国一贯主张通过政治外交途径妥善解决伊朗核问题，维护国际核不扩散机制，促进中东地区和平与稳定。北京会晤是中方最新外交努力，旨在加强沟通协调，为早日恢复对话谈判创造条件。,毛宁
t20250313_11574313.html,路透社记者,台湾“总统”赖清德今天表示，中国大陆加大对台影响和渗透，利用台“民主制度”从社会各界吸引人员。外交部对此有何回应？,台湾是中国的一部分，没有什么“总统”，你提的也不是一个外交问题。我可以告诉你的是，不管民进党当局说什么，都改变不了台湾是中国一部分的事实，改变不了中国必然统一的大势。,毛宁
t20250314_11575985.html,新华社记者,据了解，今天伊朗核问题中俄伊北京会晤举行并发表联合声明，请问中方认为此次会晤将对重启对话谈判进程产生什么影响？中方如何看待伊朗核问题政治外交解决前景？,中国、俄罗斯、伊朗副外长举行北京会晤。王毅外长会见与会代表团团长，提出中方关于伊朗核问题的五点主张。,毛宁
t20250314_11575985.html,中新社记者,3月13日，塔吉克斯坦和吉尔吉斯斯坦总统签署两国国界条约，彻底解决两国边界问题。中方对此有何评论？,中方对塔吉克斯坦和吉尔吉斯斯坦签署国界条约表示祝贺，高度评价两国领导人为通过和平协商方式解决边界问题发挥的关键性作用。这有利于地区和平稳定和发展繁荣。,毛宁
t20250314_11575985.html,法新社记者,马朝旭副部长今天表示，中俄伊三国强调终止所有非法单边制裁的必要性。请问中方对美国针对伊朗的制裁持何立场？,中方一贯反对非法单边制裁。马朝旭副部长已介绍了中方立场，我们也散发了北京会晤的联合声明，你可以查阅。,毛宁
t20250314_11575985.html,总台华语环球节目中心记者,据报道，13日，亚美尼亚和阿塞拜疆外交部分别发表声明称，双方已完成和平协定草案谈判。报道称，协议有望终止两国近40年的纠纷。请问中方对此有何评价？,中方乐见亚美尼亚、阿塞拜疆两国和平进程取得积极进展。亚美尼亚和阿塞拜疆都是外高加索地区重要国家，也是中国的好朋友、好伙伴，中方真诚希望两国通过对话协商解决矛盾分歧，为地区持久和平与发展繁荣作出贡献。,毛宁
t20250314_11575985.html,《中国日报》记者,我们注意到，政府工作报告中出现了“具身智能”“瞪羚企业”等新概念，提出因地制宜发展新质生产力，加快建设现代化产业体系。发言人对此有何评论？,你提到的这些新概念，其实都是新质生产力的体现。所谓新质生产力，就是以科技和产业创新为主导的生产力，核心就在一个“新”字。人工智能大模型、量子计算机、人形机器人、无人驾驶新能源车都让人感受到新质生产力的魅力。中国积极开发新能源、新材料、新技术，以科技创新引领新质生产力发展。新质生产力也在加速新旧动能转换，提升资源配置效率，推动产业转型升级，为高质量发展提供新动能。,毛宁
t20250314_11575985.html,彭博社记者,欧盟外交与安全政策高级代表卡拉斯称，对美方发起的贸易战，包括对欧盟酒类产品征收200％关税等，中方正在一旁看笑话。发言人对此有何回应？,中方多次强调，关税战、贸易战没有赢家。美欧之间如何相处，中方不作评论，但我们反对拿中国说事。美欧都是世界重要经济体，有责任维护以世贸组织为核心的多边贸易体制，而不是转嫁矛盾。,毛宁
t20250314_11575985.html,彭博社记者,普京总统提出就乌克兰临时停火问题同特朗普总统举行会谈，中方对此持何立场？,我们注意到有关报道。在乌克兰危机问题上，中方始终坚持习近平主席提出的“四个应该”，即各国主权、领土完整都应该得到尊重，联合国宪章宗旨和原则都应该得到遵守，各国合理安全关切都应该得到重视，一切有利于和平解决危机的努力都应该得到支持。我们希望各方能通过对话谈判达成一个公平、持久、有约束力并被各当事方所接受的和平协议。中方愿同国际社会一道，为最终化解危机、实现持久和平继续发挥建设性作用。,毛宁
t20250314_11575985.html,法新社记者,2023年，日本神户学院大学的一名中国教授在回国探亲时失踪。神户学院大学今天称，此人已于今年1月返回日本。外界猜测他是因涉嫌间谍罪被中国当局拘留。发言人能否介绍这一案件？,我不了解你提到的具体情况。,毛宁
t20250314_11575985.html,法新社记者,美国农业部表示，美数百家屠宰场对华出口许可将于本周末到期，并称中方海关部门没有回应美方延长许可的请求。中方是因为中美贸易关系紧张而故意让许可失效吗？,我不了解你提到的情况。建议向中方主管部门询问。,毛宁
t20250317_11577237.html,总台央视记者,日前，七国集团外长会发表联合声明和“海洋安全与繁荣宣言”，再次炒作涉华议题，就台湾、海上等问题说三道四，就中国向俄罗斯提供武器和两用物项、中方所谓“产能过剩”、军力建设等表达关切。请问中方对此有何评论？,七国集团外长会联合声明及有关宣言罔顾事实、颠倒黑白，诬蔑抹黑中国，干涉中国内政。中方强烈不满、坚决反对，已向有关国家提出严正交涉。,毛宁
t20250317_11577237.html,中新社记者,近期，在泰国羁押的40名中国公民被遣返回国。美国国务卿鲁比奥宣布将对参与遣返合作的泰国官员实施签证限制等制裁。泰国外交部发表声明强调，已多次就此发表澄清声明，泰方在相关行动中始终秉持人道主义原则；泰重视与美同盟关系，但双方关系应建立在相互尊重的基础之上。请问发言人对此有何评论？,中泰两个主权国家开展打击偷渡等跨境违法犯罪合作，符合中泰两国法律、国际法和国际惯例，美方无权干涉。这40名中国公民受蛊惑，非法出境后滞留泰国，被羁押长达十年之久。中国政府有义务、有责任保护本国公民，帮助他们与亲人团聚，回归正常生活。,毛宁
t20250317_11577237.html,《环球时报》记者,据报道，近日，日本一名国会议员向日政府提交质询，声称1972年《中日联合声明》写入“日本国政府充分理解和尊重中国政府关于台湾是中华人民共和国领土不可分割的一部分”相关表述，日地方政府和地方议员是否有法律义务遵守相关立场。对此，日本政府出具答辩书，声称1972年《中日联合声明》“不具备法律约束力”。报道称，日历届内阁均认为该声明“不具备法律约束力”，此次答辩书再次表明，该声明不会对日地方议员赴台活动构成限制。请问中方对此有何评论？,世界上只有一个中国，台湾是中国领土不可分割的一部分，中华人民共和国政府是代表全中国的唯一合法政府。中方坚决反对建交国同台湾进行任何形式的官方往来。一个中国原则是中日关系的政治基础。,毛宁
t20250317_11577237.html,路透社记者,上周五至周六，中共中央对外联络部副部长率团访问巴拿马。请问代表团在巴拿马做了什么？向巴拿马人民传递了什么信号？是否到访巴拿马港口公司？,关于中共代表团访问巴拿马的情况，中方已经发布了消息，你可以查阅。如果你想了解更多的情况，可以向中方主管部门询问。,毛宁
t20250317_11577237.html,法新社记者,胡塞武装今天称，他们袭击了美国航空母舰群，以报复美国对也门的袭击。外交部对此有何评论？,中方反对任何加剧红海局势升级的行动。红海局势和也门问题有复杂原因，应通过对话谈判寻求妥善解决。,毛宁
t20250317_11577237.html,印度报业托拉斯记者,印度总理莫迪在接受采访时谈到印中关系，表示竞争永远不应该演变成冲突。自去年10月与中国领导人会面后，两国都在努力恢复关系。他在采访中还谈到，存在分歧很正常，两个邻国之间必然会出现偶尔的分歧，但重点要确保这些分歧不会演变成争端。这就是为什么我们积极致力于对话而非争执。我们强调对话，因为只有通过对话才能建立符合两国最佳利益的稳定合作关系。请问你对此有何看法？,莫迪总理近日就中印关系作出积极表态，我们对此表示赞赏。去年10月，习近平主席同莫迪总理在喀山成功会见，为改善和发展中印关系作出战略指引。近期，双方认真落实两国领导人重要共识，加强各层级交往与务实合作，取得一系列积极成果。,毛宁
t20250317_11577237.html,总台华语环球节目中心记者,有消息称，台湾当局拟推动在个别国家新设驻外机构或将原有以“台北”命名的机构改为以“台湾”命名，发言人有何评论？,一个中国原则是公认的国际关系准则和国际社会普遍共识，是中国同各国建立和发展关系的政治基础。中华人民共和国政府是代表全中国的唯一合法政府。台湾从来不是一个国家，过去不是，今后更绝无可能。,毛宁
t20250317_11577237.html,埃菲社记者,在中欧建交50周年之际，中国领导人是否会出席将在布鲁塞尔举行的中欧领导人会晤？,中方始终高度重视欧盟和中欧关系，愿同欧方加强各层级、各领域对话合作。2024年，习近平主席对欧洲成功进行历史性访问，在双、多边场合同欧洲领导人深入沟通交流。今年初，习近平主席同欧洲理事会主席科斯塔通电话，为今年中欧关系发展奠定基调、指明方向。,毛宁
t20250317_11577237.html,新华社记者,本周是2025年“澜湄周”。今年的“澜湄周”活动有何亮点？中方如何评价澜湄合作取得的进展？对澜湄合作未来发展有何期待？,澜湄六国人民“同饮一江水，命运紧相连”。作为六国共商共建共享的新型区域合作机制，澜湄合作自启动以来大踏步发展，成为地区国家共谋发展的“金色平台”。习近平主席和湄公河五国领导人把舵领航，引领中国和湄公河国家实现双多边命运共同体全覆盖。中老铁路、金港高速等互联互通战略项目持续释放黄金大通道综合效应。中国同湄公河五国贸易达4370亿美元，较机制启动之初增长125％。创新走廊建设稳步推进，数字和绿色技术赋能产业发展，“复旦一号·澜湄未来星”将澜湄青年的科技梦想带入太空。中方宣布实施“澜湄签证”，推进“甘泉行动”“绿色澜湄”等“小而美”项目，流域民众获得感增强。六国联手打击网赌电诈等跨国犯罪，全力维护地区人民生命财产安全。,毛宁
t20250317_11577237.html,《中国日报》记者,据了解，中国军队今天在台海附近开展了军事演习。外界认为，这同近期美国务院网站修改对台政策表述和“台独”势力倒行逆施有关。请问中方对此有何评论？,美方近期在台湾问题上采取了一系列错误行径，特别是修改美国务院网站所谓“美台关系”页面和“事实清单”内容，删除体现一个中国原则、不支持“台独”等重要表述，在涉台问题上立场严重倒退。这是美方蓄意推行“以台制华”、纵容支持“台独”的又一恶劣例证，向“台独”分裂势力发出严重错误信号。中方有关军事行动是捍卫国家主权、安全和领土完整的必要、合法、正当之举，是对外部势力执意纵容支持“台独”行径的坚决回应，对“台独”分裂势力倒行逆施的严正警告。,毛宁
t20250317_11577237.html,彭博社记者,据英国《金融时报》和彭博社报道，中国领导人将于本月晚些时候会见一些跨国公司首席执行官。你能否证实？对此有何评论？,目前我没有可以提供的信息。,毛宁
t20250318_11577882.html,德国电视二台记者,德国国内正探讨推动德国政府公布所有关于新冠大流行起源的信息，包括德国情报局的调查结果。该调查结果称病毒最有可能起源于武汉实验室。中方对此持何立场？,中方已多次就这一问题阐明立场。我们始终认为，新冠病毒溯源是一个科学问题，应当秉持科学精神，由科学家来作出判断。在这个问题上，中方坚决反对一切形式的政治操弄。事实上，中国—世卫组织联合专家组在实地走访武汉相关实验室并同相关科研人员进行深入交流的基础上已经得出了权威科学的结论，那就是“实验室泄漏极不可能”。这一结论得到了国际社会和科学界的广泛认可。,毛宁
t20250318_11577882.html,土耳其阿纳多卢通讯社记者,以色列今天凌晨对加沙地带发动大规模袭击，打破了停火协议。据了解，此次行动已造成至少300人死亡，其中大部分是妇女和儿童，同时平民伤亡还在增加。中方对当前加沙局势有何评论？,中方高度关注当前巴以局势，希望各方能够切实推动停火协议连续有效执行，避免采取任何可能导致局势升级的举动，防止造成更大规模的人道主义灾难。,毛宁
t20250318_11577882.html,深圳卫视记者,我们注意到，对于政府工作报告将今年中国经济增长目标设为5％左右，有媒体评论称，这一目标“雄心勃勃”，可以看出中国保持增长的决心“非常明确”。但也有一些声音认为中国实现这一目标面临不少困难。请问发言人对此有何评论？,中国今年确定5％左右的经济增长目标，是基于对国内外形势的科学判断和对高质量发展路径的坚定信心，统筹了质与量的平衡，体现了稳中求进、奋发有为的总基调。,毛宁
t20250318_11577882.html,韩联社记者,韩国政府称，2月26日，韩国海洋调查船试图调查中国在黄海韩中暂定措施水域内设置的钢结构构造物。韩国调查船接近构造物1公里时，中国海警和中方人员乘坐橡皮艇对其阻拦。中方对此持何立场？,我不了解你提到的具体情况。我可以告诉你的是，中韩两国海洋权益主张重叠，双方正在推进海域划界谈判，同时根据《中韩渔业协定》在中韩暂定措施水域内积极开展合作。针对双方存在的涉海分歧，中韩通过海洋事务对话合作机制保持着良好沟通，两国海上执法部门之间的沟通渠道也是顺畅的。当前黄海局势是稳定的。,毛宁
t20250318_11577882.html,路透社记者,两个问题。第一，美国总统特朗普称，中国领导人将在不久的将来访美。中方对此有何评论？第二，美国商务部表示禁止在政府设备上使用DeepSeek。你对此有何评论？,关于第一个问题，我没有可以发布的信息。,毛宁
t20250318_11577882.html,法新社记者,澳大利亚今天称，澳方已就针对任建峰（Kevin Yam）的通缉信向中国政府和香港特区政府表达了关切。通缉信提到其涉嫌在香港损害国家安全，并附上香港警方的电子邮件地址。外交部对此有何回应？,香港事务纯属中国内政，不容任何外部势力插手干预。澳方公然干预香港特区法治，中方表示强烈不满和坚决反对。我们敦促澳方切实尊重中国主权和香港法治，为中澳关系可持续发展创造良好的条件和氛围。,毛宁
t20250318_11577882.html,路透社记者,据报道，泰国政府官员代表团本周将访华，以了解泰国遣返回新疆的中国公民的状况。中方对此有何评论？能否证实此访？,有关访问属于中泰间正常友好交往，具体情况你可以向中方主管部门了解。我可以告诉你的是，新疆的大门向世界敞开，我们欢迎国际社会各界人士多到新疆走一走、看一看。,毛宁
t20250318_11577882.html,法新社记者,有报道称，在长江和记集团同意出售在巴拿马业务后，中国政府正就该集团出售海外港口对其开展调查。外交部能否证实并提供更多细节？,有关具体情况请向主管部门询问。作为原则，我想强调，中方一贯坚决反对利用经济胁迫、霸道霸凌侵犯损害他国正当权益的行为。,毛宁
t20250318_11577882.html,彭博社记者,美国总统特朗普决定关闭负责监管“美国之音”和自由亚洲电视台的机构，此举受到中国和柬埔寨赞扬。《环球时报》发表社论庆祝“美国之音”被关闭，称其为挑起冲突的“谎言工厂”。外交部对此有何评论？,对美国国内政策调整和中国媒体的看法，我不作评论。你提到的一些美国媒体在涉华报道方面劣迹斑斑，也不是什么秘密。,毛宁
t20250318_11577882.html,法新社记者,你能否提供更多有关王毅外长赴日本出席中日韩外长会的信息？,王毅外长将赴日本出席第11次中日韩外长会，同日方、韩方就推进中日韩合作及共同关心的地区和国际问题交换意见。在日本期间，王毅外长还将同岩屋毅外相共同主持第六次中日经济高层对话，这是落实两国领导人利马会晤共识的重要举措，双方将通过此次对话加强两国宏观政策协调，规划下一阶段双方合作的重点领域和努力方向。王毅外长还将会见日本有关政要和友好团体负责人。具体情况我们会及时发布信息，你可以保持关注。,毛宁
t20250319_11578554.html,中新社记者,近期，美方宣布扩大对古巴签证限制政策，强调古海外医疗服务涉嫌“强迫劳动”，将对负责相关事务的现任或前任古政府官员、第三国官员及其直系亲属实施签证限制。近日，加勒比共同体成员国外长在华盛顿会见美国务院拉美事务特使时对美国相关政策表示关切，日前多位加勒比国家领导人也对此提出批评。中方对此有何评论？,我注意到古巴中央医疗合作部主任拉萨表示，过去60多年来，特别是新冠疫情期间，古巴克服自身困难，向包括加勒比国家在内的全球60多个国家派出60多万名医护人员，为超过2.3亿人提供医疗服务，进行了1700多万例手术，拯救了超过1200万人的生命。古巴海外医疗服务受到加勒比国家政府和人民的欢迎。,毛宁
t20250319_11578554.html,俄新社记者,3月18日，俄罗斯总统普京同美国总统特朗普通电话，重点讨论俄美关系正常化和乌克兰局势等问题。请问中方对此有何评论？这对于解决乌克兰危机能发挥多大作用？,我们注意到有关报道，中方从一开始就主张通过对话谈判解决危机，乐见一切通往停火的努力，认为这是实现和平的必要一步。,毛宁
t20250319_11578554.html,瑞典电视台记者,有中国公司在俄罗斯占领的乌克兰领土上勘探石油和采矿，这违反国际人道法，以及《1949年日内瓦第四公约》和《联合国海洋法公约》相关规定。外交部对此怎么看？,我不了解你提到的情况。在乌克兰危机问题上，中方的立场是一贯和明确的。习近平主席提出的“四个应该”是我们处理有关问题的根本遵循。,毛宁
t20250319_11578554.html,日本共同社记者,据报道，日本首相石破茂2月份访美期间，与美国总统特朗普共同宣布，美日将“反对中国政府以武力或者胁迫手段单方面改变台海现状”。另外，日本海上自卫队舰艇也于2月初过航台湾海峡。在这种形势下，王毅外长是怀着怎样的决心访日？中日双方将如何通过对话弥合分歧？,王毅外长此次赴日本是出席第11次中日韩外长会并主持第六次中日经济高层对话。昨天我们已发布了消息，也介绍了有关情况，你可以查阅。,毛宁
t20250319_11578554.html,法新社记者,基里巴斯政府本周表示正与中国讨论深海采矿合作。外交部能否证实并提供合作意向细节？,中方一贯依据国际法、秉持互利共赢原则同相关国家在深海领域开展务实合作。中国同基里巴斯各领域合作是在相互尊重、平等协商、开放包容的基础上开展的。,毛宁
t20250319_11578554.html,路透社记者,泰国政府表示，泰国代表团已抵达新疆，将会见上月从泰国遣返的维吾尔族人。你能否证实代表团已经抵疆？这些维吾尔族人目前身处何处？将如何恢复正常生活？,具体问题建议向主管部门了解。关于此次遣返，中方此前已多次介绍有关情况，这是中泰之间正常的执法合作，符合两国法律、国际法和国际惯例，相关人员的合法权利得到充分保障。,毛宁
t20250319_11578554.html,日本共同社记者,今年是中国人民抗日战争胜利80周年。日方有分析称，在9月3日纪念日后，中国政府对日本的外交态度将会更加严厉。你对此怎么看？,今年是中国人民抗日战争暨世界反法西斯战争胜利80周年。只有本着对历史负责任的态度，恪守正视和反省侵略历史的表态和承诺，坚持走和平发展道路，日方才能取信亚洲邻国和国际社会。希望日方同中方相向而行，本着“正视历史、开辟未来”的精神，推动中日关系健康稳定向前发展。,毛宁
t20250320_11579340.html,总台央视记者,据报道，经合组织（OECD）最新发布的中期经济展望报告下调了全球增长预期，认为一些国家近期采取的贸易壁垒措施将影响世界经济增速，导致通胀上升。请问发言人对此有何评论？,我注意到有关报告。关税等贸易壁垒不符合任何一方利益，也不利于全球经济繁荣稳定。经贸分歧应当通过对话协商解决，而不是让全球经济承担代价。对中国来说，无论外部环境如何变化，我们将坚持对外开放，坚定支持自由贸易原则和多边贸易体制，推进普惠包容的经济全球化，与各国共同发展、互利共赢。,毛宁
t20250320_11579340.html,法新社记者,加拿大今天谴责中国以毒品犯罪为由对加拿大公民执行死刑。加方表示，尽管加政府提出抗议，中方仍执行了死刑。外交部能否提供更多案件细节？中方对加方的批评有何回应？,打击毒品犯罪是各国共同的责任。中国是法治国家，对不同国籍被告人一视同仁，严格依法公正处理，依法保障当事人合法权利和加方领事权利。加方应当尊重法治精神，停止干涉中国司法主权。,毛宁
t20250320_11579340.html,中新社记者,据报道，19日，美国会众院“中国特设委”主席莫伦纳致函6所美高校校长，要求其于4月1日前提供该校中国留学生详细信息等，称中国在美顶尖机构安插研究人员，使其可直接接触两用敏感技术。如不应对，相关趋势将持续挤压美人才，破坏美研究诚信，以损害美为代价助长中方技术雄心。请问中方对此有何评论？,中国在美留学生人数占美外国留学生总数约四分之一。教育合作既拓展了两国学生的交流渠道，增进两国人民之间的了解，也有利于促进美国经济繁荣和科技发展，符合双方利益。,毛宁
t20250320_11579340.html,日本广播协会记者,据了解，今天王毅外长将到访日本，与日方进行一系列对话。中方对此有何期待？,此前我介绍了王毅外长赴日本出席第11次中日韩外长会并主持第六次中日经济高层对话的有关考虑。具体情况我们会及时发布消息，你可以保持关注。,毛宁
t20250320_11579340.html,路透社记者,对于泰国代表团昨天开始访问新疆，你能否提供更多信息？外交部能否介绍代表团访疆行程安排以及他们在新疆做了什么？泰国政府称，访疆代表团只会与最近被泰方遣返40名维吾尔族人中的5人见面。外交部对此有何回应？可否介绍原因？,建议你向中方主管部门了解。,毛宁
t20250320_11579340.html,彭博社记者,中国驻澳大利亚大使肖千近日在接受澳媒采访时表示，最近一架澳军机侵入中国西沙群岛领空6.2公里。你能否证实，肖大使指的是2月11日澳军机进入西沙群岛的情况？另外，中方在塔斯曼海实弹演训是否是对澳方此举的回应？,关于澳大利亚军机侵闯中国西沙群岛领空，危害中国国家安全，中方已作出回应。,毛宁
t20250320_11579340.html,路透社记者,本周末有多少外国公司首席执行官将参加中国发展高层论坛？与去年相比，美国公司首席执行官出席人数是否有所减少？,关于中国发展高层论坛的情况，建议向主管部门了解。我可以告诉你的是，中方始终欢迎各国工商界投资中国，拓展中国市场，共享中国发展红利。,毛宁
t20250320_11579340.html,《纽约时报》记者,中方为何选择现在对加拿大公民执行死刑？,中国是法治国家，严格依法处理有关案件。,毛宁
t20250320_11579340.html,《纽约时报》记者,你预计中方是否会“处决”更多在华外国人？在刑事案件中中国对外国人执行死刑的政策是否会有变化？,中国是法治国家，对不同国籍的被告人一视同仁，严格依法公正处理。,毛宁
t20250321_11579804.html,总台央视记者,中方刚刚发布了葡萄牙国务部长兼外长兰热尔访华消息。中方如何看待当前中葡关系？对此访有何期待？,中国同葡萄牙友谊源远流长，友好合作始终是两国关系主旋律。近年来，在两国元首战略引领和双方共同努力下，中葡政治互信持续稳固，各领域务实合作取得积极成果，双方企业互利合作树立了开放共赢的榜样。,毛宁
t20250321_11579804.html,《纽约时报》记者,你是否认为美国参议员戴安斯访华将为中美领导人会面奠定基础？,中方欢迎戴安斯参议员访华，也欢迎包括国会议员在内的美国各界人士访华。中方一贯认为，中美关系保持稳定、健康、可持续发展，符合两国人民共同利益和国际社会普遍期待。,毛宁
t20250321_11579804.html,韩国新一社记者,韩国计划于第三季度对中国团体游客免签。中方对此如何评价？有什么期待？,中韩是近邻，加强人文交流符合双方利益。,毛宁
t20250321_11579804.html,法新社记者,我们知道戴安斯参议员是特朗普总统的坚定支持者。他此次访华是否将与中国领导人或其他高级官员会面？,目前我没有可以提供的信息。,毛宁
t20250321_11579804.html,路透社记者,追问一个戴安斯参议员访华的问题。中方对他此次访华有何期待？,我们欢迎戴安斯参议员访华。中美关系保持稳定、健康、可持续发展，符合两国人民共同利益和国际社会普遍期待。,毛宁
t20250321_11579804.html,彭博社记者,王毅外长今天赴日本主持中日经济高层对话并出席中日韩外长会。中方对此有何期待？,王毅外长今天启程赴日本出席第11次中日韩外长会并同日方共同主持第六次中日经济高层对话。,毛宁
t20250321_11579804.html,《北京青年报》记者,据报道，近日北京首趟中亚班列正式开通，满载出口货物的国际货运班列从北京启程，驶往乌兹别克斯坦首都塔什干。这为中国同周边国家互联互通再添成果。发言人对此有何评论？,近段时间，中国同周边国家互联互通取得不少新进展。中亚班列开通新线路，中吉乌铁路启动，陆海新通道班列年度开行破万列。我们已同周边25个国家签署共建“一带一路”合作协议，是18个国家的最大贸易伙伴。中国已经成为亚洲稳定的重心，经济发展的引擎，区域安全的支撑。,毛宁
t20250321_11579804.html,彭博社记者,美国财政部长昨天宣布对中国山东省一家炼油厂和广东省一家石油码头公司实施制裁，理由是这些公司购买伊朗石油。外交部对此有何评论？,中方一贯反对滥施非法单边制裁和“长臂管辖”。美国应停止干扰破坏中伊正常商贸合作。中方将采取一切必要措施，坚决维护中国企业的合法权益。,毛宁
t20250321_11579804.html,共同社记者,据报道，台湾“行政院”聘请日本前自卫队统合幕僚长岩崎茂担任顾问一职。中方对此有何评论？,台湾是中国领土不可分割的一部分，台湾问题纯属中国内政，不容任何外来干涉。一个中国原则是中日关系的政治基础。今年是中国人民抗日战争暨世界反法西斯战争胜利80周年。日本在台湾问题上对中国人民负有历史罪责，尤应谨言慎行，以实际行动兑现坚持一个中国原则的承诺。中方已向日方提出交涉。民进党当局勾连外部势力谋“独”挑衅不会得逞。,毛宁
t20250321_11579804.html,彭博社记者,据俄罗斯媒体报道，王毅外长将于四月初访俄，为中国领导人访俄做准备。你能否证实并提供更多信息？,我没有可以提供的信息。,毛宁
t20250321_11579804.html,《纽约时报》记者,美国参议员戴安斯曾表示，他希望在访华期间讨论芬太尼和美中贸易平衡问题。中方是否计划同他讨论这两个议题？,中方始终认为，中美双方应在平等和相互尊重的基础上，通过对话协商解决各自关切。,毛宁
t20250321_11579804.html,《纽约时报》记者,据美国媒体报道，马斯克原计划听取美国军方关于与中国发生冲突应急计划的报告，但特朗普总统表示不会举行此类报告会。中方对此有何回应？,我不了解你说的情况。,毛宁
t20250324_11580936.html,中新社记者,近日，王毅外长赴日本出席中日韩外长会并举行中日经济高层对话，请问发言人能否介绍更多情况？,中方已经发布了有关消息，你可以查阅。在日本期间，王毅外长出席了第11次中日韩外长会，时隔6年举行中日经济高层对话，并同日本首相石破茂等举行会见，期间还会见了韩国外长赵兑烈。访问取得了成功。,郭嘉昆
t20250324_11580936.html,法新社记者,国务院总理李强周日会见美国联邦参议员戴安斯时表示，中美双方应该选择对话而不是对抗。发言人能否介绍此次会见后中美双方将开展哪些对话？,关于会见的情况，中方已经发布了消息稿，请你查阅。中方始终认为，中美关系保持稳定、健康、可持续发展，符合两国人民共同利益和国际社会普遍期待。,郭嘉昆
t20250324_11580936.html,《环球时报》记者,王毅外长赴日本出席中日韩外长会并举行中日经济高层对话期间同石破茂首相、岩屋毅外相等日本多名政要会见。根据中方发布的消息，王毅外长在会见中阐述了中方在历史问题上的立场关切，强调日方应正确认识和对待历史。发言人能否进一步介绍中方在该问题上的原则立场？,正如王毅外长所说，历史问题事关中日关系政治基础，事关战争受害国人民感情。正确认识和对待历史，是日本战后重返国际社会的重要前提，是日本同周边国家发展关系的政治基础，更是检验日本能否恪守和平发展承诺的重要标准。今年是中国人民抗日战争暨世界反法西斯战争胜利80周年。前事不忘，后事之师。铭记过去那段历史不是为了延续仇恨，而是为了珍惜当前来之不易的和平，更好开辟未来。,郭嘉昆
t20250324_11580936.html,波兰通讯社记者,据德国《星期日世界报》报道，中国外交部在布鲁塞尔探讨了中方参加乌克兰维和部队的可行性。外交部能否证实？中国是否正考虑派遣维和部队到乌克兰？作出这一决定的前提条件是什么？,有关报道完全不属实。中方在乌克兰危机上的立场是一贯的，明确的。,郭嘉昆
t20250324_11580936.html,《中国日报》记者,我们注意到，近日，乌克兰危机“和平之友”小组在纽约再次举行会议，会后发表了成果文件。发言人能否介绍有关情况？,近日，乌克兰危机“和平之友”小组在纽约举行会议，讨论了乌克兰危机最新形势以及实现持久和平的前景。会后发表了成果文件，强调此次会议非常成功，重申通过政治谈判和外交手段解决冲突。小组成员指出，乌克兰危机可能迎来转折点，欢迎推动和平谈判的最新动向，敦促所有利益攸关方建设性参与，找到公正、持久、解决所有当事方关切的方案，达成所有当事方都能接受的和平协议。小组将继续致力于与各方保持密切沟通，使全球南方的声音受到更多重视，共同推动乌克兰危机和平解决，为所有人创造更加美好的未来。,郭嘉昆
t20250324_11580936.html,总台央视记者,据报道，美国联邦参议员戴安斯23日接受彭博社采访时表示，希望在珀杜出任美国驻华大使后，在今年晚些时候安排两党参议员代表团访华。中方对此有何回应？,中方欢迎更多美国国会议员及各界人士来中国走一走、看一看，增进对中国的客观了解，为推动中美关系稳定、健康、可持续发展发挥建设性作用。,郭嘉昆
t20250324_11580936.html,深圳卫视记者,发言人能否介绍巴罗外长来华安排和中方对此访的期待？,去年中法两国共同庆祝建交60周年。习近平主席对法国成功进行国事访问，引领两国关系迈上新征程，在国际上产生广泛、积极影响。此次访问是巴罗外长就任后首次访华。访问期间，王毅外长将同巴罗外长举行会谈，就落实元首共识、推进中法、中欧关系发展等双方共同关心的议题交换意见。,郭嘉昆
t20250324_11580936.html,香港中评社记者,根据中国外交部发布的消息，王毅外长赴日本期间同多名日本政要谈及台湾问题，强调中日四个政治文件对台湾问题作出明确规定，必须严格履行，不容模糊倒退。你能否进一步介绍中方的立场？,台湾是中国领土不可分割的一部分。台湾问题是中国核心利益中的核心，事关中日关系政治基础和两国间基本信义。,郭嘉昆
t20250324_11580936.html,法新社记者,三年前，中国东方航空MU5735航班在广西坠毁，机上132名人员遇难。中国民航局在失事一周年和两周年时发布了调查进展的情况通报。发言人能否提供关于调查进展的任何信息？,具体问题建议你向中方主管部门询问。,郭嘉昆
t20250324_11580936.html,香港无线电视记者,据报道，知情人士透露，菲律宾前总统杜特尔特在被国际刑事法院逮捕前曾向中方提出庇护请求，但据称遭到中方拒绝。菲国家警察刑事调查和侦查组倾向于在香港逮捕杜特尔特，但香港警方拒绝与国际刑警组织合作，因为中国不是《国际刑事法院罗马规约》的缔约国或成员国。中方对此有何评论？能否证实杜特尔特曾向中方提出庇护请求？如属实，为何拒绝？,关于杜特尔特先生赴香港事，外交部驻港公署已经作出回应，菲律宾方面相关人士也有表态。我愿特别指出，杜特尔特先生赴香港系私人度假行程。中方从未收到所谓杜特尔特前总统及其家人向中国政府寻求庇护的申请。对于某些无中生有或别有用心的所谓“知情人士透露”，希望媒体朋友们认真甄别，切勿轻信。,郭嘉昆
t20250325_11581728.html,湖北广电记者,中国发展高层论坛2025年年会在北京举行，今年论坛主题为“全面释放发展动能，共促全球经济稳定增长”，吸引多国政要及众多跨国公司负责人来华参会。请问发言人有何评论？,3月23日至24日，中国发展高层论坛2025年年会在北京举行。国务院总理李强出席开幕式并发表主旨演讲。李强总理在主旨演讲中鼓励各方从“春节经济”来看中国的发展活力，从全国两会来读中国的经济政策，从国际变局来思考世界发展进步的人间正道，释放了中国推动经济持续向好发展的信心和决心，也表明中国将努力做全球和平发展事业的稳定性、确定性力量。,郭嘉昆
t20250325_11581728.html,法新社记者,中国对加拿大部分农产品和渔业产品加征额外关税，加方已就此诉诸世界贸易组织争端解决机制。外交部对此有何 评论？,具体问题请向中方主管部门询问。我要指出的是，加拿大方面不顾中方多次规劝，执意对部分中国进口产品采取歧视性限制措施，严重违反世贸组织规则，干扰正常贸易秩序，严重损害中方合法权益，中方采取必要措施予以反制完全正当，合理合法。我们敦促加方采取切实行动，纠正错误做法，为两国企业开展正常贸易和合作提供公平、非歧视、可预期的环境。,郭嘉昆
t20250325_11581728.html,路透社记者,美国总统特朗普周一签署行政令，宣布将对自委内瑞拉购买石油和天然气的国家征收25％的关税。作为委内瑞拉石油的最大 买家，中方是否会因此停止自委购买石油？,美国长期滥用非法单边制裁和所谓“长臂管辖”，粗暴干涉其他国家内政，中方对此坚决反对。我们呼吁美方停止干涉委内瑞拉内政，取消对委内瑞拉非法单边制裁，多做有利于委内瑞拉和其他国家和平、稳定和发展的事。贸易战、关税战没有赢家，加征关税只会让美国企业和消费者承受更大损失。,郭嘉昆
t20250325_11581728.html,《北京日报》记者,我们注意到，联合国副秘书长莱德在中方主办的一场研讨会上，强调了中国对支持多边主义和联合国的重要性。发 言人能否介绍有关情况？,3月24日，外交部在北京举办“加强联合国作用，弘扬多边主义”国际研讨会。中共中央政治局委员、外交部长王毅发表书面致辞。,郭嘉昆
t20250325_11581728.html,路透社记者,美思明智公司今 日透露，该公司被拘留的中国籍员工已获释。中方是否进行了调查，对此案有何定论？,你提到的具体问题，建议向中方主管部门询问。,郭嘉昆
t20250325_11581728.html,中新社记者,据报道，菲律宾驻美国大使罗慕尔德兹称，美防长赫格塞思拟于3月28日至29日访菲，期间将会见菲总统、防长。此访表明菲美同盟关系十分稳固，菲在美防御战略中发挥着作用，菲方希望由此从美、日、澳等盟友中获利，提升菲军事装备现代化水平，一旦“印太”地区发生冲突，可为此预作准备。中方对此有何回应？,关于菲律宾与美国的军事合作，中方已多次阐明立场。菲律宾同其他国家开展的任何防务安全合作，都不应针对第三方或损害第三方利益，更不能威胁地区和平、加剧地区紧张。事实一再证明，引狼入室只会引火烧身，甘当“棋子”只会沦为“弃子”。我们也奉劝菲方有关人士，不要充当他国代言人，不要再继续搞基于个人政治目的的作秀表演。,郭嘉昆
t20250325_11581728.html,《环球时报》记者,据报道，中国网络安全产业联盟今天发布《美情报机构针对全球移动智能终端实施的监听窃密活动》报告，披露了美国 针对全球移动智能终端、移动产供链、运营商等开展网络攻击和监听窃密活动。中方对此有何评论？,中方注意到有关报告。根据这份报告，美国政府滥用其在信息技术和产供链上游的垄断优势地位，在全球范围内针对手机乃至整个移动产业生态体系开展大规模、长时间恶意网络活动，可谓无孔不入、无所不在。,郭嘉昆
t20250325_11581728.html,路透社记者,加拿大安全情报局周一称，中国 、印度可能试图干预加4月28日大选。中国“极有可能”使用人工智能工具干预加大选。 中方将采取什么措施来解决加方的担忧？,中方一贯坚持不干涉别国内政的原则，从未也没有兴趣干涉加拿大内政。,郭嘉昆
t20250325_11581728.html,路透社记者,孟加拉国临时政府首席顾问尤努斯 将于本周三访华，中方对此访有何期待？,博鳌亚洲论坛昨天发布了尤努斯首席顾问即将出席论坛年会的消息。中方欢迎尤努斯首席顾问来华出席博鳌亚洲论坛年会。我想强调的是，中孟是传统友好近邻和全面战略合作伙伴。今年是中孟建交50周年。中方愿同孟方加强交往合作，共同推动两国关系不断向前发展。,郭嘉昆
t20250326_11582373.html,深圳卫视记者,博鳌亚洲论坛2025年年会已经开幕。我们关注到论坛发布了《亚洲经济前景及一体化进程2025年度报告》，报告显示2025年亚洲经济增速预计将增至4.5％，按购买力平价测算的经济总量占世界的比重将增至48.6％。论坛秘书长表示，世界有理由对亚洲的未来充满希望。发言人如何评价亚洲发展前景和中国在其中发挥的作用？,我们注意到这份报告。亚洲是世界上人口最多、经济最具活力的地区，亚洲经济体持续展现出强大韧性，在经济增长、货物与服务贸易、区域经济一体化等方面走在世界前列，已经成为全球增长的重要“动力源”和“稳定器”。,郭嘉昆
t20250326_11582373.html,路透社记者,美国商务部已将数十家中国实体列入出口管制清单。外交部对此有何回应？中方会采取反制措施吗？,美方滥用“实体清单”等出口管制工具，以危害美国国家安全、违反美国外交政策为借口，滥施非法单边制裁，是典型的霸权主义行径，严重违反国际法和国际关系基本准则，严重损害企业合法权益，破坏全球产供链安全稳定，中方对此坚决反对，予以强烈谴责。,郭嘉昆
t20250326_11582373.html,澎湃新闻记者,据报道，韩国中央灾难安全对策本部表示，截至26日13时，韩国庆尚道地区森林火灾已造成20人遇难，19人受伤。森林、房屋、寺庙等受损。中方对此有何评论？,近期韩国部分地区发生山火造成人员伤亡和财产损失。中方对遇难者表示哀悼，向遇难者家属和受伤人员表示慰问。,郭嘉昆
t20250326_11582373.html,总台央视记者,今天是《禁止生物武器公约》生效50周年纪念日。中方如何看待公约的作用和前景？对加强公约有什么主张？,《禁止生物武器公约》确立了消除生物武器威胁、降低生物安全风险、促进生物科技和平利用等国际法义务，对全人类维护和平安全、促进发展繁荣的共同事业发挥了重要作用。,郭嘉昆
t20250326_11582373.html,法新社记者,大陆网红刘振亚因宣传“武统台湾”被废止居留许可，于昨日离台。外交部对此有何评论？,我没有关注到相关报道。我想强调的是，台湾是中国领土不可分割的一部分。,郭嘉昆
t20250326_11582373.html,共同社记者,关于日本水产品输华问题，据报道，近期会发布第二次福岛核电站“处理水”取样结果。如果这次结果没有问题，中方会否解除日本水产品进口限制？,在王毅外长和日本外相岩屋毅共同主持召开的第六次中日经济高层对话上，日方重申接受对排海长期国际监测和中方独立取样监测的承诺，双方确认持续开展上述监测活动，在结果没有异常前提下，就日本水产品输华问题开展相关磋商。,郭嘉昆
t20250326_11582373.html,路透社记者,美国情报界昨天发布报告称，中国仍是美最大军事和网络威胁。中国在“夺取台湾”的能力方面取得“稳步但不均衡”的进展。外交部有何评论？,美方年复一年发表这类不负责任、充满偏见的报告，散布“中国威胁”论、鼓噪大国竞争，不过是为了遏制打压中国、维护自身霸权找借口。,郭嘉昆
t20250326_11582373.html,中新社记者,昨天，王毅外长同葡萄牙国务部长兼外长兰热尔举行中葡第二次外长级战略对话，回顾了以和平方式妥善解决澳门问题的历史，表示双方要继续发挥好澳门的桥梁作用，推动两国关系取得更大发展。发言人如何评价澳门在中葡关系中发挥的作用？,中国和葡萄牙妥善解决澳门问题，树立了国与国通过友好协商解决历史遗留问题的典范。回归后，澳门特区作为世界上唯一以中文和葡语为官方语言的地区，在促进中国同葡语国家经贸合作中发挥着重要平台作用，同包括葡萄牙在内的葡语国家交往日益频繁深入。我们相信，在中央政府和祖国内地大力支持下，澳门特区将充分发挥“一国两制”制度优势，强化内外联通，切实发挥作为中国与葡语国家“精准联系人”的作用，推动中国同葡语国家在经贸、金融、旅游、高科技等领域合作取得更多成果。,郭嘉昆
t20250327_11583267.html,总台央视记者,中共中央政治局常委、国务院副总理丁薛祥在今天上午举行的博鳌亚洲论坛2025年年会开幕式上发表主旨演讲，指出中国将加快推进高水平科技自立自强，推动科技创新和产业创新融合发展。我们也注意到，近年来中国聚焦科技创新培育新质生产力，一系列前沿科技成果不断涌现。发言人如何评价中国科技发展和开展国际合作的情况？,今天上午，丁薛祥副总理在博鳌亚洲论坛2025年年会开幕式主旨演讲中指出，中国坚定实施创新驱动发展战略，科技创新能力明显提升，新旧动能接续转换成效凸显，对克服经济困难发挥了重要作用，更展现了中长期发展的前景和潜力。相信大家也注意到，从数字网络到人工智能，从上天入海到衣食住行，这些年中国科技进步成果丰硕，中国民众真实感受到“科技让生活更美好”。,郭嘉昆
t20250327_11583267.html,法新社记者,中国政府再次批评长江和记公司出售巴拿马港口运营权。两家负责涉港事务的部门最近转文将此交易比作“自毁基石”。外交部对此有何评论？,有关具体情况建议你向中方主管部门询问。作为原则，我想强调，中方一贯坚决反对利用经济胁迫、霸道霸凌侵犯损害他国正当权益的行为。,郭嘉昆
t20250327_11583267.html,总台华语中心记者,当前全球安全形势复杂动荡，国际社会普遍期待中国为促进世界和平稳定发挥更大作用。昨天下午，博鳌亚洲论坛2025年年会围绕全球治理举办高端对话活动，中国外交部副部长陈晓东出席并就携手落实全球安全倡议、共同守护世界和平安全发表主旨演讲。发言人能否进一步介绍有关情况？,3月26日下午，博鳌亚洲论坛2025年年会举办“联合国未来峰会之后的全球治理”高端对话，陈晓东副部长应邀出席并发表主旨演讲。,郭嘉昆
t20250327_11583267.html,俄新社记者,美国总统特朗普称，美将对所有进口汽车加征25％的关税。此举将如何影响中美贸易合作？,我们注意到美国的主要贸易伙伴已纷纷作出回应。贸易战、关税战没有赢家，没有哪个国家的发展繁荣是靠加征关税实现的。美方做法违反世贸组织规则，损害以规则为基础的多边贸易体制和各国人民共同利益，也无益于解决自身问题。,郭嘉昆
t20250327_11583267.html,《中国日报》记者,美国国务卿鲁比奥最近在拉美声称，中方投资是“掠夺性行为”，给当地带来无法偿还的“巨额债务”。中方对此有何回应？,美方恶意散布虚假信息，目的是挑拨中国同其他国家关系，不会得逞。,郭嘉昆
t20250327_11583267.html,路透社记者,特朗普总统昨日称，愿考虑给予中国关税减免，以达成一项与TikTok相关的协议。外交部对此有何评论？,关于TikTok问题，中方已多次阐明立场。中方反对加征关税的立场也是一贯的、明确的。,郭嘉昆
t20250327_11583267.html,路透社记者,外交部能否证实欧盟贸易专员明天将访华？,这个问题建议你向中方主管部门询问。,郭嘉昆
t20250328_11583947.html,《北京青年报》记者,法国欧洲和外交部长巴罗应邀于3月27至28日访华。发言人能否进一步介绍访问情况？此次访问期间双方达成了哪些重要共识和具体成果？,中法都是联合国安理会常任理事国和具有独立自主精神的大国。近年来，在两国元首战略引领下，中法关系保持积极稳健的发展势头。当前，面对国际形势变乱交织，中法保持密切沟通合作，不仅符合两国利益，也有利于中欧关系的健康发展和世界的和平与稳定。,郭嘉昆
t20250328_11583947.html,法新社记者,美国国防部长赫格塞思今天在菲律宾表示，美菲必须肩并肩面对中国带来的威胁。外交部对此有何评论？,美菲间任何合作都不应针对第三方或损害第三方利益，更不应渲染所谓威胁，挑动对抗，加剧地区紧张。,郭嘉昆
t20250328_11583947.html,香港中评社记者,3月27日，英国政府再次发布所谓“香港问题半年报告”，中方对此有何评论？,中方坚决反对英方炮制所谓“半年报告”干涉中国内政、抹黑香港特区人权法治。事实是香港特区已从由乱到治走向由治及兴，香港特区的安全、民主、民众自由权利得到更有效保障，发展前景更加光明，向全世界展现了更安全、更自由、更开放、更可预期的营商环境，在港注册的非本地公司总数创历史新高。一些人应早日走出殖民思维的窠臼，尊重中国主权，尊重香港特区法治，停止就香港特区司法案件审理说三道四，停止包庇纵容乱港分子。,郭嘉昆
t20250328_11583947.html,路透社记者,外交部能否介绍曼德勒地震后，在缅甸、泰国、孟加拉国的中国公民及企业的最新安全状况？,中方注意到有关地震的报道，相关情况我们正在跟进了解，会及时发布。,郭嘉昆
t20250328_11583947.html,新华社记者,中方刚刚发布了王毅外长将对俄罗斯进行正式访问的消息，能否介绍此次访问目的和议题？,中俄是新时代全面战略协作伙伴。近年来，在两国元首战略引领下，中俄双方秉持永久睦邻友好、全面战略协作、互利合作共赢精神，不断深化“背靠背”战略协作，拓展各领域务实合作，为促进两国各自发展振兴和维护国际关系基本准则作出重要贡献。,郭嘉昆
t20250328_11583947.html,英国广播公司记者,还是关于美国防长访菲。美防长提及中国威胁时，使用了“共产主义中国”这一表述。发言人认为他的措辞合适吗？,中国共产党的领导是历史的选择，人民的选择，是中国宪法的明文规定，受到中国人民的衷心拥护，是任何力量也撼动不了的。,郭嘉昆
t20250328_11583947.html,俄新社记者,俄罗斯总统普京早些时候表示，可与美国、欧洲国家及俄罗斯的伙伴讨论在联合国框架下，对乌克兰实施外部临时管理的可能性。中方对此有何评论？,中方在乌克兰危机问题上的立场是一贯的、明确的。,郭嘉昆
t20250328_11583947.html,法新社记者,韩国政府消息人士周五透露，中、日、韩经贸部长将于本周末在韩国讨论三国经贸合作。外交部能否证实？,具体问题请向中方主管部门询问。中方支持中日韩加强三方合作。,郭嘉昆
t20250328_11583947.html,《环球时报》记者,我们注意到，日前国家互联网信息办公室等部门联合发布《人工智能生成合成内容标识办法》，发言人能否进一步介绍有关情况及中方在人工智能治理问题上的立场？,具体情况，请向中方主管部门了解。我想强调的是，中方提出并遵循《全球人工智能治理倡议》，积极支持各国共同促进人工智能治理。我们秉持以人为本、智能向善的宗旨，坚持发展和安全并重，平衡推进应用和治理，确保人工智能技术安全、可靠、可控、公平。我们坚持风险导向、敏捷治理，逐步建立健全法律法规，积极推动人工智能健康发展和规范应用。我们将继续同各方积极开展对话合作、分享最佳操作实践，推动人工智能全球治理形成更加广泛的共识。,郭嘉昆
t20250331_11585142.html,总台央视记者,我们注意到，缅甸地震发生后，中方第一时间向缅方表达了慰问并提供了救灾援助。发言人能否介绍更多情况？,中方高度关注缅甸地震灾情。习近平主席向缅甸领导人敏昂莱致慰问电，对遇难者表示深切哀悼，向遇难者家属、受伤人员和灾区民众致以诚挚慰问。,郭嘉昆
t20250331_11585142.html,路透社记者,外交部能否介绍有多少中国公民和企业受缅甸地震影响？目前伤亡人数是多少？,目前，缅甸强震已致1名中国公民遇难，15人受伤。中国驻缅甸使领馆正在协助遇难者家属处理善后。中国驻当地使领馆将继续为在地震中受伤和受灾情影响的中国公民全力提供协助。,郭嘉昆
t20250331_11585142.html,《中国日报》记者,我们注意到，习近平主席上周会见了国际工商界代表，引发外界高度关注和热议。外资企业负责人接连参加中国发展高层论坛、博鳌亚洲论坛等活动，同中方各界人士进行深度对话。有观点认为中方正在对外资展开“魅力攻势”，将为世界经济带来更多“暖意”。中方对此有何评论？,外资企业与中国发展相互成就，更将共赢未来。中国坚持深化改革和高水平对外开放，市场空间广阔，政策预期稳定，发展环境完善，是国际企业投资兴业的沃土。今年前两个月，中国经济回升向好态势明显，全球第二大消费市场潜力持续释放，新质生产力加速培育。从稳外资20条落地到今年《政府工作报告》提出加大政策力度，中国一直在降低“进”的门槛、对接“高”的标准、提升“促”的水平、营造“优”的环境上持续发力，与世界分享超大规模市场增长机遇。目前外商在华投资覆盖20个行业门类、115个行业大类，累计设立企业124万家，投资额近3万亿美元。,郭嘉昆
t20250331_11585142.html,路透社记者,美国国防部长赫格塞思周日称，“武士之国”日本在“应对中国‘侵略’中不可或缺”。外交部对此有何评论？,中方一贯主张，美日军事安全合作不得针对第三国，不得危害地区和平发展。美方以所谓“中国威胁”为借口挑动意识形态对立，鼓动分裂对抗，甚至煽动个别国家充当美国维护霸权的“炮灰”，地区国家对此应提高警惕，严加防范。今年是中国人民抗日战争暨世界反法西斯战争胜利80周年。日方尤其应当汲取历史教训，在军事安全领域审慎行事。,郭嘉昆
t20250331_11585142.html,法新社记者,加纳军方表示，上周末三名中国公民在所乘船只疑似被海盗袭击后，在加纳海岸失踪。中方是否就此事同加方沟通？外交部能否提供关于三名中国船员下落的最新情况？,获悉事件后，中国驻加纳使馆立即启动应急机制，与加方保持着密切沟通。目前船员均安全。中方将继续与加方共同努力，切实维护在加中国公民和机构安全。,郭嘉昆
t20250331_11585142.html,《澳人报》记者,一艘中国科考船目前出现在澳大利亚南海岸附近水域，在澳引发争议。一些澳国防分析人士认为，该科考船可为军民两用船只，例如可以向中国海军提供信息等。澳总理今天应询称，澳政府正在监视该船只，该船只没有违反国际法，但他更希望其不出现在澳水域。发言人对澳方回应有何评论？,关于你提到的具体问题，建议向中方主管部门询问。作为原则，我想强调，中方一贯按照包括《联合国海洋法公约》在内的国际法在相关的海域从事正常的海上活动。希望澳方正确看待，不要疑神疑鬼，妄加揣测。,郭嘉昆
t20250331_11585142.html,深圳卫视记者,据报道，中国国家市场监督管理总局表示将审查长江和记拟向贝莱德财团出售有关港口资产事，发言人对此有何回应？,我们注意到有关报道。国家市场监督管理总局就此表示，注意到此交易，将依法进行审查，保护市场公平竞争，维护社会公共利益。,郭嘉昆
t20250331_11585142.html,《澳人报》记者,追问关于澳大利亚海岸附近中国船只的问题。该船只之所以受关注，是因为澳选举即将开始。中方派遣科考船或海军船只是否考虑澳选举的因素？澳选举将于5月3日举行，在此之前中方会否向澳周围派遣更多船只？,我刚才已经回答了你的问题。我想再次强调，中方一贯按照包括《联合国海洋法公约》在内的国际法，在相关海域从事正常的海上活动。同时，中方一贯奉行不干涉别国内政的原则。,郭嘉昆
t20250331_11585142.html,路透社记者,发言人能否证实中国领导人将于4月中旬访问东南亚三国？,我目前没有可以提供的信息。,郭嘉昆
t20250331_11585142.html,路透社记者,美国总统特朗普昨天称，可能会考虑对任何购买俄罗斯石油的国家征收次级关税。中国是俄石油的主要购买国。外交部对相关言论有何评论？,中方在乌克兰危机问题上的立场是一贯、明确的。我们始终认为对话谈判是解决乌克兰危机的唯一可行出路。中俄的合作既不针对第三方，也不受第三方因素的影响。,郭嘉昆
t20250331_11585142.html,《澳人报》记者,北京大学一位经济学教授的一项新研究显示，去年世界贸易组织的所有案件中，几乎一半是针对中国的。其中相当多的案件由欧洲国家和日本等发达国家发起，但也有很多案件由印度、土耳其、巴基斯坦、巴西等发展中国家发起，此类案件数量已达历史最高。有人认为，这是中国巨额出口对世界其他经济体带来压力的证据。因此，贸易问题不仅存在于中美之间，也存在于中国同世界其他国家之间。发言人对此有何回应？,世贸组织是以规则为基础的国际组织。中方愿同各方一道维护以世贸组织为核心的多边贸易体制，推动构建开放型的世界经济。我还想强调，全球贸易格局的形成也需要市场充分竞争。我们一贯支持相关贸易争议通过世贸组织争端解决机制，根据世贸规则推动解决。,郭嘉昆
t20250401_11585853.html,总台央视记者,3月31日，美国国务卿鲁比奥在国务院网站发布声明称，中国拒绝美国外交官、记者等进入藏区，根据“对等进入西藏法”，对参与制定或执行限制外国人进入藏区政策的中方官员实施签证限制。中方对此有何评论？,美方行径粗暴干涉西藏事务和中国内政，严重违反国际法和国际关系基本准则，中方对此强烈不满，坚决反对。我要强调，西藏是开放的西藏，从未作出限制外国人进藏的规定。西藏每年接待大量外国游客和各界人士，2024年全年共接待外国游客32万人次。考虑到西藏特殊的地理和气候条件等因素，中国政府依法依规对外国人入藏采取一定管理和保护措施，完全必要。中方欢迎外国人士到中国西藏地区访问、旅游、经商，但必须遵守中国法律和相关规定。我们反对无端抹黑西藏的人权、宗教、文化事业发展现状，反对外国官员以入藏履行职责为名，行干扰破坏之实。,郭嘉昆
t20250401_11585853.html,香港无线电视记者,美国国务院发布“2025年香港政策法”报告，宣布对6名中方官员实施制裁。中方对此有何评论？,美方再度发布充斥谎言谬论的所谓“报告”，抹黑“一国两制”，攻击香港国安法和香港国安条例，诋毁香港民主、法治、自由、人权状况，干预香港国安案件审理，污蔑香港国安法律域外适用，对中国中央政府驻港机构和香港特区政府官员滥施非法单边制裁。这种卑劣行径严重干涉香港事务和中国内政，粗暴践踏国际法原则和国际关系基本准则，充分暴露美方破坏香港繁荣稳定、遏制中国发展的险恶用心。中方强烈不满、坚决反对，予以强烈谴责。,郭嘉昆
t20250401_11585853.html,总台华语环球节目中心记者,3月31日，吉尔吉斯斯坦、塔吉克斯坦、乌兹别克斯坦三国总统签署三国国界交汇点条约，彻底解决三国国界问题。中方对此有何评论？,吉尔吉斯斯坦、塔吉克斯坦、乌兹别克斯坦三国签署国界交汇点条约并彻底解决边界问题，中方对此表示祝贺，高度评价三方通过和平协商方式解决国界问题。这符合和平发展的时代潮流，有利于进一步促进地区和平稳定和发展繁荣。,郭嘉昆
t20250401_11585853.html,澎湃新闻记者,最近，不少外国朋友来华旅游，其中不乏海外社交媒体上的“顶流”网红博主。他们通过文字、镜头展示自己眼中的中国。许多外国网友直言，看到了一个不一样的中国。请问发言人是否注意到有关报道，你对此怎么看？,这段时间，中国官方外交活动日益频密，民间交往也持续火热、异彩纷呈。海外博主们通过一镜到底的直播，全景展现一个没有“剪辑”和“滤镜”的真实中国，再次掀起全网“中国热”。这表明中外人文交流有着深厚民意基础，是剪不断、隔不开的。,郭嘉昆
t20250401_11585853.html,伊朗声像组织记者,美国总统特朗普最近威胁称将轰炸伊朗，这与《联合国宪章》相悖，外交部对此有何评论？,不久前，中方主办伊朗核问题北京会晤并发表联合声明，提出中方关于妥善解决伊朗核问题的五点主张。中方认为，坚持通过政治外交途径解决伊朗核问题是唯一正确选择，主张以伊朗核问题全面协议框架为基础达成新共识。伊朗核问题全面协议的执行因美方执意退出受到干扰，美方应当展现政治诚意，早日回归复谈。制裁施压、武力威胁没有出路。,郭嘉昆
t20250401_11585853.html,新华社记者,今天是中国和印度建交75周年纪念日。中方如何评价中印关系的整体发展？对两国关系未来有何展望？,今天是中国和印度建交75周年纪念日。习近平主席和印度总统穆尔穆、李强总理和印度总理莫迪分别就此互致贺电。,郭嘉昆
t20250401_11585853.html,彭博社记者,美国防长赫格塞思近期称将在印太地区提供“可靠威慑”，包括在台湾海峡。中方今天在台岛周边开展联合演训。发言人对当前局势有何评论？,关于你提到的联合演训，东部战区和国务院台办已经对外发布了消息。中方有关联合演训是对“台独”分裂势力的严重警告和有力遏制，是捍卫国家主权、维护国家统一的正当必要行动。,郭嘉昆
t20250401_11585853.html,法新社记者,你能否提供关于联合演训的更多信息？演训会否包含实弹演习？将持续多久？东部战区在网络发布漫画，赖清德被描绘成在火上炙烤的蛀虫。发言人认为该漫画在海外将如何被解读？,关于你提到的联合演训，刚才我已经作出了回答。你提到的有关具体问题，建议你向中方主管部门询问。,郭嘉昆
t20250401_11585853.html,印度报业托拉斯记者,追问关于中印建交75周年的问题。此前有迹象表明，中印两国计划举办庆祝建交75周年的系列活动。你能否确认活动将于何时开始并介绍有关情况？,正如我刚才所说，今年是中印建交75周年。双方都有意愿在这一重要关头推动两国关系进一步向前发展。去年10月，习近平主席同莫迪总理在喀山举行成功会见，为改善和发展中印关系作出战略指引。近期，双方认真落实两国领导人重要共识，加强各层级交往与务实合作，取得一系列积极进展。关于建交75周年相关庆祝活动，我们会适时发布消息，请你保持关注。,郭嘉昆
t20250402_11587357.html,总台央视记者,据报道，美国、欧盟、日本等就中国人民解放军4月1日在台岛周边开展联合演训发表评论，声称反对以武力或胁迫单方面改变现状，指责中方在台岛周边不负责任的威胁和军事施压没有正当理由。中方对此有何评论？,少数国家及组织对中方的指责罔顾事实，颠倒黑白，干涉中国内政。中方表示强烈不满，坚决反对。台湾问题纯属中国内政，不容外来干涉。破坏台海和平稳定的是“台独”分裂活动和外部势力纵容支持。有关国家和组织如果真心希望台海和平稳定，就应顺应国际社会坚持一个中国原则的大势，恪守对中方所作政治承诺，尊重中国的主权和领土完整，反对任何形式的“台独”。,郭嘉昆
t20250402_11587357.html,彭博社记者,据报道，缅甸士兵向运送中国红十字会为曼德勒地震灾民提供救援物资的车队鸣枪。外交部能否证实？如属实，能否提供更多细节？,中缅两国是“胞波”友邻。缅甸发生地震后，中国迅速启动应急机制，全力开展救援。中国红十字会向缅方提供的救灾物资援助已运抵缅甸，正在运往曼德勒灾区途中，目前救援人员和物资均安全。,郭嘉昆
t20250402_11587357.html,共同社记者,据报道，韩国宪法法院将于4日决定是否罢免尹锡悦总统。韩国在内政混乱持续的情况下，还将于今年秋天举办亚太经合组织领导人非正式会议。发言人认为韩国法院的判决结果会对中韩外交带来怎样的影响？,我们注意到相关报道。正如我们多次强调的，中国奉行不干涉内政原则，对韩国国内局势不作评论，我们相信韩国人民有智慧有能力妥善处理国内问题。作为重要近邻和合作伙伴，我们愿与韩方一道，为深化两国友好合作和战略合作伙伴关系作出积极努力。,郭嘉昆
t20250402_11587357.html,路透社记者,追问关于缅甸军政府对中方车队鸣枪的问题。缅甸军政府刚刚表示，中国红十字会未向缅政府通报其进入冲突区域。发言人能否介绍具体情况？中方是否考虑向缅甸派遣安保力量保护中方人道主义救援人员？或是否考虑暂停救援？,缅甸地震发生之后，中国红十字会等宣布向缅甸提供抗震救灾有关物资。正如我刚才所说，中国红十字会向缅方提供的救灾物资援助已经运抵缅甸，正在运往曼德勒灾区途中，目前救援人员和物资都安全。我们也希望在大灾面前，缅甸各族各派能够以抗震救灾为主要任务，确保中方在内的各国救援人员和物资安全，同时确保救援运输通道保持畅通。,郭嘉昆
t20250402_11587357.html,法新社记者,美国国务院昨天称，已批准向菲律宾出售F－16战机。外交部对此有何评论？,关于菲律宾与美国的军事安全合作，中方已经多次阐明立场。菲律宾同其他国家开展的任何防务安全合作，都不应该针对第三方或者损害第三方利益，更不能威胁地区和平与安全、加剧地区紧张。当前究竟是谁在拱火浇油，是谁在挑动军事对抗，是谁在把亚洲变成“火药桶”，相信地区国家都看得清清楚楚。,郭嘉昆
t20250402_11587357.html,《北京青年报》记者,日前，国际可再生能源署发布报告称，去年全球可再生能源发电容量增长585千兆瓦，创历史新高，占新增发电量的92.5％。其中，中国新增可再生能源发电量占全球总增量的六成。联合国秘书长发言人近日也肯定了中国新能源发展的国际贡献。在当前国际形势下，请问中方是否会继续推动全球绿色转型？还将作出哪些努力？,中国走绿色低碳发展之路，是推动经济高质量发展的内在要求，也为全球应对气候变化、推进可持续发展注入动力。,郭嘉昆
t20250402_11587357.html,法新社记者,菲律宾武装部队总参谋长昨天称，若台海发生冲突，菲将不可避免卷入其中，并称中方正在积极渗透包括军队在内的菲机构。外交部对此有何回应？,台湾问题是中国的内政，是中国核心利益中的核心。如何解决台湾问题是中国人自己的事，不容他人置喙。我们奉劝菲律宾有关人士不要在台湾问题上挑衅玩火。玩火者必自焚。我们也坚决反对有关人士毫无根据地发表颠倒黑白、抹黑炒作式言论。,郭嘉昆
t20250402_11587357.html,法新社记者,中国驻菲律宾大使馆昨天发布提醒，称菲执法部门盘查滋扰中国公民和企业事件频发。发言人能否就此提供更多信息？中方担忧的具体是什么盘查滋扰行为？,中国驻菲律宾使馆已经发布了有关安全提醒，相关提醒是鉴于当前在菲律宾旅行安全出现的一些状况。媒体上有大量相关报道，你可以查阅。,郭嘉昆
t20250402_11587357.html,巴西《环球报》记者,上周，罗塞芙已确认将连任新开发银行行长，任期延长五年。中方为何支持罗塞芙连任？,中方祝贺罗塞芙女士再次担任新开发银行行长。我们赞赏新开发银行在促进相关发展合作中的重要作用，将继续一如既往支持罗塞芙行长履职，支持新开发银行发挥更大作用。,郭嘉昆
t20250403_11588114.html,总台央视记者,美国东部时间4月2日，美方发布行政令，宣布对主要贸易伙伴加征“对等关税”，对中国（包括香港、澳门）加征34％关税。中方对此有何评论？,美方打着“对等”的幌子，对包括中国在内的多国输美产品加征关税，严重违反世贸组织规则，严重损害以规则为基础的多边贸易体制。中方对此坚决反对，将采取必要措施坚定维护自身正当利益。,郭嘉昆
t20250403_11588114.html,总台中国之声记者,我们注意到，今天中国国家计算机病毒应急处理中心、计算机病毒防治技术国家工程实验室发布《“2025年哈尔滨第九届亚冬会”赛事信息系统及黑龙江省内关键信息基础设施遭境外网络攻击情况监测分析报告》，披露了在第九届亚冬会期间来自美国等对赛事信息系统和黑龙江省关键信息基础设施开展的网络攻击，并且高度怀疑这些攻击背后有美国政府支持。中方对此有何评论？,我们注意到这份报告，对报告曝光的恶意网络活动表示严重关切。报告再次表明，在全球范围内，中国是网络攻击的主要受害国之一。此次亚冬会期间，美国及其个别盟友是对中国发起网络攻击的主要来源。,郭嘉昆
t20250403_11588114.html,《北京日报》记者,据报道，日本内阁官房长官林芳正4月1日在记者会上就中方在台岛周边开展联合演训称，日本政府对相关动向抱有重大关切，正密切关注。日方已通过外交渠道向中方表达了关切。请问中方对此有何评论？,日方有关言行公然违背一个中国原则，中方表示强烈不满和坚决反对，已向日方严正交涉。中方有关联合演训是对“台独”分裂势力的严重警告和有力遏制，是捍卫国家主权、维护国家统一的正当必要行动，日方无权说三道四，更不得插手干涉。台湾是中国领土不可分割的一部分。台湾问题是中国核心利益中的核心，事关中日关系政治基础和两国间基本信义。日本曾对台湾殖民统治长达半个世纪，犯下罄竹难书的罪行，对中国人民负有严重历史罪责，尤应谨言慎行。今年是中国人民抗日战争暨世界反法西斯战争胜利80周年，我们敦促日方深刻反省历史，切实恪守中日四个政治文件原则和在台湾问题上所作郑重承诺，立即停止干涉中国内政，以实际行动恪守一个中国原则。,郭嘉昆
t20250403_11588114.html,彭博社记者,据新华社报道，中国国家安全部表示最近发现了一起间谍案，已拘留三名涉嫌从事间谍活动的菲律宾公民。外交部能否证实并介绍更多细节？,中方有关部门已经公布了菲律宾籍在华人员从事间谍活动的具体情况。中国司法机关和有关部门严格依法办案，也将保障有关人员的合法权益。,郭嘉昆
t20250403_11588114.html,东方卫视记者,近日，美国国务卿鲁比奥在访问加勒比期间称，中国在圭亚那建设的公路质量很糟糕，一路上差点得脑震荡。美国希望为相关国家提供替代性选择。中方对此有何评论？,据我了解，美方所指的那个道路项目根本不是中国企业承建的，圭亚那方面也已经作出了澄清。不知道这位国务卿先生却为什么睁眼说瞎话？与其不顾事实抹黑中国，到处挑拨离间，不如为地区国家做点实实在在的正事。,郭嘉昆
t20250403_11588114.html,彭博社记者,中方是否计划在4月9日前就关税问题与美方进行谈判？双方是否有可能进行谈判？考虑到美方最近的一些动作，发言人是否认为在关税方面，中国是特朗普总统的首要目标？是否认为此次美方宣布关税在某种程度上为中国提供了一个机会，可与东盟、欧盟等集团探讨共同应对方法？,正如我刚才回应的，贸易战、关税战没有赢家，保护主义没有出路。现在美方需要做的是纠正错误做法，以平等、尊重、互惠的方式同包括中国在内的世界各国磋商解决经贸分歧。,郭嘉昆
t20250403_11588114.html,路透社记者,据美联社报道，美国政府禁止其驻华工作人员与中国公民发展恋爱关系。发言人对此有何评论？,这个问题你问美方可能更合适。,郭嘉昆
t20250407_11589639.html,总台央视记者,美国日前宣布对所有贸易伙伴加征关税，对象遍及全球180多个国家和地区，一些被联合国认定为“最不发达国家”的弱小经济体也未能幸免。有评论认为，高额关税将对经济结构单一、出口依赖度高的贫穷国家造成前所未有的剧烈冲击。联合国秘书长发言人杜加里克警告称，贸易战将对推动实现可持续发展目标带来负面影响，那些最脆弱、最缺乏能力应对当前挑战的国家更令人担忧。世贸组织总干事伊维拉认为，美国加征关税或将导致今年全球商品贸易量总体萎缩约1％，给全球贸易和经济增长前景带来巨大影响。发言人对此有何评论？,美国以“对等”为名行霸权之实，牺牲各国正当利益服务一己之私，将“美国优先”凌驾于国际规则之上，是典型的单边主义、保护主义和经济霸凌行径。中方已经发布了《中国政府关于反对美国滥施关税的立场》，表明了严正态度。,林剑
t20250407_11589639.html,韩联社记者,韩国宪法法院4日决定罢免尹锡悦总统职务，中方如何看待此次决定？认为此次决定会对韩中关系产生什么影响？,中方注意到了这一裁决和相关决定。这是韩国内部事务。我们希望韩国有序推进国内政治议程，保持政局和社会稳定。,林剑
t20250407_11589639.html,《环球时报》记者,据报道，今年2月，我国专家再次赴福岛第一核电站独立采集福岛核污染水有关样本，近日已得出检测结果，能否介绍具体情况？,经向有关部门了解，中方科研机构已完成对今年2月赴日本福岛核电站附近海域独立采集的海水、海洋生物等样本的检测、分析，样本中氚、铯－134、铯－137、锶－90等放射性核素活度浓度未见异常。后续，中方相关检测数据将提交国际原子能机构，由其统一汇总发布。,林剑
t20250407_11589639.html,美国消费者新闻与商业频道记者,我们注意到，中方关于美国加征关税的最新表态并未提到对话谈判。中方在什么条件下才会同美方对话？中美元首是否将通话？当前形势是否不利于实现通话？,你提到关于对话的具体问题，建议向中方主管部门了解。我们已多次强调，施压和威胁不是同中方打交道的正确方式。中方将坚定维护自身正当权益。,林剑
t20250407_11589639.html,阿纳多卢通讯社记者,有专家注意到，特朗普政府用美国对某国的贸易逆差除以该国对美出口额，得出所谓“有效关税税率”，与实际关税税率毫无关系，计算过程也并未像美方所说纳入了汇率操纵等贸易壁垒，中方实际未对美方征收67％的关税。中方对此怎么看？美国的新关税政策冲击40年来国际贸易逻辑和经济全球化趋势。这是否是美方发起的全球经济新秩序？中方是否计划采取更多行动或开展合作，以减少或消除美加征关税的影响？,我想你的看法也代表了国际社会和有识之士的观点立场。中国政府针对美方滥施关税已阐明了严正立场。美国以各种借口宣布对包括中国在内的所有贸易伙伴滥施关税，严重侵犯各国正当权益，严重违反世界贸易组织规则，严重损害以规则为基础的多边贸易体制，严重冲击全球经济秩序稳定，中国政府对此强烈谴责，坚决反对。美国有关做法是典型的单边主义、保护主义和经济霸凌行径，损人害己。,林剑
t20250407_11589639.html,路透社记者,上周肯尼亚财政部部长访华后，肯财政部发表声明称中方愿意帮助肯尼亚债务重组。该声明已被撤回。外交部能否证实声明中提到的内容？,长期以来，中肯投融资合作促进了肯尼亚经济社会发展和民生事业。中方愿本着互利共赢原则，继续推进同肯尼亚等非洲国家的发展合作。,林剑
t20250407_11589639.html,法新社记者,菲律宾国家安全委员会上周末称，因涉嫌间谍罪被中方逮捕的三名菲律宾人的所谓供述似乎是念稿，并呼吁中方尊重相关人员的权利。外交部对此有何评论？,关于菲律宾籍在华人员从事间谍活动，中方有关部门已经公布了具体情况。中国司法机关和有关部门依据事实严格依法办案，也将保障有关人员的合法权益。,林剑
t20250407_11589639.html,日本广播协会记者,关于福岛核污染水排海的问题，据了解，王毅主任3月份在东京会见日中友好团体时表示，这次福岛核污染水检测结果如果没有问题，该议题会有更多进展。请问中方是否愿意加速推进与日方关于恢复水产品进口的谈判？,中国政府始终坚持人民至上，坚定维护人民群众食品安全。日方明确承诺接受对排海的长期国际监测和中方独立取样监测。在日方履行承诺、检测结果迄未出现异常的基础上，中国海关总署于3月12日应约同日方在北京就日本水产品安全问题进行了技术交流。,林剑
t20250407_11589639.html,彭博社记者,特朗普总统称，中方反对美国加征关税，阻碍了美方收购TikTok从而使其继续在美运营。中方能否证实？外交部对TikTok问题有何进一步评论？,关于涉TikTok问题，中方此前已多次阐明了原则立场。中方将依据中国的法律法规处理相关问题。,林剑
t20250407_11589639.html,法新社记者,澳大利亚总理阿尔巴尼斯及其大选竞争对手达顿均呼吁出售中国企业控制的达尔文港，结束中方对该港的所有权。外交部对此有何评论？,我们敦促澳方切实为中国企业在澳投资运营提供公平、非歧视、可预期的营商环境，不要泛化国家安全概念，不要把正常的商业合作政治化。,林剑
t20250407_11589639.html,乌通社记者,上周五，俄罗斯向乌克兰城市克里沃罗格发射了带有集束弹药的弹道导弹，造成20人死亡，近100人受伤。尽管俄方声称准备进行停火谈判，但俄军持续攻击基辅等城市。中方对此有何评论？,中方在乌克兰危机问题上的立场是一贯、明确的。对话谈判是解决乌克兰危机的唯一可行出路。,林剑
t20250407_11589639.html,彭博社记者,台湾“国安会秘书长”吴钊燮近日率团赴华盛顿，同特朗普政府举行“特殊渠道”会谈。外交部对此有何评论？,世界上只有一个中国，台湾是中国领土不可分割的一部分。中方坚决反对任何形式的美台官方往来，这一立场是一贯、明确的，已向美方提出严正交涉。我们敦促美方恪守一个中国原则和中美三个联合公报，停止同中国台湾地区开展官方往来，停止插手台湾问题，停止制造新的台海局势紧张因素。赖清德当局“倚美谋独”绝无出路、不会得逞。,林剑
t20250407_11589639.html,路透社记者,埃塞俄比亚同其官方债权人达成原则协议，对84亿美元债务进行重组。中方是埃塞最大的双边债权人，上述协议是否意味着中方同意接受债务减记？还是说该协议将延长还款期限，而非减记债务本金？,具体情况建议你向主管部门进一步了解。我想强调的是，中国和埃塞俄比亚是全天候战略伙伴。中方同埃塞方就债务问题保持着密切沟通，将继续发挥《共同框架》埃塞个案债委会联合主席作用，推动埃塞多边债务处置最终得到妥处，助力埃塞俄比亚财政纾困。,林剑
t20250408_11590221.html,总台国广记者,发言人刚刚发布了西班牙首相桑切斯将访华的消息。能否介绍此访有关安排？我们注意到这将是桑切斯首相不到一年再次访华，你如何评论中西高频次的高层交往？,此访是桑切斯首相3年内第3次访华。访问期间，习近平主席将同桑切斯首相会见，李强总理将同他举行会谈。,林剑
t20250408_11590221.html,土耳其阿纳多卢通讯社记者,美国总统特朗普威胁称，如果中方在4月8日前不取消报复性关税，美方将对中国再加征50％关税。中方对此有何回应？,美方滥施关税严重侵犯各国正当权益，严重违反世界贸易组织规则，严重损害以规则为基础的多边贸易体制，严重冲击全球经济秩序稳定，是典型的单边主义、保护主义、经济霸凌，遭到国际社会普遍反对，中方对此强烈谴责、坚决反对。,林剑
t20250408_11590221.html,中新社记者,近日，有智库发文称，中国和东盟正成为东亚新的影响力中心，中国—东盟关系基于需求互补、频密贸易联系和共同价值理念，双方的紧密关系不仅对亚洲更对国际社会有重要意义。评论认为，同东盟的合作成为中国与周边国家发展关系的良好示范。请问发言人如何看待中国同东盟的合作现状，怎样评价中国同周边国家的互动？,中国同东盟建立对话关系30多年来，双方合作之路走得坚定、稳健、蓬勃，成为亚太地区乃至全球最具活力、最富成果的合作典范之一。双方连续5年互为第一大贸易伙伴，2024年中国与东盟贸易额达到6.99万亿元人民币，中国—东盟自贸区3.0版升级议定书有望年内签署。中老铁路、越南河内轻轨二号线等标志性项目给当地民众带来实实在在的福祉。数字赋能、绿色发展成为中国助力东盟国家转型发展的新兴领域。,林剑
t20250408_11590221.html,法新社记者,针对特朗普总统威胁称可能对中国产品再加征50％关税，中方回应称“必将采取必要措施，坚决维护自身正当合法权益”。请问具体将采取哪些措施？,中国人民的正当发展权利不容剥夺，中国的主权安全发展利益不容侵犯。我们将继续采取坚决有力措施，维护自身正当权益。,林剑
t20250408_11590221.html,彭博社记者,今天下午，我们看到几位中国国内知名博主发文列出完全相同的六项措施，称中方准备用于回击美方最新关税威胁，包括对美国农产品加征关税、抵制好莱坞电影等等。中方确实考虑用这些措施作为回应吗？中方是在通过这种方式让民众了解政府的应对举措吗？,我们一般不对网络言论作评论。关于中方的立场，我刚才已经讲得很清楚了。我们将继续采取坚决有力措施，维护自身正当合法权益。,林剑
t20250408_11590221.html,法新社记者,美国和伊朗宣布将就伊朗核问题举行对话。中方对此有何回应？,我们注意到有关报道。中方一贯认为，通过政治外交途径解决伊朗核问题是唯一正确选择。,林剑
t20250408_11590221.html,美国全国广播公司记者,在中美之间就关税问题你来我往的情况下，双方是否正在进行任何层级的贸易对话或谈判？,美方所作所为没有体现出想要认真对话的意愿。美方如果真的想谈，就应该拿出平等、尊重、互惠的态度。如果美方置两国和国际社会的利益于不顾，执意打关税战、贸易战，中方必将奉陪到底。,林剑
t20250408_11590221.html,《北京日报》记者,据报道，近日美国国务院拉美问题特使卡罗内接受采访时称，中国同阿根廷本币互换合作是中国对阿的“勒索机制”，呼吁阿方考虑终止。美希确保阿同国际货币基金组织（IMF）达成的任何协议均不会被用以“延长”上述合作，不会增强中国凭借本币互换获取的影响力。中方对此有何评论？,中方一贯在平等互利基础上同阿根廷开展各领域务实合作。长期以来，中阿本币互换合作为阿方维护经济金融稳定发挥了重要作用，受到阿方欢迎和积极评价。,林剑
t20250408_11590221.html,塔斯社记者,伊朗外交部发言人表示，中国、俄罗斯和伊朗将于4月7日至8日在莫斯科就伊朗核问题举行三方磋商。外交部对此有何评论？,我愿重申，中方坚信通过政治外交途径解决伊朗核问题是唯一正确选择。我们支持俄方主办此次三方专家级磋商，为推动伊朗核问题政治外交解决进程作出进一步努力。,林剑
t20250408_11590221.html,深圳卫视记者,近日，美国副总统万斯在接受媒体采访谈及特朗普政府对华贸易政策时，声称美国向“中国农民（Chinese　peasants）”借钱，来购买“中国农民”制造的东西，请问中方对此有何评论？,中方对中美经贸关系的立场已经讲得很清楚了。听到这位副总统说出这样无知又缺乏礼貌的话，令人诧异，也感到悲哀。,林剑
t20250409_11590807.html,《北京青年报》记者,据报道，8日，正在巴拿马访问的美防长赫格塞思称，中国通过控制巴拿马运河地区关键基础设施在巴开展间谍活动，危及巴和美安全、繁荣与主权。美不会允许“共产主义中国”或任何国家威胁运河的运营或完整性。美将同巴方共同努力，以巴为主，从中国影响下夺回运河，确保运河安全且向所有国家开放。中方对此有何评论？,美国高级官员恶意攻击中国，抹黑破坏中巴合作，再次暴露美国霸道霸凌面目，中方对此表示坚决反对。,林剑
t20250409_11590807.html,阿纳多卢通讯社记者,白宫称美方将于周三起对华加征104％关税。白宫发言人表示，特朗普总统认为中国“必须达成协议”且“对美采取报复性措施是个错误”。由此看来美方加征关税势在必行。中方将作何回应？,中国人民的正当发展权利不容剥夺，中国的主权安全发展利益不容侵犯。我们将继续采取坚决有力措施，维护自身正当权益。,林剑
t20250409_11590807.html,湖北广电记者,据报道，日本政府4月8日发布2025年版《外交蓝皮书》，文件将中日关系定位为“日最重要的双边关系之一”，称将继续同中国“全面推进战略互惠关系，构建建设性、稳定的日中关系”。另一方面，也仍将中国定位为“前所未有的最大战略挑战”，炒作东海、南海局势、中俄军事合作、日本人在华安全等问题，中方对此有何回应？,中方注意到有关情况。日本新版《外交蓝皮书》沿袭指责抹黑中国的陈词滥调，渲染所谓“中国威胁”，无理干涉中国内政，中方坚决反对。,林剑
t20250409_11590807.html,法新社记者,你提到中方将采取坚决有力措施应对刚刚生效的美国加征关税。能否介绍具体举措？特朗普总统称中方“迫切希望达成协议”。请问是这样吗？中方到什么地步才会停止对美同等加征关税？（路透社亦问及）,美方仍在对中国滥施关税，一味进行极限施压，对这种霸道霸凌行径中方坚决反对，绝不接受。美方如果真的想通过对话谈判解决问题，就应该拿出平等、尊重、互惠的态度。如果美方置两国和国际社会的利益于不顾，执意打关税战、贸易战，中方必将奉陪到底。,林剑
t20250409_11590807.html,乌通社记者,乌克兰总统泽连斯基昨日称，乌军在乌克兰东部前线同六名中国士兵交火，俘获其中两人。外交部如何解释中国公民参与俄乌交战？中国驻乌使馆是否正同上述人员建立联系？,中方正在向乌方核实有关情况。需要强调的是，中国政府始终要求本国公民远离武装冲突区域，避免以任何形式卷入武装冲突，尤其应避免参加任何一方军事行动。,林剑
t20250409_11590807.html,新华社记者,当前世界经济正面临单边主义抬头的严峻考验，贸易战给全球经济复苏前景笼上阴云，个别国家的关税政策加剧世界格局走势的不确定性。但同时我们也注意到，中国对外资的“磁吸力”依然强劲，外企高管近期密集访华，重大项目接连落地。一些外媒和跨国公司高管坦言“放弃中国市场，等于放弃未来十年的增长门票”，“看好中国”“上调中国”“做多中国”成为国际工商界热词，反映出国际社会仍对中国经济的引擎作用抱有高度期待。发言人对此有何评论？,无论国际风云如何变幻，中国经济都有坚实的基础实现稳定发展，也有充足的动力破浪前行。中国有能力、有底气应对各种风险挑战，我们有党中央的坚强领导，有中国特色社会主义制度的显著优势，有多年来持续快速发展积累的厚实基础，有超大规模市场和完整产业体系，更有14亿中国人民的团结努力。外部冲击改变不了中国经济基础稳、优势多、韧性强、潜力大的基本面，也改变不了中国高质量发展扎实推进、新质生产力蓬勃发展的稳固态势。,林剑
t20250409_11590807.html,埃菲社记者,中美贸易战之际，西班牙首相桑切斯即将访华。中方认为西班牙以及欧盟在缓和贸易战影响、加强与亚洲经贸联系方面可以发挥什么作用？,昨天，李强总理同欧盟委员会主席冯德莱恩通电话，向外界传递了积极信息。中国和欧盟都是经济全球化和贸易自由化的倡导者、世贸组织的坚定维护者和支持者。双方应共同维护自由开放的贸易投资，维护全球产业链供应链稳定畅通，为双方和世界经济注入更多稳定性、确定性。,林剑
t20250409_11590807.html,法新社记者,泽连斯基总统称有证据显示，还有其他中国公民同俄罗斯部队一道在乌克兰作战。中方是否掌握具体数量？乌克兰官员是否曾同中方提及此事？,这种说法毫无根据。中方在乌克兰危机问题上的立场是清晰的、明确的，得到国际社会的广泛认可。乌方应正确看待中方为政治解决乌克兰危机问题所作努力和发挥的建设性作用。至于你提到的中乌双方是否进行了沟通，我没有这方面的消息。,林剑
t20250409_11590807.html,法新社记者,乌克兰外长称俘获中国士兵一事使中国的和平立场受到质疑，有损中国作为负责任的联合国安理会常任理事国的信誉。中方认为此事违背中方寻求政治解决俄乌冲突的立场吗？,我要再次强调，中方在乌克兰危机问题上始终秉持客观公正立场，这是清晰的、明确的。中方一贯致力于止战停火、劝和促谈，国际社会对此有目共睹。乌方应正确看待中方为政治解决乌克兰危机问题所作努力和发挥的建设性作用。,林剑
t20250409_11590807.html,路透社记者,消息人士称，收到产业界大量反对意见后，特朗普政府正在考虑调整对停靠美港口的中国船只征收费用的政策。产业界表示相关政策将给美国经济带来灾难性后果。美国贸易代表格里尔周二对美参议院财政委员会表示，不准备全面实施此前提议的对中国船只征收数百万美元费用的政策。中方对此有何评论？,我们此前已就有关问题阐明了立场。征收港口费、对货物装卸设备加征关税等措施损人害己，既推高全球海运成本，扰乱全球产供链稳定，也会增加美国国内通胀压力，损害美国消费者和企业利益，最终也无法振兴美国造船业。我们敦促美方尊重事实和多边规则，立即停止错误做法。中方将采取必要措施捍卫自身合法权益。,林剑
t20250409_11590807.html,路透社记者,美国国家反情报和安全中心周二称，中国情报部门正使用“在社交和招聘网站上冒充咨询公司、企业高管猎头及智库”等伪装手段，招募美国现任及前任政府雇员。中方对此有何回应？,我不了解你提到的情况。需要指出的是，美国从未停止针对中国的间谍活动，还长期对盟友进行大规模窃听窃密。美方一边不加掩饰地在全球范围开展间谍活动，一边给其他国家安上间谍威胁的莫须有罪名，中方坚决反对这种不负责任的做法。,林剑
t20250410_11592719.html,总台华语环球节目中心记者,日前，习近平主席向拉美和加勒比国家共同体第九届峰会致贺信，指出中拉关系已进入平等、互利、创新、开放、惠民的新阶段，并欢迎拉共体各成员国今年来华出席中拉论坛第四届部长级会议。能否进一步介绍具体信息？,拉美和加勒比是“全球南方”重要组成部分，也是全球治理的积极参与者和贡献者。拉美和加勒比国家共同体是地区国家加强团结协作、共同应对全球性挑战的重要平台。2014年7月，习近平主席同拉美和加勒比国家领导人共同宣布设立中拉论坛。2015年1月，中拉论坛首届部长级会议在北京成功举行，标志着中拉论坛正式启动。十年来，中拉论坛蓬勃发展，机制日臻完善，已成为增进中拉政治互信、加强发展战略对接、促进民心相通的重要平台，为推动中拉关系进入平等、互利、创新、开放、惠民的新阶段发挥了积极作用。,林剑
t20250410_11592719.html,法新社记者,特朗普总统暂停对大部分国家加征关税，但将对华关税提高至125％，并称中方“没有表现出尊重”。中方对此有何回应？是否将进一步提高对美关税？,美方出于一己之私，将关税作为实施极限施压、谋取私利的武器，严重侵犯各国正当权益，严重违反世界贸易组织规则，严重损害以规则为基础的多边贸易体制，严重冲击全球经济秩序稳定，这是公然冒天下之大不韪，与整个世界作对。采取必要反制措施反对美国霸凌行径，既是为了维护自身主权安全发展利益，也是为了维护国际公平正义，维护多边贸易体制，维护国际社会的共同利益。得道多助，失道寡助，美国的倒行逆施不得人心，终将以失败告终。,林剑
t20250410_11592719.html,法新社记者,泽连斯基总统称乌方掌握了155名对乌作战中国公民的个人信息。中方昨天否认俄军雇佣了大量中国公民，是否认为泽连斯基总统所说不属实或者掌握信息有误？,我要重申，中国不是乌克兰危机的制造者，也不是当事方，我们是危机和平解决的坚定支持者和积极推动者。中国政府始终要求本国公民远离武装冲突区域，避免以任何形式卷入武装冲突，尤其应避免参加任何一方军事行动。我们奉劝有关方面正确、清醒地认识中方作用，不要发表不负责任的言论。,林剑
t20250410_11592719.html,阿纳多卢通讯社记者,特朗普总统称中方想在关税问题上达成协议，但不知道该怎么做。中方如何理解这一表态？中美之间是否有接触？（路透社亦问及）,美方仍在对中国滥施关税，对这种霸道霸凌行径中方坚决反对，绝不接受。施压、威胁和讹诈不是同中方打交道的正确方式。美方如果真的想谈，就应该拿出平等、尊重、互惠的态度。如果美方置两国和国际社会的利益于不顾，执意打关税战、贸易战，中方必将奉陪到底。,林剑
t20250410_11592719.html,澎湃新闻记者,3月28日缅甸地震以来，中方全力协助缅方开展救援工作，得到缅甸民众和国际社会的赞誉。发言人能否介绍中方助缅抗震救灾的相关情况和下步考虑？,缅甸地震发生后，中国救援力量迅速集结，与时间赛跑，展开生命救援。中国第一个宣布对缅提供紧急援助、第一个向缅派出救援队、第一个在缅救出受困幸存者、第一个在震区搭建起安置中心。中方30多支救援队、600多名救援队员赴缅施救，并向缅提供多批紧急救援物资，展现了中国速度、中国力度、中国温度，受到缅甸人民的热情欢迎和由衷感谢。,林剑
t20250410_11592719.html,埃菲社记者,美国财长贝森特称，西班牙与中国走近就像“割自己的喉咙”。中方对此有何回应？,说到“割喉咙”，美方大肆利用关税对全球威胁讹诈，才是在试图扼住各国喉咙，逼迫各国在其霸凌面前作出妥协退让。,林剑
t20250410_11592719.html,法新社记者,泽连斯基总统昨天谈及参与作战的中国公民人数时说得十分具体，即155名。乌方是否此前单独向中方提过这个数字？中方是否正在核实为俄作战的中国雇佣兵具体人数？泽连斯基还称这表明俄方正试图将中方拖入战争中。中方对此有何回应？,关于你提到的问题，我没有可以透露的信息。我要强调的是，中方在乌克兰危机问题上始终秉持客观公正立场，一贯致力于止战停火、劝和促谈，国际社会对此有目共睹。有关方面应正确、清醒地认识中方作用，不要发表不负责任的言论。,林剑
t20250410_11592719.html,法新社记者,中方提示中国游客充分评估赴美旅游风险。能否详细介绍中国公民赴美可能遇到什么威胁？,这是因为美方对华一味进行极限施压的霸道霸凌行径严重恶化了中美关系的社会基础和民意环境，严重干扰了两国各领域交往与合作。中方将继续采取坚决有力措施，维护自身正当权益。,林剑
t20250410_11592719.html,路透社记者,特朗普签署行政令，将对在美港口停靠的所有中国制造或悬挂中国国旗的船只收费，以削弱中方在全球航运业的主导地位。中方对此有何评论？,中国造船业发展是企业技术创新和积极参与市场竞争的结果，为助力全球贸易发展、全球供应链稳定安全运转作出重要贡献。美国多份研究报告显示，美国的造船业因过度保护在多年前就已失去竞争优势。美方将自身问题归咎于中国，既缺乏事实依据，也有悖经济常识。美方单边主义、保护主义的霸道做法不得人心，只会推高全球海运成本，扰乱全球产供链稳定，对世界各国利益造成损害，最终也无法振兴美国造船业。,林剑
t20250410_11592719.html,越南之声广播电台记者,据我所知，中国领导人将于下周开始访问越南、马来西亚和柬埔寨，在当前国际形势复杂多变的情况下，此访是否有特殊的目标，在越南期间双方会不会签署任何合作协议？,中国和越南等东南亚国家是山水相连、人文相亲的好邻居，也是利益相融、命运与共的好伙伴。关于你提到的具体访问，目前我没有可以提供的信息，请你保持关注。,林剑
t20250411_11593008.html,总台央视记者,中方发布了习近平主席将对越南、马来西亚、柬埔寨进行国事访问的消息，这是习近平主席今年首次出访，能否介绍中方对此次出访的主要安排及中方对发展中越、中马、中柬关系的期待？,周边是中国外交的优先方向，中国和东南亚是命运与共的好邻居、好朋友、好伙伴。日前，中央周边工作会议成功召开，明确中方将继续秉持亲诚惠容周边外交理念，同周边国家开展友好合作，增进理解互信，共同发展振兴。此次访问是习近平主席今年首次出访，对推动中国同越南、马来西亚、柬埔寨以及中国东盟关系整体发展具有重大意义，也将为地区乃至世界的和平发展注入新动能。,林剑
t20250411_11593008.html,东方卫视记者,据报道，日本首相石破茂4月9日会见访日的北约秘书长吕特时称，一个稳固的北约于日本有利，日本将为北约同印太伙伴深化合作继续发挥主要作用。双方在联合声明中就东海、南海、台海局势等问题发表涉华消极言论。中方对此有何评论？,我注意到有关情况。中方对日本伙同北约无理干涉中国内政，渲染地区紧张局势，挑动对立对抗表示强烈不满，坚决反对。,林剑
t20250411_11593008.html,《中国日报》记者,据报道，有专家指出，美国同斐济等国签署的“随船观察员协议”赋予了美单方面特权，是不平等条约，为美方在太平洋岛国海域任意检查中国渔船提供了后门。请问中方对此有何评论？,中方注意到美国同有关太平洋岛国签署的“随船观察员协议”。根据《联合国海洋法公约》，在专属经济区内，关于渔业事项的主权权利和相应执法权、管辖权专属于沿海国。美方通过“随船观察员协议”主导甚至取代沿海国开展执法，严重损害《公约》构建的海洋法律秩序。有的协议条款看似有对等表述，但实际上有关太平洋岛国根本没有能力对美国对等行使权利，本质上仍然是美国单方面获利的安排。,林剑
t20250411_11593008.html,法新社记者,台湾检察官指控一名大陆货船船长破坏海底电缆相关设施，违反电信管理规定。中方对此有何回应？,这不是一个外交问题。,林剑
t20250411_11593008.html,《环球时报》记者,据美国媒体报道，中国官员在去年12月的中美网络安全对话中向美方官员暗示，中方对美国关键基础设施发动了网络攻击，并将其归咎于美对台湾的支持。特朗普政府高官表示，美方将对中方采取更多的进攻性网络活动。中方对此有何评论？,这篇报道颠倒黑白，是与事实严重不符的虚假信息。,林剑
t20250411_11593008.html,法新社记者,白宫已证实，美方对大量中国商品所征关税已累计达145％。中方对此有何回应？是否会再次提高对美关税？,中方已多次阐述在关税问题上的严正立场。关税战、贸易战没有赢家，中方不愿打，但也不怕打。我想强调，如果美方真的想通过对话谈判解决问题，就应该停止极限施压、胡作非为！中国从来不吃这一套！任何对话都必须建立在平等、尊重、互惠的基础上。如果美方执意打关税战、贸易战，中方必将奉陪到底。,林剑
t20250411_11593008.html,法新社记者,中方能否介绍关于西班牙首相桑切斯今天访华的最新情况？,我们会适时发布有关消息，请你保持关注。,林剑
t20250414_11594225.html,总台央视记者,当前，全世界都非常关注特朗普政府对全球各国加征关税造成的破坏性影响。中国和欧盟是全球主要经济体，近期中欧之间高层交往很多，请您介绍一下双方就美国加征关税进行沟通协调的情况。,美方将关税作为极限施压、谋取私利的武器，将一己私利凌驾于国际社会公利，这是典型的单边主义、保护主义、经济霸凌行径，严重损害包括中欧在内的世界各国利益。,林剑
t20250414_11594225.html,中阿卫视记者,美国关税政策反复修改，目前对部分中国进口产品实行免税，请问中方有何看法？中方会做出对应的减税政策吗？,商务部新闻发言人已就此表明了中方态度。事实已经并将继续证明，关税战、贸易战没有赢家，保护主义没有出路。美国滥施关税损人害己。我们敦促美方放弃极限施压错误做法，在平等、尊重、互惠的基础上，通过对话解决问题。,林剑
t20250414_11594225.html,中新社记者,近日，针对美方声称将对深度参与制定或执行限制外国人进入藏区政策的中方官员实施签证限制，外交部发言人曾表示中方将坚决反制。中方能否介绍具体反制措施？,西藏事务纯属中国内政，美国借涉藏问题对中方官员滥施签证限制，严重违反国际法和国际关系基本准则。依据《中华人民共和国对外关系法》《中华人民共和国反外国制裁法》有关规定，中方决定对在涉藏问题上表现恶劣的美方人员对等采取签证限制措施。,林剑
t20250414_11594225.html,印尼安塔拉通讯社记者,4月13日，中国和印尼庆祝建交75周年，中国领导人在致印尼总统普拉博沃贺电中表示，要不断丰富中印尼命运共同体的时代内涵，打造发展中大国精诚团结的典范。在当前复杂动荡国际形势下，双方在深化合作方面还有哪些机遇？,昨天是中印尼建交75周年纪念日。习近平主席和普拉博沃总统互致贺电，高度评价两国关系发展，强调将坚定支持彼此国家发展愿景，携手走好各自现代化道路，引领双边关系再上新台阶。我们对中印尼关系发展的美好前景更加充满信心。,林剑
t20250414_11594225.html,《中国日报》记者,近日，美国国防部长赫格塞思在巴拿马城举办的2025年中美洲安全会议上大肆渲染“中国威胁”，并就中国军队、中资企业等发表攻击言论，宣称美方必须有力阻遏“中国在西半球威胁”，预防“战争爆发”。美国副国务卿兰多对萨尔瓦多宣称，应只允许可信任供应商参与5G、网络安全、人工智能合作，防止中国进入。中方对此有何评论？,美方有关人士的言论充满意识形态偏见和冷战思维，是彻头彻尾的谎言和谬论。是谁将拉美和加勒比视为“后院”大搞“新门罗主义”？是谁对拉美和加勒比国家内政指手画脚？是谁高举关税“大棒”胁迫拉美和加勒比国家？是谁在全球大搞监听监控？是谁军事基地遍布西半球？是谁放任轻小武器和弹药流入拉美和平区？世人看得很清楚。,林剑
t20250414_11594225.html,法新社记者,昨天，俄罗斯对乌克兰苏梅地区发动导弹袭击。美国总统特朗普称这是可怕的事情，其他国家的领导人也予以谴责。中方对此有何回应？,中国在乌克兰危机上的立场是一贯、明确的，对话谈判是解决危机的唯一可行出路。,林剑
t20250414_11594225.html,法新社记者,英国政府上周末称将从中国敬业集团手中接管英国钢铁公司控制权。英商业和贸易大臣雷诺兹称，英允许钢铁行业落入中国人之手“过于天真”。外交部对上述接管及英方官员表态有何评论？,据我了解，敬业集团是一家中国民营企业，基于市场化原则同英方开展合作。对于目前英钢经营遇到的困难，双方应本着互利原则商谈解决。希望英国政府公平公正对待在英投资经营的中资企业，保护其正当合法权益，避免将经贸合作政治化和泛安全化，以免影响中国企业赴英正常投资合作的信心。,林剑
t20250414_11594225.html,深圳卫视记者,上周，西班牙首相桑切斯来华访问，受到各方高度关注。他访华期间接受媒体采访表示，此次访问的目的是巩固西中关系，加强同中国对话与合作，强调西班牙和欧盟支持自由贸易，愿同中国合作应对全球性挑战。发言人如何评价桑切斯此访？,此访是桑切斯首相3年内第三次访华，访问非常成功，彰显了中西两国进一步发展关系的坚定意愿和决心。访问期间，习近平主席同桑切斯首相会见，李强总理同他会谈，两国领导人进行了友好深入的交流。双方共同发表关于加强全面战略伙伴关系的行动计划，提出打造更有战略定力、更富发展活力的全面战略伙伴关系，为两国人民增进福祉，为中欧关系增添动力，也为促进世界和平、稳定、发展作出更大贡献。,林剑
t20250414_11594225.html,法新社记者,英国外交大臣拉米表示，他对上周一名英国议员被拒绝入境香港深表关切，并称将向中方提出该问题。外交部能否说明该议员被拒入境的原因并提供更多细节？对英国外交大臣的关切有何回应？,香港特区政府已就此作出表态。我想强调，入境事务是一国主权范围内的事，香港特区政府有权按照相关法律和政策处理入境个案。,林剑
t20250415_11594910.html,总台华语环球节目中心记者,我们注意到，上周末，第五届消博会开幕。昨天，海南自贸港全球产业招商大会成功举行。今天上午，第137届广交会也在广州启动。有观点认为，面对当前关税战、贸易战阴霾，中国先后举办多场活动，再次表明坚持开放的决心。请问发言人对此有何评论？,相信国内外的不少媒体朋友也关注到了近期的活动。本届消博会吸引了65家世界500强龙头企业，参展品牌数量超过4100个，创历史新高，期间举行的海南自贸港全球产业招商大会签约项目265个，签约额达2336亿元。今天上午开幕的广交会，出口展的展位数近7.3万个，参展企业首次突破3万家。此外，前不久举行的中国发展高层论坛2025年年会也吸引了21个国家86位跨国企业正式代表参会。这些活动的成功举行，展现了各方加强经贸合作抵御单边主义、保护主义的决心和信心。,林剑
t20250415_11594910.html,法新社记者,近日有报道称，谷歌地图已将临近菲律宾的水域标注为“西菲律宾海”，此前该区域名称显示为“南海”。中方对谷歌作出的变动有何评论？,长期以来，南海一直是国际社会公认的通用地名，为世界各国及联合国等国际组织广泛接受。,林剑
t20250415_11594910.html,乌通社记者,昨日在基辅举行的新闻发布会上，两名在顿涅茨克地区参与俄军作战并被乌军俘虏的中国公民称，他们愿意进行战俘交换，呼吁中国政府将他们接回国。外交部对此有何回应？,中国政府的立场清晰明确，我们已多次发布安全提醒，要求中国公民远离武装冲突区域，避免以任何形式卷入冲突，尤其应避免参加任何一方军事行动。目前，中方正在核实有关情况。对于涉及海外中国公民的个人行为和领事个案，中方依法处理。,林剑
t20250415_11594910.html,湖北广电记者,据报道，14日，多米尼加内政部长拉富尔称，多首都屋顶坍塌事故死亡人数已升至231人，中方对此有何评论？是否向多方表达慰问？,中方已向多方表达诚挚慰问，我们对遇难者表示深切哀悼，向遇难者家属和受伤人员致以诚挚慰问，衷心祝愿伤者早日康复。,林剑
t20250415_11594910.html,法新社记者,哈尔滨市公安局今天表示，今年初，三名美国特工涉嫌在亚冬会期间发动网络攻击。外交部对该案有何评论？,我们注意到有关报道。此前，我们已经多次阐述了中方立场。在第九届亚冬会期间，美国政府针对赛事信息系统和黑龙江省内关键信息基础设施开展网络攻击，对中国关键信息基础设施、国防、金融、社会、生产以及公民个人信息安全造成严重危害，性质十分恶劣。中方谴责美国政府的上述恶意网络行为。,林剑
t20250415_11594910.html,《北京青年报》记者,今天是第十个“4·15”全民国家安全教育日。我们注意到，今年“4·15”主题是“全民国家安全教育　走深走实十周年”。请问发言人，外交工作如何彰显国家安全教育成效，更好保障国家安全，促进世界和平安宁？,党的十八大以来，以习近平同志为核心的党中央创造性提出总体国家安全观，为新时代国家安全工作提供了根本遵循和行动指南。近年来，全国各地广泛开展形式多样的宣传教育活动，推动总体国家安全观深入人心，凝聚起国家安全人人有责、人人尽责的强大合力。,林剑
t20250415_11594910.html,彭博社记者,美国财长最近称中国在某些全球南方国家的投资是“贪婪”的，中方投资获取这些国家的矿产权并使其负债。外交部对此有何评论？,中国始终是全球南方重要成员，始终致力于推动全球南方团结振兴。中国同各国包括全球南方国家开展经贸合作是基于国际规则和市场规律，本质特征是优势互补、互利共赢，不仅有利于提高发展中国家人民福祉，也促进了其经济转型升级，给各国繁荣发展和人民生活带来实实在在的好处。,林剑
t20250416_11595405.html,《人民日报》记者,中共中央总书记、国家主席习近平昨天结束了对越南的国事访问。这是习近平总书记年内首次出访，也是此次出访东南亚三国的首站，受到国际社会高度关注。发言人可否进一步介绍访问情况？,4月14日至15日，中共中央总书记、国家主席习近平应邀对越南进行国事访问。这是习近平总书记、国家主席10年内第四次访问越南，也是今年首次出访的首站。访问期间，习近平总书记、国家主席同越共中央总书记苏林举行会谈，同越南国家主席梁强、总理范明政、国会主席陈青敏会见，并会见中越人民大联欢活动代表。两党总书记共同见证双方签署的45份双边合作文本展示、出席中越铁路合作机制启动仪式。双方还发表关于持续深化全面战略合作伙伴关系、加快构建具有战略意义的中越命运共同体的联合声明。访问圆满成功，为中越命运共同体建设和两国社会主义事业发展带来新气象，为地区和世界繁荣稳定注入正能量。,林剑
t20250416_11595405.html,巴西劳动者电视台记者,昨日，彭博社报道援引知情人士称，中方已要求国内航空公司停止接收波音飞机。外交部能否证实？即使没有这样的决定，由于中方对美征收反制关税，波音飞机的成本也会大幅上升。在此情况下，中方是否正考虑加强与巴西航空工业公司的合作？,关于第一个问题，我不了解有关情况，建议向中方主管部门询问。,林剑
t20250416_11595405.html,《中国日报》记者,据了解，中国政府已于今年3月17日向联合国粮农组织交存了《港口国措施协定》加入书，该协定将于今日对中国正式生效。这一协定被认为是全球渔业治理方面的重要条约。请问发言人对此有何评论？,中国是负责任渔业国家，始终高度重视渔业资源的养护和可持续利用，坚持“零容忍”打击非法捕捞。加入《港口国措施协定》是中国践行真正的多边主义的务实举措，彰显了中方以实际行动推进全球海洋治理、维护国际海洋秩序。中国将秉持人类命运共同体理念，依据《协定》忠实地行使权利、履行义务，与国际社会一道，推动实现联合国2030年可持续发展目标。,林剑
t20250416_11595405.html,日本广播协会记者,关于关税问题，白宫新闻秘书援引美国总统的话称，球在中国一边，需要达成协议的是中方，不是美方。中方对此有何回应？,这场关税战是美方发起的，中方采取必要反制措施是为了维护自身正当权益和国际公平正义，完全合理合法。中方的立场一直很明确，关税战、贸易战没有赢家，中方不愿打，但也不怕打。如果美方真的想通过对话谈判解决问题，就应该放弃极限施压那一套，停止威胁讹诈，在平等、尊重、互惠的基础上同中方对话。,林剑
t20250416_11595405.html,中新社记者,据报道，当地时间4月13日，厄瓜多尔总统选举第二轮投票结束。厄国家选举委员会计票结果显示，国家民主行动候选人、现总统诺沃亚获得超过55％选票，赢得厄大选。中方对此有何评论？,中方对诺沃亚总统当选连任表示祝贺。相信在诺沃亚总统领导下，厄瓜多尔经济社会发展将不断取得新成就。,林剑
t20250416_11595405.html,《北京日报》记者,我们注意到，开年以来，中外人文交流精彩不断。包括奥斯卡影帝、美国网红在内，越来越多外国朋友来华“中国游”。上周末，大阪世博会开幕，中国馆惊艳亮相，古色古香设计与现代科技成果吸引许多民众排队参观。中国对外国民众的吸引力越来越大。发言人对此有何评论？,首先祝贺大阪世博会中国馆开馆，很高兴看到当地民众为中国馆点赞。我注意到，由中国贸促会牵头组织的中国馆不仅有书简长卷的外观设计和墨池竹林的园林景观，还首次在全球零距离对比展示嫦娥探测器采集的月球正背两面土壤样品，展出“蛟龙号”深潜体验舱、全新人形机器人等科技产品，既有传统文化元素，也有现代科技突破，相信会给观众留下深刻印象。,林剑
t20250416_11595405.html,巴西劳动者电视台记者,巴西媒体昨天报道称，金砖国家将举行贸易部长特别会议讨论美国加征关税等议题。中方能否证实？你认为金砖国家合作应对美关税问题有何重要性？,金砖国家作为新兴市场和发展中国家合作的重要平台，倡导开放包容、合作共赢，为的是实现共同发展、普遍繁荣。金砖国家均反对单边主义、保护主义和经济霸凌行径，将携手维护以世界贸易组织为核心的多边贸易体制，维护全球经济稳定。关于你提到的具体会议情况，建议向主管部门询问。,林剑
t20250417_11596153.html,总台央视记者,昨天，习近平主席圆满结束对马来西亚的国事访问。这是习近平主席时隔12年再次到访马来西亚。发言人能否进一步介绍访问情况？,4月15日至17日，习近平主席应邀对马来西亚进行国事访问。访问期间，习近平主席会见马来西亚最高元首易卜拉欣，同马来西亚总理安瓦尔会谈。两国领导人共同见证双方交换30多份双边合作文本。双方发表关于构建高水平战略性中马命运共同体的联合声明。,林剑
t20250417_11596153.html,路透社记者,你能否介绍更多关于最近柬埔寨向中国遣返的台湾人的情况？,中方对柬埔寨政府按一个中国原则处理有关问题表示高度赞赏。中方愿同柬埔寨等相关国家继续深化执法合作，坚决打击网赌电诈，维护海外中国公民的安全和合法权益，维护中国与有关国家的正常人员交往秩序。,林剑
t20250417_11596153.html,总台中国之声记者,中方刚刚发布了肯尼亚总统鲁托将访华的消息，发言人能否介绍此访安排和中方期待？中方如何看待当前同肯尼亚的关系？,中国和肯尼亚友谊起源于古老的海上丝绸之路。进入新时代，两国建立全面战略合作伙伴关系，双方高层交往频繁，政治互信持续深化，共建“一带一路”成果丰硕，在地区和国际问题上密切合作。,林剑
t20250417_11596153.html,日本广播协会记者,据报道，中国将在下周倡议召开联合国安理会非正式会议，讨论美国加征关税问题。请发言人介绍中方倡议召开此次会议的目的、会议讨论内容等详细情况。,近期，美国罔顾多边贸易谈判达成的利益平衡结果，打着所谓“对等”“公平”的旗号滥施关税，严重冲击全球经济秩序和多边贸易体制，严重损害各国利益和福祉。这种单边主义和强权霸凌行径也给联合国和多边主义事业带来前所未有的困难和挑战。,林剑
t20250417_11596153.html,东方卫视记者,据报道，在习近平主席对马来西亚进行国事访问期间，中马签署互免签证协定，请问中方有何评价？,中马友谊源远流长，两国理念相近，利益相融，人心相通。在习近平主席对马来西亚进行国事访问期间，两国政府正式签署《关于互免持公务普通护照和普通护照人员签证的协定》。这必将进一步促进双边人员往来和各领域交流合作，推动共建中马命运共同体迈上新台阶。,林剑
t20250417_11596153.html,《环球时报》记者,近日，“捍卫联合国宪章之友小组”在莫斯科举行第三届国家协调员会议，会后发表了成果文件，反对将关税等贸易工具武器化，呼吁停止单边霸凌行为。中方参加了会议，发言人能否介绍有关情况？,4月14日至15日，“捍卫联合国宪章之友小组”在莫斯科举行第三届国家协调员会议。中国及俄罗斯、委内瑞拉、古巴、白俄罗斯、伊朗、津巴布韦等成员国及伙伴国高级别代表与会。,林剑
t20250417_11596153.html,彭博社记者,英国政府对本国企业使用中国产无人机拍摄英国重要基础设施高清图像表示担忧。外交部对此有何评论？,中国政府从来没有也不会要求企业以违法形式采集或存储数据。中方坚决反对有关方面在没有事实依据的情况下对中国进行无端怀疑和污蔑抹黑。,林剑
t20250418_11596848.html,总台华语环球节目中心记者,在西哈莫尼国王登基20周年和柬埔寨传统新年之际，习近平主席成功对柬埔寨进行国事访问。这是习主席时隔9年再次访柬，也是习主席此次东南亚之行的最后一站。发言人能否介绍访问情况？,4月17日至18日，习近平主席应邀对柬埔寨进行国事访问。访问期间，习近平主席分别会见西哈莫尼国王和莫尼列太后，会见人民党主席、参议院主席洪森亲王，并同首相洪玛奈举行会谈。两国领导人共同见证双方交换30多份合作文本。双方发表关于构建新时代全天候中柬命运共同体、落实三大全球倡议的联合声明。西哈莫尼国王还向习近平主席颁授“柬埔寨王国民族独立大项链级勋章”。,林剑
t20250418_11596848.html,路透社记者,乌克兰总统泽连斯基称中国向俄罗斯提供武器和弹药，并称乌方掌握中方在俄境内生产武器的情报，他将于下周提供更多细节。中方对此有何回应？,中方在乌克兰问题上的立场一贯、明确，一直积极致力于止战停火、劝和促谈。中方从未向冲突任何一方提供致命性武器，严格管控军民两用物项。乌方对此是十分清楚的，也公开表示俄方进口武器零部件多数来自美国等西方国家。中方坚决反对无端指责和政治操弄。,林剑
t20250418_11596848.html,《中国日报》记者,中方发布了将在北京举行中印尼外长防长“2＋2”对话机制首次部长级会议的消息。发言人能否介绍此次会议背景及有关情况？,中国同印尼是隔海相望的好邻居、命运与共的好伙伴。今年是中印尼建交75周年。在两国元首亲自关心下，中印尼建立并启动外长防长“2＋2”对话机制。这是中国建立的首个部长级“2＋2”机制，体现了中印尼合作的战略性和高水平。去年，习近平主席同普拉博沃总统两次会晤，一致同意早日举行“2＋2”机制首次部长级会议。,林剑
t20250418_11596848.html,法新社记者,美国国务院昨日指责中国卫星公司支持也门胡塞武装损害美在该地区利益。中方对此有何回应？,我不掌握你所说的情况。自红海局势升温以来，中方一直在为缓和局势紧张发挥积极作用。谁在劝和促谈、缓和局势，谁又在制裁施压、加剧紧张，国际社会一目了然。中方奉劝有关国家多做真正有利于地区和平稳定的事，而不是相反。,林剑
t20250418_11596848.html,深圳卫视记者,4月20日，也就是本周日，是第十六个联合国中文日。我们注意到，今年联合国中文日的主题是“诗意中国·浪漫风华”，中国常驻联合国代表团、常驻维也纳、日内瓦代表团举行了丰富多彩的庆祝活动，多维展示了诗歌、书画、茶艺等中国传统文化，受到各界人士的欢迎和好评。发言人对此有何评论？,祝贺联合国中文日迎来第16个年头。正如习近平主席指出，文明因交流而多彩，因互鉴而丰富。从纽约的诗词朗诵会，到日内瓦的“海外影像节”，再到维也纳的竹简书画展，一系列活动不仅展现了中文承载的历史文化，也让各国朋友感受到中华文明“和而不同”的智慧和“立己达人”的情怀。很高兴看到越来越多的人学习中文，也有越来越多的外国记者朋友在外交部例行记者会上用中文提问。,林剑
t20250418_11596848.html,路透社记者,新任美国驻日本大使今天表示美日需共同努力，协调国防力量以“对抗中国这样的国家”。外交部对其言论有何评论？,我还没有看到你所说的消息。但我想指出的是，外交官的职责应该是促进国家间友好，而不是抹黑别国、挑拨关系、煽动对抗。中国始终是国际社会的和平力量、稳定力量、进步力量。谁在四处炫耀武力、挑动对抗、威胁和平，国际社会对此看得再清楚不过。,林剑
t20250418_11596848.html,彭博社记者,特朗普政府昨晚宣布将采取措施，对停靠美国港口的中国建造或运营的船舶征收额外费用。外交部对此有何评论？,我们此前已就有关问题多次阐明立场。我愿重申，征收港口费、对货物装卸设备加征关税等措施损人害己，既推高全球海运成本、扰乱全球产供链稳定，也会增加美国国内通胀压力，损害美国消费者和企业利益，最终也无法振兴美国造船业。我们敦促美方尊重事实和多边规则，立即停止错误做法。中方将采取必要措施捍卫自身合法权益。,林剑
t20250421_11599248.html,总台央视记者,今天上午，中方发布了阿塞拜疆总统阿利耶夫对华国事访问消息。发言人能否介绍此访背景、活动安排和中方期待？,中国和阿塞拜疆是战略伙伴。近年来，在两国元首亲自关心和推动下，中阿关系保持良好发展势头，双方政治互信持续巩固，共建“一带一路”合作成果丰硕，国际协作富有成效。访问期间，习近平主席将同阿利耶夫总统举行会谈，擘画中阿关系发展新蓝图。李强总理和赵乐际委员长将分别会见阿利耶夫总统，就各领域合作深入交换意见。相信此访将进一步深化中阿战略伙伴关系，给两国人民带来更多福祉。,郭嘉昆
t20250421_11599248.html,俄新社记者,俄罗斯总统普京19日表示，在复活节到来之际，俄军将从19日至21日停止所有战斗行动。中方对此有何评论？,我们注意到有关报道。中方乐见一切通往停火的努力，这是实现和平的必要一步。希望有关各方继续通过对话谈判解决危机。,郭嘉昆
t20250421_11599248.html,《中国日报》记者,此前，美方宣布对几名中国中央政府驻港机构和香港特区政府官员实施制裁。请问中方是否将采取反制措施？,美国对中国中央政府驻港机构和香港特区政府6名官员滥施非法单边制裁，严重干涉香港事务和中国内政，严重违反国际法原则和国际关系基本准则。中方对这种卑劣行径予以强烈谴责。依据《中华人民共和国反外国制裁法》有关规定，中方决定对在涉港问题上表现恶劣的美国国会议员、官员和非政府组织负责人实施制裁。,郭嘉昆
t20250421_11599248.html,法新社记者,上周日，智利一座在建的中资水电站遭枪手袭击，导致数十辆卡车和重型设备起火。中方对此有何评论？,中方强烈谴责袭击事件。中方已经要求智利有关部门采取切实措施保护中资企业项目及人员安全，并愿同智方密切配合，开展好相关调查和后续处置工作。,郭嘉昆
t20250421_11599248.html,新华社记者,日前，加蓬国家选举和公投组织协调委员会宣布加蓬总统选举初步结果，过渡总统恩圭马以94.85％得票率在首轮投票中获胜。请问中方对此有何评论，对中加关系发展有何期待？,中方祝贺加蓬顺利举行总统选举。习近平主席已向恩圭马先生致贺电。中加是传统友好国家和全面战略合作伙伴。中方高度重视中加关系发展，愿同加方携手努力，弘扬传统友谊，落实好中非合作论坛北京峰会达成的成果，深化各领域交流合作，不断丰富中加全面战略合作伙伴关系内涵，更好造福两国人民。,郭嘉昆
t20250421_11599248.html,韩国新一社记者,最新卫星图片显示，中国在黄海韩中暂定措施水域内建设了一个大型钢构平台，这个钢构平台还有一个直升机停机坪，过去还建设了深海渔业养殖设施，这引起了韩国政府的担忧。中方对此有何评价？,我的同事此前已就此表明中方立场。我愿重申，中韩两国海洋权益主张重叠，双方正在推进海域划界谈判，同时根据《中韩渔业协定》在中韩暂定措施水域内积极开展合作，中方企业在上述暂定水域建立了渔业养殖设施，这并不违反中韩有关协定。中方通过海洋事务对话合作机制等渠道向韩方介绍了有关情况，并保持沟通。我们希望韩方能够客观理性看待。,郭嘉昆
t20250421_11599248.html,彭博社记者,美国与菲律宾今天开始年度军演，正值中菲在南海问题上发生争执之际。指挥演习的一名菲方军官表示，马尼拉将此次演习视为“防御演习”。中方对此有何回应？,当前，国际社会面临单边主义、保护主义、霸凌霸权冲击，本地区国家迫切希望加强团结协作、共护地区稳定、携手应对挑战。在这一大背景下，菲律宾伙同域外国家大搞军事演习，引入和部署战略战术武器，破坏地区战略稳定，破坏本地区经济增长前景，公然站在地区国家对立面，已经遭到地区国家强烈反感和反对。,郭嘉昆
t20250421_11599248.html,法新社记者,据报道，伊朗外长阿拉格齐将访华。中方能否证实？,中伊双方保持着各层级各领域交流交往。关于你提到的具体访问，我目前没有可以提供的消息。,郭嘉昆
t20250421_11599248.html,法新社记者,周日，西非国家几内亚比绍西北部一座中资企业经营的矿场遭到当地抗议者袭击，设备被焚毁。中方对此有何评论？,我不掌握你提到的有关具体情况。我愿重申，中国政府一贯要求中国企业在海外经营过程中，遵守所在国的法律政策，合法合规开展经营。,郭嘉昆
t20250421_11599248.html,法新社记者,据报道，缅甸民族民主同盟军将于本周把战略重镇腊戍的控制权交还给缅甸军政府。外界普遍认为这项协议是在中方压力下达成的。中方对此有何评论？,中缅是友好邻邦，中方在缅甸问题上的立场十分明确。我们奉行不干涉内政原则，支持缅方维护独立、主权、国家统一和领土完整，支持缅各方通过友好协商实现政治和解，支持缅方重启政治转型进程。 三年前的今天，习近平主席着眼全人类前途命运和安危福祉，郑重提出全球安全倡议。三年来，在习近平主席亲自引领下，中方秉持人类命运共同体理念，携手各方全面践行全球安全倡议，取得了一系列重要进展。,郭嘉昆
t20250422_11601529.html,中新社记者,昨天，中国和印尼举行外长防长“2＋2”对话机制首次部长级会议。发言人能否介绍具体情况？,4月21日，中国印尼外长防长“2＋2”对话机制首次部长级会议在北京成功举行。这次会议具有里程碑意义，旨在落实习近平主席同普拉博沃总统达成的共识。中印尼“2＋2”对话机制是中国在全球建立的首个部长级“2＋2”机制，标志着两大邻国、两大新兴经济体和两个发展中大国的战略互信和政治安全合作开启了新的篇章。,郭嘉昆
t20250422_11601529.html,西班牙《阿贝赛报》记者,教皇方济各于昨天去世。发言人如何评价其贡献？他对梵中关系和中国天主教群体有何意义？,中方对方济各教皇去世表示哀悼。近年来，中国和梵蒂冈保持建设性接触，开展了有益交往。中方愿同梵方共同努力，推动中梵关系持续改善。,郭嘉昆
t20250422_11601529.html,深圳卫视记者,据了解，缅北民地武果敢同盟军今天早些时候撤出缅甸掸邦腊戍城区，并将当地控制权交还缅军。有消息称，腊戍城区换防是中方斡旋促成的，中方近日还派遣了停火监督组赴腊戍开展工作。上述情况是否属实？这是否意味着中方不干涉缅甸内政的承诺已经失效？,中缅是传统友好邻邦。维护缅北地区和平稳定，符合两国和两国人民共同利益。中方尊重缅甸国家主权和领土完整，根据缅甸相关各方意愿和诉求，积极协助缅方推进缅北和平进程。,郭嘉昆
t20250422_11601529.html,西班牙《阿贝赛报》记者,教皇方济各生前曾多次公开表示希望访问中国并同中国领导人会面。请问梵方与台湾“断绝外交关系”是否是此类访问的前提条件？,近年来，中国和梵蒂冈保持建设性接触，开展了有益交往，并就国际议题广泛沟通。,郭嘉昆
t20250422_11601529.html,彭博社记者,中方是否拟派代表前往梵蒂冈参加教皇方济各的葬礼？,目前我没有可以提供的消息。,郭嘉昆
t20250422_11601529.html,东方卫视记者,据报道，日本外务省日前在其官网发布“安全提醒”，炒作中国社会治安形势不佳，要求日本学校充分确认安全信息后再决定是否组织赴华修学旅行。中方对此有何评论？,我不知道日方发布所谓“安全提醒”的依据何在？,郭嘉昆
t20250422_11601529.html,彭博社记者,近日，中方向在日本的中国公民发布领事提醒，称日本发生多起针对中国公民的社会恶性治安案件。为何日方的“安全提醒”是“恶意渲染”、破坏中日关系，而中方的领事提醒则是公平、正常的做法？,刚才我已经就日本外务省发布所谓“安全提醒”介绍了中方立场。关于你提到中方发布的有关领事提醒，媒体上有很多关于在日本出现安全风险的报道，这是各方看到的事实。中国政府有责任、有义务向在日本的中国公民发出相关领事提醒，这也是为了维护海外中国公民的正当合法权益。,郭嘉昆
t20250422_11601529.html,路透社记者,第一个问题，中方是否受邀参加教皇方济各的葬礼？如果收到邀请，中方是否计划参加？第二个问题，刚才中方发布了伊朗外长将访华的消息。发言人能否介绍阿拉格齐外长访华的日程、会见安排及议题？,关于第一个问题，我刚才已经作出了回应，目前我没有可以提供的信息。,郭嘉昆
t20250422_11601529.html,彭博社记者,上周末，美国政府推出涉新冠病毒溯源的新版网站，声称中国实验室泄漏是病毒的真正源头。中方对此有何评论？,美方有关网站恶意翻炒新冠病毒“实验室泄漏论”，在没有任何证据情况下对华污蔑抹黑，这不过是美方借新冠病毒溯源搞政治操弄的老把戏。中方对此一贯坚决反对。,郭嘉昆
t20250422_11601529.html,埃菲社记者,对于2018年签署的《中梵双方关于主教任命的临时性协议》情况，发言人有何评论？在教皇方济各去世的背景下，中方是否愿深化中梵合作？,近年来，中国和梵蒂冈保持建设性接触，开展了有益交往。双方关于主教任命的临时性协议实施顺利。中方愿同梵方共同努力，推动中梵关系持续改善。,郭嘉昆
t20250422_11601529.html,路透社记者,中方昨天宣布将制裁在涉港问题上表现恶劣的美国国会议员、官员和非政府组织负责人，发言人能否介绍具体指哪些人？此外，中方派哪位代表参加本周在华盛顿举行的国际货币基金组织和世界银行春季会议？,关于第一个问题，昨天我已经介绍了有关情况。针对美国对中国中央政府驻港机构和香港特区政府官员滥施非法单边制裁，中方依据《中华人民共和国反外国制裁法》有关规定，决定对在涉港问题上表现恶劣的美国国会议员、官员和非政府组织负责人实施制裁。我想强调的是，中方采取的是对等反制。,郭嘉昆
t20250422_11601529.html,彭博社记者,你刚才表示在新冠病毒溯源问题上，美方应给世界人民一个负责任的交代。你能否解释这句话的意思？有何证据表明美方应对疫情负责？,关于新冠病毒溯源问题，中方已经多次阐明立场。我想强调的是，疫情发生后，我们在媒体上看到了很多有关病毒源头在全球多点、多国发现线索的报道，特别是美国。当年美国曾经发生的“电子烟疾病”以及德特里克堡生物实验室问题，我们相信国际社会有权得到美方一个明确的交代。,郭嘉昆
t20250422_11601529.html,路透社记者,外交部在宣布对个人及组织进行制裁时，通常都会点名。为什么宣布对在涉港问题上表现恶劣的美国国会议员、官员和非政府组织负责人进行制裁时，外交部却没有点名？,刚才我已经回答了有关问题。我想再次强调，中方采取的是对等反制。,郭嘉昆
t20250422_11601529.html,路透社记者,关于伊朗外长访华的日程问题，伊方称阿拉格齐外长将于今日访华，但从中方消息看，实际上阿拉格齐外长将于明天抵达北京。你能否澄清一下？,正如我刚才发布的消息，应中共中央政治局委员、外交部长王毅邀请，伊朗外长阿拉格齐将于4月23日访问中国。,郭嘉昆
t20250422_11601529.html,彭博社记者,日本公明党代表团将于今日访华，并同中联部部长举行会见。下周，还有一个日本跨党派代表团也将访华，与多位中方官员会见。外交部对这些会见有何期待？希望取得哪些成果？,中方欢迎齐藤铁夫党首率日本公明党代表团访华。关于此次访问具体情况，请向主管部门了解。,郭嘉昆
t20250423_11602442.html,新华社记者,中方刚刚发布了王毅外长将赴哈萨克斯坦出席中国—中亚外长第六次会晤的消息。请问发言人能否介绍一下本次外长会晤的相关安排，以及中方对本次会晤的期待？,近年来，中国同中亚国家关系快速发展，全方位合作不断走深走实。本次各国外长齐聚阿拉木图，将围绕推进中国中亚合作、深化中国—中亚机制建设等共同关心的问题深入交换意见。这次会议最重要的任务，是为第二届中国—中亚峰会做全面政治准备，确保峰会圆满、顺利、成功。,郭嘉昆
t20250423_11602442.html,《环球时报》记者,据报道，美国总统特朗普对记者称，我们与中国相处得不错，同中方谈判时不会采取强硬态度。对华145％关税确实很高，协议达成后美对华关税将大幅下降，但不会降至零。中方必须同美达成协议，否则无法同美做生意。若不同美达成协议，就按美方说的办，美才是定规矩的一方。美财长贝森特表示，当前局势本质上是贸易禁运。美国目标并非与中国脱钩，两国可能在两到三年内达成一项全面协议。与中国就此类协议的谈判尚未开始。中方对此有何评论？,中方早就指出，关税战、贸易战没有赢家，保护主义没有出路，脱钩断链只会孤立自己。对于美国发动的关税战，中方的态度很明确，我们不愿打，也不怕打。打，奉陪到底；谈，大门敞开。如果美方真的想通过对话谈判解决问题，就应该停止威胁讹诈，在平等、尊重、互惠的基础上同中方对话。一边说要同中方达成协议，一边不断搞极限施压，这不是同中方打交道的正确方式，也是行不通的。,郭嘉昆
t20250423_11602442.html,总台央视记者,中方发布了王毅外长将出席金砖国家外长会晤的消息。请介绍本次金砖国家外长会晤的主要活动安排，中方对本次会晤有何期待？,金砖国家外长会晤将于4月28日至29日在巴西里约热内卢举行，其间还将举行金砖成员国和伙伴国外长会议。王毅外长将同各方就金砖合作、当前国际和地区形势等共同关心的问题交换意见，为金砖国家领导人第十七次会晤做准备。,郭嘉昆
t20250423_11602442.html,法新社记者,白宫昨天称中美贸易协议谈判取得了进展。这是真的吗？中方是否正与美方进行贸易协议谈判？,刚才我已经回答了相关问题。对于美国发动的关税战，中方的态度很明确，我们不愿打，也不怕打。如果美方真的想通过对话谈判解决问题，就应当停止威胁讹诈，在平等、尊重、互惠的基础上同中方对话。,郭嘉昆
t20250423_11602442.html,澎湃新闻记者,伊朗外长正在访华。我们注意到，日前中国同阿曼举行两国外交部新一轮战略磋商，双方就共同关心的地区热点问题交换了意见。近期，阿曼作为中间人为伊朗同美国谈判发挥斡旋作用，请问中方对此有何评论？,4月21日，外交部部长助理刘彬同阿曼外交部次大臣哈利法在北京举行中阿外交部战略磋商，双方就中东热点问题深入交换意见。中方赞赏阿方为推动解决地区热点问题、缓和地区紧张局势发挥的积极作用，愿同阿方在国际和地区事务中加强沟通协调，为促进地区和平稳定共同作出努力。,郭嘉昆
t20250423_11602442.html,总台华语环球节目中心记者,中方发布了王毅主任出席第十五次金砖国家安全事务高级代表会议的消息。请问发言人能否进一步介绍王毅主任与会有关安排，中方对此次会议有何期待？,第十五次金砖国家安全事务高级代表会议将于4月30日在巴西利亚举行。会议期间，中方将同其他金砖国家就当前国际安全形势、重大国际和地区问题等交换意见。,郭嘉昆
t20250423_11602442.html,彭博社记者,据报道，中国警告韩国公司不要向美国军工和国防企业出口含有中国稀土矿物的产品。中国政府已向电力设备、电池、显示器、电动汽车、航空航天和医疗设备等行业企业发出信函，称若违反限制措施，这些企业将受到制裁。外交部能否证实并提供更多信息？,我不了解你提到的具体情况，建议向中方主管部门询问。,郭嘉昆
t20250423_11602442.html,湖北广电记者,日前，巴拿马舆论批评美国对中美洲国家，尤其是巴拿马的干涉和霸权行为，指责美借鼓吹不存在的“中国威胁”控制运河，还揭露美在巴建立长期军事存在的计划，警告这可能带来新的军事干预和经济剥削，最终导致巴利益进一步受损。中方对此有何评论？,巴拿马媒体的相关评论一针见血揭穿了美方霸权行径的本质。美方炮制所谓“中国控制巴拿马运河”的谎言，甚至恶毒攻击中方，不过是为其控制运河制造借口，推进扩张和“门罗主义”美式霸权，国际社会和巴拿马人民对这一点看得清清楚楚。巴拿马总统穆利诺也表示拒绝接受所谓“中方干预和介入”的说法，因为这不是事实。,郭嘉昆
t20250423_11602442.html,日本广播协会记者,预定于北京时间24号举行的G20财长会，中方将派谁出席此次会议？与会期间是否有同美方接触的安排？,你提到的具体问题建议向中方主管部门询问。,郭嘉昆
t20250423_11602442.html,日本朝日电视台记者,据日本媒体报道，中国国务院总理致信日本首相石破茂，主张一起应对美国加征关税问题。此事是否属实？,中方同各方就关税问题保持着沟通。我想强调的是，关税战、贸易战没有赢家。美国滥施关税公然违反世贸组织规则，损害各国正当权益。这种典型的单边主义、保护主义、经济霸凌行径不得人心、不可持续，正在遭到越来越多国家的抵制和反对。,郭嘉昆
t20250423_11602442.html,印度报业托拉斯记者,周二，印控克什米尔地区发生残酷袭击事件，造成多人丧生。特朗普总统、普京总统等多个国家领导人对此予以谴责，支持印度打击恐怖主义。中方对此有何评论？,中方注意到有关报道，对此次袭击事件予以强烈谴责。中方坚决反对一切形式的恐怖主义，我们对遇难者表示哀悼，向遇难者家属和伤者致以诚挚慰问。,郭嘉昆
t20250423_11602442.html,法新社记者,周二，乌克兰外交部召见中国驻乌大使，就中国公民为俄军作战、中国公司帮助俄军制造军事装备表达严重关切。中国驻乌大使在会见中有何表态？,我们已就相关问题阐明过中方立场。中方坚决反对无端指责和政治操弄。,郭嘉昆
t20250423_11602442.html,日本朝日电视台记者,中国倡议召开联合国安理会会议，讨论美国加征关税问题。一般来说，在安理会上讨论关税问题非常罕见。中方认为此次会议前景如何？,美方发动的关税战违反了世贸组织规则，损害了各国共同利益，也危害了以联合国为核心的国际体系和以联合国宪章为基础的国际秩序。联合国各机构有权利也有责任就美方滥施关税发出自己的声音。,郭嘉昆
t20250424_11603549.html,凤凰卫视记者,近来美方不断有消息称，中美之间正在谈判，甚至将达成协议。你能否证实双方有没有开始谈判？,这些都是假消息。据我了解，中美双方并没有就关税问题进行磋商或谈判，更谈不上达成协议。,郭嘉昆
t20250424_11603549.html,中新社记者,据报道，阿塞拜疆总统阿利耶夫对华进行国事访问期间，中阿签署互免签证协定，请问中方有何评价？,中阿是真诚互信的好朋友、平等互利的好伙伴。在两国元首战略引领下，两国各领域合作日益深化。阿利耶夫总统访华期间，两国政府正式签署《关于互免持普通护照公民签证的协定》。这必将进一步便利两国人员交往，促进民心相通，推动中阿全面战略伙伴关系深入发展。,郭嘉昆
t20250424_11603549.html,法新社记者,周三，一名美国陆军情报分析员因向中国提供敏感军事信息，包括武器系统和军事战术文件，被判处7年监禁。外交部对此有何评论？,我不了解你提到的有关情况。,郭嘉昆
t20250424_11603549.html,《环球时报》记者,据报道，菲律宾方面近日发表声明称，否认曾就今年3月4日仁爱礁运补行动征求中方许可，并称不承认中方对仁爱礁的任何权利。中方对此有何回应？,中国对包括仁爱礁在内的南沙群岛及其附近海域拥有主权。中方对如何处理当前仁爱礁局势的立场清晰、明确。一是菲律宾派“军舰”在仁爱礁长期“坐滩”侵犯中国主权，违反《南海各方行为宣言》，中方要求菲方拖走该舰。二是在菲方拖走“坐滩”军舰之前，中方愿从人道主义出发，在事先向中方通报，并经现场核查后，允许菲方运补生活物资。三是中方绝不接受菲方运送大量建材上舰、试图建设固定设施和永久哨所，将坚决依法依规予以拦阻。,郭嘉昆
t20250424_11603549.html,法新社记者,有报道称，菲律宾国家安全委员会今天表示，有迹象表明中国可能干预菲律宾5月举行的选举。外交部对此有何评论？,中国一贯奉行不干涉内政原则。我们对干涉菲方选举没有兴趣。,郭嘉昆
t20250424_11603549.html,路透社记者,中方是否计划派员参加教皇方济各的葬礼？如果有，将派谁参加？,目前我没有可以提供的信息。,郭嘉昆
t20250424_11603549.html,《北京青年报》记者,据报道，大熊猫“荷风”“兰韵”已于昨日顺利抵达奥地利美泉宫动物园，延续中奥大熊猫合作研究。这是2025年启动的第一个大熊猫保护国际合作项目，发言人对此有何评论？,据了解，大熊猫“荷风”“兰韵”已于北京时间23日下午顺利抵达奥地利美泉宫动物园，启动新一轮中奥大熊猫保护合作，延续两国人民20余年的熊猫情缘。,郭嘉昆
t20250424_11603549.html,法新社记者,波音公司首席执行官周三表示，囿于中美贸易战，中国已经停止接收波音新飞机。外交部能否证实？对此有何评论？,这个问题建议向中方主管部门进行询问。,郭嘉昆
t20250424_11603549.html,路透社记者,据报道，中国人民银行行长和财政部长正在华盛顿出席国际货币基金组织有关会议。其间中方是否有计划与特朗普政府成员会面？,中方已经发布了中国代表团参加有关会议的信息。关于你提到的问题，建议向中方主管部门进行了解。,郭嘉昆
t20250424_11603549.html,路透社记者,韩国政府昨天对中国在黄海设置的渔业设施表达关切。外交部对此有何评论？,中方已经多次表明有关立场。关于你提到的韩方相关言论，我想表明的是，中方在相关暂定海域建造的是一个渔业养殖设施，中方有关做法符合中国国内法和国际法，不违反《中韩渔业协定》，同中韩海域划界无关。中方愿同韩方一道，继续加强对话沟通，妥善处理有关问题。,郭嘉昆
t20250424_11603549.html,日本广播协会记者,追问一个关于关税的问题。据《华尔街日报》报道，特朗普政府可能会将某些领域的对华关税降低一半以上。特朗普总统还表示，关税于何时下调取决于中方。外交部对此有何回应？,刚才我已经介绍了中方的有关立场。我想再次强调，这场关税战是美方发起的，中方的态度是一贯的、明确的，如果美方真的想通过对话谈判来解决问题，就应该放弃极限施压那一套，停止威胁讹诈，在平等、尊重、互惠的基础上同中方对话。,郭嘉昆
t20250424_11603549.html,法新社记者,美国财长贝森特周三表示，中国依赖出口的经济模式不可持续，损害中国自身和世界各国的利益。外交部对此有何评论？,我们看到的事实是，美方滥施关税严重破坏世贸组织规则，损害各国人民共同利益。,郭嘉昆
t20250424_11603549.html,路透社记者,韩国方面称，深度求索（DeepSeek）在未经同意的情况下将用户数据和指令传输至境外。外交部对此有何评论？,我不了解你提到的具体情况，但我要强调的是，中国政府高度重视并依法保护数据隐私和安全，从来没有也不会要求企业或个人以违法的方式为中国政府采集或存储数据。中方一贯反对泛化国家安全概念、将经贸科技问题政治化的做法。同时，中方也将坚定维护中国企业的合法权益。,郭嘉昆
t20250425_11604486.html,《环球时报》记者,据报道，美国政府知情人士表示，美中仍在就芬太尼问题进行谈判，但中方“不够真诚”，美方可能采取更多惩罚措施迫使中国采取实质性行动。请问中方有何评论？,芬太尼是美国的问题，不是中国的问题，责任在美国自身。美方无视中方善意，对中国无理加征芬太尼关税，这是典型霸凌行径，严重破坏双方在禁毒领域对话合作。美方应该清楚，抹黑攻击无法掩盖美方自身的失责，以怨报德也无助于问题的解决，施压威胁更不是同中国打交道的正确方式。,郭嘉昆
t20250425_11604486.html,路透社记者,第一个问题，美方称美中正在进行贸易对话。一名白宫官员表示，本周美中进行了低级别官员对话和通话。美方是否试图与中方接触？如果是，中方是否愿意进行贸易对话？第二个问题，中方正考虑免除部分美国进口商品的125％关税，并要求企业列出可免除关税的商品。中方能否予以证实？,关于第一个问题，昨天我和商务部的同事都明确回答了这个问题。中美双方并没有就关税问题进行磋商或谈判，美方不要混淆视听。,郭嘉昆
t20250425_11604486.html,总台央视记者,近日，中国常驻联合国代表团在纽约举办主题为“单边主义和霸凌行径对国际关系的冲击”的安理会非正式会议，发言人能否介绍有关情况？,4月23日，中国常驻联合国代表傅聪大使主持召开“单边主义和霸凌行径对国际关系的冲击”安理会阿里亚模式会议，包括安理会成员在内的80多国代表与会。中方在会上强调，美国滥施关税严重侵犯各国正当权益，严重违反世贸组织规则，严重冲击全球经济秩序稳定，本质上是以关税为手段颠覆国际经贸秩序，以美国利益凌驾于国际社会公利，以牺牲全世界各国的正当利益服务美国的霸权利益。世界需要的是开放包容而不是封闭孤立，是主权平等而不是恃强凌弱，是公平正义而不是本国优先，是团结合作而不是分裂对抗。国际社会必须作出正确抉择，发出一致声音，采取共同行动。,郭嘉昆
t20250425_11604486.html,路透社记者,中方计划派谁参加教皇方济各的葬礼？,目前我没有可以提供的信息。,郭嘉昆
t20250425_11604486.html,深圳卫视记者,近日，美国国务院发布所谓《2025年军控、防扩散与裁军遵约报告》。中方对此有何回应？,美国政府罔顾事实，年复一年炮制所谓《军控、防扩散与裁军遵约报告》，对美方自身在军控、裁军与防扩散领域种种消极动向闭口不谈，反而倒打一耙，对他国进行无端抹黑指责，充斥霸权逻辑和双重标准。中方已多次表明反对立场并提出严正交涉。,郭嘉昆
t20250425_11604486.html,中新社记者,昨天神舟二十号载人飞船成功发射。近期中国同多国在航天领域开展合作，得到各方热烈响应。但也有少数西方媒体评论认为，有关合作为太空领域带来所谓“威胁和风险”。发言人对此有何评论？,4月24日，神舟二十号载人飞船成功发射，恰逢第十个“中国航天日”。多年来，中国逐梦太空的脚步稳健前行，航天合作“朋友圈”不断扩大，已同50多个国家和国际组织签署近200份政府间航天合作协议。我们牵头发起金砖国家遥感卫星星座、“一带一路”空间信息走廊等多边合作项目，与巴基斯坦签署选拔训练航天员合作协议，和巴西联合研制地球资源卫星，帮助全球南方国家培养本土航天人才、推动技术共享。不久的将来，中国的嫦娥七号还将搭载来自埃及、巴林、泰国、意大利、瑞士等国的载荷飞往月球。探索星辰大海的征程上，中国与世界同行，为人类造福。,郭嘉昆
t20250425_11604486.html,法新社记者,为获得关键稀土，美方发布了海底采矿行政令。这一举措遭到了环保主义者的反对。请问中方对此有何回应？,美方的行政令涉及不属于国家管辖范围的国际海底区域。根据国际法，国际海底区域及其资源属于人类共同继承财产。在国际海底区域从事矿产资源的勘探和开发活动，必须根据《联合国海洋法公约》，在国际海底管理局框架内进行。国际海底区域的法律地位和勘探开发制度获得国际社会普遍认可，在国际实践中得到切实遵循。任何国家都不应绕开国际海底管理局和国际法，擅自授权开展国际海底资源勘探和开发活动，损害国际社会共同利益。,郭嘉昆
t20250425_11604486.html,新华社记者,我们注意到，第163届阿拉伯国家联盟外长理事会会议通过“阿拉伯—中国关系”决议，重申阿拉伯国家支持一个中国原则和“一带一路”倡议，欢迎2026年在中国举办第二届中阿峰会，赞赏中国在促进地区和平与安全方面所作的外交努力。中方对此有何评论？,中方高度赞赏阿盟外长理事会会议第45次专门通过对华友好决议，这充分体现了阿拉伯国家发展对华关系的决心和对举办第二届中阿峰会的高度重视。,郭嘉昆
t20250425_11604486.html,埃菲社记者,据外媒报道，因担心兴奋剂检测呈阳性，挪威一家体育组织建议其运动员在中国参赛期间不要食用任何肉类制品。外交部对这项建议以及由此引发的对在华参赛运动员食品安全的担忧有何评论？,这不是外交问题，建议向中方主管部门询问。,郭嘉昆
t20250425_11604486.html,《北京日报》记者,近日，美国领导人接受媒体采访时，被询及巴拿马决定退出共建“一带一路”，其他拉美国家是否也应这样做，拉美国家是否需要在美中之间选边站队？他就此回应称，从某种程度而言，他们或许应该这样做。中方对此有何评论？,我们注意到有关报道。拉美和加勒比国家是主权独立国家，别国不应指手画脚、说三道四，更不应明里暗里胁迫施压。中国始终秉持相互尊重、平等互利、开放包容、合作共赢原则，同拉美和加勒比国家开展友好合作，有力增进双方人民福祉。,郭嘉昆
t20250425_11604486.html,法新社记者,法国政府昨天表示，希望中国和欧盟在应对气候变化方面建立统一战线。法方表示这样可以弥补美方退出《巴黎协定》的损失。中方是否愿意在气候变化问题上与欧盟站在一起？,中方多次强调，应对气候变化不是别人要我们做，而是我们自己必须要做。这是中国可持续发展的内在要求，也是推动构建人类命运共同体的责任与担当。中国已建成世界上最大的清洁电力供应体系、最完整的新能源产业链，并将用全球最短时间实现最高碳排放降幅。无论国际形势如何变幻，中国将同欧洲国家以及其他各方一道，坚定维护真正的多边主义，全面完整、善意有效履行《联合国气候变化框架公约》及其《巴黎协定》，合力应对气候变化这一全球性挑战，共同推进绿色低碳发展。,郭嘉昆
t20250425_11604486.html,法新社记者,美方昨天表示，在中国航空公司退回三架飞机后，波音公司应认为中国违约，这只是中国多年来对美国所作所为的一个小例子。中方对此有何回应？,具体问题建议向中方主管部门询问。,郭嘉昆
t20250425_11604486.html,彭博社记者,未来几天，正在美国的中国人民银行行长及财政部长是否会与美财长或其他政府官员举行会谈？,关于中国代表团出席相关会议的情况，中方主管部门已发布了消息。具体问题建议你向主管部门询问。,郭嘉昆
t20250428_11606158.html,凤凰卫视记者,据报道，特朗普总统4月22日接受《时代》杂志采访时表示，习近平主席给他打了电话。请问中方对此有何评论？中美之间是否在谈判？,据我了解，近期两国元首没有通话。,郭嘉昆
t20250428_11606158.html,韩联社记者,朝鲜和俄罗斯已正式确认朝鲜向俄罗斯库尔斯克地区派兵的事实。朝鲜表示，此次派兵是根据国家最高领导人的决定和朝俄《全面战略伙伴关系条约》作出，朝鲜军人出现伤亡。中方认为朝鲜派兵是否有助于乌克兰危机的解决？,关于俄朝双边交往，我们已多次阐明立场。中方在乌克兰危机问题上的立场是一贯、明确的。,郭嘉昆
t20250428_11606158.html,香港无线电视记者,据《华尔街日报》近日报道，有知情人士透露，中国政府已经向长江和记表示，出售巴拿马运河港口以外的港口应不成问题。中方对此有何评论？,我们注意到有关报道。我们也注意到，国家市场监督管理总局表示，高度关注有关交易，将依法进行审查。交易各方不得采取任何方式规避审查，未获批准前，不得实施集中，否则将承担法律责任。,郭嘉昆
t20250428_11606158.html,《中国日报》记者,《不扩散核武器条约》第十一次审议大会第三次筹委会于4月28日至5月9日在纽约联合国总部举行，请问中方对此次会议有何期待？据了解，中方向此次会议提交了一份 工作文件 ，发言人能否介绍一下有关情况？,《不扩散核武器条约》生效55年来，始终是国际核不扩散体系的基石。当前，个别国家奉行单边主义，罔顾国际规则，追求绝对安全，导致全球战略安全环境不断恶化、核冲突与核军备竞赛风险上升。中方将积极参加此次会议，以习近平主席提出的构建人类命运共同体理念为根本遵循，落实三大全球倡议，全面平衡推进条约核裁军、核不扩散、和平利用核能三大支柱的审议，已向会议提交工作文件。,郭嘉昆
t20250428_11606158.html,中新社记者,印度外交部近日发布公告称，印方将于今年6月至8月组织印度香客赴中国西藏神山圣湖朝圣。这是否意味着中方已同意恢复印度香客赴中国西藏神山圣湖朝圣。请问发言人对此有何评论？,印度香客赴中国西藏神山圣湖朝圣是中印两国人文交流的重要内容。位于中国西藏自治区的冈仁波齐峰和玛旁雍错湖是包括藏传佛教和印度教在内的多个宗教信众心目中的“神山圣湖”。按照中印双方达成的共识，印度香客赴中国西藏神山圣湖朝圣将于今年夏季恢复，目前双方正在推进有关准备工作。,郭嘉昆
t20250428_11606158.html,彭博社记者,关于长江和记计划向贝莱德财团出售海外港口事，国家市场监督管理总局对香港上市公司在海外进行交易行使管辖权依据的是什么法律？,刚才我已经回答了有关问题。你提到的具体情况，建议向中方主管部门询问。,郭嘉昆
t20250428_11606158.html,法新社记者,追问朝鲜向俄罗斯派兵事。中国如果确实呼吁缓和冲突，会否向朝鲜施压，要求其不要派兵火上浇油？,我刚才已经回答了有关问题。中方在乌克兰危机问题上的立场是一贯、明确的。,郭嘉昆
t20250428_11606158.html,总台中文国际频道记者,4月26日，经巴勒斯坦解放组织执委会主席、巴勒斯坦总统阿巴斯提名，巴解组织执委会任命执委会秘书长谢赫为执委会副主席、巴勒斯坦副总统。中方对此有何评论？,中方欢迎谢赫先生就任巴勒斯坦解放组织执委会副主席、巴勒斯坦副总统。,郭嘉昆
t20250428_11606158.html,俄新社记者,此前，巴基斯坦国防部长赫瓦贾·阿西夫在接受俄新社采访时表示，俄罗斯和中国可以参与克什米尔恐怖袭击事件的国际调查。中方是否计划参与此次恐袭事件调查？,中方欢迎一切有利于当前局势降温的举措，支持尽快开展公正调查。作为印度和巴基斯坦的共同邻国，中方希望印巴双方保持克制，相向而行，通过对话协商妥善处理有关分歧，共同维护地区和平稳定。,郭嘉昆
t20250428_11606158.html,总台央视记者,我们注意到，4月26日，位于伊朗南部的拉贾伊港口发生爆炸，已造成40人死亡，1000余人受伤，另有6人失踪。中方对此有何评论？,中方谨对伊朗南部拉贾伊港口爆炸事件中的遇难者表示深切哀悼，向伊朗政府、遇难者家属和伤者致以诚挚慰问，祝愿伤者早日康复。,郭嘉昆
t20250428_11606158.html,法新社记者,美国财长贝森特在周日电视采访中暗示，中方否认美中就关税问题举行会谈，可能是因为中方表态面向的是不同的受众，但还是会有解决办法。外交部对此有何回应？,关于关税战，中方的立场非常明确。关税战、贸易战没有赢家。如果美方真的想通过对话谈判解决问题，就应该停止威胁讹诈，在平等、尊重、互惠的基础上同中方对话。,郭嘉昆
t20250428_11606158.html,深圳卫视记者,近来我们注意到，随着入境游日益便利、离境退税持续加力，来中国“买买买”成为跨境旅游新趋势。据报道，“五一”入境游订单量已同比增长173％，不少外国游客带着大旅行箱来华扫货。最近举行的广交会上，境外采购商较往年同期增长20％以上，消博会吸引了全球超6万专业采购商。驻外使领馆也积极宣介相关展会。中方希望借此传递什么信息？对外国人来华消费热潮有何评论？,“游在中国”热度不减，“购在中国”蔚然成风。从外国采购商云集中国展会，到各国消费者踊跃来华“探店”“拔草”，从特色美食到非遗文创，从国际精品到国货潮品，从中国好物到中国服务，中国消费市场展现出强大魅力和巨大活力。,郭嘉昆
t20250428_11606158.html,彭博社记者,4月中旬，中国海警登上了位于中国和菲律宾之间的铁线礁。上周末播出的一期新闻节目提及，中国海警对该岛礁宣示主权。中方是否宣称铁线礁是中国领土并将公布其领海基线？,铁线礁是中国南沙群岛的一部分，是无人岛礁。中方依法开展维权执法活动，旨在反制菲律宾方面非法登礁等侵权挑衅活动，坚定维护国家领土主权，确保铁线礁维持无人无设施状态，坚定维护《南海各方行为宣言》的严肃性。,郭嘉昆
t20250428_11606158.html,日本广播协会记者,“国际调查记者同盟”（ICIJ）的调查项目称中国当局在海外开展“跨国镇压”。发言人对此能否证实？中国驻美国大使馆称有关调查纯属捏造、毫无根据，发言人对此有何回应？,我们反对一些别有用心的势力对中方正常的执法司法合作进行无理指摘和污蔑抹黑。,郭嘉昆
t20250428_11606158.html,法新社记者,上周末，美国总统特朗普和乌克兰总统泽连斯基在梵蒂冈出席教皇方济各葬礼期间举行了会谈，双方都认为该会谈具有历史意义。特朗普随后称，希望普京停火并签订协议，未来几周至关重要。中方对此有何评论？自该会谈以来，中方是否与美方或乌方进行过接触？,中方在乌克兰危机问题上的立场是清晰、明确的，我们希望有关各方继续通过对话谈判解决危机。,郭嘉昆
t20250428_11606158.html,印度报业托拉斯记者,你刚才表示，希望对克什米尔恐袭事件尽快开展公正调查。你认为开展公正调查是可能的吗？尤其考虑到，有指控称，国家支持的恐怖主义者跨境进入查谟和克什米尔发动袭击，如何确保调查是公正的呢？,刚才我已经回答了有关问题。我想重申的是，印度和巴基斯坦都是南亚地区重要国家，两国和睦相处对于地区和平、稳定与发展至关重要。作为印、巴的共同邻国，中方呼吁双方保持克制，通过对话解决分歧，共同维护地区和平稳定。,郭嘉昆
t20250428_11606158.html,彭博社记者,上周，中国人民银行行长和财政部长在美国华盛顿出席国际货币基金组织／世界银行春季会议。消息稿显示他们会见了多名外方官员，但没有提到是否会见了美方团队成员。有报道称双方低级别官员确实见了面。即使双方未就贸易问题开展对话，是否在此次会议期间进行了会见或会谈？,关于中国代表团出席相关会议，中方已经发布了消息稿，你可以查阅。关于你提到的问题，我不了解相关情况。,郭嘉昆
t20250428_11606158.html,路透社记者,中方是否派代表团或代表出席了教皇葬礼？,我没有可以提供的信息。在中梵关系问题上，中方的立场是一贯的。,郭嘉昆
t20250428_11606158.html,法新社记者,外交部能否介绍王毅外长赴巴西出席金砖国家外长会晤的情况？是否会同其他国家达成协定，以共同应对关税挑战？,中方此前已经发布了王毅外长出席金砖国家外长会晤及相关会议的信息。关于王毅外长在巴西期间的活动，中方会适时发布消息，请你保持关注。,郭嘉昆
t20250428_11606158.html,法新社记者,乌克兰总统泽连斯基此前表示，如果中国真心主张“战场不外溢”，那么应对朝鲜施加影响。中方下步准备如何行动？,中方在乌克兰危机问题上的立场始终是非常明确的，也是一贯的。我们一直积极致力于停火止战、劝和促谈。,郭嘉昆
t20250429_11609382.html,法新社记者,卡尼领导的加拿大自由党在联邦大选中获胜。中方对此有何评论？如何看待中加关系的未来？,中方注意到有关报道。中方在中加关系问题上的立场是一贯、明确的，愿在相互尊重、平等互利基础上发展中加关系。,郭嘉昆
t20250429_11609382.html,日本共同社记者,日中友好议员联盟代表团这几天访问北京，在同中方交流时提出，希望能够再次租借大熊猫。中方对此有何看法？,旅居日本的大熊猫一直深受日本民众喜爱。2023年大熊猫香香回国之际，日本民众依依不舍，排长队送行。长期以来，中日双方在大熊猫饲养繁育、科学研究、技术交流、公众教育等方面取得了积极合作成果。欢迎日方继续关心大熊猫保护国际合作，支持中国大熊猫保护事业，共同保护好大熊猫这一旗舰物种。据我了解，中日双方就推进相关合作保持着密切沟通。,郭嘉昆
t20250429_11609382.html,中新社记者,今年是中国人民抗日战争暨世界反法西斯战争胜利80周年，今天是《禁止化学武器公约》生效28周年纪念日。日本遗弃在华化学武器是日本军国主义对中国人民所犯罪行的重要例证，处理日遗化武是公约框架下一项重要工作。发言人能否介绍此项工作进展如何？中方有什么关切？,侵华日军遗弃化学武器是当年日本军国主义侵略者侵华战争犯下的严重罪行之一。虽然战争已结束80年，但日遗化武至今仍在严重威胁、危害着中国有关地区人民生命财产和生态安全。清除日遗化武毒害是日方不容推卸的历史、政治和法律责任，也是《禁止化学武器公约》规定的国际义务。在中方大力协助下，日方迄已挖掘回收日遗化武约15万枚，销毁约12万枚，但总体看日遗化武处理进程仍严重滞后。,郭嘉昆
t20250429_11609382.html,彭博社记者,昨天，美国财长贝森特称，他认为缓和关税战取决于中方，因为中国对美出口是美国对华出口的5倍，所以征收125％的关税不可持续。你是否同意中方有责任率先缓和局势？,中方多次阐明，关税战、贸易战没有赢家。这场关税战是美方发起的。如果美方想通过对话谈判解决问题，就应该停止威胁施压，在平等、尊重、互惠的基础上同中方开展对话。,郭嘉昆
t20250429_11609382.html,路透社记者,今天早上，外交部微信公众号发布了一条中英双语视频，内容显示中国不会向美国下跪，并指责特朗普对其他国家玩起“90天缓刑”的游戏，胁迫他国限制对华经贸合作。中方对此有何评论？,首先感谢你对外交部新媒体账号的关注。希望这条视频能够帮助各方更好地理解中方立场。,郭嘉昆
t20250429_11609382.html,今日俄罗斯记者,昨天，俄罗斯总统普京宣布5月8日至11日实施为期3天的停火。中方对此有何评论？,在乌克兰危机问题上，中方的立场清晰、明确，我们支持一切致力于和平的努力。希望有关各方继续通过对话谈判解决危机。,郭嘉昆
t20250429_11609382.html,彭博社记者,今天韩联社报道称，一个韩国男团将于下个月在福州举办演唱会，这将是9年来首次在中国举办的韩国流行音乐演唱会。发言人能否证实此事？为何过去几年没有举办过类似的演唱会？,我不了解你提到的有关演出的具体情况。我想强调的是，我们对同韩方开展有益的文化交流合作持开放态度。希望韩方与中方共同努力，推动双方各领域交流合作向前发展。,郭嘉昆
t20250429_11609382.html,法新社记者,叙利亚外交部门负责人阿萨德·哈桑·希巴尼在纽约会见中国常驻联合国代表傅聪时表示，叙政府希望加强与中国的关系。发言人能否介绍会见情况？中方是否愿意加强与叙新政府的关系？,中国和叙利亚人民传统友好。中方支持叙利亚境内尽早实现和平，通过包容性对话找到符合人民意愿的国家重建方案，希望叙利亚坚定反对任何形式的恐怖主义和极端势力。,郭嘉昆
t20250429_11609382.html,法新社记者,据报道，意大利轮胎制造商倍耐力称，中化集团对该公司的控制权已经终止，因为根据一项新的政府裁决，政府有权阻止其他国家控制本国战略资产。外交部对此有何评论？,具体情况，建议你向中方主管部门询问。,郭嘉昆
t20250429_11609382.html,法新社记者,克什米尔地区发生针对游客的袭击事件之后，印度和巴基斯坦军队昨晚再次交火。中方是否计划介入调解？,印度和巴基斯坦都是南亚地区的重要国家，两国和睦相处对地区和平、稳定与发展至关重要。作为印度和巴基斯坦的共同邻国，中方呼吁双方保持克制，通过对话协商妥善处理分歧，共同维护地区和平与稳定。,郭嘉昆
t20250429_11609382.html,彭博社记者,在拒绝接收波音飞机多日之后，中国商务部今天表示愿意继续支持与美国波音公司的合作。这是否意味着中方改变了对进口波音飞机以及其他美国商品的立场？这是否是中方为缓和贸易紧张关系采取的行动？,有关具体项目合作，中国商务部已经发布了消息稿，你可以查阅。中方在关税问题上的立场是一贯的。如果美方希望解决问题，就应停止威胁施压，在平等、尊重、互惠的基础上同中方开展对话。,郭嘉昆
t20250430_11614167.html,湖北广电记者,金砖国家外长会晤在巴西落下帷幕，会晤发表主席声明，重申坚持多边主义，对不公正的单边保护主义上升表示严重关切。巴西外长也表示，当前国际形势日益复杂，金砖国家肩负重要责任，必须团结协作，共同应对风险，为世界和平与可持续发展发挥核心作用。发言人能否介绍会晤达成的共识？在应对共同挑战方面释放了什么信息？,4月28日至29日，金砖国家外长会晤在巴西里约热内卢举行，王毅外长出席。,郭嘉昆
t20250430_11614167.html,日本经济新闻记者,昨天日本和菲律宾首脑举行会谈，双方同意扩大安全领域合作，反对单方面改变东海、南海现状。中方对此有何评论？,中方一贯认为，国家间的交流合作，不应针对第三方或损害第三方利益。今年是中国人民抗日战争暨世界反法西斯战争胜利80周年。二战时，日本曾对包括菲律宾在内的东亚国家进行侵略和殖民统治，侵占南海诸岛，负有严重历史罪责。我们敦促日方走和平发展道路，在军事安全领域慎重行事。我们反对任何在本地区搞拉帮结派、加剧地区局势紧张的做法。,郭嘉昆
t20250430_11614167.html,路透社记者,台湾方面称，索马里因对台湾与索马里兰发展关系不满，禁止台湾公民入境。索马里此举是受到中方压力。外交部对此有何回应？,中方注意到，近日索马里联邦政府根据索联邦宪法和联合国大会第2758号决议，宣布禁止持台湾当局签发的旅行证件人员出入境或过境索马里，重申索方恪守一个中国原则，强调台湾当局同索马里兰互设所谓“代表处”并开展官方往来直接侵犯索马里主权和领土完整。,郭嘉昆
t20250430_11614167.html,法新社记者,据《政客》报道，中方准备解除对5名欧洲议会议员的制裁，这将为双方恢复外交接触扫清道路。这些议员因批评中国人权状况而在2021年受到制裁。中方是否认为这有助于欧中贸易谈判？,当前，中欧关系呈现向好势头。今年是中国同欧盟建交50周年，双方关系发展面临重要机遇。中欧经贸合作优势互补、互利共赢。作为世界主要经济体，中欧在当前形势下共同维护多边贸易体制，促进贸易自由化便利化，将为世界经济和全球贸易注入宝贵稳定性和确定性。,郭嘉昆
t20250430_11614167.html,彭博社记者,在过去24小时内，美中双方是否就美对华加征关税进行过接触？,据我了解，中美双方并没有就关税问题进行磋商或谈判。,郭嘉昆
t20250430_11614167.html,法新社记者,庞德伟（David　Perdue）已确认担任美国驻华大使。外交部对此有何回应？,在中美关系和经贸问题上，中方的立场是一贯的、明确的。,郭嘉昆
t20250430_11614167.html,彭博社记者,在今天记者会开始前，中方发布了《关于新冠疫情防控与病毒溯源的中方行动和立场》白皮书。白皮书重复了外交部多次作出的关于美国德特里克堡生物实验室的表态，并提出一系列问题，包括美方为何不作出解释、在隐瞒什么。美中互相要求对方解释在武汉和德特里克堡发生了什么，这有什么本质区别？,中方已经多次阐述了在新冠病毒溯源问题上的立场。溯源是一个科学问题，应当秉持科学精神、由科学家来作出判断。“实验室泄漏极不可能”是相关专家在实地走访有关实验室并同科研人员深入交流的基础上得出的权威科学结论，得到了国际社会和科学界的广泛认可，这也是中方立场的科学依据。,郭嘉昆
t20250430_11614167.html,法新社记者,欧洲议会德国籍议员的前助手被控涉嫌为中国从事间谍活动。外交部是否就此同德国政府进行沟通？,中方始终秉持相互尊重、求同存异、交流互鉴、合作共赢原则发展中德关系。所谓“中国间谍威胁论”纯属无中生有，恶意诋毁。我们敦促德方停止诬蔑抹黑中国，以实际行动维护双边关系发展良好势头。,郭嘉昆
t20250430_11614167.html,彭博社记者,菲律宾政府在菲选举委员会外逮捕了一名中国公民，称他是“中国间谍”。中方对此有何评论？,关于你提到的具体情况，中方正在同菲方沟通了解。作为原则，我想强调的是，中方一贯奉行不干涉内政原则，我们不会也没兴趣干涉菲律宾的内政。我们奉劝菲律宾个别政客不要借机炒作涉华议题，无中生有，借机谋利。,郭嘉昆
t20250430_11614167.html,法新社记者,《纽约时报》报道称，中国判处一名美国商人5年监禁。外交部是否就此案与美方沟通？能否介绍有关情况？,我不了解你提到的情况。中国是法治国家，中国司法机关严格依法办案。,郭嘉昆
t20250430_11614167.html,法新社记者,法国政府周二宣布，由于担心美国关税迫使更多中国商品进入其他国家市场，法国将从明年起对中国输法小包裹征收“手续税”。中方如何看待这一决定？,具体问题建议向中方主管部门了解。中方愿同各国一道，共同营造开放、包容的国际贸易环境。希望法方为中国企业提供公平、透明、非歧视的营商环境。,郭嘉昆
t20250506_11616274.html,总台央视记者,今天是中国和欧盟建交50周年纪念日，你如何评价中欧关系过去50年的发展？对双方关系未来发展有何期待？,1975年5月，时任国务院总理周恩来同来访的欧洲经济共同体委员会副主席索姆斯爵士举行会见，宣布中欧建交的决定，这是当时国际关系中的一件大事。50年来，中欧形成了强大的经济共生关系，年贸易额从24亿美元增长到7858亿美元，增长了300多倍，现在的一天就相当于从前的一年。双方在应对气候变化等领域开展了富有成效的多边协调合作。这些合作不仅为双方近20亿人民带来了实实在在的福祉，也为维护世界稳定繁荣作出重要贡献。中欧关系50年发展最宝贵的经验是相互尊重，求同存异。中欧历史、文化、制度不同，但只要双方尊重彼此人民选择的发展道路和社会制度，求同存异，聚同化异，双方就可以在相互学习借鉴和开放合作中实现共同进步、互利共赢、相互成就。,林剑
t20250506_11616274.html,中新社记者,据报道，中方已同欧洲议会相互取消交往限制，可否证实？,过去几年，中欧立法机构交往因为众所周知的原因，出现了一些波折。当前形势下，双方都认为，中欧加强对话合作十分重要。经双方商定，中方和欧洲议会决定同步全面取消对相互交往的限制。我们相信并期待，随着中欧全面恢复立法机构交往，双方交流和理解将更加深入，这将为中欧关系持续健康稳定发展注入新动力。,林剑
t20250506_11616274.html,东方卫视记者,5月3日，新加坡举行全国大选。新加坡总理黄循财领导的人民行动党赢得选举，将继续执政。请问中方对此有何评论？对中新关系未来发展有何期待？,我们注意到新加坡总理黄循财领导的人民行动党在全国大选中获胜。中方对此表示祝贺。,林剑
t20250506_11616274.html,香港无线电视记者,近日有媒体称，长江和记获准出售巴拿马运河港口以外的港口。中方对此有何评论？,这一报道没有根据。,林剑
t20250506_11616274.html,《中国日报》记者,据报道，5月3日多哥议会选举德托夫为新总统，前总统福雷担任多哥政体改革后首位部长会议主席，请问中方对此有何评论，对中多关系有何期待？,中方对多哥顺利完成政治过渡、选举产生新总统和首位部长会议主席表示赞赏和祝贺。,林剑
t20250506_11616274.html,法新社记者,美国总统特朗普近期接受美国全国广播公司采访时表示，不会为推动中方谈判而降低对华关税。请问中美离正式开启贸易谈判还有多远？是否美国必须先降低关税，中国才愿意参与谈判？,事实上，这场关税战是美方挑起的，中方的态度是一贯的也是明确的：打，奉陪到底；谈，大门敞开。美方近期不断表示希望同中方进行谈判。关税战、贸易战没有赢家。如果美方真想通过对话谈判解决问题，就应该停止威胁施压，在平等、尊重、互惠的基础上同中方开展对话。,林剑
t20250506_11616274.html,埃菲社记者,中拉论坛部长级会议即将召开，中方希通过会议达成什么主要目标？在美国加征关税的背景下，各方是否将在会上讨论贸易多元化？,中拉论坛第四届部长级会议将为中拉双方共商发展大计提供重要契机，也将为世界注入更多稳定性和正能量。有关此次会议的具体情况，我们会适时发布，请你保持关注。,林剑
t20250506_11616274.html,法新社记者,以色列已批准扩大对加沙的军事行动，以政府昨天表示该计划将迁离大多数当地民众。中方对此有何评论？,中方高度关注当前巴以局势，反对以色列持续在加沙开展军事行动，希望各方连续有效执行停火协议，重返政治解决问题的正确轨道。,林剑
t20250506_11616274.html,《环球时报》记者,1日，美国中央情报局（CIA）在社交媒体发布两则中文视频，CIA官员称该视频旨在“招募中国官员窃取机密”。中方对此有何回应？,长期以来，美方使用各种卑劣手段窃取他国机密，干涉他国内政，颠覆他国政权，严重违背国际法和国际关系基本准则，严重危害国际安全和稳定。美国中央情报局在社交媒体发布的中文视频就是又一份证据确凿的“自供状”。美方不仅对中国恶意抹黑攻击，而且公然蛊惑诱骗中方人员投靠，甚至直接打中国政府官员的主意，这是对中国国家利益的严重侵犯，是赤裸裸的政治挑衅。中方对此强烈谴责。中方将采取一切必要措施，坚决打击境外反华势力的渗透破坏活动，坚定维护国家主权、安全和发展利益。,林剑
t20250507_11616789.html,法新社记者,印度与巴基斯坦紧张局势升级，中方是否正同印巴双方接触，以推动局势降温？,中方已就当前印巴局势阐明立场。我们对今天凌晨印度的军事行动表示遗憾，对目前事态发展感到担忧。印度和巴基斯坦是搬不走的邻居，也都是中国的邻国。中方反对一切形式的恐怖主义，我们呼吁印巴双方以和平稳定大局为重，保持冷静克制，避免采取使局势进一步复杂化的行动。我们愿同国际社会一道努力，继续为缓解当前紧张局势发挥建设性作用。,林剑
t20250507_11616789.html,路透社记者,追问关于印巴紧张局势升级的问题，当地中国公民或飞越该地区的中国航空公司航班是否受到影响？,中方正在密切关注事态发展。建议在相关地区的中国公民和机构密切关注当地形势，提高安全风险防范意识，避免前往冲突涉及地点。如遇紧急情况，请及时与中国驻当地使领馆联系寻求帮助。,林剑
t20250507_11616789.html,《北京青年报》记者,前不久，美国总统特朗普在“真实社交”发文称，“美军舰、商船应被允许免费通行巴拿马、苏伊士运河。没有美国，这些运河就不会存在。我已要求国务卿鲁比奥立即就此开展工作。”近期，埃及各界均强烈反对有关言论。请问中方对此有何评论？,我们注意到有关报道。埃及对苏伊士运河的主权和管理运营权无可争议。我们坚定支持埃及政府和人民捍卫主权和正当权益，反对任何霸凌言行。,林剑
t20250507_11616789.html,深圳卫视记者,据西班牙媒体报道，近日，西班牙政府发布《2025—2028外交行动战略》，强调要深化西中全面战略伙伴关系。桑切斯首相深化同中国关系的举措不是短期意向，而是未来4年西班牙外交路线图的重要组成部分。中方对此有何评价？,中方赞赏西班牙政府重视发展对华关系，持续推动两国务实合作和人员往来。不久前桑切斯首相成功访华，双方共同发表关于加强全面战略伙伴关系的行动计划，提出共同打造更有战略定力、更富发展活力的全面战略伙伴关系。双方还共同签署经贸、教育、科技等多项合作文件，在电动汽车、动力电池等新能源领域取得重要合作成果。中方愿同西班牙一道继续深化开放合作，特别是绿色、人工智能、数字经济等领域务实合作，为两国人民增进福祉，为中欧关系增添动力。,林剑
t20250507_11616789.html,路透社记者,俄罗斯和乌克兰连夜向对方首都发起空袭，导致莫斯科主要机场夜间大部分时间被迫关闭。中方如何看待这一事态发展？,中方在乌克兰危机问题上的立场一贯明确，一直积极致力于劝和促谈、停火止战。国际社会多数国家也在以自己的方式为政治解决乌克兰危机发挥建设性作用。当务之急是避免局势紧张升级，有关各方都应该为此凝聚共识、创造条件。,林剑
t20250507_11616789.html,彭博社记者,中方今天早晨宣布，何立峰副总理将访问瑞士，在瑞士期间将举行中美经贸高层会谈。中方对会谈有何期待？此次出访有哪些陪同官员？,美方近期不断表示希望同中方进行谈判。这次会谈是应美方请求举行的。,林剑
t20250507_11616789.html,总台央视记者,追问一个关于中美经贸高层会谈的问题。近日美方不断渲染中方难以承受加征高额关税带来的压力。请问发言人对此有何回应？,任何外部冲击都改变不了中国经济基础稳、优势多、韧性强、潜力大的基本面，也改变不了中国高质量发展扎实推进的稳固态势。我们有强大抗压能力和充足措施手段维护自身正当权益，也愿同国际社会加强团结协调，共同抵制单边主义、保护主义和经济霸凌行径，维护多边贸易体制，捍卫国际公平正义。,林剑
t20250507_11616789.html,总台CGTN记者,我们注意到，中国和赞比亚日前在联合国总部共同举办人工智能能力建设国际合作之友小组主题活动，发言人能否进一步介绍有关情况？,5月6日，中国和赞比亚在联合国总部共同举办人工智能能力建设国际合作之友小组主题活动。俄罗斯、法国、巴西、印度尼西亚、巴基斯坦、埃塞俄比亚等70多个国家及联合国、国际电信联盟等国际组织派员参会，共同探讨人工智能公平普惠发展。,林剑
t20250507_11616789.html,埃菲社记者,哥伦比亚计划在佩特罗总统访华期间加入“一带一路”倡议。中方对此有何评论？,哥伦比亚是现任拉美和加勒比国家共同体轮值主席国。中方正同哥方一道，积极推进中拉论坛第四届部长级会议筹备工作。关于你提到的具体问题，目前我没有要发布的消息。,林剑
t20250507_11616789.html,印度报业托拉斯记者,印度在数小时前就当前印巴冲突召开官方发布会，明确表示印方今天打击的巴基斯坦境内及巴控克什米尔地区目标主要同恐怖分子基础设施有关，此前还有情报显示巴方正在计划对印发起新一轮袭击。发言人提到“愿同国际社会一道努力”，你能否具体介绍中方计划发起什么样的倡议？,我刚才已经回答过有关问题，阐明了中方的原则立场。对于当前印度和巴基斯坦之间的事态，国际社会都非常关注。中方致力于劝和促谈，维护地区和平稳定。我们也注意到，印巴双方均表示不希望局势升级。希望印巴双方都能够保持冷静克制，相向而行，通过对话协商妥善处理分歧。中方愿继续为缓和当前紧张局势发挥建设性作用。,林剑
t20250507_11616789.html,彭博社记者,追问关于中美经贸高层会谈的问题。中方此前的立场是，除非美方降低或取消其加征的145％单边关税，否则中方无意同美方谈判。现在中方同意同美方举行会谈，但美方除了几周前宣布的豁免之外，并未取消关税。中方为何改变了立场？是否期待通过会谈实现双方降低关税？,我刚才已经表明，中方的立场没有任何改变。这场关税战是美方挑起的。如果美方真想通过对话谈判解决问题，就应该停止威胁施压，在平等、尊重、互惠的基础上同中方对话。中方将坚定维护自身正当权益和国际公平正义，维护世贸组织规则和多边贸易体制。,林剑
t20250507_11616789.html,法新社记者,中国人民解放军将于本周五参加在莫斯科举行的纪念二战胜利阅兵活动。乌克兰方面昨天称，任何外国军队参与此次阅兵，都将被乌方视作对俄罗斯的支持。中方对此有何回应？,世界反法西斯战争取得伟大胜利，是全世界爱好和平、支持正义的国家和人民共同奋斗的结果。中国人民和苏联各族人民为此付出巨大民族牺牲，作出不可磨灭的历史贡献。中方参加俄方举行的纪念苏联伟大卫国战争胜利80周年庆典，体现了中方对历史的尊重和铭记，也体现了中方捍卫二战胜利成果的坚定决心。,林剑
t20250507_11616789.html,彭博社记者,习近平主席本周访问俄罗斯期间将同普京总统举行会谈，可能谈及“西伯利亚力量2号”天然气管道项目，该项目已存在多年，计划穿越蒙古、连接中俄，但从未启动。外交部能否证实该项目是议题之一？能否提供更多具体情况？,中俄一贯本着相互尊重、互利共赢原则开展包括能源在内的各领域务实互利合作。具体情况建议你向主管部门了解。,林剑
t20250508_11617542.html,总台中国之声记者,近日，中国多个部门和机构公布了“五一”假期国内经济表现监测数据，从客流量、零售餐饮销售额、旅游订单量等多项指标看，中国消费市场在这个假期持续升温。中国经济迸发的强劲活力似乎与一些国际机构对中国经济前景的担忧形成反差，也有不少观点认为中国经济的韧性令其能够扛住各种外部冲击。发言人对此有何评论？,火爆的假日消费折射出中国经济蓬勃向上的活力和潜力。据统计，“五一”期间全国消费相关行业销售收入同比增长15.2％，中外人员出入境日均217.9万人次，同比增长28.7％，其中外国人出入境111.5万人次，同比涨幅高达43.1％，入境游销售额增长约九成。从“中国游”到“中国购”，制度型开放举措正在转化为对外国游客实实在在的吸引力。在刚刚闭幕的广交会上，到会境外采购商人数和现场意向出口成交等多项指标刷新历史纪录，头部跨国采购企业达376家，创历史新高，反映出各国工商界继续看好中国经济长期向好发展。中方日前发布的《中国营商环境发展报告（2025）》更是全方位展示了中国政府为中外企业持续打造市场化、法治化、国际化一流营商环境的决心和诚意。,林剑
t20250508_11617542.html,日本广播协会记者,我想就中俄关系提一个关于军民两用物项的问题。中国海关数据显示，中国向俄罗斯出口电子游戏机及手柄的数量大幅增加，有人担心这些手柄被俄方改造用于军事用途，包括用作无人机遥控器。中方如何看待这一情况？,中方在乌克兰问题上的立场一贯、明确，一直积极致力于止战停火、劝和促谈。中方从未向冲突任何一方提供致命性武器，严格管控军民两用物项。我想强调，如果有人存心抹黑中国，中方任何对外正常合作都会被拿来做文章。中方坚决反对不怀好意的无端指责和政治操弄。 你问到的具体情况可以向中方主管部门进一步了解。,林剑
t20250508_11617542.html,法新社记者,关于印巴紧张局势，巴基斯坦总理夏巴兹表示，巴方将为死于印度袭击克什米尔地区的人“报仇”。中方对此有何评论？,我们昨天已就当前印巴局势表明了中方立场。中方对目前事态发展感到担忧。印度和巴基斯坦是搬不走的邻居，也都是中国的邻国。中方反对一切形式的恐怖主义，呼吁印巴双方以和平稳定大局为重，遵守《联合国宪章》等国际法，保持冷静克制，避免采取使局势进一步复杂化的行动。我们愿同国际社会一道努力，继续为缓解当前紧张局势发挥建设性作用。,林剑
t20250508_11617542.html,澎湃新闻记者,近日，美国国务卿鲁比奥会见加勒比国家领导人时声称，加勒比国家在为重要基础建设项目选择供货商和承包商时要做负责任和透明决策，确保项目不存在侵犯隐私或安全风险，也不会被诸如中国共产党之类的“恶意行为体”所利用。中方对此有何回应？,这一言论恶意攻击中国、抹黑破坏中国同有关国家关系，暴露出意识形态偏见和对国际关系基本准则的无视无知，中方表示强烈不满和坚决反对。,林剑
t20250508_11617542.html,总台央视记者,近日，菲律宾、美国、澳大利亚分别就三国军方位于南海有关海空域开展联合巡航发声，声称该活动旨在加强联合行动能力，支持“自由开放的印太地区”。请问外交部对此有何评论？,日前，菲律宾、美国和澳大利亚在南海开展海空联合巡航并大肆炒作，中方对此坚决反对。,林剑
t20250508_11617542.html,彭博社记者,我有一个关于中美经贸高层会谈的问题。商务部发言人刚才表示，美方要在取消单边加征关税等问题上做好准备。是否言下之意是，除非美方取消关税，否则中方不会取消关税，双方在贸易问题上也不会取得进展？,关于中美经贸高层会谈，昨天我们已经清楚阐明了中方立场。关于会谈的具体情况，你可以保持关注。我要强调的是，中方维护自身正当权益的决心不会改变，捍卫国际公平正义、维护多边贸易体制的立场和目标不会改变。,林剑
t20250508_11617542.html,埃菲社记者,外交部能否介绍中方对将举行的中拉论坛会议有何期待？,谢谢你对中拉论坛第四届部长级会议的关注，我们会适时发布有关消息。,林剑
t20250508_11617542.html,法新社记者,菲律宾军方今天表示，在南海黄岩岛附近与中国海军发生了一起“事件”。菲方称中方军舰采取了高风险的机动动作。请问发言人对此有何回应？能否进一步介绍相关情况？,菲方有关言论罔顾事实，颠倒黑白。黄岩岛是中国固有领土。菲律宾军舰企图强闯黄岩岛，中方采取必要处置措施，正当合法，专业克制。菲方在海上频繁侵权挑衅才是导致局势紧张的根源。中方敦促菲方立即停止侵权挑衅，不要挑战中方维护国家领土主权和海洋权益的坚定决心。,林剑
t20250508_11617542.html,法新社记者,韩国军方称，朝鲜今天发射数枚弹道导弹。中方是否注意到这一情况？对此有何回应？,中方在朝鲜半岛问题上的立场是一贯的、明确的。针对有关发射活动，我没有新的评论。,林剑
t20250508_11617542.html,路透社记者,台湾地区领导人赖清德在纪念二战结束的活动上对西方国家外交官表示，台湾与欧洲正面对“新极权集团的威胁”。发言人对此有何评论？,今年是中国人民抗日战争暨世界反法西斯战争胜利80周年，也是台湾光复80周年。1945年台湾回归中国是二战胜利成果和战后国际秩序的重要组成部分。《开罗宣言》《波茨坦公告》和《日本投降书》等一系列具有国际法律效力的文件都确认了中国对台湾的主权，奠定了战后国际秩序的基石。,林剑
t20250508_11617542.html,路透社记者,据我社今日报道，中国领导人将于本月晚些时候访问马来西亚并出席同东盟和海湾国家举行的峰会。发言人能否证实并提供更多细节？,东盟和海湾国家都是亚洲新兴经济体和全球南方重要成员，也是中方共建“一带一路”重要合作伙伴。中方积极支持东盟轮值主席国马来西亚举办东盟—中国—海合会峰会，这体现了地区国家开放合作、互利共赢的共同愿望。中方愿同东盟、海合会国家以此为契机深化互利合作，共同捍卫自身正当发展权益和国际公平正义，共同维护国际经贸秩序和多边贸易体制。,林剑
t20250509_11618237.html,《北京日报》记者,习近平主席正在对俄罗斯进行国事访问，并出席纪念苏联伟大卫国战争胜利80周年庆典。我们注意到，这是习近平主席第11次来到俄罗斯，俄罗斯是他作为国家主席到访最多的国家。中俄元首一直保持密切沟通，迄已会晤40余次，引领新时代中俄关系在复杂的外部环境下坚毅前行。发言人能否进一步介绍此访有关情况？,5月7日开始，习近平主席应邀对俄罗斯进行国事访问，并出席纪念苏联伟大卫国战争胜利80周年庆典。访问期间，习近平主席同普京总统举行了深入友好、富有成果的会谈，就中俄关系和重大国际和地区问题深入交换意见，达成许多新的重要共识。两国元首共同签署《中俄在纪念中国人民抗日战争、苏联伟大卫国战争胜利和联合国成立80周年之际关于进一步深化中俄新时代全面战略协作伙伴关系的联合声明》，共同见证中俄双方交换20多份双边合作文本，为中俄关系发展注入新动能。,林剑
t20250509_11618237.html,法新社记者,来自美国的罗伯特·普雷沃斯特昨天在梵蒂冈当选教皇，称为利奥十四世。外交部对此有何评论？新教皇上任后，中方对与梵蒂冈的接触有何期待？,我们对罗伯特·普雷沃斯特枢机主教当选新任教皇表示祝贺。希望梵蒂冈在新教皇的领导下，继续本着建设性精神同中方对话，就共同关心的国际议题深入沟通，共同推动中梵关系不断改善，为世界和平稳定和发展繁荣作出贡献。,林剑
t20250509_11618237.html,彭博社记者,习近平主席访俄期间就乌克兰危机表示，期待通过对话达成一个公平、持久、有约束力并被各当事方所接受的和平协议。这是习近平主席首次谈到应达成何种和平协议。是否可以视作中方就结束乌克兰危机提出的新构想，还是此前表态的延续？,在乌克兰危机问题上，中方的立场是一贯的、明确的，没有变化。中方也将继续同国际社会一道，为最终化解危机、实现持久和平发挥建设性作用。,林剑
t20250509_11618237.html,共同社记者,中国和日本的有关部门昨天就日本水产品输华问题进行了第三次谈判。请问谈判是否取得了积极进展？恢复日本水产品进口前景如何？,5月8日，中国海关总署应约同日方就日本水产品安全问题进行了技术交流。双方就如何加强水产品检验监测、确保质量安全深入交换意见。中方强调，能否恢复日本水产品进口，要基于中方持续独立取样监测一系列科学数据，且日方应切实采取措施有效保障水产品质量安全，必须满足中国法律法规要求。日方表示高度重视中方和中国民众关切，再次确认持续开展对排海国际监测和利益攸关国独立取样监测，并将确保日本输华水产品符合中方规准。,林剑
t20250509_11618237.html,乌通社记者,俄罗斯总统普京昨天会见习近平主席时表示，俄中将共同抵制新纳粹主义抬头。这一表态是否意味着中方赞同俄方观点？是否意味着中方将帮助俄方打击所谓的纳粹主义，支持俄对乌的军事行动？,联合国大会多次以压倒性优势表决通过打击新纳粹主义相关决议，代表了国际社会对这一问题的鲜明立场，你可以查看。关于乌克兰危机，正如我刚才所说，中方的立场是一贯的、明确的，没有变化。中方愿根据当事方意愿，同国际社会一道，为最终化解危机、实现持久和平继续发挥建设性作用。,林剑
t20250512_11619456.html,总台央视记者,习近平主席对俄罗斯国事访问并出席纪念苏联伟大卫国战争胜利80周年庆典期间，同普京总统签署关于进一步深化中俄新时代全面战略协作伙伴关系的联合声明，发表关于进一步加强合作维护国际法权威的联合声明等，同多国领导人举行双边会晤，就弘扬正确二战史观、坚守多边主义、捍卫国际公平正义沟通协调。在当前战后国际秩序面临风险挑战的背景下，捍卫二战胜利成果具有什么重要意义？,习近平主席对俄罗斯进行国事访问并出席纪念苏联伟大卫国战争胜利80周年庆典取得圆满成功。访问的具体情况，中方已经发布了消息，王毅外长也向媒体作了全面深入的介绍。,林剑
t20250512_11619456.html,新华社记者,中方发布了巴西总统卢拉访华的消息，请问中方如何看待当前中巴关系？能否介绍此访安排和中方期待？,中国和巴西同为发展中大国、全球主要新兴市场国家、金砖国家和全球南方重要成员，两国关系始终走在中国同发展中国家关系的前列。去年中巴隆重庆祝建交50周年，习近平主席对巴西成功进行国事访问，两国元首共同宣布将双边关系提升为携手构建更公正世界和更可持续星球的中巴命运共同体，并将共建“一带一路”倡议同巴西发展战略对接。中巴关系进入新的历史阶段。,林剑
t20250512_11619456.html,俄新社记者,俄罗斯总统普京11日提议无条件重启俄乌谈判，称谈判期间可能就新的停火协议达成一致，中方对此有何评论？,在乌克兰危机问题上，中方的立场一贯、明确。我们支持一切致力于和平的努力，希望有关各方继续通过对话谈判达成一份公平、持久、有约束力并为各当事方接受的和平协议，最终实现乌克兰危机政治解决。,林剑
t20250512_11619456.html,彭博社记者,根据我们的理解，中美在日内瓦举行经贸高层会谈后，中方将在初始90天内将对美商品关税从125％降至10％，美方将在初始90天内将对华商品关税降至30％。发言人对会谈成果有何评论？（中阿卫视亦问及）,关于中美经贸高层会谈，中方已经发布了消息。双方刚刚发布会谈达成的联合声明，你可以查阅。,林剑
t20250512_11619456.html,共同社记者,昨天，日本海上保安厅称在冲绳县钓鱼岛附近发现一艘中国科考船将一管状物体放入“日本专属经济区”海域内，日方要求其停止操作。该科考船有何目的？外交部对此事有何评论？,钓鱼岛及其附属岛屿是中国固有领土。中国海洋科考船在相关海域活动完全是中国主权权利范围内的事。,林剑
t20250512_11619456.html,中新社记者,据报道，印度和巴基斯坦于5月10日达成共识，同意立即停火。双方将于5月12日再次举行会谈。我们注意到，中共中央政治局委员、中央外办主任、外交部长王毅5月10日晚分别同巴基斯坦副总理兼外长达尔和印度国家安全顾问多瓦尔通电话，许多国家也为缓解印巴紧张局势发挥了积极作用，巴基斯坦总理夏巴兹对此表示感谢。请问中方对此有何评论？,中方注意到有关报道。印度和巴基斯坦实现停火符合印巴双方根本和长远利益，有利于地区和平稳定，也是国际社会的普遍期待。中方对此表示支持和欢迎。,林剑
t20250512_11619456.html,乌通社记者,乌克兰、美国及欧洲国家提议于今天开始与俄罗斯实行为期30天的停火。俄方尚未作出回应。中方对停火提议有何评论？美总统特朗普称期待中国、土耳其等主要国家更积极参与解决俄乌冲突。中方对此有何评论？,我刚才已阐明中方在乌克兰危机上的立场。我们支持一切致力于和平的努力，希望有关各方继续通过对话谈判达成一份公平、持久、有约束力并为各当事方接受的和平协议，最终实现乌克兰危机政治解决。,林剑
t20250512_11619456.html,彭博社记者,追问中美经贸高层会谈。中方是否会取消稀土或关键矿物的出口许可管制？,会谈的具体情况请你查阅中方发布的消息稿和双方的联合声明。,林剑
t20250512_11619456.html,《中国日报》记者,据报道，9日，台湾当局就中俄联合声明妄议中国共产党对抗战的贡献，称《开罗宣言》和《波茨坦公告》确认“中华民国”对台“主权”，台在历史、国际法和现实上“从未属于中华人民共和国”，“两岸互不隶属”才是国际社会普遍认知的台海现状。中方对此有何评论？,有关言论再次充分暴露民进党当局歪曲历史、篡改事实、散布谎言谬论的惯用伎俩和不择手段谋求“台独”分裂的邪恶本质。,林剑
t20250512_11619456.html,彭博社记者,欧盟驻华大使上周五表示，过去20年里，中方一直忽视欧盟在经贸问题上的关切。外交部对此有何评论？,今年是中国同欧盟建交50周年。50年来，中欧交往对话日益紧密，利益融合不断加深，合作规模和水平大幅提升，多边协调卓有成效。双方建成70多个对话机制，就双边合作和双方关切进行深入沟通，达成众多共识，推动中欧关系取得了长足发展，年贸易额从24亿美元增长到7858亿美元，增长了300多倍，双向投资存量从几乎为零增长到2600亿美元。中国单方面免签政策已惠及24个欧盟成员国。,林剑
t20250513_11622040.html,总台华语环球节目中心记者,据报道，日本内阁官房长官林芳正日前在记者会上就中俄联合声明中“敦促日本政府汲取历史教训，在历史问题上谨言慎行，同军国主义彻底切割”有关表述称，日本在二战后一贯拥护自由、民主和法治并为亚洲和世界的繁荣作出贡献，今后也不会停止走和平发展道路。中俄对日本未能同军国主义划清界限的主张完全没有根据。林芳正称中国的军事活动是国际社会的关切事项，俄罗斯“侵乌”是动摇国际秩序的暴行，强烈期望中俄不要沉溺于批评他国。中方对此有何评论？,中方注意到有关报道。二战期间，日本军国主义发动侵略战争，犯下罄竹难书的罪行，给中国和亚洲受害国人民带来深重灾难。正确认识和对待历史，是日本战后重返国际社会的重要前提，是日本同周边国家发展关系的政治基础，更是检验日本能否恪守和平发展承诺的重要标准。然而时至今日，日本国内美化侵略战争和殖民统治的动向依旧层出不穷，在强征“慰安妇”这一人道主义罪行问题上闪烁其词，部分政客多次参拜供奉有甲级战犯的靖国神社，周边各国对此强烈不满、严重关切。日方不深刻反省自身侵略罪责，反而对中俄共同捍卫历史真相、努力实现世界和平的正义呼声说三道四，这再次反映出日方对待历史问题的错误态度，中方对此坚决反对。,林剑
t20250513_11622040.html,法新社记者,发言人能否介绍下阶段中美贸易谈判的细节？将讨论哪些议题？鉴于美方保留了因芬太尼问题对华加征的20％关税，双方计划如何就该问题进行谈判？,关于中美经贸高层会谈，中方主管部门已经发布了消息。,林剑
t20250513_11622040.html,路透社记者,在今天上午的中拉论坛第四届部长级会议开幕式上，为什么出现了台湾“邦交国”海地和圣卢西亚的国旗？,中拉论坛是中国同拉美和加勒比国家开展互利合作的重要平台。中方一贯欢迎并支持拉共体成员国参加论坛框架内活动。,林剑
t20250513_11622040.html,《北京青年报》记者,我们注意到，第二期人工智能能力建设研讨班日前在北京开班。发言人能否介绍相关情况？,5月12日，第二期人工智能能力建设研讨班在北京开班，近40个国家和国际组织派员参加。此次研讨班是落实《全球人工智能治理倡议》、“加强人工智能能力建设国际合作”联大决议以及《人工智能能力建设普惠计划》的具体行动。,林剑
t20250514_11622765.html,《人民日报》记者,13日，中国同拉美和加勒比国家在北京举行中拉论坛第四届部长级会议。发言人能否进一步介绍会议成果及影响？中方如何评价中拉论坛发挥的作用？对未来中拉合作有何期待？,昨天，中拉论坛第四届部长级会议在北京成功举行。习近平主席出席开幕式并发表重要讲话。拉共体轮值主席国哥伦比亚总统佩特罗、巴西总统卢拉、智利总统博里奇、新开发银行行长罗塞芙致辞，拉共体候任轮值主席国乌拉圭总统奥尔西致贺信。王毅外长主持全体会议。28个拉美和加勒比地区国家、6个地区组织，50余位部长级官员来华参会。会议通过《北京宣言》和《重点领域合作共同行动计划（2025－2027）》，达成超过100项三年合作项目。中方还宣布20项支持拉美发展的举措。在中拉论坛正式运行十周年之际，本次会议向世界发出了团结协作、共迎挑战的“中拉声音”。,林剑
t20250514_11622765.html,总台央视记者,据报道，中美在日内瓦举行经贸高层会谈后，中方将在初始90天内将对美商品关税从125％降至10％，同时美方将对华商品关税降至30％，其中包括以芬太尼为由对华加征20％的关税。中方对此有何评论？,中美双方在日内瓦的经贸会谈达成多项积极共识，同意大幅降低双边关税水平，美方承诺取消91％关税，暂停实施24％的“对等关税”；相应地，中方也取消91％反制关税，暂停实施24％的反制关税。双方各自保留10％的关税。,林剑
t20250514_11622765.html,埃菲社记者,乌拉圭前总统穆希卡昨日过世，中方对此有何评论？,穆希卡先生是乌拉圭著名领导人，深受乌拉圭人民爱戴。他也是中国人民的老朋友、好朋友，为推动中乌关系发展和互利友好合作作出积极贡献。我们对穆希卡先生不幸逝世表示深切哀悼，向其家属和乌拉圭人民表示诚挚慰问。,林剑
t20250514_11622765.html,共同社记者,昨天上海一家法院以间谍罪判处一日本男子有期徒刑12年，但未公开指控细节。日本政府要求中方确保司法程序透明公开。请问中方对此有何评论？,中国是法治国家，司法机关严格按法定程序办理此案，过程中保障了当事人各项合法权利。日方应切实尊重中国司法主权，同时教育、引导在华公民遵守中国法律法规，不得从事违法犯罪活动。,林剑
t20250514_11622765.html,路透社记者,中国领导人访俄并同俄方举行会谈后不久，普京总统即提议于5月15日在伊斯坦布尔与乌克兰方面进行直接对话。此访是否促成了该提议？中俄双方有无讨论乌克兰危机？,我们此前已经详细介绍了习近平主席访俄有关情况，中方也发布了有关活动消息稿，你可以查阅。我想强调，中方从冲突爆发第一天起就坚持劝和促谈，支持对话谈判解决危机，强调各方应为俄乌双方恢复直接对话创造条件。中方的立场是一贯、明确的。,林剑
t20250514_11622765.html,路透社记者,印度外交部发表声明，明确反对中方为“阿鲁纳恰尔邦”的地点命名。外交部对此有何评论？,藏南地区是中国领土。中国政府对藏南地区部分地名进行了标准化处理，这完全是中国主权范围内的事。,林剑
t20250514_11622765.html,《环球时报》记者,当地时间5月13日，马克·卡尼正式就任加拿大总理。请问中方对此有何评论？,李强总理已向卡尼总理致贺电表示，中方重视发展中加关系，愿同卡尼总理共同努力，以今年中加建交55周年和建立战略伙伴关系20周年为契机，在平等和相互尊重基础上，推动中加关系沿着改善发展的正确方向前进，更好造福两国和两国人民。,林剑
t20250514_11622765.html,路透社记者,今年早些时候，英国和中国成功举办了经济财金对话。英国近日与印度和美国达成了贸易协议。中方如何看待这些贸易协议？对中英关系有何期待？,中英同为联合国安理会常任理事国和世界主要经济体，两国关系具有超出双边范畴的意义。习近平主席和斯塔默首相在去年二十国集团领导人峰会期间举行会晤，就进一步发展两国关系达成重要共识。中英加强接触合作既有利于推动各自国家发展，也有利于促进世界经济增长、应对全球性挑战，为世界带来更多稳定性和确定性。中方愿同英方一道，相互尊重，妥处分歧，开放合作，交流互鉴，共同开启中英关系健康稳定发展的下一个篇章。,林剑
t20250514_11622765.html,彭博社记者,美国前驻华大使伯恩斯称，美方已向中方明确表示，如不能协调解决芬太尼问题，中方将付出代价；中方确有能力阻止易制毒化学品流动。外交部对此有何回应？,我刚才已经表明了中方在芬太尼关税问题上的原则立场。此前我们也多次表明，芬太尼是美国的问题，不是中国的问题，责任在美国自身。美方无视中方善意，对中国无理加征芬太尼关税，这严重冲击中美在禁毒领域的对话与合作，也严重损害中方利益。美方如果真心想同中方合作，就应该停止对华抹黑推责，以平等、尊重、互惠的方式同中方进行对话。你提到的美方人士罔顾事实，发表不负责任的言论，我们坚决反对。,林剑
t20250514_11622765.html,路透社记者,外交部对美国新任驻华大使庞德伟就职有何评论？对其任期有何期待？认为他将如何影响美中关系？,中方对中美关系的立场一以贯之。我们愿为庞德伟大使来华履职提供便利。,林剑
t20250515_11623651.html,深圳卫视记者,中方刚发布了丹麦外交大臣拉斯穆森访华消息。中方如何看待当前中丹关系？对此访有何期待？,丹麦是最早承认并同新中国建交的国家之一，今年是中丹建交75周年。当前中丹关系发展良好，两国经贸、绿色、创新合作密切。双方均支持多边主义和自由贸易，在气候变化等重要议题上有广泛共识。中方愿同丹方一道，以此访为契机，巩固政治互信，深化务实合作，推动中丹全面战略伙伴关系持续健康稳定发展。,林剑
t20250515_11623651.html,新华社记者,据了解，第78届世界卫生大会将于5月19日开幕，台湾方面迄今没有收到与会邀请。请问中国政府对此有何评论？,在中国台湾地区参与国际组织，包括世界卫生组织活动问题上，中方立场是一贯的、明确的，即必须按照一个中国原则来处理，这也是联合国大会第2758号决议和世界卫生大会25.1号决议确认的根本原则。中国台湾地区在未经中央政府同意的前提下，没有任何根据、理由或权利参加世卫大会。台民进党当局顽固坚持“台独”分裂立场，导致台湾地区参加世卫大会的政治基础不复存在。为了维护一个中国原则，捍卫联合国大会及世卫大会相关决议的严肃性和权威性，中方决定不同意台湾地区参加今年世卫大会。,林剑
t20250515_11623651.html,《北京日报》记者,据了解，中蒙双方于5月14日举行了甘其毛都—嘎舒苏海图跨境铁路开工仪式，请问中方对此有何评论？,5月14日，中蒙双方共同举行甘其毛都—嘎舒苏海图跨境铁路开工仪式，标志着两国间第二条跨境铁路正式动工。扩大中蒙在经贸、能源矿业、互联互通等重点领域合作，是习近平主席同蒙古总统呼日勒苏赫达成的重要共识。今年2月，李强总理和蒙古奥云额尔登总理共同见证了关于甘嘎跨境铁路和煤炭贸易的合作协议文本展示。建设甘嘎跨境铁路，既是落实两国元首重要共识的具体举措，也是推动“一带一路”倡议同蒙古“草原之路”倡议战略对接的重要实践。希望这条铁路成为中蒙互联互通新桥梁，助力双方深化发展融合、促进产业联动、扩大交往交流，为推动中蒙命运共同体建设注入新动力。,林剑
t20250515_11623651.html,《中国日报》记者,我们注意到，中方在中拉论坛第四届部长级会议期间宣布对巴西等5国试行免签政策，发言人能否进一步介绍有关情况？,为进一步便利中外人员往来，中方决定扩大免签国家范围，自2025年6月1日起至2026年5月31日，对巴西、阿根廷、智利、秘鲁、乌拉圭持普通护照人员试行免签政策。上述5国持普通护照人员来华经商、旅游观光、探亲访友、交流访问、过境不超过30天，可免办签证入境。,林剑
t20250515_11623651.html,法新社记者,美国总统特朗普决定解除对叙利亚的全面制裁，叙过渡政府对此表示欢迎。中方有何看法？,中方一贯反对非法单边制裁。我们同情叙利亚人民遭受的困难，支持叙利亚奉行和平、包容的内外政策，恢复稳定和发展，这也符合国际社会的共同期待。,林剑
t20250515_11623651.html,彭博社记者,美国新任驻华大使庞德伟刚刚说，“已准备好开始工作，让美国更安全、更强大、更繁荣”。发言人对其抵京就任是否有进一步评论？,昨天我已经回答了相关问题。我们愿为庞德伟大使来华履职提供便利。中方对中美关系的立场一以贯之，我们始终坚持相互尊重、和平共处、合作共赢原则来看待和处理中美关系。希望美方与中方相向而行。,林剑
t20250516_11627209.html,总台央视记者,请问中方如何评价中俄“长江—伏尔加河”和“东北—远东”地方合作机制？对张国清副总理此访有何期待？,在两国元首战略引领下，中俄关系保持高水平运行，地方合作持续推进，规模和质量不断提升。“长江—伏尔加河”地方合作理事会和“东北—远东”政府间合作委员会作为中俄间两大地方合作机制平台，成立以来高效运转，为统筹推动两国有关地区间经贸合作和人文交流发挥了重要作用。,林剑
t20250516_11627209.html,路透社记者,美国贸易代表格里尔本周对美国媒体表示，中方同意取消4月2日之后出台的关于出口的反制措施，包括对稀土矿物和磁铁的限制。中方已宣布调整若干对美非关税反制措施，但未涉及稀土管制。格里尔得到的信息是否准确？中方是否计划取消或调整稀土出口管制？,请向中方主管部门询问。,林剑
t20250516_11627209.html,东方卫视记者,发言人发布了刘国中副总理将出席第78届世界卫生大会并顺访瑞士、访问白俄罗斯的消息，能否介绍更多情况？,第78届世界卫生大会将于5月19日至27日在瑞士日内瓦召开。当前，受单边主义冲击影响，全球卫生治理面临较大不确定性，国际社会对于加强国际卫生合作呼声强烈。中方始终坚持真正的多边主义，支持世界卫生组织在全球卫生治理中发挥中心协调作用。中方领导人出席本届世卫大会，将同各方一道，深化国际公共卫生合作，推动构建人类卫生健康共同体。,林剑
t20250516_11627209.html,法新社记者,俄罗斯和乌克兰官员将于几小时后在土耳其举行会谈。乌方要求无条件停火。中方对此次会谈有何期待？,在乌克兰危机问题上，中方的立场一贯、明确。我们支持一切致力于和平的努力，支持俄乌双方开启直接对话，希望有关各方继续通过对话谈判达成一份公平、持久、有约束力并为各当事方接受的和平协议，最终实现乌克兰危机政治解决。,林剑
t20250516_11627209.html,《环球时报》记者,据报道，美国商务部工业与安全局发布公告，视使用华为昇腾芯片为违反美国出口管制行为，警告公众允许使用美人工智能芯片训练中国人工智能模型的潜在后果。中方对此有何评论？,美方泛化国家安全概念、滥用出口管制和长臂管辖，无端对中国芯片产品和人工智能产业进行恶意封锁和打压，严重违反市场规则，严重扰乱全球产供链稳定，严重损害中国企业正当权益，中方对此坚决反对，绝不接受。中方敦促美方立即纠正保护主义和单边霸凌错误行径，停止对中国科技企业和人工智能产业的无底线打压。中方将采取坚决措施，维护自身发展权利和中国企业正当权益。,林剑
t20250516_11627209.html,湖北广电记者,我们注意到，联合国15日发布了《2025年全球经济形势与前景年中更新》报告，认为关税上调与贸易政策不确定性导致全球经济前景恶化，给国际社会特别是发展中经济体带来多重挑战，中国也会遭受冲击。报告预计今年全球经济增速将放缓至2.4％，贸易增长降至1.6％，认为各国政策协调和国际合作对稳定全球经济、促进可持续发展尤为关键。中方对此有何评论？,我们注意到这份报告。当前，多边主义、自由贸易面临严峻挑战。事实一再证明，经济全球化是历史潮流，开放合作是时代大势，多边主义是必然选择。当前形势下，各方更应捍卫多边贸易体制和国际经贸规则，维护开放合作的国际环境，实现持久发展、共同繁荣。,林剑
t20250516_11627209.html,彭博社记者,中美贸易谈判代表本周在韩国举行会谈。外交部能否介绍双方讨论的内容及下步行动？,请向中方主管部门询问。,林剑
t20250516_11627209.html,法新社记者,伊朗将于今日在土耳其与英、法、德三国举行会谈。此前美国总统特朗普称，即将与伊朗达成新的核协议。考虑到中方同伊朗举行过一系列会谈，最近还在北京举行了中俄伊会晤，中方如何看待当前形势？,中方始终致力于推动伊朗核问题的政治外交解决，重视伊方不发展核武器的承诺，尊重伊朗和平利用核能的权利，反对一切非法单边制裁。中方愿继续同有关各方保持沟通协调，为推动达成兼顾各方合理关切的解决方案发挥建设性作用，切实维护国际核不扩散体系，促进中东地区和平与稳定。,林剑
t20250516_11627209.html,日本广播协会记者,美国总统特朗普表示，有意在本周末同中国领导人通电话。外交部能否证实有关情况？如果属实，能否介绍具体时间等相关细节？,我没有可以提供的信息。,林剑
t20250516_11627209.html,路透社记者,本社今日报道，消息人士称，“英中关系审查报告”将于六月初发布。中方对该报告有何期待？报告对英中关系将产生什么影响？,中英同为联合国安理会常任理事国和世界主要经济体，在全球性挑战日益增多的形势下，加强互利合作符合两国根本和长远利益，也有利于世界和平与发展。希望英方秉持客观对华认知，树立正确政策导向，为中英关系健康稳定发展营造良好氛围。,林剑
t20250519_11628222.html,总台央视记者,中巴双方已发布巴基斯坦副总理兼外长达尔访华的消息。中方如何评价当前中巴关系？对此访有何期待？,中国和巴基斯坦是全天候战略合作伙伴。两国高层交往和各领域合作密切。中方愿同巴方以此访为契机，进一步落实好两国领导人重要共识，加强战略沟通协调，深化各领域交流合作，推动中巴关系不断向前发展，加快构建新时代更加紧密的中巴命运共同体。,毛宁
t20250519_11628222.html,《环球时报》记者,中方刚刚发布了荷兰外交大臣费尔德坎普访华消息，请问如何评价当前中荷关系？中方对此访有何期待？,中国和荷兰是开放务实的全面合作伙伴。近年来，中荷关系保持稳健发展。两国高层交往频繁，互为重要贸易投资伙伴，农业、水利、科技等领域合作扎实推进，成效显著，造福两国人民。,毛宁
t20250519_11628222.html,路透社记者,穆迪下调了美国Aaa主权信用评级，并对美国政府的高债务水平发出警告。鉴于中国是美国国债主要持有者之一，中方如何看待这次评级下调？中国对此是否担心？,我们注意到有关报道。美国应当采取负责任的政策措施，维护国际经济金融体系稳定，保障投资者的利益。,毛宁
t20250519_11628222.html,《中国日报》记者,5月17日，第三十四届阿拉伯国家联盟首脑理事会会议在伊拉克首都巴格达召开。习近平主席向会议轮值主席伊拉克总统拉希德致贺信，祝贺会议召开。我们注意到，阿盟网站全文刊登了习近平主席贺信。发言人能否介绍具体情况？会议发表《巴格达宣言》，其中要求立即停止加沙战争及针对平民的敌对行动，坚决反对任何关于将巴勒斯坦人民迁出其土地的言行，支持在一年内在包括加沙地带、约旦河西岸、东耶路撒冷在内所有巴勒斯坦领土进行总统和立法选举，敦促各国和国际及地区金融机构提供资金支持加沙重建计划。中方对此有何评论？,5月17日，第三十四届阿盟首脑理事会会议在伊拉克首都巴格达召开。习近平主席向会议轮值主席伊拉克总统拉希德致贺信，赞赏阿盟成立80年来取得的积极成就，表示中国愿同阿拉伯国家一道努力，深化政治互信，促进互利合作，增进人文交流，在各自现代化道路上携手前行，构建更高水平中阿命运共同体。这是习近平主席连续第11次向阿盟首脑理事会会议致贺信，充分体现出中方对发展中阿关系的高度重视。,毛宁
t20250519_11628222.html,印度报业托拉斯记者,你刚刚宣布巴基斯坦副总理兼外长访华的消息。但消息没有提及此访是否与印巴紧张局势有关。此访与当前局势是否有关？还是说只是一次正常的双边访问？,达尔副总理兼外长此访体现了巴基斯坦政府对发展中巴关系的高度重视。关于印巴局势，中方已多次阐明立场。我们愿继续同印巴双方保持沟通，为实现印巴全面持久停火，维护地区和平稳定发挥建设性作用。,毛宁
t20250519_11628222.html,中新社记者,日前，流失海外的中国珍贵文物子弹库帛书第二卷、第三卷《五行令》《攻守占》通过中美文物返还合作回到祖国。发言人对此有何评论？,我注意到这个好消息。子弹库帛书是中国已出土的唯一战国帛书，也是迄今发现中国最早的帛书和首个典籍意义上的古书，具有重要价值。这是中国就历史上流失文物启动主动追索并取得成功的典型案例，也是中国倡导的以对话合作推动流失文物保护与返还理念的成功实践。,毛宁
t20250519_11628222.html,乌通社记者,上周五，乌克兰和俄罗斯代表团在土耳其伊斯坦布尔举行谈判，以停止冲突。但正如参会的乌副外长基斯利茨亚所说，俄方并非有意进行真诚的谈判，而是发出最后通牒，要求乌方承认被俄军占领的乌领土为俄领土，并威胁俄将无限期进行战斗，夺取更多乌领土。外交部如何评价俄方这种谈判方式？,你提到的具体情况我不了解。在乌克兰危机问题上，中方的立场是一贯和明确的。我们希望有关各方继续通过对话谈判达成一份公平、持久、有约束力并为各当事方接受的和平协议，最终实现乌克兰危机政治解决。,毛宁
t20250519_11628222.html,彭博社记者,一位印度军官声称，在近期印巴冲突中，中国向巴基斯坦提供了防空和卫星图像支持。中方对此有何评论？,印度和巴基斯坦都是中国的重要邻国。中方十分重视中印、中巴关系，始终秉持睦邻、安邻、富邻、亲诚惠容、命运与共的理念方针发展同所有周边邻国关系。印巴局势紧张以来，中方一直坚持客观公正立场，呼吁印巴两国保持冷静克制，避免局势升级。我们支持和欢迎印巴实现停火，愿继续为实现全面持久停火、维护地区和平稳定发挥建设性作用。,毛宁
t20250519_11628222.html,路透社记者,上周四，在亚太经合组织贸易部长会议期间，中国商务部国际贸易谈判代表兼副部长与美国贸易代表举行会谈，但并未发布消息。会谈情况如何？是否已经安排下一次会谈？中美间是否已达成共识，不公开在90天关税“休战期”举行的会谈？,我们已经多次阐明中方在关税和贸易问题上的立场。具体问题建议向中方主管部门了解。,毛宁
t20250519_11628222.html,深圳卫视记者,近来，苏丹东部城市苏丹港持续遭到无人机袭击，包括机场、港口等在内的民用设施被破坏，中方对此有何评论？,中方反对并谴责针对民用设施和平民的攻击，呼吁各方保护民用设施和平民安全。中方在苏丹问题上始终秉持客观公正立场，希望苏丹尽快实现停火，缓和人道局势，推进政治进程，早日恢复国家和平、稳定、发展。,毛宁
t20250519_11628222.html,印度报业托拉斯记者,巴基斯坦副总理兼外长访华是近期印巴冲突后首次有巴方高官访问中国。请问在达尔先生访华期间，中方将向巴方传递什么信息？此前中巴双方曾否认中方通过军机向巴方提供武器，那么中方是否愿意向巴方提供武器？对于印巴紧张局势，中方将向巴方传递什么信息？,巴基斯坦副总理兼外长达尔访华期间，双方将就双边关系和共同关心的问题交换意见。关于印巴局势，中方已经多次阐明立场。我们愿意继续同印巴双方保持沟通，推动双方实现持久停火，共同维护地区和平稳定。,毛宁
t20250520_11629075.html,凤凰卫视记者,中方发布了王毅外长将出席《关于建立国际调解院的公约》签署仪式的消息。发言人能否进一步介绍有关安排和中方推动建立国际调解院的相关考虑？,2022年，中国与近20个立场相近国家共同发起建立国际调解院倡议。经过共同努力，已经完成《关于建立国际调解院的公约》谈判，并一致同意国际调解院总部设在中国香港。来自亚洲、非洲、拉丁美洲和欧洲的近60个国家和联合国等约20个国际组织将派高级别代表出席5月30日举行的签署仪式。当日下午将举办国际调解论坛，围绕“国家间争端调解”和“国际投资商事争端调解”展开研讨。,毛宁
t20250520_11629075.html,法新社记者,美国总统特朗普和俄罗斯总统普京昨天就俄乌冲突进行了通话。特朗普称俄乌将立即启动停火谈判以结束冲突。普京表示俄将提出并准备与乌方就可能的和平协议进行合作，但并未同意无条件停火。外交部对此次通话及其成果有何评论？中方是否认为普京有意拖延并推迟达成停火？,我们注意到有关报道。在乌克兰危机问题上，中方支持一切有利于和平的努力，支持俄乌直接对话谈判，支持政治解决危机。我们希望各方能通过对话谈判达成一个公平、持久、有约束力并被各当事方所接受的和平协议。,毛宁
t20250520_11629075.html,总台央视记者,5月18日，《2025中国卫星导航与位置服务产业发展白皮书》在北京发布，其中提及近年来中国卫星导航与位置服务产业，特别是北斗系统发展迅速。此前有国外媒体评论称，北斗系统正挑战美国GPS系统的全球地位。发言人有何评论？,北斗系统是中国卫星导航与位置服务产业发展的亮眼成就，也是为世界贡献的科技创新成果，获得联合国认可。中国的科技创新和产业发展从不针对谁，更无意挑战谁。中国的北斗，也是世界的北斗。我们将继续坚持开放合作、互利共赢，同其他国家一起，让更多先进科技成果服务人民、造福人类。,毛宁
t20250520_11629075.html,法新社记者,《金融时报》援引不具名人士消息称，中国国防部长不会出席下周在新加坡举行的香格里拉对话会。中方能否证实？如果报道属实，缺席的原因是什么？中方将派谁代替他参会？,我不了解你提到的情况，建议向中方主管部门询问。,毛宁
t20250520_11629075.html,埃菲社记者,梵蒂冈等国可能作为下阶段俄乌谈判的举办地。鉴于中方一直强调政治对话与和平解决危机，中方是否会支持或考虑参与此类会谈？,在乌克兰危机问题上，中方支持一切有利于和平的努力。我们愿根据当事方意愿，同国际社会一道，为最终化解危机、实现持久和平继续发挥建设性作用。,毛宁
t20250521_11629950.html,总台央视记者,中方刚刚发布了王毅外长将主持召开第三次中国—太平洋岛国外长会的消息。能否请你进一步介绍有关情况？,中国同太平洋岛国是相互尊重、共同发展的全面战略伙伴，近年来双方友好合作关系不断深化和发展。这是第三次召开中国—太平洋岛国外长会，也是首次在华线下举办。与会各方将就中国同太平洋岛国全方位交流合作以及共同关心的国际地区问题深入交换意见。中方高度重视同太平洋岛国关系，期待通过此次外长会，积极落实双方领导人的重要共识，加强团结协作，共谋发展繁荣，携手构建更加紧密的中国—太平洋岛国命运共同体。,毛宁
t20250521_11629950.html,塔斯社记者,欧盟和英国20日分别宣布对俄罗斯实施新一轮制裁，重点针对俄罗斯能源、军事和金融等领域。这次中国和阿联酋公司也被列入制裁名单。请问外交部对此有何评论？欧盟的这种作法是否能促进俄乌和谈？,中方一贯反对没有国际法依据、未经联合国安理会授权的单边制裁，对欧方无理制裁中国企业表示强烈不满、坚决反对。在乌克兰危机问题上，中方始终致力于劝和促谈，从未向冲突方提供致命性武器，严格管控军民两用物项出口。当前，包括欧美在内的大多数国家都在同俄罗斯开展贸易。中俄企业正常交往合作不应当受到干扰和影响。欧方应当停止在对俄经贸合作问题上搞双重标准，停止损害中国企业合法利益。中方将采取必要措施，坚决维护自身正当权益。,毛宁
t20250521_11629950.html,《金融时报》记者,中国驻以色列大使点名谴责哈马斯2023年10月对以色列的袭击。这是否是中国首次明确谴责此次袭击？如果是，为什么现在中方的立场有所改变？,在巴以冲突问题上，中方始终站在公平正义一边。加沙冲突延宕超过一年半，造成严重人道主义危机，冲突持续不符合任何一方利益。无论是以色列还是巴勒斯坦民众，都不应当成为武力袭击的目标，都不应成为集体惩罚的对象。以暴易暴只会陷入冤冤相报的恶性循环，让双方无辜民众付出更大代价、遭受更多苦难。中方将继续同国际社会一道，为推动停火止战、缓解人道局势作出不懈努力。,毛宁
t20250521_11629950.html,法新社记者,美国总统特朗普宣布了在美建造“金穹”导弹防御系统计划的最新细节，披露该计划有250亿美元额外资金，三年后系统将投入使用，在陆地、海洋和太空部署尖端技术。中方对此有何评论？,所谓“金穹”计划，旨在构建不受任何约束的全球性、多层次、多领域导弹防御系统。该计划公然提出大幅增加外空作战手段，包括研发、部署轨道拦截系统，具有浓厚的进攻性色彩，违反《外空条约》倡导的和平利用原则，将加剧外空战场化和军备竞赛风险，动摇国际安全与军控体系。美国奉行“本国优先”，执迷于谋求自身绝对安全，违反“各国安全不受减损”的原则，损害全球战略平衡与稳定。中方对此严重关切。,毛宁
t20250521_11629950.html,东方卫视记者,联合国日前发布报告指出，受“关税战”等影响，2025年全球经济增速预计将放缓至2.4％，比1月预测值低0.4个百分点。中方也发布了4月份国民经济运行情况。请问发言人如何看待关税等外部因素对中国经济的影响？是否担心中国经济受到冲击？,国务院新闻办公室19日举行了新闻发布会，介绍4月份国民经济运行情况。我注意到国际媒体纷纷用“超预期”“有韧性”评价中国经济表现。特别值得一提的是，在面临高关税壁垒的情况下，中国外贸保持平稳增长。今年前四个月，货物进出口总额同比增长2.4％，其中出口增长7.5％，显示出过硬的国际竞争力。同时，中国不断扩大开放，让外企在华发展空间更大、预期更稳。,毛宁
t20250521_11629950.html,印度报业托拉斯记者,关于昨天王毅外长同巴基斯坦副总理兼外长达尔的会谈，除了消息稿已经提到的内容，达尔先生还表示双方讨论了中巴紧密关系的未来发展方向。发言人能否说明这种新关系的具体性质是什么？据报道，双方还讨论了近期印巴紧张局势背景下的中巴安全合作。你能否提供更多细节？,关于王毅外长同巴基斯坦副总理兼外长达尔会谈的情况，中方已经发布了消息，你可以查阅。,毛宁
t20250521_11629950.html,印度报业托拉斯记者,据报道，中国、阿富汗、巴基斯坦今天举行会谈。这是三方会谈吗？官方是否会发布消息稿？你能否提供更多细节？,今天上午，中国、阿富汗、巴基斯坦三方外长在北京举行了非正式会晤，具体情况我们很快会发布消息，你可以保持关注。,毛宁
t20250521_11629950.html,彭博社记者,外交部是否支持中国驻以色列大使关于哈马斯袭击以色列的言论？,在巴以冲突问题上，中方的立场就是始终站在公平正义一边，推动尽快停火止战，缓解人道局势。,毛宁
t20250521_11629950.html,埃菲社记者,欧盟委员会昨日表示，计划对进入欧盟的小包裹征收2欧元关税。这些包裹大多通过Temu或Shein等线上平台从中国寄往欧盟。欧方称这些包裹对欧盟的“管控和安全构成了新挑战”。中方对此有何评论？,具体问题建议你向主管部门了解。我们始终认为，营造一个开放、包容的国际贸易环境符合各方共同利益。希望欧方恪守开放承诺，为中国企业提供公平、透明、非歧视的营商环境，为中欧经贸合作创造有利条件。,毛宁
t20250522_11630780.html,总台央视记者,我们注意到，这是首次举行东盟—中国—海合会峰会。中方认为这次峰会有何特殊意义？对峰会有何期待？,东盟和海湾阿拉伯国家合作委员会国家都是亚洲新兴经济体和全球南方重要成员，也是共建“一带一路”重要合作伙伴。中方支持今年东盟轮值主席国马来西亚倡议举办东盟—中国—海合会峰会。在当前国际和地区形势背景下，三方共商团结合作、发展繁荣大计，促进跨区域互利合作，具有重要意义。,毛宁
t20250522_11630780.html,《环球时报》记者,据报道，巴基斯坦西部俾路支省胡兹达尔地区5月21日发生一起针对校车的爆炸袭击事件，造成至少5人死亡、38人受伤，死者中包括3名儿童。中方对此有何评论？,中方注意到有关报道，对此次针对校车的袭击事件表示强烈谴责。我们对遇难者表示深切哀悼，向遇难者家属和受伤人员致以诚挚慰问。,毛宁
t20250522_11630780.html,印尼安塔拉通讯社记者,王毅外长本周会见印尼国家经济委员会主席卢胡特。李强总理将于5月24日至26日对印度尼西亚进行正式访问。两国高层交往日渐频繁，中方对此访有何期待？,中国和印度尼西亚是隔海相望的友好邻邦、命运与共的亲密伙伴。今年是中印尼建交75周年。两国关系持续稳步发展，务实合作成果丰硕，传统友好深入人心。去年习近平主席同普拉博沃总统两度会晤，就构建具有地区和全球影响力的中印尼命运共同体达成重要共识，引领双边关系迈上新台阶。,毛宁
t20250522_11630780.html,法新社记者,昨天，包括中国外交官在内的一个外交团组在约旦河西岸访问时，遭到以色列军方鸣枪示警。外交部对此有何评论？,中方高度关注相关事件，坚决反对任何威胁外交人员安全的行为，要求开展全面调查，避免类似事件再次发生。一段时间以来，约旦河西岸形势持续紧张。中方敦促有关方特别是以色列不要采取任何进一步激化矛盾的举动。,毛宁
t20250522_11630780.html,《北京青年报》记者,2025年上海合作组织减贫和可持续发展论坛日前举行，习近平主席向论坛致了贺信。发言人能否进一步介绍论坛情况？作为上合组织轮值主席国，中方还将为增进成员国可持续发展作出哪些努力？,近日，上海合作组织减贫和可持续发展论坛在西安举行，各方围绕“持续减贫 合作发展——推动上合组织国家减贫和可持续发展”的主题深入交流。习近平主席向论坛致贺信，指出，“中方作为上海合作组织轮值主席国，愿同各方持续加强政策沟通，分享减贫经验，深化务实合作，帮助更多国家探索符合自身国情的减贫和可持续发展道路，携手建设远离贫困、共同繁荣的美好世界”。习近平主席贺信引发出席论坛的上合组织国家代表热烈反响，各方认为贺信体现了习近平主席对消除贫困、促进可持续发展的高度重视，对上合组织国家深化交流互鉴、建设上合组织命运共同体的殷切期望。,毛宁
t20250522_11630780.html,路透社记者,台湾官员林佳龙昨天称，台湾的名字不是中方说了算，台湾可以自己决定是否是一个国家。外交部对此有何回应？,台湾从来就不是一个国家，有关言论只能暴露出某人的狂妄无知，是赤裸裸的“台独”挑衅。,毛宁
t20250522_11630780.html,《人民日报》记者,5月22日是第25个国际生物多样性日，今年的主题是“万物共生 和美永续”。当前全球气候和环境治理面临的不确定因素上升，发言人如何看待中国在推进国际生物多样性保护合作方面所发挥的作用？,在习近平生态文明思想指引下，中国积极推进生物多样性保护，生态系统多样性、稳定性、持续性不断增强。中国是最早签署和批准《生物多样性公约》的国家之一，始终坚定履行承诺和义务，探索人与自然和谐共生之路，推动全球生物多样性治理不断迈上新台阶。作为《生物多样性公约》第十五次缔约方大会主席国，中国推动达成了具有里程碑意义的“昆明—蒙特利尔全球生物多样性框架”，发起“昆蒙框架”实施倡议，率先出资成立并运行昆明生物多样性基金，以实际行动支持发展中国家生物多样性保护事业。,毛宁
t20250522_11630780.html,法新社记者,昨日，台湾民进党开除了五名被控为北京从事间谍活动的党员。外交部对此有何评论？,我不了解你提到的情况，这也不是外交问题。,毛宁
t20250522_11630780.html,法新社记者,菲律宾方面今天表示，中国海警船昨天在铁线礁附近使用水炮攻击了菲方一艘科考船。中方对此有何回应？,我不了解你提到的具体情况。我要告诉你的是，中国海警一贯依法依规开展执法活动。,毛宁
t20250522_11630780.html,俄新社记者,美国太空军作战部长萨尔茨曼近日表示，中国和俄罗斯军队主导的迅猛发展的技术对太空防御构成最大威胁。中方对此有何评论？,中方始终坚持和平利用外空，反对外空军备竞赛，反对外空武器化。中国无意与任何国家搞“太空竞赛”，也不谋求所谓的“太空优势”。,毛宁
t20250522_11630780.html,香港中评社记者,据报道，所罗门群岛总理马内莱近期发表声明，重申所政府坚定奉行一个中国原则，要求所政府部门和各级官员遵守一个中国政策。请问发言人对此有何评论？,所罗门群岛政府坚定支持一个中国原则，坚持正义立场，中方对此高度赞赏。世界上只有一个中国，台湾是中国领土不可分割的一部分，中华人民共和国政府是代表全中国的唯一合法政府。一个中国原则得到联合国大会第2758号决议确认，是国际关系基本准则和国际社会的广泛共识。坚持一个中国原则、支持中国实现统一是大势所趋、大义所在、人心所向。,毛宁
t20250523_11631472.html,中新社记者,第四届中国—中东欧国家博览会暨国际消费品博览会正在浙江省宁波市举行。发言人可否介绍相关情况？,昨天，第四届中国—中东欧国家博览会暨国际消费品博览会在浙江宁波拉开帷幕。国务委员谌贻琴出席开幕式并致辞，本届博览会主宾国斯洛伐克国民议会议长莱希、斯洛文尼亚国民议会副议长霍特分别致辞。中外嘉宾均高度评价中国—中东欧国家合作，认为双方互利合作不断加强，展现出携手发展的广阔前景。,毛宁
t20250523_11631472.html,深圳卫视记者,近日，中国—东盟经贸部长特别会议以线上方式举行，双方共同宣布全面完成中国—东盟自贸区3.0版谈判。发言人能否介绍有关情况？对此有何评论？,这确实是个好消息，是向签署中国—东盟自贸区3.0版升级议定书迈出的关键一步。中国与东盟都是经济全球化和多边主义的坚定支持者，全面完成自贸区3.0版谈判，发出了维护自由贸易与开放合作的强音。通过打造包容、现代、全面、互利的自贸区，中国和东盟将进一步扩大相互开放，共同实现繁荣发展。,毛宁
t20250523_11631472.html,路透社记者,特朗普政府取消了哈佛大学招收国际学生的资格，在校国际学生被迫转学，否则将失去合法身份。美国土安全部长称，“同中国共产党存在联系”等原因导致美方对哈佛大学采取措施。考虑到中国学生占哈佛大学国际学生的20％，外交部对此有何评论？,中美教育合作是互利的。中方一贯反对将教育合作政治化。美方有关做法只会损害美国的形象和国际信誉。中方将坚定维护海外中国学生和学者的正当合法权益。,毛宁
t20250523_11631472.html,彭博社记者,追问一个关于哈佛大学的问题，这个问题与新疆有关。本周早些时候，美国会议员致函哈佛大学校长，要求其提供与中国政府和军方关联的信息，并称该校接待并培训了新疆生产建设兵团成员。美方曾于2020年制裁兵团。对于哈佛大学与新疆和新疆生产建设兵团存在关联的担忧，外交部有何评论？,我要重申，中方一贯反对将教育合作政治化，反对对中方无端攻击抹黑。你提到的制裁是非法的，美方应当立即撤销。,毛宁
t20250523_11631472.html,《环球时报》记者,据报道，22日，针对菲方炒作中国海警船在铁线礁附近执法行动，美驻菲大使罗玫凯在X发文称，中方海警船对菲方非军事任务采取侵略性行动，威胁生命安全及地区稳定。美坚定同菲站在一起，支持国际法和自由开放印太。中方对此有何评论？,中国海警已就此发表谈话并公布现场视频，事实胜于雄辩。菲律宾不听中方劝阻，多次派人非法登临中国南沙群岛的铁线礁，严重侵犯中国主权，严重违反《南海各方行为宣言》，中方采取必要处置措施，正当合法。菲方应立即停止侵权挑衅，否则中方将坚决应对。奉劝美方不要再利用菲律宾在南海挑事，不要破坏南海的和平安宁。,毛宁
t20250523_11631472.html,香港无线电视记者,据报道，近日台湾“红彩头6号”渔船被日本公务船以违反渔业法规为由抓扣，在缴纳巨额保释金后方获释。去年中方曾就日方抓扣台湾渔船提出过交涉，请问此次中方有没有再次向日方进行交涉？,中国政府高度重视维护包括台湾地区在内的中国渔民合法权益。根据《中日渔业协定》，日方无权在有关水域对中方渔船采取执法措施。针对此次日方抓扣“红彩头6号”渔船，中方已向日方提出严正交涉，要求其立即纠正错误做法，并采取有效措施防止类似事件再次发生。,毛宁
t20250523_11631472.html,法新社记者,本周早些时候，华盛顿犹太博物馆外发生枪击事件，两人遇害。根据正在进行的调查，这可能是一起反犹主义袭击。中方对此有何评论？,我们注意到有关报道。中方谴责一切暴力行径。外交人员的安全必须得到有效保障。,毛宁
t20250523_11631472.html,彭博社记者,荷兰外交大臣费尔德坎普周四在接受记者采访时称，在同中国政府的讨论中，中方提出了放宽半导体出口管制的问题。外交部能否证实并提供更多细节？,费尔德坎普外交大臣访华期间，丁薛祥副总理、王毅外长分别同他举行会见会谈，就双边关系和共同关心的问题深入交换了意见，两国外长并达成六点共识。具体情况中方已经发布了消息，你可以查阅。,毛宁
t20250526_11633176.html,总台央视记者,李强总理对印尼进行了正式访问。中方如何看待此访的意义？能否介绍访问的具体情况？,应印尼总统普拉博沃邀请，李强总理于5月24日至26日对印尼进行正式访问。访问期间，李强总理同普拉博沃总统举行会谈并共同出席两国工商界晚宴，会见了印尼国会议长布安，并同在印尼中资企业进行座谈。,毛宁
t20250526_11633176.html,东京电视台记者,现居日本和歌山的大熊猫返回中国的日期已确定。外交部对此有何评论？是否有计划将来向和歌山提供新的大熊猫？,旅居日本的大熊猫一直深受日本民众喜爱。长期以来，中日双方在大熊猫的饲养繁育、科学研究、技术交流、公众教育等方面取得积极合作成果。根据中日双方签署的合作协议，现在旅居日本的大熊猫“良浜”及其3只幼崽将于今年6月启程返回。我们感谢日本合作方一直以来对它们的悉心照料，也欢迎日本朋友常到中国看望它们。,毛宁
t20250526_11633176.html,法新社记者,东盟—中国—海合会峰会将于周一至周三在马来西亚举行。在当前中美关税战背景下，中方对此次峰会有何期待？,此前我们发布了李强总理将出席东盟—中国—海合会峰会的消息。中方期待通过此次会议加强同东盟、海合会国家的合作。会议具体情况，我们会适时发布消息，你可以保持关注。,毛宁
t20250527_11634284.html,总台央视记者,昨天，王毅外长在北京集体会见非洲国家驻华使节，共同庆祝“非洲日”。非洲多国驻华大使表示，中国始终与非洲站在一起，期待中非携手团结，共同繁荣。请问中方如何看待当前中非关系？对中非合作有何展望？,共同庆祝“非洲日”是中国和非洲的一个传统。今年双方纪念“非洲日”的主题是“中非团结创未来”。,毛宁
t20250527_11634284.html,彭博社记者,据澳大利亚媒体报道，美国一家私募公司正准备竞购具有重要战略意义的达尔文港，该港口目前由中国岚桥集团拥有。中方对此有何评论？,有关中国企业通过市场方式获得达尔文港租约，其合法权益应受到充分保护。,毛宁
t20250527_11634284.html,《中国日报》记者,第二十届中国西部国际博览会正在成都举行，习近平主席向大会致贺信。本届西博会以“深化改革增动能，扩大开放促发展”为主题，吸引全球超60个国家和地区3000余家企业参展。与会外国嘉宾表示，希望通过西博会同包括中国在内的各个国家和地区加强交流合作，实现互利共赢。中方如何看待西博会在中国对外开放中的作用？,今年是西博会创立25周年，也是中国实施西部大开发战略25周年。25年来，特别是新时代以来，随着中国对外开放的大门越开越大，西部地区从开放的“后卫”变成“前锋”，科技创新新活力不断迸发，绿色发展新气象全面展现。在这一过程中，西博会为促进西部地区贸易投资、对外开放发挥了重要窗口作用，成为展示中国西部发展的“金色名片”。,毛宁
t20250527_11634284.html,路透社记者,乌克兰对外情报机构负责人称，已证实中国向20家俄罗斯军工厂提供了一系列重要产品，包括专门用于国防制造业的特殊化学产品、火药和零部件。这是否属实？外交部对此有何评论？,中方在乌克兰问题上的立场一贯、明确，一直积极致力于止战停火、劝和促谈。中方从未向冲突任何一方提供致命性武器，严格管控军民两用物项，乌方对此是十分清楚的。中方坚决反对无端指责和政治操弄。,毛宁
t20250527_11634284.html,共同社记者,日本海上保安厅昨天确认，一艘中国海洋调查船出现在“冲之鸟岛”附近的日本专属经济区海域内，日方要求其停止作业。中方对此有何评论？中国海洋调查船在该海域的目的是什么？,根据《联合国海洋法公约》，冲之鸟是礁而不是岛，不能拥有专属经济区和大陆架。日方以冲之鸟礁主张专属经济区违反国际法。中方科考船在该海域活动是行使公海自由，日方无权干涉。,毛宁
t20250527_11634284.html,法新社记者,澳大利亚智库洛伊研究所的一份报告称，发展中国家面临巨大的财政压力，因为今年需要向中国偿还的债务达到历史新高。该报告还称，中国可能寻求将发展中国家的债务作为地缘政治杠杆。中国从主要借债国变为主要收债国，这将如何影响与发展中国家的关系？,我不知道这个报告的依据是什么。但我可以告诉你的是，中国同发展中国家的投融资合作遵循国际惯例、市场原则和债务可持续原则。少数国家散布所谓中国“债务责任”论，避而不谈多边金融机构和发达国家商业债权人才是发展中国家的主要债权方和偿债压力源。谎言盖不住真相，公道自在人心。,毛宁
t20250528_11635389.html,总台央视记者,5月27日，李强总理出席了东盟—中国—海合会峰会。发言人能否介绍有关情况？在当前形势下，中国、东盟、海合会国家加强联系与合作，有何重要意义？,昨天下午，李强总理在马来西亚吉隆坡出席了东盟—中国—海合会峰会。这次峰会的主题是“共创机遇　共享繁荣”。,毛宁
t20250528_11635389.html,路透社记者,日本防卫部门称，中国“辽宁号”航母编队已经驶过日本南部岛屿，正驶向西太平洋，日方对此保持密切关注。中国航母编队为何如此接近日本？中国是否想以此向日本、美国及台湾地区传递信息？,具体问题建议向中方主管部门了解。我可以告诉你的是，中国军舰在有关海域活动完全符合国际法和国际惯例，希望日方客观理性看待。,毛宁
t20250528_11635389.html,总台华语环球节目中心记者,东盟、中国、海合会举行峰会，三方将共同致力于加强伙伴关系。三方还举行了经济论坛。在贸易保护主义抬头、世界经济充满不确定性的背景下，中国将对推动三方经济合作发挥什么作用？,正如李强总理在三方经济论坛开幕式致辞中指出，合作是战胜共同挑战的唯一正确答案。在当今时代背景下，能够携手应对挑战就是在创造机遇。,毛宁
t20250528_11635389.html,法新社记者,美国国务卿鲁比奥已通知各使馆和领馆，停止发放任何学生签证。中方是否通过外交渠道与美方就此进行过沟通？对此有何评论？,我们注意到有关动向。中方一贯认为，正常的教育交流、学术合作不应受到干扰。我们敦促美方切实保障包括中国留学生在内各国留学生的合法正当权益。,毛宁
t20250528_11635389.html,《北京青年报》记者,我们注意到，2025年全球贸易投资促进峰会在北京举办期间，中国美国商会会长何迈可表示，关税战就像一场“事实验证”，证明中国是美国重要的商品市场，也是美国商品重要的供应来源。摩根大通等多家美国企业表示，将持续在华投资，深耕中国市场，参与中国经济增长和创新。请问发言人对此有何评论？,中美经贸关系的本质是互利共赢。作为全球体量最大的两个经济体，经贸合作为两国企业和消费者带来了实实在在的利益。中美日内瓦经贸会谈后，美国采购商订单激增，中美航运市场“一船难求”，充分反映了两国之间巨大的双向需求。,毛宁
t20250528_11635389.html,澎湃新闻记者,我们注意到，中方在东盟—中国—海合会峰会期间宣布对沙特等4国试行免签政策，发言人能否进一步介绍有关情况？,为进一步便利中外人员往来，中方决定扩大免签国家范围，自2025年6月9日至2026年6月8日，对沙特、阿曼、科威特、巴林持普通护照人员试行免签政策。上述4国持普通护照人员来华经商、旅游观光、探亲访友、交流访问、过境不超过30天，可以免办签证入境。,毛宁
t20250528_11635389.html,彭博社记者,英国驻美国大使昨天称美国及其盟友应该建立科技合作伙伴关系。他说，当今世界他最担心的是中国赢得技术主导地位。外交部对此有何评论？,中方始终认为，只有坚持开放合作，创新和发展的道路才能越走越宽。我们重视科技创新国际交流，科技创新成果应当惠及所有国家。,毛宁
t20250529_11636440.html,总台央视记者,第三次中国—太平洋岛国外长会昨天在厦门举行。发言人能否介绍会议具体情况和成果？中方如何看待中国—太平洋岛国关系发展前景？,昨天，王毅外长同基里巴斯总统兼外长马茂共同主持召开第三次中国—太平洋岛国外长会。,毛宁
t20250529_11636440.html,彭博社记者,美国决定大幅吊销中国学生签证，对象包括与中国共产党有联系或在所谓“关键领域”学习的学生。这可能是当前美中关系中最受关注的事件。外交部对此有何评论？中方是否计划采取报复措施？在双方开展进一步经贸谈判之际，此事将如何影响整体氛围？,美方以意识形态和国家安全为借口，无理取消中国留学生签证，严重损害中国留学生的合法权益，干扰两国正常人文交流。中方对此坚决反对，已向美方提出交涉。,毛宁
t20250529_11636440.html,法新社记者,美国国际贸易法院裁定，特朗普通过总统行政令方式在“解放日”宣布加征的关税以及以芬太尼为由针对中国加征关税是越权的。这一裁决对中美经贸谈判有何影响？外交部对此有何评论？,在关税问题上，中方已经多次阐明立场。关税战、贸易战没有赢家，搞保护主义损害各方利益，终究不得人心。,毛宁
t20250529_11636440.html,共同社记者,据报道，中方移除了设置在日本冲绳县与那国岛南部“专属经济区”内的海上浮标，请问中方为何要移除这个浮标？,中方在台湾以东的中国管辖海域布设气象观测浮标，符合中国国内法和国际法。据了解，中方相关部门根据工作需要，正在对浮标进行正常维护。,毛宁
t20250529_11636440.html,彭博社记者,美国吊销中国学生签证对贸易等美中关系其他领域是否有更广泛的影响或溢出效应？,对于中美关系，中方的立场是一贯的。希望美方同中方相向而行，多做建设性的事情，多做有利于中美关系稳定、健康、可持续发展的事情。,毛宁
t20250529_11636440.html,巴西《环球报》记者,巴西检察官宣布，正在起诉中国电动汽车企业比亚迪，指控其为工人提供的劳动条件恶劣，并参与国际人口贩运。发言人对此有何评论？,中方多次强调，中国政府高度重视保障劳动者合法权益，一贯要求中国企业依法依规经营。,毛宁
t20250530_11637639.html,总台央视记者,今天上午，王毅外长在香港出席了国际调解院公约签署仪式。发言人能否进一步介绍有关情况？,今天上午，国际调解院公约签署仪式在中国香港举行，中共中央政治局委员、外交部长王毅出席并致辞。33个国家的代表签署公约，成为国际调解院创始成员国。此外，还有50多个国家和近20个国际组织高级别代表出席并见证仪式。,林剑
t20250530_11637639.html,湖北广电记者,据了解，5月28日，中国海关总署同日方就日本水产品安全问题进行了技术交流。请问发言人能否进一步介绍相关情况？,今年以来，在持续开展对福岛核污染水排海国际监测、中方独立取样检测结果没有异常的基础上，中方同日方就日本水产品安全问题进行了接触商谈。5月28日，中国海关总署应约在北京同日方就日本水产品安全问题进行新一轮技术交流，取得实质性进展。日方承诺采取可信、可视措施，保障日本水产品的质量安全，确保满足中方监管要求和食品安全标准。,林剑
t20250530_11637639.html,香港中评社记者,据报道，最近惠誉、标普、穆迪三大评级机构均给予香港“稳定”的评级展望，其中穆迪上调香港信用评级展望，认为在全球贸易紧张局势下，香港的信用可靠性将保持稳健，应对挑战的能力依然突出。发言人对此有何评论？,我也注意到这个消息。当前，世界经济面临的不确定性上升。香港的信用评级表现良好，显示出香港经济的韧性和正面预期。这是对香港国际金融中心地位的“信任票”。特区政府也表示，香港金融体系保持稳健，资本市场表现活跃，新股市场畅旺，体现了全球投资者对香港的信心。此外，中国高质量发展扎实推进，也为香港提供了更大的发展机遇和动能。我们对香港发展的前景充满信心。欢迎各国企业看好香港、投资香港，共谋发展、共享繁荣。,林剑
t20250530_11637639.html,彭博社记者,美国国会众议院“中国特设委”主席莫伦纳昨天接受采访时称，美近期采取的措施旨在反击“中国共产党咄咄逼人的行为”，他还呼吁重置美中关系。外交部对其言论有何评论？,美方政客有关言论充斥着意识形态偏见和冷战零和思维。任何抹黑攻击中国共产党、诋毁中国道路和制度的企图，任何想把中国共产党同中国人民分割对立起来的企图，都是痴心妄想、自不量力，都会遭到14亿多中国人民的坚决反对，注定失败。,林剑
t20250530_11637639.html,法新社记者,美国财长贝森特接受采访时称，美中贸易谈判“有点迟滞”，可能需要两国领导人介入。中方是否认为谈判迟滞？外交部能否介绍谈判最新进展？中方是否仍有信心与美方达成贸易协议？,中方已多次阐明在关税问题上的立场。具体问题建议向中方主管部门询问。,林剑
t20250530_11637639.html,路透社记者,据报道，美国计划增加对台湾地区售武，将超过特朗普第一任期的水平。这对中美关系有何影响？中方可能采取哪些措施回应？,台湾问题是中国核心利益中的核心，是中美关系第一条不可逾越的红线。中方坚决反对美国向中国台湾地区出售武器，敦促美方恪守一个中国原则和中美三个联合公报特别是“八·一七”公报规定，停止售台武器，停止制造台海局势紧张因素。中方捍卫国家主权和领土完整的决心坚定不移。,林剑
t20250530_11637639.html,日本广播协会记者,追问日本水产品恢复进口的问题，发言人刚才提到的“实质性进展”具体指哪些方面？日方表示双方已就恢复进口日本水产品所需的技术性条件达成一致，中方是否也持相同看法，如何看待日本水产品恢复进口的前景？,关于第一个问题，我刚才说了，日方承诺采取可信、可视措施，保障日本水产品的质量安全，确保满足中方监管要求和食品安全标准。,林剑
t20250530_11637639.html,路透社记者,针对《纽约时报》关于美国暂停向中国商飞公司出口发动机的报道，中国驻美国使馆发言人对本社表示，中国坚决反对美国泛化国家安全概念、滥用出口管制。中国也对稀土实施了出口管制。这两者有什么区别？,中方出台的出口管制措施符合国际通行做法，是非歧视性的，不针对特定国家。我们愿与有关国家和地区加强出口管制领域对话合作，致力于维护全球产供链稳定。美方有关做法是在泛化国家安全概念，将经贸科技问题政治化、工具化，对中国进行恶意封锁和打压。我们对此坚决反对，并将坚决维护自身正当权益。,林剑
t20250603_11639624.html,总台CGTN记者,美方近期不断声称中方违反中美日内瓦经贸会谈共识，采取了一系列消极行动，中方对此有何回应？,商务部发言人此前已就此阐明中方严正立场。日内瓦共识是中美双方在相互尊重、平等协商的原则下达成的。中方本着负责任的态度，认真落实日内瓦共识。美方在毫无事实根据的情况下，对中方抹黑指责，出台对华芯片出口管制、暂停对华芯片设计软件销售、宣布撤销中国留学生签证等极端打压措施，严重破坏日内瓦共识，也损害了中方正当权益，中方对此坚决反对，已提出严正交涉。,林剑
t20250603_11639624.html,法新社记者,白宫表示特朗普总统和习近平主席可能于本周通话。中方能否证实？,我没有可以提供的消息。,林剑
t20250603_11639624.html,共同社记者,据报道，中国辽宁省公安部门向日本驻沈阳总领事馆通报称，两名日本人在大连市被杀害，中国籍嫌犯被抓获。中方能否公布更详细的信息？,5月23日，大连公安机关接到一起致两人死亡的刑事案件报警。经初步调查，被害人为日本公民，系犯罪嫌疑人商业伙伴，因经营合作产生矛盾引发该案。案情目前正在进一步调查中。中方有关部门将依法予以处理。,林剑
t20250603_11639624.html,总台华语环球节目中心记者,近日，中方在东盟—中国—海合会峰会期间宣布对东南亚国家实施签证便利政策，发言人能否进一步介绍有关情况？,近年来，中国—东盟命运共同体建设不断推进，共建“五大家园”取得重要成果。中国和东南亚国家人员往来频密，进一步便利人员往来是共同的心愿。,林剑
t20250603_11639624.html,埃菲社记者,蒙古国总理奥云额尔登因受腐败指控和民众抗议而被解职。中方对此有何回应？,这是蒙古国的内政，我不作评论。,林剑
t20250603_11639624.html,香港中评社记者,发言人刚刚介绍了中方面向东南亚国家推出“东盟签证”的便利政策。我们也注意到，6月1日起，中国对巴西、阿根廷、智利、秘鲁、乌拉圭等5个拉美国家持普通护照人员的免签政策开始试行；中方日前宣布“实现对海合会国家免签‘全覆盖’”，在有关国家也引发了热烈反响。中方近年来频频推出免签政策效果如何？今后是否还会向更多国家免签？,就像你刚才提到，6月1日起中国的单方面免签“朋友圈”首次拓展到拉美和加勒比地区国家，适用单方面免签政策来华的国家已达43个。免签“名单”不断变长，彰显了中国持续推进高水平对外开放的坚定决心；便利人员往来措施不断优化，反映出中国致力于打造开放型世界经济的扎实行动。今年一季度，各口岸入境外国人超900万人次，较去年同期增长逾40％；前4个月，中国新设立外商投资企业18000余家，同比增长12.1％，这些数字都是有力说明。,林剑
t20250603_11639624.html,法新社记者,据塔斯社报道，白俄罗斯总统卢卡申科正对中国进行为期三天的访问。中方能否证实并介绍此访细节？,中国和白俄罗斯是全天候全面战略伙伴，双方保持各层级密切往来。至于你关注的具体问题，中方将适时发布有关消息。,林剑
t20250603_11639624.html,总台央视记者,据报道，5月31日，美日澳、美日澳菲防长在香格里拉对话会期间举行会晤并发表联合声明，对中国在东海和南海采取“胁迫”和“武力”方式“单方面改变现状”表示严重关切，称将持续加强针对中国的海上防务合作。中方对此有何评论？,美国在香格里拉对话会上伙同日本、澳大利亚、菲律宾大肆炒作所谓“中国威胁”，借东海、南海问题挑拨煽动地区国家对抗，中方对此强烈不满和坚决反对，已提出严正交涉。,林剑
t20250603_11639624.html,法新社记者,欧盟投票决定，拟根据《国际采购工具》限制中国企业向欧盟销售医疗器械，此举显然是针对中国在国内公共采购中歧视欧盟医疗器械生产商的回应。外交部对欧盟此举有何回应？,具体问题建议向中方主管部门询问。我想指出的是，中方始终坚持高水平对外开放，坚持维护市场经济原则和世贸规则，主张通过对话磋商解决贸易争端。欧盟一贯标榜是“全球最开放的市场”，但事实上一步步走向保护主义，动辄付诸单边经贸工具，以“公平竞争”之名行“不公平竞争”之实，是典型的双重标准。,林剑
t20250603_11639624.html,路透社记者,欧洲、美国、印度汽车行业的高管和代表称，中国对稀土的出口管制造成短缺风险，可能很快导致汽车制造陷入停滞。中方是否计划放宽出口限制或加快审批出口许可申请？,你提到的具体问题建议询问中方主管部门。,林剑
t20250603_11639624.html,日本广播协会记者,追问关于涉日本人的刑事案件。是否可以介绍一下犯罪嫌疑人的国籍？,我刚刚注意到大连市公安局已经发布了警情通报，犯罪嫌疑人为中国籍，目前案件正在进一步调查中。,林剑
t20250604_11640760.html,新华社记者,据报道，日本首相石破茂日前在第30届“亚洲的未来”国际论坛上发言，表示必须牢记惨痛记忆和历史教训，不再重蹈战争覆辙。日本战后走和平国家之路，这一点今后也不会改变，将在反省过去历史基础上不做侵略国家。有评论称石破首相的发言展现了反省历史、避免战争重演的积极态度。请问中方对此有何评价？,2024年11月，石破茂首相在秘鲁利马同习近平主席会见时曾表示，日本秉持“正视历史、面向未来”的精神，坚持走和平发展道路。此次石破茂首相进一步表示日本要反省历史，牢记历史教训，不再重蹈战争覆辙，我们对此予以重视。,林剑
t20250604_11640760.html,韩国CHANNEL　A电视台记者,今天有中国媒体报道称，希望韩国总统采取平衡的对外政策。中方希望韩国采取什么样的对华政策？中方认为韩国新政府上台后中韩关系会得到改善吗？,中韩关系发展的根本动力源于双方的共同利益，不针对第三方，也不应受第三方因素影响。中方一贯反对选边站队和阵营对抗。我们愿同韩方一道推动中韩关系健康稳定发展，为两国人民创造更多福祉，为促进地区和平稳定与发展繁荣发挥积极作用。,林剑
t20250604_11640760.html,韩国新一社记者,今天美国白宫在祝贺李在明当选韩国总统时提到，对中国干涉世界民主国家并施加影响力表示关切，请问中方对此持何立场？,我们注意到了有关情况。中国一贯坚持不干涉内政原则，从未也不会干涉任何国家的内政。奉劝美方改改以自身所作所为臆想、镜像中国的老毛病，停止挑拨中韩关系。,林剑
t20250604_11640760.html,总台国广记者,日前，巴基斯坦政府和阿富汗临时政府宣布将两国外交关系由代办级提升至大使级。请问中方对此有何评论？,近日，巴基斯坦政府和阿富汗临时政府宣布将巴阿关系提升至大使级，中方对此表示欢迎，认为这有助于巴阿双方增进互信，加强合作，共同维护本地区和平稳定。这也是巴方和阿方落实今年5月中阿巴三方外长非正式会晤成果的重要积极举措。中方愿继续为促进巴阿两国改善发展关系发挥建设性作用。,林剑
t20250604_11640760.html,东方卫视记者,今天，韩国中央选举委员会公布总统选举计票结果，韩国共同民主党候选人李在明当选韩新任总统。中方对此有何评论，对下一步中韩关系发展有何期待？,习近平主席已经向李在明总统致贺电，祝贺他当选韩国第21届总统。,林剑
t20250604_11640760.html,《中国日报》记者,近日有欧洲国家领导人在出席香格里拉对话会期间，将台湾问题同乌克兰问题进行类比，在南海问题上影射“中国威胁”，并暗示北约“有理由介入亚太”。请问中方对此有何评论？,我们对有关言论表示坚决反对。台湾是中国领土不可分割的一部分，台湾问题完全是中国内政，与乌克兰危机没有任何可比性。中方坚决反对任何企图混淆或者歪曲台湾问题性质的言行，敦促有关方面以实际行动恪守一个中国原则，尊重中方主权和领土完整。,林剑
t20250604_11640760.html,法新社记者,美国司法部周二表示，两名中国学生被指控将有毒真菌走私至美境内，二人计划在美一所大学对其开展研究。外交部对此有何评论？,我不了解有关情况。中国政府一贯要求海外中国公民严格遵守当地法律法规，同时依法维护海外中国公民正当合法权益。,林剑
t20250605_11641731.html,澎湃新闻记者,今天是世界环境日。有评论称，近年来中国引领全球绿色转型，在可再生能源开发等领域取得显著成就，并帮助其他发展中国家实施能源转型项目。请问发言人对此有何评论？,中国一直是绿色发展的坚定行动派。“绿水青山就是金山银山”理念提出20年来，中国在生态治理领域攻坚克难，妥善处理发展与保护的关系，成为全球能耗强度降低最快、空气质量改善最明显的国家之一，为世界贡献了四分之一的新增绿色面积，构建了全球最大、发展最快的可再生能源体系，建成了全球最大、最完整的新能源产业链。,林剑
t20250605_11641731.html,法新社记者,美国总统特朗普周三签署一项针对阿富汗、伊朗、也门等12个国家公民入境美国的禁令，重启其第一任期最具争议的措施之一。外交部对此有何评论？,我们注意到有关报道。人员往来是促进国家间交流与合作的基础。,林剑
t20250605_11641731.html,路透社记者,美国总统特朗普周三宣布，暂停赴哈佛大学学习或参加交流项目的外国公民入境，该措施有效期为6个月。外交部对此有何评论？,中美教育合作是互利的。中方一贯反对将教育合作政治化。美方有关做法只会损害美国的形象和国际信誉。中方将坚定维护海外中国学生和学者的正当合法权益。,林剑
t20250605_11641731.html,路透社记者,美国证券交易委员会投票一致决定，就可能出台的外国企业在美股上市新规征求公众意见，并称中国企业因较少向投资者定期披露信息而获益。外交部如何看待美加强监管举措？,美方应恪守公平竞争的市场原则，停止将经贸问题政治化，为包括中国企业在内的各国企业提供公平、公正、非歧视的营商环境。中方将采取必要手段，坚决维护中国企业的正当合法权益。,林剑
t20250605_11641731.html,日本广播协会记者,据报道，因中方稀土出口管制导致汽车零部件采购延迟，铃木公司暂停在日本生产主要小型车型，这种情形首次在日本出现。外交部对此有何回应？,中方出台的出口管制措施符合国际通行做法，是非歧视性的，不针对特定国家。关于你提到的具体问题，建议询问中方主管部门。,林剑
t20250605_11641731.html,彭博社记者,第一个问题，中美元首是否可能通话？第二个问题，据《南华早报》报道，澳大利亚总理阿尔巴尼斯将于今夏访华。发言人能否证实？,关于第一个问题，我没有可以提供的消息。,林剑
t20250606_11642615.html,中新社记者,中方刚发布了王毅外长将出席中非合作论坛成果落实协调人部长级会议和第四届中国—非洲经贸博览会开幕式的消息。请问发言人能否进一步介绍有关情况？,去年9月，中非合作论坛北京峰会成功举行，习近平主席出席峰会开幕式并发表主旨讲话，中非双方就携手推进现代化、构建新时代全天候中非命运共同体达成广泛共识，中非关系进入历史最好时期。峰会后，中非双方密切配合，积极落实中非领导人共识和峰会成果，取得重要进展，形成一大批“早期收获”。,林剑
t20250606_11642615.html,埃菲社记者,据报道，危地马拉总统阿雷瓦洛在台北会见赖清德时，表示愿将危台关系提升至新水平。请问中方对此有何评论？,世界上只有一个中国，台湾是中国领土不可分割的一部分，中华人民共和国政府是代表全中国的唯一合法政府。这是国际社会的普遍共识，不容挑战。民进党当局利用所谓“邦交国”搞政治操弄的图谋不过是自欺欺人的把戏，阻挡不了中国终将统一的历史大势。,林剑
t20250606_11642615.html,法新社记者,关于中美元首昨晚通话，特朗普发帖称，关于稀土产品的复杂性不应再有任何疑问，但中方发布的消息稿未提及稀土问题。外交部能否详细介绍两国领导人就稀土问题讨论了什么内容？,中方已多次就有关问题表明立场。具体情况你可以询问中方主管部门。,林剑
t20250606_11642615.html,俄新社记者,美国总统特朗普与企业家马斯克发生了公开纠纷，中方对此有何评论？这一纠纷是否会影响中美关系？,这是美国的内政。,林剑
t20250606_11642615.html,路透社记者,也是关于中美元首通话的问题。特朗普在通话后称，关于稀土产品，应该不会再有任何问题。这是否意味着中方将加快审批稀土及相关产品出口许可，尤其是对美出口？,我刚才已经回答了这个问题。,林剑
t20250606_11642615.html,深圳卫视记者,我们注意到，在当前严峻的国际经济环境中，中国同世界的经贸联系仍然强劲。今年前5个月中国累计新开101条国际航空货运航线，每周增加往返航班超过195个。我们同时注意到，今年前4个月，中国港口货物吞吐量57.55亿吨，同比增长3.7％；港口集装箱吞吐量超1.1亿标箱，同比增长7.9％。发言人对此有何评论？,我也注意到有关报道。今年前4个月，中国货物贸易进出口总值同比增长2.4％，4月份进出口增速较一季度加快4.3个百分点。中国经济活力持续释放，外贸韧性不断提升，充分说明无论外部环境出现何种挑战，“中国制造”依然是世界“刚需”，中国市场始终是投资“热土”。单边主义、保护主义难以为继，“筑墙设垒”阻挡不了中国与世界各国开放合作、共享发展的坚定步伐。,林剑
t20250609_11643733.html,中新社记者,据了解，东亚合作系列高官会即将在马来西亚举行。发言人能否介绍中方的出席情况及对会议的期待？,东盟轮值主席国马来西亚将于6月10日至11日在槟城举行东盟与中日韩（10＋3）高官会、东亚峰会（EAS）高官会和东盟地区论坛（ARF）高官会。中国外交部副部长孙卫东将率团出席。,林剑
t20250609_11643733.html,路透社记者,何立峰副总理和美国高级官员今天将在伦敦举行会议。发言人能否提供更多信息？中方重点关注哪些议题，对会议有何期待或希望取得什么成果？,中方已经发布了中美经贸磋商机制首次会议有关消息。关于磋商的具体情况，请你保持关注。,林剑
t20250609_11643733.html,共同社记者,日本政府证实中国航母辽宁舰在日本附近的太平洋海域活动。中方对此有何回应？,中国军舰在有关海域活动完全符合国际法和国际惯例。中国一贯奉行防御性国防政策，希望日方客观理性看待。,林剑
t20250609_11643733.html,法新社记者,《纽约时报》上周六发表文章称，该报获悉的俄罗斯联邦安全局内部规划文件显示，中国对俄安全构成威胁，并称中方正试图获取俄敏感军事技术。外交部对此有何评论？,我不了解你说的情况。我要强调的是，中俄关系不针对第三方，也不受第三方影响。,林剑
t20250609_11643733.html,路透社记者,中国政府周六表示，愿意通过“绿色通道”加快稀土磁铁对欧洲出口的审批程序。中方是否计划向其他国家或地区开放“绿色通道”？是否会向美方开通类似渠道？,中国商务部已就中国稀土出口管制措施作出回应，你可以查阅。关于你提到的具体情况，请向中方主管部门询问。,林剑
t20250610_11644977.html,法新社记者,日本防卫省发言人今天称，发现两艘中国航母同时在太平洋活动，这是首次出现此种情况。外交部能否提供更多细节或作评论？,我昨天已经回答了相关问题。我要重申，中国军舰在有关海域活动完全符合国际法和国际惯例。中国一贯奉行防御性国防政策，希望日方客观理性看待。,林剑
t20250610_11644977.html,《北京日报》记者,去年，第78届联合国大会通过决议，将每年6月10日设立为“文明对话国际日”。今年6月10日是首个“文明对话国际日”。我们注意到，联合国总部以及多个联合国机构所在地举办了系列庆祝活动，联合国秘书长、联大主席以及许多联合国机构负责人纷纷表示祝贺。可否请发言人介绍相关情况？,一年前，第78届联合国大会协商一致通过中国联合80多个国家共同提出的决议，决定将每年6月10日设立为“文明对话国际日”。这是中国积极践行习近平主席提出的全球文明倡议，为推动不同文明间平等交流对话、促进世界和平与发展作出的重要贡献。,林剑
t20250610_11644977.html,深圳卫视记者,我们注意到，近期不少外资企业持续投资中国。中国丹麦商会、德国商会等表示，欧洲企业对持续投资中国很有动力，人工智能、数字孪生、无人驾驶等新技术都是可以开展合作的蓝海。中国美国商会最新调查显示，绝大多数美企没有撤离中国市场的计划。很多外资企业也开始加大本地化研发创新。发言人对此有何评论？,越来越多外资企业加码中国，体现出外界看重中国高质量发展的稳定性和高水平对外开放的确定性，也彰显中国新质生产力与科技创新生态的澎湃动能。我们加快推进制度型开放，推出《2025年稳外资行动方案》，修订扩大《鼓励外商投资产业目录》，将高端制造、数字经济等前沿领域纳入政策红利圈。今年前五个月，有进出口实绩的外企数量超过7.3万家，为5年来同期最高。同时，中国持续取得的创新突破，市场对新产业新业态的巨大需求，以及完备产供链体系、丰富人才资源、成熟创新生态等独特优势，驱动外企加速投资新质生产力、深嵌中国创新链。“在中国研发、向世界输出”成为热潮，形成市场、企业和资源要素的良性循环。,林剑
t20250611_11645752.html,总台央视记者,今天，中非合作论坛成果落实协调人部长级会议在湖南长沙开幕。发言人能否进一步介绍具体情况？此次会议对推进中非合作有何重要意义？,今天，中非合作论坛成果落实协调人部长级会议在湖南长沙举行。习近平主席向会议致贺信，宣布将落实对53个非洲建交国实施100％税目产品零关税举措，为非洲最不发达国家对华出口提供更多便利，愿同非方深入落实“十大伙伴行动”，为中非携手推进现代化、建设新时代全天候中非命运共同体提供了重要指引。王毅外长出席会议开幕式并就推动中非合作高质量发展提出中方五点倡议，指出中非要坚持守望相助，做全球南方团结的维护者；坚持对外开放，做国际自由贸易的倡导者；坚持互利共赢，做全球发展合作的同行者；坚持公道正义，做国际公正秩序的捍卫者；坚持交流互鉴，做世界文明多样性的促进者。双方发表维护全球南方团结合作的长沙宣言，发布中非合作论坛北京峰会成果落实清单、2026年“中非人文交流年”概念文件，展现中非双方落实北京峰会合作成果，也为深化政治互信、推进互利合作、促进民心相通注入新动能。明天开始在长沙还将举办第四届中国—非洲经贸博览会。,林剑
t20250611_11645752.html,美联社记者,欧洲“全球权利合规”组织今天发布了一份关于新疆的报告，称当地多家关键矿产公司有可能购买了经“强迫劳动”生产的产品。发言人对此有何评论或回应？,中国新疆从来没有强迫任何人转移就业。所谓中国新疆地区“强迫劳动”的说法完全是个别反华势力炮制的谎言。我们奉劝个别组织停止打着人权幌子干涉中国内政，停止破坏新疆繁荣稳定。,林剑
t20250611_11645752.html,日本广播协会记者,6月9日至10日，中美双方代表在英国伦敦举行经贸磋商机制首次会议，请你介绍这次磋商的详细内容和成果。另外，中美磋商下步有何具体安排？,相信你也注意到，中方代表在伦敦就磋商情况作出了回应。目前我没有可以进一步提供的信息。,林剑
t20250611_11645752.html,《中国日报》记者,据报道，巴拿马运河管理局负责人10日就香港长江和记运河港口出售案称，目前交易结构或将导致港口所有权过于集中，损害巴市场竞争力，也不符合中立原则。该负责人并称，不会允许美政府船只免费通航。中方对此有何评论？,我们注意到有关报道。,林剑
t20250611_11645752.html,法新社记者,哈萨克斯坦今天宣布，中国领导人将于下周赴哈出席与地区伙伴的峰会。外交部能否提供更多细节，中方希望通过峰会取得什么成果？,关于你提到的具体访问，我们会及时发布消息。,林剑
t20250612_11647042.html,路透社记者,中国一直以来反对美英澳“三方安全伙伴关系”及核潜艇合作协议。昨天有消息称，美国防部正在审查该协议以确定是否应予废止。中方是否欢迎这一审查？对此有何评论？,中方已多次就美英澳建立所谓“三方安全伙伴关系”推进核潜艇及其他尖端军事技术合作表明立场。我们一贯反对制造阵营对抗，反对加大核扩散风险，加剧军备竞赛。,林剑
t20250612_11647042.html,英国天空新闻频道记者,特朗普总统昨天在“真实社交”平台上发帖称，“美中经贸协议已达成”，中方将供应磁铁和任何必要的稀土。他还称，中国商品将面临55%的关税，而美国商品只面临10%的关税。发言人能否证实其帖文中的细节？这是否准确表述了中美之间达成的协议内容？,昨天下午，中方已就中美经贸磋商机制首次会议发布消息，你可以查阅。我要强调，本次会议是在两国元首战略指引下举行的。双方就落实两国元首6月5日通话重要共识和巩固日内瓦经贸会谈成果的措施框架达成原则一致，就解决双方彼此经贸关切取得新进展。中方一向言必行、行必果，既然达成了共识，双方都应遵守。希望美方同中方一道，落实两国元首通话达成的重要共识，发挥中美经贸磋商机制作用，通过沟通对话增进共识、减少误解、加强合作。,林剑
t20250612_11647042.html,澎湃新闻记者,我们注意到，一段时间以来，外国游客来华旅行、直播中国热潮不减，中国潮玩海外爆火。有外媒评论称，中国科技、游戏、文化等产品风靡全球，让中国变得很“酷”，也提升了中国国际形象。最新民调显示，最近一年多中国全球好感度稳步上升。发言人对此有何评论？,从说走就走的“中国游”到琳琅满目的“中国购”，从深度求索的人工智能，到中国潮玩、影视剧风靡全球，越来越多的外国朋友走近中国、了解中国，冲破了“认知茧房”，收获了情感共鸣。这充分说明，对美好事物的追求和对美好生活的向往不分国界、不分民族，是任何力量都阻挡不了的。,林剑
t20250612_11647042.html,法新社记者,日本今天称，已就上周末中国军机在太平洋上空“异常接近”日本军方巡逻机一事向中方表达了严重关切。外交部能否进一步介绍事件原委？对日方表态有何回应？,中方在相关海空域开展活动完全符合国际法和国际惯例。关于你说的具体问题，两国防务部门正通过既有渠道保持沟通。需要强调的是，日本舰机对中国正常军事活动进行抵近侦察，是造成海空安全风险的根源。中方敦促日方停止此类危险行为。,林剑
t20250612_11647042.html,伊拉克如道电视台记者,第一个问题，鉴于中国同伊拉克的关系，中方能否为解决伊中央政府与库尔德地区预算和薪资纠纷发挥作用？第二个问题，美国已下令从中东尤其是伊拉克撤离非必要工作人员，中方对此有何评论，是否就缓解美国同伊朗紧张关系、特别是推动双方就伊朗核协议进行对话方面发挥作用？,关于第一个问题，这是伊拉克的内政。作为总的原则，中方支持伊拉克保持和平、稳定、发展。,林剑
t20250612_11647042.html,《环球时报》记者,6月10日，土库曼斯坦外交部发表公告，就美国对包括土在内的7国公民实施部分入境限制表达关切和担忧，中方对此有何评论？,中方注意到土库曼斯坦外交部相关公告。中方始终认为，人员往来是国家间交流与合作的基础，符合各方共同利益和普遍期待。作为全面战略伙伴，中方愿同土方共同致力于促进国家间人员往来。,林剑
t20250612_11647042.html,印度报业托拉斯记者,中国正同美、欧等多方就稀土问题进行谈判。印度也有这方面关切，据报道，印方已向中方提出该议题。近期印度驻华大使罗国栋同中国外交部副部长孙卫东举行了会谈，外交部称双方讨论了共同关心的问题，请问双方是否讨论过稀土问题？中方是否考虑或正同印方就取消稀土出口限制进行谈判？鉴于该问题是印度国内公众关切的问题，发言人可否介绍更多情况？,关于孙卫东副部长会见印度驻华大使罗国栋先生，中方已经发布了消息。至于你提到的稀土出口管制问题，请向中方主管部门询问。我们愿同有关国家和地区加强对话合作，共同维护全球产供链稳定。,林剑
t20250612_11647042.html,英国天空新闻频道记者,追问中美可能达成的经贸协议。在正式达成协议之前，特朗普总统就在社交媒体上发帖宣布了此事。发言人对这种方式有何评论？这是否在某种程度上破坏了双方关系？,我刚才已就相关问题阐明了中方立场。,林剑
t20250612_11647042.html,《北京青年报》记者,据了解，孙霖江已担任中国政府欧亚事务特别代表。发言人能否证实？,中国政府已经任命孙霖江大使接替李辉大使担任中国政府欧亚事务特别代表。,林剑
t20250612_11647042.html,彭博社记者,欧盟提议制裁两家小型中国银行，称其帮助俄罗斯规避欧盟贸易限制措施。根据该提议，欧盟金融机构将被禁止与这两家银行进行任何交易。外交部对此有何评论？,中方一贯反对没有国际法依据、未经联合国安理会授权的单边制裁和“长臂管辖”。当前，包括欧美在内的大多数国家都在同俄罗斯开展贸易。中俄企业正常交往合作符合世贸规则和市场原则，不针对第三方，也不应当受到干扰和影响。,林剑
t20250612_11647042.html,乌通社记者,乌克兰军事情报部门负责人称，其掌握了俄罗斯向朝鲜转让现代军事技术的信息，特别是在朝生产俄版无人机的协议。这将改变该地区及朝韩间的军事平衡。请问中方是否认为朝俄此类军事合作对朝鲜半岛的稳定以及对中国构成挑战或威胁？,我不了解你提到的具体情况。关于俄朝双边交往，我们已多次阐明立场。中方在乌克兰危机问题和朝鲜半岛问题上的立场是一贯、明确的。,林剑
t20250612_11647042.html,英国天空新闻频道记者,再问一个关于特朗普帖文的问题。他在帖文中称美国和中国的关系“非常好”。你是否认同？,中方一向本着相互尊重、和平共处、合作共赢的精神看待和处理中美关系。我们在发展对美关系上的立场是一贯的。,林剑
t20250612_11647042.html,埃菲社记者,据报道，林运团日前就任福州教区辅理主教。报道称他是梵蒂冈与中国签署临时协议后，教皇利奥十四世同意的首位中国主教。外交部对此有何评论？,近年来，中国和梵蒂冈保持沟通，通过建设性对话增进理解与互信。在双方共同努力下，关于主教任命的临时性协议得到顺利实施。中方愿同梵方一道，推动中梵关系持续改善。,林剑
t20250613_11648029.html,半岛电视台记者,以色列今天凌晨对伊朗境内多个目标发动了袭击。请问中方对此有何评论？,中方高度关注以色列袭击伊朗，对有关行动可能带来的严重后果深感担忧。中方反对侵犯伊朗主权、安全和领土完整，反对激化矛盾、扩大冲突。地区局势再度骤然升温，不符合任何一方利益。中方呼吁有关各方多做有利于促进地区和平稳定的事，避免紧张事态进一步升级。中方愿为推动局势缓和发挥建设性作用。,林剑
t20250613_11648029.html,新华社记者,中方发布了习近平主席将出席第二届中国—中亚峰会的消息，能否介绍此访的主要安排及中方期待？,成立中国—中亚机制是中国同中亚五国的一致决定，符合各方对维护地区稳定、实现高质量发展的共同期待。2023年5月，习近平主席在西安成功主持召开首届中国—中亚峰会，中国同中亚国家关系迈入了新时代，双方合作持续走深走实，为地区发展源源不断注入新动力，给各国百姓带来实实在在的便利和好处。,林剑
t20250613_11648029.html,总台央视记者,北京时间6月12日下午，印度航空一架从印古吉拉特邦艾哈迈达巴德机场飞往英国伦敦的客机起飞后不久，在机场附近坠毁，或已造成200余人遇难。外交部对此有何评论？,中方关注到印度发生的客机失事并造成重大人员伤亡这一不幸事件。习近平主席已经分别向印度总统穆尔穆、英国国王查尔斯三世、印度总理莫迪致慰问电，代表中国政府和中国人民，对遇难者表示深切哀悼，向遇难者家属和受伤人员致以诚挚慰问，希望伤者早日康复。李强总理也分别向印度总理莫迪和英国首相斯塔默致慰问电。,林剑
t20250613_11648029.html,中新社记者,中方刚刚发布新西兰总理拉克森访华消息。能否介绍此访背景情况和中方期待？,此访是拉克森总理就职以来首次访华，正值中新全面战略伙伴关系开启第二个10年。访问期间，中国领导人将同拉克森总理分别举行会见、会谈，就中新关系和共同关心的国际和地区问题深入交换意见。,林剑
t20250613_11648029.html,《中国日报》记者,据报道，联大紧急特别会议12日高票通过了有关加沙冲突的决议草案。中方对此有何评论？,中方代表已在表决后的解释性发言中全面阐述了立场。我愿重申，有关决议的高票通过反映了国际社会的压倒性呼声。加沙冲突不能再延宕，人道灾难不能再继续。中方呼吁维护国际法权威，切实落实联合国安理会和联大有关决议，推动加沙局势尽快降温、实现巴勒斯坦问题在“两国方案”基础上的全面、公正、持久解决。,林剑
t20250613_11648029.html,法新社记者,印度外交部今天称，印中双方已同意加快恢复两国间直航的进程。中方能否证实并提供更多细节？,你提到的具体问题建议向中方主管部门了解。恢复中印直航有利于保障双方人员往来和交流合作，符合双方共同利益。中方对此态度积极，希望印方与中方相向而行，推动中印尽快复航，保障两国人员安全有序往来。,林剑
t20250613_11648029.html,湖北广电记者,最新统计数据显示，中欧班列历年累计开行突破11万列，发送货值超4500亿美元。有评论认为，中欧班列已成为沿线国家经贸合作的“加速器”。发言人对此有何评论？,中欧班列是“一带一路”倡议的标志性成果。目前，中国已有128个城市开通了中欧班列，通达欧洲26个国家的229个城市以及亚洲11个国家的100余个城市，平均不到半小时就有1列发车。中欧班列运行高效稳定畅通，不仅架起亚欧经贸往来的桥梁，也为沿线国家注入发展动能。,林剑
t20250613_11648029.html,彭博社记者,伊朗多次威胁称，如遭到攻击，将封锁霍尔木兹海峡。以色列对伊朗发动袭击后，这成为现实可能。中方是否支持伊朗封锁霍尔木兹海峡以示报复？,对假设性问题我不作评论。地区局势再度升温，不符合任何一方利益。我们呼吁有关各方多做有利于促进地区和平稳定的事，避免紧张事态进一步升级。中方也愿继续为此发挥建设性作用。,林剑
t20250613_11648029.html,路透社记者,七国集团（G7）峰会将于本周日开始在加拿大举行。去年，该集团同意采取行动保护本国企业不受所谓中国“不公平行为”和“产能过剩”问题影响。中方是否认为今年还会成为G7峰会的目标？,七国集团一贯秉持冷战思维和意识形态偏见，搞封闭排他的“小圈子”，挑动冲突对抗和阵营对立。这种做法逆时代潮流，不得人心，注定不会得逞。,林剑
t20250613_11648029.html,法新社记者,日本防卫大臣今天称，中方声称日本应对上周末两国军机在太平洋上空近距离接触事件负责，这“不可接受”。中方对其表态有何回应？对事件有无新的评论？,我昨天已就有关问题表明立场。中方也通过外交渠道同日方保持沟通，阐明中方严正立场。 我想强调，中方在打击恐怖主义问题上的立场是一贯的、明确的。恐怖主义是全人类公敌，打击恐怖主义是国际社会的共同责任。中方致力于维护国际地区和平与安宁，坚定打击一切形式的恐怖主义，根本不存在所谓“采取模糊或双重标准”的做法。,林剑
t20250616_11649328.html,总台CGTN记者,2013年，习近平主席在访问哈萨克斯坦期间首次提出共建“丝绸之路经济带”的构想。如今，“一带一路”倡议已成为最受欢迎的国际公共产品之一。在第二届中国—中亚峰会即将举行之际，发言人能否介绍中国同中亚国家共建“一带一路”有关情况？对下一步合作有何期待？,中亚地区既是“一带一路”倡议的首倡之地，也是高质量共建“一带一路”的先行区。中国与中亚五国全部签署共建“一带一路”合作文件，实施了一系列促发展、惠民生的标志性项目。2024年，中国对中亚国家进出口达到创纪录的6741.5亿元人民币，较2013年增长116％。中哈原油管道、中国—中亚天然气管道打造互利共赢新模式，中塔公路、中吉乌公路和铁路推动区域互联互通迈上新水平，数字经济、绿色转型拓展务实合作新领域，中国与哈萨克斯坦、乌兹别克斯坦实现互免签证，鲁班工坊加速落地，人文交流和民心相通驶入快车道。高质量共建“一带一路”日益成为中国—中亚合作的重点方向。,郭嘉昆
t20250616_11649328.html,伊拉克如道电视台记者,王毅外长同伊朗和以色列外长通电话时表示，将核设施作为目标是危险动向。中方是否认为冲突有扩大或升级为更大范围战争的风险？中方正在采取哪些措施防止战争蔓延至其他中东国家？,中方对以色列袭击伊朗并导致军事冲突骤然升级深感担忧。我们呼吁各方立即采取措施，推动紧张局势尽快降温，防止地区陷入更大动荡，为重回对话谈判解决问题的正轨创造条件。,郭嘉昆
t20250616_11649328.html,总台央视记者,日前，金砖主席国巴西发表新闻公告，表示越南已成为金砖伙伴国。中方对此有何评论？,中方欢迎越南成为金砖伙伴国。越南参与金砖合作，不仅有利于自身发展，也符合金砖国家和全球南方共同利益。相信越方将为金砖机制作出积极贡献。,郭嘉昆
t20250616_11649328.html,法新社记者,追问关于以伊冲突的问题。自王毅外长周末与以色列、伊朗外长通电话以来，中以、中伊官员之间是否有更多接触？中方现在如何看待达成核协议的可行性？,正如我刚才所说，王毅外长本周末同以色列、伊朗外长通电话，呼吁双方通过对话解决分歧。中国将继续为解决当前冲突发挥自身作用。关于你提到伊核谈判前景，我想强调的是，中方一贯主张通过政治外交手段和平解决伊朗核问题，愿继续同有关各方保持沟通协调，为实现局势降温发挥建设性作用，为推动伊朗核问题政治外交解决营造良好外部环境。,郭嘉昆
t20250616_11649328.html,《环球时报》记者,据报道，美国驻巴拿马大使馆称，美政府将与巴拿马公安部合作，未来两年内使用“安全的美国技术”安装7座新电信塔，取代此前安装的华为设备。该使馆称“美正在努力对抗中国在西半球的不良影响，让美洲大陆更强大、更安全。”巴拿马总统穆利诺回应表示，请美国使馆停止对巴政府所做自主决策公开发表单方面声明，美方无权就巴政府决策发表意见。中方对此有何评论？,美方长期在拉美和加勒比搞监听监控、网络攻击，给西半球带来不良影响，让美洲大陆上的国家感到不安全。,郭嘉昆
t20250616_11649328.html,日本广播协会记者,瑞典斯德哥尔摩国际和平研究所16日发布全球核力量年度报告指出，中国目前拥有600枚核弹头，位居全球第三，并以每年约100枚的速度递增，增速快于世界任何其他国家。发言人对此有何评论？,中方对有关报告不作评论。我想强调，中国一直坚持自卫防御核战略，始终将核力量维持在国家安全需要的最低水平，不参与军备竞赛。中国恪守任何时候和任何情况下不首先使用核武器的政策，承诺无条件不对无核武器国家和无核武器区使用或威胁使用核武器。中国是唯一采取这一政策的核武器国家。中国将继续坚定致力于维护自身正当安全利益，维护世界和平与稳定。,郭嘉昆
t20250616_11649328.html,法新社记者,《卫报》援引英国政府消息人士称，中国正考虑解除2021年对多名英国议员实施的一项制裁。这些议员曾因批评中方侵犯新疆维吾尔族穆斯林人权而被制裁。上周中英官员在伦敦会谈时是否谈到了解除制裁的问题？外交部对此有何评论？,我不掌握你提到的具体情况。我想强调，此事是英方无理制裁中方人员和实体在先，中方随后作出必要反制，是非曲直、来龙去脉十分清楚。平等互惠、相向而行是发展双边关系的基础，也是解决任何分歧的原则。,郭嘉昆
t20250616_11649328.html,彭博社记者,《华盛顿邮报》正在调查一起部分记者电子邮件账户遭到网络攻击的事件。《华尔街日报》首先报道此事，并援引不具名消息人士的话称，此次黑客攻击可能是外国政府所为。报称国家安全和经济政策团队记者，包括从事涉华报道的记者都成为网络攻击的目标。外交部对此有何评论？,我不了解你提到的具体情况。网络攻击是各国面临的共同挑战，中方一贯坚决反对并依法打击各种形式的网络攻击，愿通过对话合作与各方一道共同应对网络威胁。,郭嘉昆
t20250617_11651778.html,总台央视记者,中方对丁薛祥副总理赴俄罗斯出席第二十八届圣彼得堡国际经济论坛有何期待？,圣彼得堡国际经济论坛是探讨全球经济治理、凝聚国际合作共识的重要平台。习近平主席曾两次应邀出席论坛，发出坚持真正的多边主义、推动构建人类命运共同体的时代强音，引发国际社会的热烈反响。本届论坛以“共同价值—多极化世界发展的基础”为主题，各方将就此探讨应对全球性问题的有效途径。,郭嘉昆
t20250617_11651778.html,总台CGTN记者,近日，以色列袭击伊朗并导致军事冲突升级，当地人员面临严重安全风险。请问中方是否有计划撤离在伊朗和以色列的中国公民？,中国政府高度重视海外中国公民安全保护工作。以伊冲突爆发后，外交部及驻伊朗、以色列使领馆立即启动领事保护应急机制，要求两国切实保障中国公民和机构安全，及时发布有关提醒和指南，与当地中国公民和机构持续保持密切联系，指导他们做好安全防范和紧急避险，并为撤离的中国公民积极提供协助。目前已有部分中国公民安全撤离至周边国家。,郭嘉昆
t20250617_11651778.html,阿纳多卢通讯社记者,美国总统特朗普在“真实社交”平台上称，随着以军持续袭击伊朗首都，“每个人都应立即撤离德黑兰”。他表示，伊朗应该签署关于核计划的谈判协议。中方对此有何评论？如何看待美方这种“一边倒”放任以色列袭击伊朗领土的态度？,中东地区局势再度骤然升温，不符合任何一方的利益。拱火浇油、威胁施压无助于推动局势缓和，只会激化矛盾、扩大冲突。中方呼吁有关各方，特别是对以色列有特殊影响的国家，应负起应有的责任，立即采取措施，为紧张局势降温，避免冲突扩大蔓延。,郭嘉昆
t20250617_11651778.html,中新社记者,今天是世界防治荒漠化和干旱日。我们注意到，中国正助力中亚国家解决咸海生态危机，为“中亚之泪”带来绿色希望。发言人能否进一步介绍相关情况？,荒漠化是中国和中亚国家面临的共同挑战。2023年，习近平主席在首届中国—中亚峰会上指出，中方愿同中亚国家推动解决咸海生态危机。两年多来，双方深入开展联合科学考察，推进盐碱地治理，建设节水棉田示范区，得到当地民众的高度肯定和欢迎。,郭嘉昆
t20250617_11651778.html,彭博社记者,据《金融时报》报道，由于认为在经贸问题上没有进展的情况下与中国进行讨论毫无意义，欧盟已取消举行中欧经贸高层对话。中方能否证实对话已经取消，对此有何进一步的评论？,你提到的具体问题，请向中方主管部门询问。今年是中国同欧盟建交50周年。当前国际局势动荡加剧，单边主义、经济霸凌甚嚣尘上，中欧加强战略沟通、深化对话合作有利于双方，有利于世界。中欧一直就经贸等问题保持着沟通。,郭嘉昆
t20250617_11651778.html,埃菲社记者,据厄瓜多尔官员称，厄总统诺沃亚将与中国领导人会晤。请问中方能否介绍会晤安排，以及当前中厄关系最新情况？,中国和厄瓜多尔是全面战略伙伴，两国关系一直保持良好发展势头。今年是中厄建交45周年。中方愿同厄方一道努力，推动两国全面战略伙伴关系不断迈上新台阶，造福两国人民。,郭嘉昆
t20250617_11651778.html,阿纳多卢通讯社记者,以色列军方攻击伊朗时，袭击了伊朗国家电视台大楼。此前以防长卡茨曾表示，伊朗的广播与无线电设施将不复存在。“保护记者委员会”谴责了此次袭击，伊方将以方行径称作“犯罪行为”和“战争罪”。中方对此有何评论？,中方对以伊冲突升级深感担忧，表示严重关切。中方再次呼吁各方立即采取措施，推动紧张局势尽快降温，防止地区陷入更大动荡。停火止战是当务之急，对话协商才能带来持久和平。中方愿同各方保持密切沟通，为缓和紧张局势发挥建设性作用。,郭嘉昆
t20250617_11651778.html,东方卫视记者,昨天联合国人权理事会第59届会议开幕，我们关注到中国常驻日内瓦代表团和联合国日内瓦办事处共同举办的“人人享有无障碍：构建包容未来”主题展览在万国宫开幕。发言人能否进一步介绍相关情况？,去年10月，联合国人权理事会第57届会议协商一致通过中国代表30个国家提交的“无障碍建设促进所有人享有人权”决议，举办本次展览是落实该决议的重要举措。展览从信息无障碍、文化无障碍、建筑无障碍三方面，展现了中国《无障碍环境建设法》立法理念和中国高质量发展惠及特定群体的生动实践。联合国人权高专图尔克及各国代表等300余人出席。中方愿继续同各方深化无障碍环境建设领域国际合作，切实落实“人人享有无障碍”，深入参与和引领全球人权治理，推动国际人权事业健康发展。,郭嘉昆
t20250617_11651778.html,乌通社记者,昨天中国和哈萨克斯坦领导人在阿斯塔纳会晤中，除了讨论经贸、文化等传统议题外，还高度关注安全问题。鉴于过去三年多来俄罗斯持续入侵乌克兰，正失去帮助中亚国家维护安全的能力，这是否意味着中国打算取代俄罗斯，加大力度确保深陷困境的中亚地区的安全？,维护中亚地区的安全稳定，符合地区国家的共同利益。中国和俄罗斯都是中亚国家的好朋友、好伙伴。作为联合国安理会常任理事国和中亚国家的友好邻邦，中国和俄罗斯在维护中亚地区稳定、促进中亚地区发展等方面具有坚定的共同立场。中方愿同各方一道，继续为实现地区持久和平与共同繁荣作出新的贡献。,郭嘉昆
t20250617_11651778.html,阿纳多卢通讯社记者,中方是否会主动通过外交途径阻止以伊冲突？鉴于伊朗是上海合作组织和金砖国家成员，这些组织是否会采取更多的多边行动？,冲突爆发以来，中方同伊朗、以色列以及各方保持着沟通，推动停火止战、局势降温。有关国际组织也就当前局势发表了声明。,郭嘉昆
t20250617_11651778.html,阿纳多卢通讯社记者,随着以伊冲突加剧以及以色列袭击伊朗方面的能源设施，中方是否担心来自伊朗的能源供应中断？,中方对以色列袭击伊朗并导致地区冲突骤然升级深感担忧。当务之急是有关各方立即采取措施，推动紧张局势尽快降温，防止地区陷入更大的动荡，为重回对话谈判解决问题的正轨创造条件。,郭嘉昆
t20250617_11651778.html,深圳卫视记者,6月16日，埃及、约旦、阿联酋、巴基斯坦、巴林、土耳其、阿尔及利亚、沙特、苏丹、伊拉克、阿曼、卡塔尔、科威特等21个阿拉伯和伊斯兰国家的外长就以伊冲突发表联合声明，呼吁尊重他国主权和领土完整、按睦邻友好原则及通过和平方式解决争端。中方对此有何评论？,以色列袭击伊朗引发地区局势骤然升级，国际社会对此高度关注。当务之急是停火止战，采取有效措施避免冲突升级，防止地区陷入更大动荡，回归对话和谈判政治解决问题的轨道，这是国际社会的普遍共识。中方欢迎埃及等阿拉伯和伊斯兰国家发表联合声明，赞赏有关国家为推动局势降温付出的努力。中方愿同有关各方保持沟通，为推动局势缓和发挥建设性作用。,郭嘉昆
t20250617_11651778.html,阿纳多卢通讯社记者,今早，中国驻以色列使馆呼吁中国公民撤离以色列。但我们注意到，中方并未对在伊朗中国公民发出类似撤离提醒。伊朗的安全状况是否也发生了变化？,我刚才已经回答了相关问题。我愿重申，外交部及有关使领馆正会同相关部门，全力做好在伊朗和以色列的中国公民安全保护工作，迅速组织撤离中国公民。请在伊、以的中国公民联系使领馆，或拨打12308领事保护热线。,郭嘉昆
t20250617_11651778.html,彭博社记者,据本社报道，迫于美方压力，台湾当局将华为与中芯国际列入台方实体名单。外交部对此有何回应？,中方一贯反对美方将科技和经贸问题政治化，泛化国家安全概念、滥用出口管制和长臂管辖，对中国进行恶意封锁打压。民进党当局“跪美媚美”只会害台、毁台。,郭嘉昆
t20250618_11652470.html,总台央视记者,习近平主席昨天出席第二届中国—中亚峰会。此次也是峰会首次在中亚国家举办。评论认为，本届峰会承上启下，开启中国同中亚国家合作提质升级的新篇章。发言人能否进一步介绍有关情况？,6月17日，习近平主席在哈萨克斯坦首都阿斯塔纳出席第二届中国—中亚峰会并发表主旨发言，全面回顾中国中亚合作的丰硕成果，创新提出“中国—中亚精神”，指出双方要坚守彼此信赖、相互支持的团结初心，优化务实高效、深度融合的合作布局，打造和平安宁、休戚与共的安全格局，拉紧同心同德、相知相亲的人文纽带，维护公正合理、平等有序的国际秩序。,郭嘉昆
t20250618_11652470.html,总台华语环球节目中心记者,昨天外交部已发布消息，中国政府正组织在伊朗、以色列中国公民安全撤离，请问目前有何进展？,截至目前，在外交部和驻伊朗使领馆组织协调下，在相关邻近国家积极协助支持下，已有791名中国公民自伊朗转移至安全地区，还有1000余人正在转移撤离途中。中国驻阿塞拜疆、土库曼斯坦等周边国家使领馆派出工作组，在边境口岸协助中国公民通关，同时为他们后续安置和中转回国提供帮助。部分中国公民已从以色列安全转移。,郭嘉昆
t20250618_11652470.html,深圳卫视记者,据报道，欧盟委员会主席16日在G7峰会期间指责中国无视全球贸易规则，提供大量补贴扶持本国企业，表示中国将稀土主导地位武器化，并向全球市场转移过剩产能。G7必须实现关键供应链特别是原材料的多元化，共同应对非市场政策和行为。中方对此有何评论？,我们注意到有关报道，对有关言论罔顾事实、充满偏见和双重标准表示强烈不满和坚决反对。,郭嘉昆
t20250618_11652470.html,韩联社记者,俄罗斯联邦安全会议秘书绍伊古17日表示，朝鲜决定向俄罗斯库尔斯克地区派遣共计6000名工兵，用于参与战后基础设施重建工作。中方如何看待朝鲜向俄罗斯追加派兵？,关于俄朝双边交往，我们已多次阐明立场。,郭嘉昆
t20250618_11652470.html,彭博社记者,追问一个欧盟评论中国产业结构的问题。中方在2001年加入世贸组织时曾承诺加入《政府采购协议》，但迄未加入。你刚刚提到欧盟提出“优先购买欧洲产品”，这涉及政府采购。中国政府和国有企业也有优先购买中国产品的政策。发言人如何解释这一矛盾现象？,关于政府采购的具体问题，建议向中方主管部门询问。我要重申，中国的产业补贴政策始终坚持开放、公平、合规原则，严格遵守世贸组织规则。希望欧方与中方相向而行，共同营造一个公开、透明、非歧视的营商环境，促进双方共同发展和合作共赢。,郭嘉昆
t20250618_11652470.html,《中国日报》记者,当地时间6月17日，加拿大总理卡尼发表七国集团（G7）峰会主席国总结称，G7强调同中国建立建设性和稳定关系的重要性，呼吁中国避免市场扭曲和产能过剩，对中国在东海、南海破坏稳定活动表示严重关切，强调维护台海和平与稳定的重要性。请问中方对此有何评论？,七国集团峰会再次操弄涉华议题，在台湾、南海、东海等问题上说三道四，污蔑抹黑所谓中国“产能过剩”和“市场扭曲”，干涉中国内政，违背国际关系基本准则，中方坚决反对，已向有关方面提出严正交涉。,郭嘉昆
t20250618_11652470.html,法新社记者,白宫昨日称，特朗普总统将于本周签署行政令，再次宽限90天以便让TikTok寻找非中国买家。外交部对本次宽限期或达成交易的可能性有何评论？,关于涉TikTok问题，中方已多次阐明原则立场，将依据中国的法律法规处理相关问题。,郭嘉昆
t20250618_11652470.html,彭博社记者,今天凌晨，特朗普总统在“真实社交”平台发帖称，至少目前不会清除伊朗最高领袖哈梅内伊，要找到哈梅内伊很容易，但他现在很安全，不过美方正渐渐失去耐心。他并呼吁伊朗无条件投降。中方对美方对主权国家或主权国家领导人的威胁有何评论？,中方对当前形势发展深感担忧，表示严重关切，反对任何违反联合国宪章宗旨和原则、侵犯别国主权安全和领土完整的行为。中东地区局势再度升级不符合任何一方的利益。对以色列有特殊影响的国家，尤应秉持客观公正立场，负起应有责任，为缓和局势、避免冲突扩大发挥积极和建设性作用。,郭嘉昆
t20250618_11652470.html,路透社记者,追问一个中国公民从以色列和伊朗撤离的问题。除了你刚刚提供的信息外，中国驻伊朗和以色列周边邻国的使领馆如何进一步协助中国公民开展撤离行动？中国驻伊朗使馆是否正在组织更多陆路撤离行动，帮助中国公民疏散至邻国？还是说中国公民需要自行行动？,刚才我已经介绍了中国外交部和驻伊朗、以色列使领馆组织中国公民撤离的相关情况。我想强调的是，中国驻伊朗和以色列使领馆此前已经发布通知，提醒中国公民尽快通过陆路口岸离境。相关转移撤离工作也正在进行当中。中国使领馆将结合中国公民自身意愿，继续全力协助中国公民转移撤离。,郭嘉昆
t20250618_11652470.html,彭博社记者,新西兰总理拉克森正在访华，但目前中新双方并未公布此访行程。发言人能否介绍有关具体安排？,应国务院总理李强邀请，新西兰总理拉克森将于6月17日至20日对中国进行正式访问。关于此访的消息，中方会适时发布，请你保持关注。,郭嘉昆
t20250618_11652470.html,《北京青年报》记者,中方今日起开始试点签发电子附加证明书，发言人可否具体介绍一下有关情况？,你提到的有关措施是中方简化公文书跨境流转的最新举措。2023年《取消外国公文书认证要求的公约》在中国生效实施后，中国和缔约国之间的公文书跨国流转证明手续大幅简化，从领事“双认证”简化为一步式“附加证明书”。为进一步提高效率，外交部于6月18日起试点实施电子附加证明书项目。这也是《公约》所鼓励的。,郭嘉昆
t20250618_11652470.html,路透社记者,欧盟委员会主席冯德莱恩在七国集团峰会期间称，中国稀土出口管制是中美经贸磋商机制首次会议重点讨论的问题，这也是七国集团的优先事项。发言人对此有何评论？中方是否会就出口管制与七国集团进行接触？,关于稀土出口的具体问题，建议向中方主管部门询问。我想强调，中国一贯秉持负责任、非歧视的态度，充分考虑各国民用合理需求与关切，依法依规审查出口许可申请。考虑到稀土相关物项具有军民两用属性，中方依据本国两用物项出口管制条例采取相关举措，符合国际通行做法，不针对特定国家。中方愿同有关国家和地区继续加强出口管制领域对话合作，维护世贸组织规则和多边贸易体制，维护全球经济秩序稳定。,郭嘉昆
t20250618_11652470.html,彭博社记者,追问一个关于稀土出口管制的问题。中方出台管制措施后，相关措施会立即生效，导致企业没有宽限期或回旋余地安排经营活动。你刚刚表示中方充分考虑各国民用合理需求与关切，但从中方行动及造成的影响来看，稀土出口管制给国际贸易造成冲击。请问中方为什么要继续采取相关行动？,中国商务部新闻发言人已就有关问题作了回应，在稀土相关物项出口许可方面，中方已依法批准一定数量的合规申请，并将持续加强合规申请的审批工作。具体问题建议你向中方主管部门询问。,郭嘉昆
t20250618_11652470.html,路透社记者,请问有多少中国公民已经离开以色列和伊朗？还有多少人仍留在当地？另外，中国公民在撤离过程中或滞留当地时，是否出现伤亡情况？,在外交部和驻伊朗使领馆的组织协调下，已有791名中国公民自伊朗转移至安全地区，还有1000余人正在转移撤离途中。部分中国公民从以色列安全转移。目前我们暂未收到有关中国公民伤亡的报告。,郭嘉昆
t20250619_11653316.html,路透社记者,新西兰已暂停向库克群岛提供预算资金。中国与库克群岛今年早些时候签署了全面战略伙伴关系文件。如果库克群岛请求中方提供支持，中方是否愿意加大对库方的资助？,中国和库克群岛是相互尊重、共同发展的全面战略伙伴。中方一贯秉持人类命运共同体理念，在平等相待、互利共赢基础上同库方开展各领域友好合作，支持库方发展经济和改善民生。新西兰和库克群岛都是中方的重要合作伙伴。中库合作不针对任何第三方，也不应受到第三方的干扰和制约。,郭嘉昆
t20250619_11653316.html,中阿卫视记者,北京时间19日凌晨，伊朗对以色列开展“真实承诺-3”的第13阶段行动，行动一直持续到当地时间早上7点，伊朗首次使用远程超重型导弹“泥石”对以色列境内目标进行回击。同时，以色列对伊朗首都的打击也在增强。请问中方对此有何评论？,以色列和伊朗军事冲突已持续一周，呈现出愈演愈烈态势，不但给两国人民造成巨大伤害，而且严重冲击地区和世界和平稳定，中方对此深感担忧。冲突升级没有赢家，只会造成更大破坏，引发更大动荡。中方强烈呼吁冲突当事方特别是以色列以地区国家人民利益为重，立即停火止战，缓解当前紧张局势。,郭嘉昆
t20250619_11653316.html,彭博社记者,据知情人士透露，美国官员正为未来几天可能对伊朗发动袭击做准备。考虑到局势还在变化，美是否对伊动武仍有变数。外交部对此有何评论？,当前中东地区局势紧张敏感，面临失控风险。中方反对任何违反联合国宪章宗旨和原则、侵犯别国主权安全和领土完整的行为，反对在国际关系中使用或威胁使用武力。国际社会特别是有影响力的大国应秉持公正立场和负责任态度，为推动停火止战、重回对话谈判创造条件，避免地区局势滑向深渊，引发更大灾难。,郭嘉昆
t20250619_11653316.html,香港无线电视记者,日前，瑞士洛桑国际管理发展学院发布《2025年世界竞争力年报》，香港全球竞争力排名升至全球第三，是自2019年后首次重返三甲，其中税务政策、商业法规排名均位列全球第一。有评论称，香港排名的提升体现了香港国际化地位依然稳固。请问发言人有何评论？,我们注意到有关报告，这是对香港独特地位和优势以及“一国两制”发展前景的肯定。当前香港进入由治及兴的新阶段，国际金融中心的“魅力值”越来越高，对外国企业和个人投资兴业的“磁吸力”越来越强，继续成为全球最自由经济体和最具竞争力的地区之一。数据显示，今年上半年港交所以140亿美元募资规模排名全球榜首，前五个月香港海外旅客同比增长18％，多家大型国际企业迁册来港，这些都是国际社会对香港投下的信任票。,郭嘉昆
t20250619_11653316.html,法新社记者,追问一个关于以伊冲突的问题。外交部能否介绍目前中国公民撤离工作最新进展？有多少中国公民已经返回中国？,截至目前，在外交部和中国驻伊朗、以色列及周边有关国家使领馆组织协调下，已有1600余名中国公民从伊朗安全撤离，数百名中国公民从以色列撤离。,郭嘉昆
t20250619_11653316.html,日本广播协会记者,美国国务院宣布将恢复学生签证面试，并要求所有申请者公开社交媒体账户以加强审查。中方如何看待这一政策？是否将此举视为本月中美元首通话的成果？,我们注意到有关动向。中美教育合作是互利的。中方一贯反对将教育合作政治化。希望美方将特朗普总统欢迎中国留学生来美学习的表态落到实处，切实保障在美中国留学生和学者的正当合法权益。,郭嘉昆
t20250619_11653316.html,中阿卫视记者,6月18日，阿曼外交大臣同王毅外长通话时表示，期待中方为恢复中东地区和平稳定发挥更大影响力。王毅外长昨天也同埃及外长通话。请问中方会有什么计划和建议？,冲突爆发后，习近平主席阐明了中方立场。中方还同伊朗、以色列、埃及、阿曼以及各方保持沟通，呼吁各方立即采取措施，推动紧张局势尽快降温，防止地区陷入更大动荡。军事冲突不是解决问题之道，地区局势升温不符合国际社会共同利益。中方愿继续同地区国家及国际社会一道努力，为尽快恢复中东地区和平稳定发挥建设性作用。,郭嘉昆
t20250619_11653316.html,法新社记者,据报道，一家中国公司通过位于马来西亚的搭载英伟达芯片的服务器公司来规避美国人工智能芯片出口限制措施。马政府正在核实相关报道。外交部是否了解此事？对此有何评论？,中国政府一贯要求中资企业依法依规经营，同时也反对任何胁迫别国限制对华合作的行为。中国愿同包括马来西亚在内的地区国家一道，共同维护自由开放的国际贸易秩序。,郭嘉昆
t20250620_11654029.html,总台央视记者,中方刚刚发布了新加坡总理黄循财将对华进行正式访问的消息。能否介绍此访安排？中方如何评价当前中新关系？对此访有何期待？,黄循财总理5月就职后将中国作为东盟外首访国家，充分体现了对发展中新关系的高度重视。访问期间，习近平主席将会见黄循财总理，李强总理、赵乐际委员长将分别同他举行会谈会见，双方将就中新关系和共同关心的国际和地区问题深入交换意见。,郭嘉昆
t20250620_11654029.html,路透社记者,欧洲国家外长将于今天同伊朗外长会晤，俄罗斯总统普京昨天表示莫斯科愿意在以色列和伊朗间进行斡旋。中方希望由谁来主导斡旋？北京会提出相关方案吗？,以色列发动对伊朗的军事行动后，中方开展了积极的外交行动，同包括伊朗、以色列在内的各方保持沟通，推动紧张局势尽快降温，防止地区陷入更大动荡。昨天，习近平主席在同普京总统通话时，就当前事态提出四点主张，系统阐明了中方有关立场。,郭嘉昆
t20250620_11654029.html,路透社记者,台湾地区领导人赖清德周四要求防务和安全部门加强针对中国军队活动的监控和情报工作。他表示，即便中东局势紧张加剧，这些活动也没有减弱。发言人对此有何评论？,民进党当局又在“蹭热点”。无论他们说什么做什么，都改变不了台湾是中国一部分的事实，改变不了中国终将统一、也必将统一的大势。“以武谋独”注定失败。,郭嘉昆
t20250620_11654029.html,法新社记者,美国总统特朗普将给予字节跳动90天宽限期，以便将TikTok出售给美国所有者。发言人对此有何回应？,关于涉TikTok问题，中方已多次阐明原则立场，将依据中国的法律法规处理相关问题。,郭嘉昆
t20250620_11654029.html,《北京日报》记者,日前，世界银行发布报告显示，2025年初中国经济保持增长势头，中国政府为应对全球贸易不确定性采取了相应的货币和财政政策。不久前摩根大通、高盛等国际机构也纷纷上调中国经济增长预期。请问发言人对此有何评论？,面对复杂的外部环境，中国经济顶压前行，稳中有进，向优向新，展现出强大韧性和发展潜力，成为推进世界经济的“稳定源”，共享发展机遇的“引力场”。今年前5个月，中国货物进出口总值同比增长2.5％，社会消费品零售总额增长5％，外国人来华消费更是火热升温，离境退税新政实施首月全国离境退税笔数同比增长116％，免签来中国将成为暑期出游热门选择。事实证明，中国经济长期向好的基本面不会变，超大规模市场和完整产业体系优势不会变，高质量发展和高水平对外开放的政策取向不会变，这是国际社会持续看好中国、抢滩中国、深耕中国的信心之源。我们将坚定不移扩大开放，积聚新动能，提供新机遇，以自身稳定发展为各国共同发展带来更多利好，注入更强动能。,郭嘉昆
t20250620_11654029.html,法新社记者,一名中国留学生因强奸罪在伦敦法院被判处终生监禁。中方对此有何回应？,中国政府一贯要求海外中国公民遵守当地法律法规，不从事任何形式的违法犯罪活动。,郭嘉昆
t20250620_11654029.html,彭博社记者,台湾方面称，过去24小时内，共有46架解放军军机越过台湾海峡中线。请问中方开展这些活动的原因是什么？这是否与英国和日本军舰过航台海或者美国国会议员近期访台有关？,台湾问题事关中国主权和领土完整。中方尊重各国依法在台湾海峡相关海域享有的航行权利，但坚决反对任何国家以“航行自由”为名挑衅、威胁中国主权安全。,郭嘉昆
t20250620_11654029.html,法新社记者,欧盟委员会决定将中国公司排除在超过500万欧元的医疗设备政府采购之外。欧方称这是对中国限制在华欧洲公司的回应。中方对此有何评论？,有关具体问题建议向中方主管部门询问。我想指出的是，中方始终坚持高水平对外开放，坚持维护市场经济原则和世贸规则，主张通过对话磋商解决贸易争端。欧盟一贯标榜是“全球最开放的市场”，但事实上一步步走向保护主义，动辄付诸单边经贸工具，以“公平竞争”之名行“不公平竞争”之实，是典型的双重标准。,郭嘉昆
t20250620_11654029.html,彭博社记者,你刚才提到中国将坚定不移扩大开放，为各国共同发展带来更多利好。我们看到，前5个月中国进口出现下降。请问中方将如何让其他国家受益于中国经济的发展？,关于你提到的具体贸易问题，建议向中方主管部门进行询问。我想强调的是，中方始终坚持高水平对外开放，欢迎更多的国外企业来华提供符合要求的技术、产品和服务。我们始终坚定支持经济全球化、推动构建开放型世界经济，这一立场没有改变，也不会改变。,郭嘉昆
t20250623_11655121.html,总台央视记者,中方刚刚发布了李强总理将出席第十六届夏季达沃斯论坛的消息，请问中方对此次论坛有何期待？,夏季达沃斯论坛迄今已成功举办十五届，成为增进中外交流、推动务实合作的重要平台。当前世界经济增长乏力，单边主义、保护主义上升，严重冲击多边贸易体制。在此背景下，本届论坛报名与会的嘉宾人数创近年新高，再次表明各方维护经济全球化和自由贸易体制的共同意愿，以及同中国加强经贸交流合作的积极态度。,郭嘉昆
t20250623_11655121.html,中新社记者,据报道，俄罗斯、中国、巴基斯坦就伊朗局势提出了一项安理会决议草案，发言人能否介绍有关情况？,美国袭击伊朗核设施，严重违反联合国宪章宗旨和原则，加剧中东紧张局势，安理会对此不能无所作为。中国、俄罗斯、巴基斯坦在安理会提出决议草案，呼吁立即无条件停火、保护平民、遵守国际法、开展对话谈判，发出了正义声音，反映了国际社会的强烈愿望。我们期待安理会成员共同支持该决议草案，推动安理会为维护国际和平与安全发挥切实作用。,郭嘉昆
t20250623_11655121.html,阿纳多卢通讯社记者,昨天，中方谴责了美国袭击伊朗核设施。国际社会目睹了对一个主权国家的单方面袭击，该袭击制造了攻击核设施的危险先例。中方如何看待此事？对此有何进一步评论？,中方已清晰阐明立场。攻击国际原子能机构保障监督下的核设施，严重违反联合国宪章宗旨原则和国际法。中方敦促冲突当事方防止局势轮番升级，坚决避免战争外溢，重回政治解决轨道。中方愿同各方加强沟通协调，凝聚合力、主持公道，为恢复中东地区和平发挥建设性作用。,郭嘉昆
t20250623_11655121.html,《北京青年报》记者,近日，我们关注到，从土库曼斯坦接返自伊朗撤离中国公民的临时航班已经顺利抵达国内，请问中方从伊朗、以色列撤离行动最新进展如何？,根据党中央决策部署，在外交部、中国驻伊朗等国家使领馆以及交通运输部、民航局等部门共同努力下，3125名中国公民已从伊朗安全撤离。他们之中有10个月大的婴儿，也有古稀之年的老人，还有香港和台湾居民。目前，在伊朗有撤离意愿的中国公民均已撤离至安全地区，中国政府大规模有组织撤离在伊人员工作已完成。与此同时，中国驻以色列使馆已协助组织500余名中国公民安全离开以色列，并协助一些英国、印度、波兰公民安全转移。,郭嘉昆
t20250623_11655121.html,中阿卫视记者,有消息称，伊朗议会赞成关闭霍尔木兹海峡，但最终决定权在伊朗最高国家安全委员会手中。中方对此有何评论？是否已经同伊朗方面通话？,波斯湾及其附近水域是重要的国际货物和能源贸易通道，维护该地区安全稳定符合国际社会共同利益。中方呼吁国际社会加大努力，推动冲突降级，防止地区局势动荡对全球经济发展造成更大影响。,郭嘉昆
t20250623_11655121.html,《中国日报》记者,近日，中国—孟加拉国—巴基斯坦三方副外长/外秘级会晤在云南昆明举行。请问发言人能否进一步介绍有关情况？,6月19日，中国—孟加拉国—巴基斯坦三方副外长/外秘级会晤在云南昆明举行。中国外交部副部长孙卫东、孟加拉国代理外秘西迪基、巴基斯坦外交部亚太事务辅秘西迪奎出席，巴基斯坦外秘阿姆娜以视频方式参加会晤第一阶段会议。,郭嘉昆
t20250623_11655121.html,法新社记者,追问关于霍尔木兹海峡的问题。美国国务卿鲁比奥周末接受福克斯新闻采访称，他鼓励中国阻止伊朗封锁霍尔木兹海峡。中方是否已经或计划向伊朗提及此事？中方在调解局势或在其他方面将发挥什么作用？,关于涉霍尔木兹海峡问题，刚才我已经作了回答。,郭嘉昆
t20250623_11655121.html,乌通社记者,俄罗斯总统新闻秘书佩斯科夫称，俄罗斯在与乌克兰的战争中具有战略优势，因此不打算与乌克兰达成停火协议。这意味着俄罗斯不追求和平，而是要升级战争，占领更多乌克兰领土。乌克兰三个多月前就宣布愿意停火，现在却被迫防御俄罗斯的大规模攻击。佩斯科夫的表态证明俄罗斯无视国际社会为结束这场战争作出的努力。外交部对佩斯科夫的表态有何评论？如果俄罗斯只要占据优势就拒绝停火，那么讨论停火和谈判是否合适？,关于乌克兰危机，中方的立场是一贯、明确的。中方始终认为，对话谈判是解决乌克兰危机的唯一可行出路，希望各方致力于政治解决危机，共同推动局势缓和。中方愿同国际社会一道，为最终化解危机、实现持久和平继续发挥建设性作用。,郭嘉昆
t20250623_11655121.html,阿纳多卢通讯社记者,中国几乎一半的进口石油都通过霍尔木兹海峡运输。如果以伊冲突对该路线造成干扰，中方是否有其他替代方案？你刚刚提到王毅外长与伊朗外长通话，这是在美国袭击伊朗之后吗？,关于涉霍尔木兹海峡问题，刚才我已经作了回答。,郭嘉昆
t20250623_11655121.html,中阿卫视记者,据称，伊朗外长已经抵达莫斯科，将进行一系列会谈，并将于23日会见俄罗斯总统普京。接下来伊朗外长是否会来中国？中方可否提供相关消息？,关于中伊之间的沟通，我刚才已经作了回答。中方愿同伊方继续保持沟通，为推动局势缓和发挥建设性作用。,郭嘉昆
t20250624_11657850.html,总台央视记者,发言人刚才发布了李强总理将出席2025年亚洲基础设施投资银行第十届理事会年会的消息，中方对此次活动有何期待？,亚投行是习近平主席亲自倡议建立、亲自推动成立的21世纪新型多边开发银行。2015年成立以来，在各成员的共同支持下，亚投行坚持国际性、规范性和高标准运营，实现跨越式发展，成为全球多边开发机构体系新的重要一员，为促进全球基础设施建设和可持续发展作出积极贡献。,郭嘉昆
t20250624_11657850.html,巴西《圣保罗页报》记者,中国领导人会否出席7月6日至7日在里约热内卢举行的金砖国家领导人会晤？访问日程何时公布？,中国和巴西同为世界性大国和全球南方代表性力量，面对变乱交织的国际形势，保持战略定力，携手为促进世界和平、稳定、发展作出了积极贡献。中方支持巴西担任今年金砖国家主席国，共同推动“大金砖合作”不断取得新成果。关于你提到的具体问题，我们将适时发布消息，请你保持关注。,郭嘉昆
t20250624_11657850.html,阿纳多卢通讯社记者,美国总统宣布以色列和伊朗已同意停火。中方对此有何评论？,中方高度关注中东局势发展，不希望紧张局势轮番升级，希望停火能够尽早实现。事实证明，军事手段带不来和平，对话谈判才是解决问题的正道。中方呼吁有关当事方早日重返政治解决的正确轨道。中方愿同国际社会一道，为维护中东地区和平稳定作出努力。,郭嘉昆
t20250624_11657850.html,彭博社记者,中方已对两种可用于制造芬太尼的化学品加强管制。这是否是应美方要求或与美方合作采取的行动？关于中美在芬太尼管控和其他领域的合作，外交部能否介绍更多细节？,中方主管部门已就此发布公告，你可以查阅。这一举措是中国政府为履行联合国禁毒公约缔约国义务采取的自主措施，旨在严格管理易制毒化学品，体现了中方积极参与全球毒品治理的态度和负责任大国的担当。,郭嘉昆
t20250624_11657850.html,彭博社记者,以色列总理内塔尼亚胡已证实以色列同意与伊朗停火。外交部对此有何评论？,我刚才已经回答了相关问题。我愿再次强调，中方高度关注中东局势发展，不希望紧张局势轮番升级，希望停火能够尽早实现。,郭嘉昆
t20250624_11657850.html,深圳卫视记者,据报道，第27批中国援坦桑尼亚医疗队队长张军桥在达累斯萨拉姆市海边因施救一名当地落水女性不幸身亡。中方对此有何评论？,张军桥同志为施救当地民众英勇牺牲，用生命践行中非友好合作精神，弘扬不畏艰苦、甘于奉献、救死扶伤、大爱无疆的中国医疗队精神。我们对张军桥同志的家属表示诚挚慰问，对援非医疗队失去一位优秀队员感到痛心。1963年以来，中国医疗援非走过了62个春秋，中国援坦桑尼亚医疗队至今也有58年历史，医疗队员们以仁心仁术造福当地人民，建设了一支“带不走的医疗队”。援非医疗队为中非友好所作的贡献，中非人民永远不会忘记，历史也不会忘记。,郭嘉昆
t20250624_11657850.html,印度报业托拉斯记者,关于正在北京召开的上海合作组织成员国安全会议秘书会议，发言人有何评论？,关于上海合作组织成员国安全会议秘书会议相关消息，请你保持关注。,郭嘉昆
t20250624_11657850.html,《环球时报》记者,近日，伊斯兰合作组织在土耳其伊斯坦布尔召开外长会。会议积极评价中国和伊斯兰合作组织关系发展。请问中方对此有何评论？,6月21日至22日，伊斯兰合作组织外长理事会举行第51次会议。会议肯定中国为保护穆斯林群体所作努力，赞赏中国同伊斯兰国家关系全面发展，期待进一步加强伊斯兰合作组织和中国的合作。这是伊斯兰合作组织外长会决议连续第6次写入友华案文，中方对此表示欢迎。,郭嘉昆
t20250625_11658600.html,总台央视记者,日前，金砖主席国巴西发布《金砖国家关于伊朗领土遭受军事打击后中东安全局势升级的联合声明》。中方对此有何评论？,金砖国家是维护世界和平稳定，捍卫国际公平正义的进步力量。针对当前中东地区紧张局势，金砖国家发表联合声明，呼吁停火止战、对话协商，为推动中东局势降温发挥了建设性作用。,郭嘉昆
t20250625_11658600.html,法新社记者,有报道说中国领导人将不会出席在巴西举行的金砖国家领导人会晤。外交部能否介绍原因或者具体情况？,中国和巴西同为世界性大国和全球南方代表性力量。中方支持巴西担任今年金砖国家主席国，共同推动“大金砖合作”不断取得新成果。关于中方出席金砖国家领导人会晤情况，我们将适时发布消息，请你保持关注。,郭嘉昆
t20250625_11658600.html,伊拉克如道电视台记者,中方对以色列和伊朗停火持何立场？中方将对伊朗发挥什么作用，防止地区重陷战乱？,关于第一个问题，中方高度关注中东局势发展，希望实现持续、有效的停火，推动中东地区实现和平与稳定。,郭嘉昆
t20250625_11658600.html,路透社记者,美国总统特朗普昨天称，中国可以继续从伊朗购买石油，希望中国也向美国购买大量石油。白宫随后澄清说，美国未改变或放松对伊朗的制裁。中方如何解读特朗普的言论？中方从伊朗进口了多少原油？,中国将根据自身国家利益，采取合理的能源保障措施。,郭嘉昆
t20250625_11658600.html,共同社记者,日本政府昨天称，中国在东海建设新设施，已就此向中方提出抗议，要求中方停止单方面资源开发活动。中方对此有何评论？,中方东海油气开发活动位于毫无争议的中方管辖海域，完全是中方主权权利和管辖权范围内的事情，中方不接受日方无端指责。中方坚持并致力于全面有效落实东海问题原则共识，希望日方同中方相向而行，争取早日重启两国政府间谈判。,郭嘉昆
t20250625_11658600.html,法新社记者,根据英国政府的一份报告，近年来中国的“间谍活动”有所增加。英外交大臣拉米向议会表示，英方投入了8亿美元调查此事。在当前中英关系背景下，发言人对此有何评论？,中英同为联合国安理会常任理事国和世界主要经济体，发展双边关系、加强互利合作，符合两国和世界利益。我要强调，中国坚持走和平发展道路，不对任何国家构成威胁，不干涉别国内政。中方愿在相互尊重、妥处分歧的基础上发展中英关系，但我们绝不接受任何污蔑抹黑和无端指责。,郭嘉昆
t20250626_11659416.html,总台央视记者,夏季达沃斯论坛刚刚在天津落下帷幕。世界经济论坛总裁布伦德日前表示，必须回到“对你们经济好就是对我们自己经济好”的双赢共赢理念当中去，而不是执着于我赢你输、赢者通吃的旧思维。在全球经贸环境不稳定、不确定性加剧的背景下，中国能为世界经济发展发挥怎样的作用？,第16届夏季达沃斯论坛在天津成功举行。李强总理出席开幕式并致辞，会见各国嘉宾并同工商界代表座谈交流，充分展现中国经济持续稳健增长的发展信心，有力释放以融入全球市场为世界经济贡献中国动能的开放信念。,郭嘉昆
t20250626_11659416.html,总台CGTN记者,今天是联合国宪章日。作为联合国创始会员国，中方如何看待《联合国宪章》签署的历史意义和时代价值？,80年前《联合国宪章》的签署和联合国的成立，宣示了国际社会消弭战祸、促进合作的坚定信念，开启了各国共建和平、共谋发展的历史篇章。80年来，国际形势风云变幻，联合国宪章宗旨和原则历久弥新，成为处理国际关系的根本遵循和国际秩序稳定的重要基石。在《联合国宪章》签署80周年之际，我们不仅应当重温宪章精神，还要将其继承好、弘扬好，赋予其新的生机与活力。,郭嘉昆
t20250626_11659416.html,路透社记者,北约秘书长吕特周三称，考虑到俄罗斯构成的长期威胁、中国的大规模军力增长、以及朝鲜、中国和伊朗支持俄罗斯对乌克兰的战争，北约增加开支非常重要。中方在多大程度上赞同吕特对局势的评估？,北约有关人士渲染国际地区紧张局势、诋毁中国正常军力建设，无非是为北约大幅增加军费、肆意越界扩权、图谋东进亚太寻找借口。,郭嘉昆
t20250626_11659416.html,日本广播协会记者,本周早些时候，乌克兰媒体报道称，今年中国将派约600名军事人员去俄罗斯的军事基地学习俄罗斯在乌克兰的作战经验。你能否证实此事？,我没有这方面的信息。,郭嘉昆
t20250627_11660512.html,总台央视记者,中方对王毅外长访问欧盟总部并举行中欧高级别战略对话有何期待？,今年是中国和欧盟建交50周年，中欧关系发展面临重要机遇。当前世界百年变局加速演进，单边主义、保护主义、霸凌行径甚嚣尘上，作为世界两大力量、两大市场、两大文明，中欧有必要加强战略沟通、开展协调合作，共同维护世界和平稳定，维护多边主义和自由贸易，维护国际规则和公平正义，坚定做动荡世界中的稳定性、建设性力量。王毅外长此访将同欧方就中欧关系和重大国际和地区问题交换意见，总结中欧关系50年发展经验，增进理解互信，巩固伙伴定位，凝聚合作共识，妥处分歧差异，为下阶段中欧领导人交往做好政治准备。,郭嘉昆
t20250627_11660512.html,凤凰卫视记者,当地时间26日，有中国记者在俄罗斯库尔斯克地区采访报道期间，遭遇针对当地设施的乌克兰无人机袭击受伤。中方对此有何回应？,我们对中国记者在报道时受伤深表关切。中方呼吁各方致力于政治解决乌克兰危机，共同推动局势缓和。,郭嘉昆
t20250627_11660512.html,总台华语环球节目中心记者,发言人能否介绍王毅外长访法安排？对此次访问有何期待？,王毅外长此次访法期间，将同巴罗外长举行会谈并共同主持中法高级别人文交流机制新一次会议。王毅外长将同法方就国际形势、中法关系、中欧关系交换意见，对中法人文交流合作进行总结和规划，并就共同关心的国际和地区问题深入沟通。,郭嘉昆
t20250627_11660512.html,路透社记者,捷克媒体报道称，去年，萧美琴在布拉格期间，中国驻捷克大使馆人员曾尾随。外交部对该报道有何评论？,捷克允许“台独”顽固分子萧美琴窜访，严重违背一个中国原则和捷方对华政治承诺，粗暴干涉中国内政。中方已就此表达强烈不满和坚决反对。,郭嘉昆
t20250627_11660512.html,湖北广电记者,发言人可否就王毅外长访问德国并举行中德外交与安全战略对话介绍中方考虑？,中德是全方位战略伙伴。建交53年来，两国坚持互尊互信、平等相待的相处之道，始终走互利互惠、共赢发展的合作之路。在百年变局加速演进、各类挑战交织叠加的背景下，中德作为世界第二、第三大经济体和具有全球影响的大国，更要展现大国担当，坚定站在历史正确的一边。,郭嘉昆
t20250627_11660512.html,法新社记者,中国商务部刚刚确认了中美就落实日内瓦共识达成框架协议的细节，表示中方将审批管制物项出口申请。这是否包括加快稀土出口？外交部能否介绍更多细节？,中国商务部新闻发言人已发表答记者问。我想强调的是，我们希望美方同中方一道落实两国元首通话达成的重要共识，发挥中美经贸磋商机制作用，通过沟通对话增进共识、减少误解、加强合作，推动中美关系稳定、健康、可持续发展。,郭嘉昆
t20250627_11660512.html,埃菲社记者,据报道，厄瓜多尔总统诺沃亚今天结束对华访问。请问中方如何评价此访？中厄关系取得了哪些新进展？,应世界经济论坛邀请，厄瓜多尔总统诺沃亚于6月23日至27日来华出席第十六届夏季达沃斯论坛，其间习近平主席、李强总理、赵乐际委员长分别会见。双方一致认为，中厄建交45年来，两国关系发展势头良好，务实合作成果丰硕，给两国人民带来了实实在在的福祉，深化中厄全面战略伙伴关系符合两国和两国人民共同利益。双方表示，将进一步加强经贸、科技、文化、教育、青年等领域合作，更好造福两国人民。访问期间，双方签署了《中华人民共和国政府与厄瓜多尔共和国政府关于共同推进“一带一路”建设的合作规划》。,郭嘉昆
t20250627_11660512.html,《北京日报》记者,中方刚刚发布了王毅外长将在布鲁塞尔同比利时首相德韦弗举行会见，并同副首相兼外交大臣普雷沃举行会谈的消息，如何评价当前中比关系？中方有何期待？,比利时是中国在欧盟重要合作伙伴。近年来，双方高层交往频繁，在贸易投资、航运物流、生物医药等领域合作不断取得新成果，切实造福两国人民。中方期待通过相关会晤，同比方增进了解、扩大共识、深化合作，推动中比关系持续健康稳定发展，也为中欧关系发展作出新贡献。,郭嘉昆
t20250627_11660512.html,朝日电视台记者,6月28日，日本和歌山县的四只大熊猫即将回到中国，中方对此有何评论？明年2月，东京上野动物园的两只大熊猫也将回到中国，到那时日本国内将没有大熊猫。很多日本人都非常喜欢大熊猫，希望再次租借大熊猫，中日之间还会进行大熊猫保护国际合作吗？,大熊猫是深受世界人民喜爱的珍稀濒危野生动物，是传递中国人民友谊的友好使者。中日双方开展大熊猫国际保护合作研究以来，建立了良好的合作关系，在大熊猫饲养管理、科学研究、技术交流和公众教育等方面取得了积极成果，并为增进中日人民之间的相互了解和友谊发挥了重要作用。,郭嘉昆
t20250627_11660512.html,路透社记者,印度外交部发言人称，上海合作组织成员国国防部长会议未就联合声明达成一致，因为印度希望该声明反映其对恐怖主义的关切，但“某个国家不能接受”。中方对此有何回应？印度指的是哪个国家？,中方主管部门已经发布了有关消息，你可以参阅。,郭嘉昆
t20250627_11660512.html,伊拉克如道电视台记者,以色列和伊朗停火之后，中国与伊拉克的贸易是否已恢复至冲突前水平？美国总统特朗普称中国可以从伊朗购买石油。中方每天从伊朗进口多少桶石油？,关于第一个问题，中国同伊拉克保持着正常的贸易往来。中方希望实现持续有效的停火，推动中东地区实现和平与稳定。,郭嘉昆
t20250627_11660512.html,塔斯社记者,美国总统特朗普称，美国和印度将达成经贸协议。中方对此有何评论？,这是美国和印度之间的交往，中方不作评论。关于中美经贸问题，中方的态度是一贯、明确的。,郭嘉昆
t20250630_11661730.html,总台央视记者,昨天，中国海关总署发布了有条件恢复日本部分地区水产品进口的公告。发言人能否进一步介绍相关情况？,在中方和国际社会的强烈要求下，日方接受对福岛核污染水排海的国际监测和中方独立取样监测，并承诺确保持续开展上述监测活动。在此基础上，中方同日方就日本水产品恢复输华问题进行了多轮磋商，日方承诺采取一系列可信、可视措施保障输华水产品质量安全并加强监管。,毛宁
t20250630_11661730.html,湖北广电记者,中方恢复日本水产品进口，是否意味着认可福岛核污染水排海安全性？,中方反对排海的立场没有变化。正是中方的坚定立场和积极推动，对排海的国际监督得到有效加强。我们将继续会同国际社会敦促日方把一系列承诺体现在长期的实际行动中，切实管控排海风险。,毛宁
t20250630_11661730.html,中阿卫视记者,据日本和俄罗斯媒体报道，中美俄将共同纪念中国人民抗日战争暨世界反法西斯战争胜利80周年和庆祝联合国成立80周年，请问中方是否属实？,在上周举行的国新办记者会上，有关部门介绍了抗战胜利80周年纪念活动邀请外国领导人的安排，你可以查阅。你的具体问题，我目前没有可以提供的信息。,毛宁
t20250630_11661730.html,深圳卫视记者,我们注意到，在近几天举办的第20届中国国际中小企业博览会上，展出了不少令人耳目一新的新材料、新技术以及科技感十足的新产品，让“创新发展”持续成为近期最受关注的高频词。联合国工业发展组织代表认为，中博会能帮助发展中国家企业对接国际市场、链接创新成果。请问发言人对此有何评论？如何看待中国科技创新成果全球共享的前景？,我也注意到，近年来人形机器人、智能眼镜、脑机接口诊疗设备等前沿领域新产品不断通过广交会、消博会、链博会等平台完成首发首秀。这些展会既是中国新质生产力的全景展示窗口，也成为国际科技交流的重要桥梁，生动诠释了中国开放包容、互利共赢的科技创新理念。,毛宁
t20250630_11661730.html,彭博社记者,美国总统特朗普称，他指定了一批富有人士收购TikTok，但未透露具体是谁，称该交易仍需中方批准。中方是否了解这一交易方案，以及涉及哪些人士？中方是否愿意批准该交易？,关于TikTok的问题，中方已经多次阐明了原则立场。,毛宁
t20250630_11661730.html,印度报业托拉斯记者,近期，印度防长辛格同中国防长董军举行会谈。辛格表示印中应在有规划的路线图下解决“复杂问题”，包括缓和边境紧张、重启现有机制完成划界。辛格强调了边境管理的重要性，以及通过现有机制永久解决划界问题，称中印双方都有责任保持积极势头，避免给双边关系增加新的复杂因素。中方如何看待上述表态？对此有何回应？,关于中印防长会见的具体情况，建议你向主管部门了解。我可以告诉你的是，中印两国之间已经建立了边界问题特别代表会晤机制，并达成了《关于解决中印边界问题政治指导原则的协定》，双方还有各层级外交军事沟通机制。中方愿同印方一道，就划界谈判、边境管控等问题保持沟通，共同维护边境地区的和平安宁，促进两国跨境交流合作。 边界问题是一个复杂的问题，解决起来需要时间。双方已经建立了各层级沟通机制。希望印方同中方相向而行，继续就有关问题保持沟通，共同维护边境的和平安宁。,毛宁
t20250630_11661730.html,法新社记者,台湾“副总统”萧美琴称，不会被北京方面吓倒。此前台湾当局称，去年3月她正式访问捷克期间，中国大使馆人员曾计划“撞击”其乘坐的车辆。发言人对此有何评论？,首先，台湾是中国的一部分，没有什么“副总统”。中国外交人员一贯遵守驻在国法律法规。民进党当局无论如何变换花样搞“倚外谋独”，挑拨中国和建交国的关系，都掩盖不了其险恶图谋，更不会得逞。,毛宁
t20250630_11661730.html,彭博社记者,王毅外长本周将访问欧洲。中方是否愿就法国干邑进入中国市场的最低价格达成初步协议？还是说这取决于欧盟在中国电动汽车问题上的立场？两者是否挂钩？,王毅外长访问欧洲的情况，我们会及时发布消息。作为原则，我们愿意同欧方一道，本着开放合作态度加强合作、妥处分歧，共同维护国际经贸秩序。,毛宁
t20250630_11661730.html,共同社记者,中方已经宣布恢复进口日本水产品，但也提到包括福岛县在内的10个都县除外。中方何时恢复这10个都县的水产品进口？,在食品安全问题上，中方始终本着对人民群众高度负责任的态度，并基于安全、科学的原则制定相关政策。,毛宁
t20250630_11661730.html,彭博社记者,回到刚才关于北京将于9月举行阅兵的问题，共同社报道称，中方计划邀请美国总统特朗普出席。发言人能否证实？能否提供更多细节？,我刚才提到，上周国新办的记者会介绍了抗战胜利80周年纪念活动邀请外国领导人的情况和安排。你的具体问题，我目前没有可以提供的信息。,毛宁
t20250630_11661730.html,法新社记者,中国官方媒体昨日发布一段视频，展示中方战机驱离侵入中国领空的外国飞机。这段影像似乎与去年9月发布的中方飞机拦截澳大利亚军机的视频非常相似。外交部能否提供关于周末发布的视频的更多细节？视频中展示的是否是中方驱离澳军机？该事件发生于何时？,我没有关注到你提到的视频，也没有可以提供的信息。,毛宁
t20250630_11661730.html,法新社记者,特朗普总统昨天表示，有一些买家希收购TikTok，但交易需中方批准。我知道彭博社已经问了这个问题，但还是想了解一下外交部是否有进一步补充？,对于这个问题我们已经多次阐明原则立场，没有更多信息可以提供。,毛宁
t20250701_11662767.html,《北京青年报》记者,香港国安法公布实施5周年之际，个别西方政客、反华组织污蔑抹黑香港人权自由。同时，我们也注意到，今年以来，香港经济在全球市场波动中稳步前行并绽放异彩，曾对香港未来持有疑虑的一些外国学者也重新看好香港发展。发言人对此有何评论？,香港国安法公布实施5年来，香港法律体系更加完善，社会更加安定团结，香港居民依法享有的各项权利和自由得到更加充分的保障。个别西方政客、反华组织罔顾客观事实，恶意抹黑“一国两制”、诋毁香港法治，充分暴露了唯恐香港不乱的险恶用心。,毛宁
t20250701_11662767.html,法新社记者,泰国宪法法院今天决定暂停佩通坦行使总理职权，启动调查她在泰柬外交争端中的行为。外交部对此有何评论？,这是泰国内政，我不作评论。作为友好邻邦，我们希望泰国保持稳定和发展。,毛宁
t20250701_11662767.html,法新社记者,美国司法部昨天称取缔了一个据称帮助朝鲜通过远程从事信息技术工作、为其武器计划筹集资金的网络。六名中国大陆公民和两名台湾居民因涉案被起诉。外交部对此有何评论？,中方一贯反对没有国际法依据、未经联合国安理会授权的单边制裁。我们将采取一切必要措施，维护中国公民正当合法权益。,毛宁
t20250701_11662767.html,彭博社记者,外交部能否详细说明菲律宾前参议员托伦蒂诺因什么不当言行被中方制裁？能否提供更多细节和理由？,外交部网站已经公布了有关实施制裁的决定，说明了具体情况，你可以查阅。我想强调的是，损害中国利益，必然要付出代价。,毛宁
t20250702_11663615.html,总台华语环球节目中心记者,发言人能否介绍中方对金砖国家领导人第十七次会晤的期待？,金砖合作机制是当今世界最重要的新兴市场国家和发展中国家团结合作平台，是推动实现平等有序的世界多极化、普惠包容的经济全球化的重要力量。,毛宁
t20250702_11663615.html,韩联社记者,据报道，中国政府近期通过外交渠道向韩国政府询问李在明总统能否出席抗日战争胜利80周年活动。中方能否确认？,今年是中国人民抗日战争暨世界反法西斯战争胜利80周年，中方将隆重举行纪念活动。上周国新办举行记者会，介绍了纪念活动邀请外国领导人的情况和安排。我们也就此与各方保持着沟通。,毛宁
t20250702_11663615.html,总台央视记者,中方刚刚发布李强总理对埃及进行正式访问的消息，发言人能否介绍一下此访背景、活动安排和中方期待？,埃及是最早同新中国建交的阿拉伯和非洲国家。中埃是全面战略伙伴。近年来，在习近平主席和塞西总统战略引领下，中埃关系蓬勃发展，政治互信日益深化，各领域务实合作成果丰硕，多边协作密切有力。访问期间，李强总理将同埃方领导人就发展中埃关系、深化互利合作及共同关心的问题深入交换意见。,毛宁
t20250702_11663615.html,中新社记者,据报道，特朗普30日签署总统国家安全备忘录，宣布重拾和强化第一任期对古巴强硬政策，推翻拜登政府时期对古缓和政策，表示致力于建立“自由”“民主”的古巴，解决“古巴人民在社会主义政权遭受的苦难”，你对此有何评论？,我注意到有关报道。过去60多年来，美国对古巴野蛮封锁、非法制裁，严重侵犯古巴生存权和发展权，违反国际关系基本准则，给古巴人民造成深重灾难。,毛宁
t20250702_11663615.html,法新社记者,美国司法部昨天表示，两名中国公民因从事间谍活动被捕，并涉嫌试图招募美海军成员收集情报。中方对此有何评论？,我不了解具体情况，但是我们一贯反对炒作所谓“中国间谍”，将采取必要的措施维护中国公民的合法权益。,毛宁
t20250702_11663615.html,彭博社记者,以色列驻上海总领事白乐潍在接受我社采访时呼吁中方利用其政治经济影响力，敦促伊朗遏制军事和拥核野心。外交部对此有何回应？,近期中东爆发严重冲突，事情本身的是非曲直很清楚。中方希望实现持续、有效的停火，推动中东地区恢复和平稳定。,毛宁
t20250702_11663615.html,澎湃新闻记者,近段时间，蜜雪冰城、霸王茶姬等中国知名饮品品牌在海外上市引发关注。不少中国品牌走出国门，成为外国民众的消费新宠。外媒评称，中国产品已经告别了复刻西方品牌的时代。发言人如何看待这种现象？,的确，中国品牌凭借科技含量、文化底蕴、设计灵感以及融通中外的情感价值，赢得越来越多海外消费者的青睐。从“中国制造”到“中国品牌”，是高质量发展的必然，得益于中国完整的产业体系、公平开放的市场环境以及长期的创新研发。,毛宁
t20250702_11663615.html,印度报业托拉斯记者,发言人宣布李强总理出席金砖国家领导人会晤，中方有何考虑？,我刚刚已经发布，李强总理将赴巴西里约热内卢出席金砖国家领导人第十七次会晤。金砖国家是促进全球南方团结合作的重要平台，推动全球治理体系变革的重要力量，始终致力于维护多边主义、捍卫公平正义、促进共同发展。中方高度重视并积极参与金砖合作，愿同各方一道，秉持开放包容、合作共赢的精神，坚守团结自强、共谋发展的初心，支持主席国巴西举办一届成功的峰会，推动“大金砖合作”高质量发展。,毛宁
t20250702_11663615.html,乌通社记者,乌克兰国防情报部门负责人称，俄罗斯已向朝鲜转让了用于在朝生产攻击型无人机的技术和设备，此举将影响朝鲜半岛安全环境。随着朝鲜大幅增强军力，美方及其盟友亦将增加兵力作为回应。外交部对此有何评论？是否担心俄朝军事合作将给中国周边带来不稳定风险？,俄朝双边合作的情况我不了解。中方在乌克兰危机问题和朝鲜半岛问题上的立场是一贯和明确的。,毛宁
t20250703_11664482.html,总台央视记者,国际舆论关注王毅外长近日正在欧洲进行访问，认为此访正值中欧经贸关系出现紧张之际，欧方人士近期就双边关系中的一些问题表达了关切。发言人能否介绍访问有关情况？如何看待中欧关系发展现状？,王毅外长在布鲁塞尔会见了欧洲理事会主席科斯塔、欧盟委员会主席冯德莱恩并同欧盟外交与安全政策高级代表卡拉斯举行第十三轮中欧高级别战略对话。王毅外长还同比利时首相德韦弗、副首相兼外交大臣普雷沃分别会见、会谈。,毛宁
t20250703_11664482.html,法新社记者,瑞士联邦情报局周三警告称，瑞士面临严重间谍威胁，其中“最大威胁来自中国、俄罗斯”。外交部对此有何评论？,我想强调的是，在国际事务中，中国是坚持和平、发展、合作、共赢的坚定力量。我们始终相信，互利共赢才是人心所向。所谓“中国间谍威胁”完全是无中生有。中国是间谍活动的受害者，一贯坚决反对间谍活动。我们敦促有关方面停止炒作对立对抗，停止编造谎言蓄意抹黑。,毛宁
t20250703_11664482.html,《环球时报》记者,据报道，美国众院近日全票通过“台湾非歧视法案”，要求美政府支持中国台湾地区加入国际货币基金组织，获得参与经济监督、取得技术协助以及人员在IMF任职的资格。发言人对此有何评论？,世界上只有一个中国，台湾是中国领土不可分割的一部分，中华人民共和国政府是代表全中国的唯一合法政府。台湾没有任何根据、理由或权利参加联合国及其他只有主权国家才能参加的国际组织。我们敦促美方恪守一个中国原则和中美三个联合公报，遵守国际法和国际关系基本准则，停止推进有关法案，停止借台湾问题干涉中国内政，停止向“台独”分裂势力发出错误信号。,毛宁
t20250703_11664482.html,路透社记者,马来西亚官方媒体昨日援引马外交部长表态称，中国和俄罗斯已同意签署《东南亚无核武器区条约》，美国正对条约文本进行审议。中方是否愿意与俄方一同签署该条约？如果是的话，中方为何现在做出这一决定？,作为东盟的全面战略伙伴和友好近邻，中方始终坚定支持建立东南亚无核武器区，多次明确表示愿意率先签署条约议定书。中方愿继续就议定书的签署问题与东盟国家保持沟通。,毛宁
t20250703_11664482.html,彭博社记者,美国已同越南达成贸易协议，将对越南商品征收20％关税，对经越南输美商品征收40％关税。这将影响途经越南的中国商品。外交部对此有何评论？,中方一贯主张各方通过平等对话协商解决经贸分歧，同时有关谈判和协议不应针对或损害第三方利益。,毛宁
t20250704_11665456.html,新华社记者,7月5日是中国同加纳建交65周年纪念日。中方对中加关系发展有何评价？,加纳是撒哈拉以南非洲最早同中国建交的国家之一，也是中国领导人首个往访的撒哈拉以南非洲国家。两国友好源远流长，历久弥坚。建交65年来，中加关系健康稳定发展，政治互信不断深化，各领域务实合作成效丰硕，去年两国建立战略伙伴关系。,毛宁
t20250704_11665456.html,彭博社记者,彭博社报道称，中方计划压缩原定为期两天的中欧领导人会晤。发言人能否证实，有何评论？,今年是中国和欧盟建交50周年，中欧关系发展面临新的机遇，双方一致同意要筹备好新一次中欧领导人会晤，就具体安排保持着沟通。,毛宁
t20250704_11665456.html,西班牙《国家报》记者,有报道称，据知情人士透露，中方不愿看到俄罗斯在俄乌冲突中失利，担心美方将把注意力转向中国。发言人对此有何评论？,中国不是乌克兰问题当事方。对于乌克兰危机，中方立场一以贯之，就是劝和促谈。我们一直在积极推动停火止战，中国的立场客观公正，国际社会有目共睹。乌克兰危机长期化不符合任何一方利益。我们支持尽早通过外交努力政治解决危机，也愿根据当事方的意愿，同国际社会一道，继续为此发挥建设性作用。,毛宁
t20250704_11665456.html,法新社记者,阿富汗政府昨天表示，俄罗斯已成为第一个正式承认塔利班政府的国家。请问中方对此有何评论？中国是否有同样的计划？,中方对俄罗斯和阿富汗临时政府关系的新发展表示欢迎。作为阿富汗传统友好邻邦，中方始终认为，阿富汗不应当被排除在国际社会之外。中方支持国际社会加强同阿富汗临时政府接触交流，鼓励其积极回应国际社会关切，共同帮助阿富汗实现重建和发展，支持阿方打击暴恐势力，为地区和平稳定与繁荣作出积极贡献。,毛宁
t20250704_11665456.html,法新社记者,美国总统特朗普昨天宣布，他即将向不同国家发出通知，告知他们将被征收新的关税。请问中方对此有何评论？,具体问题建议你向中方主管部门了解。关税战没有赢家。希望美方同中方相向而行，以实际行动维护和落实好两国元首通话的重要共识，共同推动中美经贸关系健康、稳定、可持续发展。,毛宁
t20250704_11665456.html,路透社记者,据消息人士透露，美方周四向通用电器航空航天公司表示，可以重启向中国商飞供应喷气发动机。外交部能否证实？,这个问题建议你向中方主管部门了解。,毛宁
t20250707_11666634.html,总台央视记者,我们注意到，王毅外长访欧期间，气候变化成为欧方提出的对华合作重要方向。中方对此有何回应？中方对于同欧方合作推动能源转型和绿色低碳发展持何看法？,气候变化关系到每个国家、每个人的生存发展，关系到人类前途命运，各国都应当为应对这一问题作出努力。中国在调整自身能源结构、推进绿色发展的同时，同各国密切协作，积极参与全球气候治理。,毛宁
t20250707_11666634.html,总台CGTN记者,我们注意到，王毅外长最近结束对德国、法国的访问。发言人能否进一步介绍王毅外长访问情况？,访问德国期间，王毅外长同德国总理默茨举行会见，同瓦德富尔外长共同主持第八轮中德外交与安全战略对话，还会见了总理外事顾问绍特尔；访问法国期间，王毅外长会见了马克龙总统，同巴罗外长举行会谈，并共同主持第七次中法高级别人文交流机制会议。,毛宁
t20250707_11666634.html,法新社记者,金砖国家领导人会晤将于今天闭幕。美国总统特朗普昨天批评金砖国家推行“反美政策”，并威胁对与金砖“反美政策”保持一致的国家加征10％的新关税。请问中方对此有何评论？,金砖机制是新兴市场和发展中国家合作的重要平台，倡导开放包容、合作共赢，不搞阵营对抗，不针对任何国家。,毛宁
t20250707_11666634.html,印度报业托拉斯记者,上周五，印度陆军副总参谋长拉胡尔·辛格称，中国利用为期四天的印巴冲突测试武器系统，全力向巴基斯坦提供支持，印度实际上在同时应对巴基斯坦、中国和土耳其3个国家。在印巴军事行动总指挥官通话时，中国通过卫星监测印方军事部署，为巴军方提供支持，而非讨论停火。他还称，中国采用“三十六计”中的“借刀杀人”策略。我已就此寻求中国国防部的评论，但也想听听外交部的看法。在中印关系正常化进程中，中国仍与巴基斯坦密切协作，在物质和军事层面予巴支持。外交部对此有何回应？,我不了解你提到的具体情况。我想告诉你的是，中国和巴基斯坦是传统友好邻邦，防务安全合作是两国正常合作的一部分，不针对第三方。 我不了解你的消息来源和具体情况，不同的人可能有不同的判断和解读。但我告诉你的是中国政府的政策，那就是中巴关系不针对第三方。对于印巴关系，我们支持双方通过对话协商妥善处理分歧，共同维护地区和平稳定。,毛宁
t20250707_11666634.html,路透社记者,追问特朗普关于金砖的表态。特朗普称，任何国家如与金砖成员“反美政策”保持一致，将被额外征收10％的关税。中方是否就此开展沟通对话，以弄清美方这一表态的具体含义及对中国的影响？如果美国加征该关税，中方会采取什么措施？,金砖机制是国际事务中的积极力量，金砖合作是开放包容的，不针对任何国家。我们一贯反对关税战、贸易战，反对以关税作为胁迫施压的工具。肆意加征关税不符合任何一方利益。,毛宁
t20250707_11666634.html,法新社记者,据美联社报道，法国情报部门称，在今年5月印巴冲突后，中国通过驻外使馆质疑法国制造的“阵风”战斗机性能，意在影响法国战斗机的销售。中方对此有何回应？,我不了解你提到的情况。,毛宁
t20250707_11666634.html,《环球时报》记者,据报道，印度总理莫迪7月6日向达赖喇嘛致以90岁生日祝福，印度议会事务部部长等作为印度政府代表出席达赖“庆生”活动。中方对此有何评论？,中国政府在涉藏问题上的立场是一贯的、明确的。众所周知，十四世达赖是一个披着宗教外衣，长期从事反华分裂活动，图谋把西藏从中国分裂出去的政治流亡者。,毛宁
t20250707_11666634.html,法新社记者,上周五中国宣布有34家白兰地生产企业同意设定最低价格，以避免被加征关税，但其他企业仍将面临关税。马克龙总统称此举是解决争端的积极一步。请问中方是否同意这一措施有助于开启进一步的谈判？接下来会有哪些举措？,这个问题建议向中方主管部门了解。作为原则，我们希望并相信中欧能够通过对话协商解决具体经贸问题。,毛宁
t20250707_11666634.html,彭博社记者,特朗普总统称，美国将于本周同中国谈TikTok的交易，并表示“我们基本上已达成协议，协议很可能需要中方批准，但也不一定”。外交部能否介绍谈判最新进展？,关于涉TikTok问题，中方已多次阐明原则立场。,毛宁
t20250707_11666634.html,路透社记者,据《金融时报》报道，欧盟本月暂缓与中国签署关于气候变化的联合声明，除非中方承诺在减少温室气体排放方面作出更多努力。中方是否希望在本月中欧领导人会晤前签署这一联合声明？是否考虑作出更多气候承诺？,具体问题建议向中方主管部门询问。我可以告诉你的是，中国始终积极推进绿色低碳发展。过去十年，中国非化石能源占能源消费总量比重增至17.9％，碳排放强度下降超过34％。我们将继续同各国一道，加强应对气候变化国际合作，为全球绿色转型和人类可持续发展作出贡献。,毛宁
t20250708_11667257.html,新华社记者,近日，李强总理在巴西里约热内卢出席了金砖国家领导人第十七次会晤。发言人能否介绍有关情况？面对当前复杂严峻的国际形势特别是单边主义、保护主义抬头，中方如何看待金砖合作的意义和前景？,7月6日至7日，国务院总理李强在里约热内卢出席金砖国家领导人第十七次会晤。李强总理指出，当前，世界百年变局加速演进，国际规则和秩序遭受严重冲击，多边机制权威和效能减弱。习近平主席提出的共商共建共享的全球治理观更加彰显出其时代价值和现实意义。各方需要以平等尊重的态度更好共商，以团结协作的行动更好共建，以相互成就的胸怀更好共享。金砖国家作为全球南方“第一方阵”，应当坚持独立自主，努力成为推动全球治理变革的先锋力量。要坚守道义，维护世界和平安宁；要聚焦发展，壮大经济增长动能；要包容并蓄，促进文明交流互鉴。“大金砖合作”要维护和践行多边主义，致力于构建开放型世界经济，提升国际金融合作水平，开辟经济增长新蓝海。要旗帜鲜明反对单边主义和保护主义，维护产业链供应链稳定畅通。,毛宁
t20250708_11667257.html,《北京青年报》记者,中方刚刚发布澳大利亚总理阿尔巴尼斯访华的消息，能否介绍此访背景情况和中方期待？,阿尔巴尼斯总理此访正值中澳全面战略伙伴关系开启第二个10年。在两国领导人的引领和双方共同努力下，中澳关系不断改善发展。中方愿同澳方一道，以此访为契机，加强沟通，增进互信，拓展务实合作，推动中澳全面战略伙伴关系向前发展。,毛宁
t20250708_11667257.html,总台华语环球节目中心记者,中方刚才发布了王毅外长出席东亚合作年度系列外长会的消息。中方如何评价当前东亚合作？对此次系列外长会有何期待？,近年来，东亚合作总体保持稳定发展势头，地区国家通过相互尊重、平等互利、开放包容的合作，助力本国发展、促进区域一体化进程、造福地区人民。同时，国际形势变乱交织，单边主义、保护主义盛行，给东亚合作带来前所未有的挑战。,毛宁
t20250708_11667257.html,香港无线电视记者,7月5日，美国国务卿鲁比奥在美国务院网站和个人社交媒体发表声明，祝贺十四世达赖90岁生日，并发表有关涉藏言论。中方对此有何评论？,西藏事务纯属中国内政，不容任何外部势力干涉。众所周知，十四世达赖并不是单纯的宗教人士，而是一个披着宗教外衣从事反华分裂活动的政治流亡者，他和所谓“西藏流亡政府”根本无权代表西藏人民，更无权决定西藏的前途命运。,毛宁
t20250708_11667257.html,彭博社记者,美国国务卿鲁比奥也将赴吉隆坡出席东亚合作系列外长会。王毅外长是否将会见鲁比奥？,我目前没有可以提供的信息。,毛宁
t20250708_11667257.html,彭博社记者,特朗普总统发送信函，再次威胁对美国主要贸易伙伴征收高额关税，征税时间推迟至8月1日。外交部对此有何评论？能否介绍中美经贸谈判的最新进展？,在关税问题上，中方立场是一贯和明确的，关税战、贸易战没有赢家，搞保护主义损害各方利益。关于中美经贸谈判，建议向中方主管部门了解。,毛宁
t20250708_11667257.html,彭博社记者,美国财长贝森特称，预计未来几周将同中方对等官员会面，推进经贸等问题磋商。外交部对此有何评论？,这个问题建议向中方主管部门询问。,毛宁
t20250709_11668031.html,深圳卫视记者,昨天，联合国人权理事会第59届会议通过中国主提的发展促人权决议。发言人能否进一步介绍情况？,7月8日，正在瑞士日内瓦举行的联合国人权理事会第59届会议通过中国主提的“发展对享有所有人权的贡献”决议。该决议以人权理事会全体成员国协商一致方式获得通过，体现国际社会的普遍认可与广泛支持。,毛宁
t20250709_11668031.html,塔斯社记者,第一个问题，据报道，欧盟委员会主席冯德莱恩昨天对中国提出三项要求，其中包括限制与俄罗斯的合作，外交部对此有何评论？第二个问题，美国总统特朗普表示，最近美中关系有所改善，中国政府在贸易领域一直对美奉行公平政策，外交部对此有何评论？,第一个问题，中俄之间的正常合作不针对第三方，也不应受到第三方干扰。,毛宁
t20250709_11668031.html,共同社记者,7月11日是大阪世博会的中国国家馆日，请问中方将派哪位官员出席？,据我了解，中方将派团出席大阪世博会中国馆日活动，具体消息我们会适时发布，你可以保持关注。,毛宁
t20250709_11668031.html,法新社记者,德国政府昨天表示，中国军方在红海用激光瞄准一架德国飞机，并称这一行为危及德方人员安全，完全不可接受。德方已召见中国驻德大使进行交涉。中方对此有何评论？,经向有关部门了解，德方所称信息与中方了解的事实完全不符。,毛宁
t20250709_11668031.html,中新社记者,我们看到，AtlasIntel和彭博社发布的“拉美脉搏”民意调查报告显示，巴西、墨西哥、阿根廷、哥伦比亚、智利和秘鲁等拉美前六大经济体民众对华好感度进一步上升，您对此有何评价？,我也注意到你提到的这份民调报告。报告显示，对华贸易使拉方受益，中国是拉美国家可靠有益的融资来源，中方基建投资给拉美国家带来实惠，中拉合作日益得到拉方民众认可和支持。,毛宁
t20250709_11668031.html,法新社记者,台湾今日启动年度军事演习，首次启用美国新近交付的高科技火箭系统。台方称，演习旨在传递有能力也有信心守护“主权”及“自由民主的生活方式”。外交部对此有何评论？,我们反对美台军事联系的立场是一贯的，也是非常坚定的。民进党当局妄图“以武谋独”“倚外谋独”，不可能得逞。,毛宁
t20250709_11668031.html,法新社记者,美国政府昨天宣布将开始限制中国公民及其他所谓“外国对手”在美购买农田，理由是“出于国家安全考虑”。请问中方对此有何评论？,美方泛化国家安全概念，剥夺特定国家机构和公民购买土地的权利，是典型的歧视性做法，违背市场经济原则和国际经贸规则，最终也将损害美国自身利益。我们敦促美方立即停止将经贸投资问题政治化。,毛宁
t20250709_11668031.html,彭博社记者,在距离中欧领导人会晤两周之际，欧盟委员会主席冯德莱恩指责中国扭曲贸易，限制欧洲公司准入，并称中欧伙伴关系要想向前发展，双方需要实现真正的“再平衡”，即中方减少市场扭曲和产能过剩，为欧洲企业提供公平、对等的准入。外交部对此有何评论？,中方注意到有关报道。欧方领导人在讲话中积极评价中国经济社会发展特别是绿色发展、脱贫成就，我们对此予以肯定。我想重申，中国的发展是欧盟的机遇而不是挑战。中国是世界上最重要的稳定力量、最可预期的确定因素，希望欧盟也可以成为中方可信任、可预期的合作伙伴。,毛宁
t20250710_11668736.html,澎湃新闻记者,中方刚发布了马耳他副总理兼外交旅游部长博奇访华消息。中方如何看待当前中马关系？对此访有何期待？,中国同马耳他传统友好，建交53年以来始终相互尊重、友好合作。中方愿同马方一道，以此访为契机，进一步巩固政治互信，探讨推进在贸易、投资、文旅、教育等领域互利合作，为中马、中欧关系健康稳定发展增添新动能。,毛宁
t20250710_11668736.html,法新社记者,乌克兰昨天称拘留了两名中国公民，并指控他们试图将导弹技术走私出境。中方对此有何评论？,我们还在核实了解有关情况。如果涉及中国公民，我们会依法维护中国公民的合法权益。,毛宁
t20250710_11668736.html,共同社记者,明天是日本大阪世博会的中国馆日，中方对此有何期待？中方哪位官员将率团出席活动？,中方非常重视大阪世博会。据我所知，中国馆的设计很有特色，也非常有人气。我们希望通过中国馆的精彩展示和丰富活动，让各国民众更好地了解中国。,毛宁
t20250710_11668736.html,总台中国之声记者,我们注意到，今天中国外文局公布了第二届兰花奖评选结果，9位国际友人和美国费城交响乐团获奖。发言人能否进一步介绍有关情况？,首先，我们对获奖的国际友人和机构表示祝贺。他们虽然来自不同领域，从事不同工作，但都有一个共同点，就是致力于促进中外文化交流和民心相通。,毛宁
t20250710_11668736.html,法新社记者,中国今天表示破获三起涉境外间谍案件，能否提供更多细节？尤其是涉及哪些国家？,这个问题我不了解情况。,毛宁
t20250710_11668736.html,法新社记者,昨天，美国总统特朗普以国家安全为由，宣布将对铜征收50％关税。请问中方对此有何评论？,中方的立场非常明确，我们一贯反对泛化国家安全概念，始终认为贸易战、关税战没有赢家，滥施关税不符合任何一方利益。,毛宁
t20250710_11668736.html,路透社记者,马来西亚国家新闻社援引马外长的话称，一旦所有文件准备就绪，中国将签署《东南亚无核武器区条约》议定书。该条约适用于东南亚国家的专属经济区及大陆架。中国是否已同意签署议定书？预计多久签署？,中国是东盟的全面战略伙伴和友好近邻。我们始终坚定支持建立东南亚无核武器区，多次明确表示愿意率先签署条约议定书。在今天上午举行的中国—东盟外长会上，王毅外长再次表明这一立场。中方正就议定书签署问题与东盟国家保持沟通。,毛宁
t20250711_11669555.html,《北京日报》记者,李强总理结束了对埃及的正式访问。发言人能否介绍此次访问的具体情况？,国务院总理李强于7月9日至10日对埃及进行正式访问，会见了埃及总统塞西，同马德布利总理举行会谈，并会见了众议长贾巴利。李强总理表示，中方始终把发展对埃关系放在中国中东外交的优先位置，愿同埃方一道，以明年两国建交70周年为契机，赓续传统友谊，巩固政治互信，在涉及彼此核心利益问题上继续坚定相互支持，不断丰富中埃全面战略伙伴关系内涵，推动各领域合作取得更多成果，朝着构建面向新时代的中埃命运共同体目标持续迈进。中方支持埃及在国际和地区事务中发挥更大作用，愿同埃方在多边框架内密切协调配合，践行真正的多边主义，维护经济全球化和国际经贸秩序，捍卫广大发展中国家的共同利益，促进中东地区和世界和平稳定。访问期间，两国总理共同见证签署电子商务、绿色低碳、发展援助、金融、卫生等领域多项合作文件。,毛宁
t20250711_11669555.html,法新社记者,欧盟数据监管机构爱尔兰数据保护委员会昨天表示，已对TikTok将欧洲用户的个人数据传输至中国境内的服务器展开调查。外交部对此有何评论？,具体问题建议向中方主管部门询问。我可以告诉你的是，中国政府高度重视并依法保护数据隐私和安全，从来没有也不会要求企业或个人以违法形式采集或存储数据。希望欧方切实尊重市场经济和公平竞争原则，为各国企业提供公平、公正、非歧视的营商环境。,毛宁
t20250711_11669555.html,香港中评社记者,我们注意到，这两天王毅外长正在马来西亚吉隆坡出席东亚合作年度系列外长会。发言人能否进一步介绍有关情况？,昨天，王毅外长在吉隆坡出席了中国—东盟外长会和东盟与中日韩外长会，今天出席了东亚峰会外长会和东盟地区论坛外长会。,毛宁
t20250711_11669555.html,路透社记者,下周，二十国集团财长和央行行长会议将在南非举行。中方对此次会议有何期待？会议怎样才算成功？二十国集团是否仍具有现实意义，还是其他新的贸易联盟和新兴区域集团更为有效？中方会否提出倡议以促进人民币国际化？,具体问题请向中方主管部门了解。作为原则，中方支持二十国集团作为国际经济合作重要平台，继续在加强多边主义、完善全球治理、推动世界经济增长等方面发挥积极作用。,毛宁
t20250711_11669555.html,中新社记者,我们注意到，近日，美国方面表示，将自8月1日起对巴西征收高达50％的高额关税，批评巴美贸易不公，并要求巴方立即停止在国内的政治“迫害”。中方对此有何评论？,主权平等、不干涉内政是《联合国宪章》的重要原则，也是国际关系基本准则。关税不应成为胁迫、霸凌、干涉他国内政的工具。,毛宁
t20250711_11669555.html,共同社记者,今天日本宣布，日本牛肉输华协定已经生效，请介绍详细情况。,我不了解具体情况，建议向中方主管部门询问。,毛宁
t20250711_11669555.html,路透社记者,韩国贸易部高官今天称，美国在美韩贸易磋商中要求采取措施限制中国。中方对此有何评论？,中国支持各方通过对话协商处理经贸问题，但任何协议和谈判都不应损害第三方利益。,毛宁
t20250711_11669555.html,法新社记者,据报道，俄罗斯外长拉夫罗夫将于下周来华出席上合组织外长会。外交部能否证实并提供更多信息？,目前我没有可以提供的信息。如有消息我们会及时发布。,毛宁
t20250711_11669555.html,湖北广电记者,美国《华盛顿邮报》、“旅行与旅游世界”网站等媒体日前刊文称，中国免签政策有助于展示悠久历史和“赛博朋克”的炫酷，向世界展现了中国的活力。这与近期一些国家收紧签证、日趋封闭形成对比。发言人对此有何看法？,中国单方面免签和过境免签国家已分别扩大到47个和55个。我们还持续简化签证申请手续，实施“一站式”入境服务和离境退税“即买即退”。外国朋友“中国游”将更加顺畅丝滑。,毛宁
t20250711_11669555.html,路透社记者,你能否证实王毅外长将在吉隆坡会见美国国务卿鲁比奥？,据我了解，王毅外长将于今天下午会见美国国务卿鲁比奥。,毛宁
t20250714_11670406.html,总台央视记者,中方发布了将主办上合组织外长理事会会议的消息。请简要介绍一下本次会议的主要活动安排，中方对此次会议有何期待？,中国是上海合作组织2024—2025年轮值主席国，将于今年秋天在天津举行峰会。本次外长理事会会议旨在为天津峰会作政治准备。王毅外长将主持会议。成员国外长将就上合组织各领域合作以及重大国际和地区问题交换意见，并签署一系列决议和文件。,林剑
t20250714_11670406.html,印度报业托拉斯记者,今明两天是否举行关于上合组织外长理事会会议的媒体吹风？,关于上合组织外长理事会会议的具体情况，我们会适时发布消息，请你保持关注。,林剑
t20250714_11670406.html,《北京日报》记者,北京时间7月14日凌晨，尼日利亚总统提努布通过其特别顾问发表声明称，尼日利亚前总统布哈里当天在英国伦敦去世。中方对此有何评论？,布哈里前总统是尼日利亚重要领导人，带领尼日利亚人民在国家建设道路上取得卓越成就。布哈里前总统也是中国人民的好朋友，为推动中尼关系和两国互利友好合作作出了重要贡献。,林剑
t20250715_11671019.html,总台央视记者,近日中国和东盟国家务实合作捷报频传。中越边境友谊关智慧口岸进入联调联试阶段，中企承建的马来西亚东海岸铁路云顶隧道顺利贯通，但也有媒体评论称，中国对包括东盟国家在内的东南亚国家造成产业“冲击”，干扰当地经济社会发展。发言人对此有何评论？,中国与东盟国家发展理念相近、诉求相通、利益相融。我们在同东盟国家开展合作时，始终真诚回应对方发展经济、改善民生的迫切愿望，始终坚持平等互利原则。近年来，双方在电子商务、数字技术等新兴领域打造诸多合作亮点，在推进地区经济一体化、便利人员往来方面取得丰硕合作成果。中国和东盟确认完成自贸区3.0版磋商，高质量实施《区域全面经济伙伴关系协定》，不断扩大共同市场；中国跨境电商与东南亚本土电商联手，加强优势产品与消费市场对接；中国企业在东南亚国家建设5G网络、推进光纤到户，助力数字化转型；“澜湄签证”“东盟签证”相继落地，人员往来更加便捷。,林剑
t20250715_11671019.html,路透社记者,巴拉圭总统称正为赖清德下月“访问”该国做准备。赖预计还会“访问”伯利兹，且很可能过境美国。中方是否已要求美方不要允许赖过境？美方对此有何回应？,关于巴拉圭同中国台湾地区保持所谓“邦交”的问题，中方已经多次表明严正立场。一个中国原则是国际关系基本准则和国际社会普遍共识，坚持一个中国原则是国际大义、人心所向、大势所趋。,林剑
t20250715_11671019.html,今日俄罗斯记者,俄罗斯外长拉夫罗夫正在中国访问。请问发言人能否介绍拉夫罗夫外长访华情况？外交部对拉夫罗夫外长此访有何评论？,关于习近平主席会见拉夫罗夫外长以及中俄外长会见的情况，中方已经发布了消息。中俄在各层级都保持着密切顺畅沟通，这有利于及时落实两国元首达成的共识，促进各自发展振兴，共同应对动荡变革世界带来的挑战。,林剑
t20250715_11671019.html,《环球时报》记者,据报道，美国国务卿鲁比奥11日在社交媒体发文，以侵犯人权为由，宣布对古巴国家主席迪亚斯－卡内尔、革命武装力量部长洛佩斯、内务部长阿尔瓦雷斯实施签证限制等制裁。报道称此系美首次对迪亚斯－卡内尔实施制裁。中方对此有何评论？,我们注意到有关报道。中方坚决反对美方打着所谓“人权”的幌子滥施单边制裁、干涉古巴内政。美国对古巴实施60多年全面封锁和非法制裁，给古巴人民造成深重灾难。制裁应该立即取消，而不是变本加厉。中方坚定支持古巴走符合本国国情的发展道路，坚定支持古方维护主权和尊严。我们敦促美方立即取消对古巴的封锁制裁，将古巴从“支恐国家名单”中移除。,林剑
t20250715_11671019.html,法新社记者,日本方面表示，中国在本地区的军事活动可能会严重影响日本的国家安全。中方对此有何回应？,我想你指的是日本刚刚发布的新版《防卫白皮书》。日本新版《防卫白皮书》抱持错误对华认知，无理干涉中国内政，炒作所谓“中国威胁”。中方对此表示强烈不满和坚决反对，已向日方提出严正交涉。,林剑
t20250715_11671019.html,路透社记者,美国总统特朗普威胁称，除非俄罗斯同意在未来50天内达成和平协议，否则将对俄罗斯商品征收100％关税，并对购买俄罗斯石油的国家实施次级制裁。外交部对此有何评论？此外，美国会参议员格雷厄姆威胁中国等国家，如果继续与俄罗斯进行贸易，将对其征收500％关税并采取其他惩罚措施。中方是否担心来自美方的压力？（今日俄罗斯亦问及）,中方在乌克兰危机问题上的立场一贯、明确。我们始终认为，对话谈判是解决乌克兰危机的唯一可行出路。中方坚决反对任何非法单边制裁和“长臂管辖”，关税战没有赢家，胁迫施压解决不了问题。希望各方能为推动乌危机政治解决进一步营造氛围、积累条件，多做有益于劝和促谈的事情。,林剑
t20250715_11671019.html,俄新社记者,追问一个关于日本新版《防卫白皮书》的问题。白皮书称日方对俄罗斯在远东的军事活动及其与中国的战略伙伴关系深表关切。日防卫省特别提到俄中间日益频繁的军事互动，包括联合演习和巡航。中方对此有何评论？,我刚才已经阐明了中方对日本新版《防卫白皮书》的严正立场。我要再次强调，中方坚持走和平发展道路，奉行防御性国防政策，有关国防建设和军事活动正当合理，同其他国家开展的军事合作符合国际法和国际惯例。,林剑
t20250715_11671019.html,路透社记者,欧盟委员会执行副主席里贝拉接受采访称，中方表示将致力于制定新的全面气候目标，并将在今年秋天公布具体进展。中方是否为最终确定气候目标设定了时间表？此外，中国和欧盟刚刚结束关于气候问题的对话，欧方提到气候变化联合声明，双方是否有望在中欧领导人会晤期间达成这一声明？,你提到欧盟委员会执行副主席里贝拉访华的有关情况，丁薛祥副总理同里贝拉举行了第六次中欧环境与气候高层对话，中方已经发布了消息，你可以查阅。我要强调的是，中国始终积极落实《联合国气候变化框架公约》及其《巴黎协定》，大力推进绿色低碳发展。无论国际形势如何变化、别国政策如何调整，中国都会坚定推进在2030年前实现碳达峰，2060年前实现碳中和。习近平主席已经在今年4月气候和公正转型领导人峰会上表示，中国将于联合国气候变化贝伦大会前，宣布覆盖全经济范围、包括所有温室气体的2035年国家自主贡献目标。具体情况你可以向中方主管部门进一步了解。,林剑
t20250715_11671019.html,彭博社记者,英伟达今日宣布已得到美国政府允许，将向中国出售一款相对低端的人工智能芯片。中方对此有何回应？,我们一般不对企业行为作具体评论。我要指出的是，中方反对将科技和经贸问题政治化、工具化、武器化，对中国进行恶意封锁和打压的立场是一贯、明确的。这种做法扰乱全球产供链稳定，也不符合任何一方利益。,林剑
t20250716_11671684.html,新华社记者,中方发布了克罗地亚外长拉德曼访华消息。中方如何看待当前中克关系？对此访有何期待？,中方欢迎克罗地亚外长拉德曼访华。中国同克罗地亚传统友好，两国全面合作伙伴关系发展顺利，在共建“一带一路”和中国—中东欧国家合作方面取得积极成果。中方高度重视中克关系发展，愿同克方一道，以此访为契机，加强两国发展战略对接，深挖务实合作潜力，密切人文交流对话，开启中克全面合作伙伴关系新篇章。,林剑
t20250716_11671684.html,日本广播协会记者,今天上午，北京市第二中级人民法院以间谍罪判处一名日本制药公司男性员工有期徒刑三年六个月。日本政府对此表示遗憾，要求中方尽早释放该人员。此外，日方还指出司法程序缺乏透明性影响两国关系改善和稳定发展，也成为妨碍民意和人员往来的重要因素。发言人对此有何评论？,中国是法治国家，司法机关严格依法办案，保障当事人各项合法权利，按照有关国际公约和《中日领事协定》，为日方执行领事职务提供便利。我还要指出的是，中方一贯支持中日经贸合作，为在华日企与人士的合法经营提供良好环境。我们欢迎外国企业来华开展经贸合作。在华和来华的外籍人员只要遵守法律，依法从业，就没有什么可担心和不安的。,林剑
t20250716_11671684.html,俄新社记者,被提名为美国常驻联合国代表的华尔兹周二表示，如果他的任命得到确认，中国的“恶意行为”和在联合国日益增长的影响力将是他首要考虑的问题。发言人对此有何评论？,这些言论反映出美国一些政客典型的意识形态偏见和冷战零和思维，中方对此坚决反对。我们敦促美方客观理性看待中国和中美关系，以实际行动推动中美关系稳定、健康、可持续发展，而不是相反。,林剑
t20250716_11671684.html,路透社记者,昨天，李强总理在和澳大利亚总理阿尔巴尼斯共同出席中澳工商界首席执行官圆桌会时，对澳外商投资审查规则表达了担忧。请问哪些具体领域或行业是中方最为关注的？,关于阿尔巴尼斯总理此次访华有关工商界活动，中方已经发布了消息。中方一贯认为，经贸合作是中澳关系的压舱石。中方愿同澳方一道，为两国企业在对方国家投资经营提供公平、开放、非歧视的营商环境，推动两国经贸合作不断向前发展。,林剑
t20250716_11671684.html,中新社记者,上海合作组织成员国外长理事会会议昨天在天津举行。发言人能否进一步介绍有关情况？,7月15日，上海合作组织成员国外长理事会会议在天津成功举行。会前，习近平主席在北京集体会见来华出席会议的各国外长和上合组织常设机构负责人，强调面对变乱交织的国际形势，上合组织要看准方向、坚定信心，高效行动、更有作为，牢记成立初心，回应人民期待，担当时代使命，做“上海精神”的火炬手、深化合作的行动派、构建人类命运共同体的笃行者，为世界注入更多稳定性和正能量。,林剑
t20250716_11671684.html,路透社记者,据《南华早报》报道，中方取消了在2021年开始实施的对欧洲议会前议员彼蒂科菲尔的制裁。外交部能否证实此事？,过去几年，中欧立法机构交往因为众所周知的原因，出现了一些波折。当前形势下，双方都认为，中欧加强对话合作十分重要。经双方商定，中方和欧洲议会决定取消对相互交往的限制。我们相信并期待，随着中欧全面恢复立法机构交往，双方交流和理解将更加深入，将为中欧关系持续健康稳定发展注入新动力。,林剑
t20250716_11671684.html,印尼安塔拉通讯社记者,印度尼西亚和美国已经达成贸易协议。根据该协议，印尼对美出口产品将被征收19％关税，美对印尼出口产品将不会面临关税壁垒。这是继越南之后美国与东盟国家达成的第二份此类协议。外交部对此有何评论？,中方一贯主张各方通过平等对话协商解决经贸分歧，维护良好的国际经贸合作环境。,林剑
t20250716_11671684.html,俄新社记者,昨天，北约秘书长吕特称，考虑到美国总统特朗普可能对中国、印度和巴西三国与俄罗斯的贸易征收次级关税，希望三国向俄罗斯施加压力。中方对此有何评论？,昨天，我已经就相关问题阐明了中方立场。我愿重申，中方始终认为对话谈判是解决乌危机的唯一可行出路，坚决反对任何非法单边制裁和“长臂管辖”。关税战没有赢家，胁迫施压解决不了问题。希望各方能为推动乌危机政治解决进一步营造氛围、积累条件，多做有益于劝和促谈的事。,林剑
t20250716_11671684.html,《中国日报》记者,第三届中国国际供应链促进博览会今天开幕，这是链博会首次提前至夏季举办。这个夏天，中方还举办了西博会、南博会等一系列展会，彰显中国高水平对外开放积极姿态。发言人能否介绍更多情况？对此有何评论？,这个夏天，中国高水平对外开放迎来火热“进行时”。第三届中国国际供应链促进博览会今天在北京开幕。本届链博会亮点纷呈、特色突出，含“新”量更大，含“绿”量更足。651家中外企业和机构参展，境外参展商占比增至35％，欧美参展商达到境外参展商总数的50％。创新元素密集亮相，预计将迎来100余项首发首展首秀，比上届增加10％，还首次设置创新链专区，助力实验室“金点子”转化为产业发展“金钥匙”。本届链博会首次实现全馆绿色供电，预计将减排二氧化碳1100余吨。,林剑
t20250716_11671684.html,沙特东方电视台记者,中东因伊朗和以色列停火问题面临不确定性。在谈判尚未重启的情况下，中方是否考虑为缓和紧张局势或防止战火复燃发挥作用？,你提到中东局势，本次上合组织成员国外长理事会会议就相关问题进行了交流。当前中东地区局势依然复杂敏感，中方愿同国际社会一道努力，倡导和平，推进政治解决，尽快恢复中东地区和平稳定，这符合地区各国和国际社会的共同利益。,林剑
t20250717_11672373.html,沙特东方电视台记者,叙利亚遭到以色列的系列袭击，袭击造成叙安全部队成员和平民伤亡。中方如何看待叙利亚局势？（半岛电视台亦问及）,叙利亚的主权和领土完整应得到尊重，特别是在当前中东局势持续动荡情况下，不应采取任何导致局势升级的行动。,林剑
t20250717_11672373.html,路透社记者,美国总统特朗普周三称，他认为中国很快会将制造和运输芬太尼的人员判处死刑。中方对此有何回应？,我们多次表明，芬太尼是美国的问题，不是中国的问题，责任在美国自身。美方无视中方善意，对中国无理加征芬太尼关税，这严重冲击中美在禁毒领域的对话与合作，也严重损害中方利益。美国如果真心想同中国合作，就应正视客观事实，以平等、尊重、互惠的方式同中方对话。,林剑
t20250717_11672373.html,《北京青年报》记者,联合国日前发布报告，评估2030年可持续发展议程落实情况，指出近一半目标进展缓慢，18％的目标甚至出现倒退。联合国秘书长古特雷斯表示，世界正面临“发展紧急状态”，但目标依然可及，关键在于各方能否采取紧迫、团结、坚定的行动。发言人对此有何评论？,当前，单边主义、保护主义抬头，冲击世界经济复苏，国际发展合作动能不足，2030年可持续发展议程落实严重滞后，个别国家公然反对甚至抵制这一国际发展合作领域的纲领性文件，发展危机成为摆在各国面前的现实挑战。中国始终是推动全球发展的行动派。中国政府将落实2030年可持续发展议程纳入“十四五”规划，已提前实现减贫、卫生等领域相关目标，为全球落实工作作出积极贡献。中方大力推进国际发展合作，提出并落实全球发展倡议，近年来与20多个发展机构深化合作，惠及60多国超过3000万民众。去年二十国集团里约峰会上，习近平主席又宣布中国支持全球发展的八项行动，助力粮食安全、科技创新、绿色转型等关键领域国际合作，不断为全球发展注入新动能。,林剑
t20250717_11672373.html,今日俄罗斯记者,昨天，俄罗斯总统普京宣布将继续推进M－12“东方”公路东段的建设。这条高速公路将成为“西欧—中国西部”国际运输路线的一部分，通往俄罗斯与中国、哈萨克斯坦、蒙古和朝鲜接壤的国境线地区。请问公路通车将如何影响俄中旅游和物流交流发展？,在两国元首战略引领下，中俄交通运输合作持续健康稳定发展，跨境互联互通取得标志性进展，互利合作内生动力愈加强劲。,林剑
t20250717_11672373.html,塔斯社记者,日前俄罗斯副外长鲁登科表示，俄方正与中国、印度就恢复三方合作机制进行谈判，俄方对推动该机制运作持积极态度。外交部对此有何评论？,中俄印合作不仅符合三国自身利益，也有利于地区乃至全球和平、安全、稳定与进步。中方愿同俄、印双方就推进中俄印合作保持沟通。,林剑
t20250717_11672373.html,法新社记者,发言人能否确认近期将举行中欧领导人会晤？能否提供更多细节？,目前我没有可以提供的信息。,林剑
t20250718_11673005.html,总台央视记者,我们注意到，2025年“鼓岭缘”中美青少年合唱周近日在中国举行，中国国家主席习近平夫人彭丽媛7月17日出席中美青少年联谊活动并致辞。发言人能否进一步介绍有关情况？,7月9日至18日，中国人民对外友好协会与福建省人民政府共同主办2025年“鼓岭缘”中美青少年合唱周。活动以“歌唱和平”为主题，来自中美两国近30支合唱团、1000多名青少年参加。,林剑
t20250718_11673005.html,今日俄罗斯记者,《华尔街日报》昨天报道称，如果中远集团不能获得股份，中国政府会阻止一项将数十个海港所有权转让给西方投资者的协议。请问中方对此有何评论？,我不掌握你说的情况。关于长和出售海外港口资产事，中国国家市场监督管理总局已表示将依法进行审查，保护市场公平竞争，维护社会公共利益。,林剑
t20250718_11673005.html,深圳卫视记者,今天上午，中国教育部发布了赴菲律宾留学预警。请问中方此举出于什么考虑？,近段时间，菲律宾社会治安不靖，针对中国公民犯罪和盘查滋扰多发。中国政府发布有关留学预警，是本着负责任态度，为保障中国留学生安全和权益所采取的合理举措。我们再次提醒赴菲留学人员做好风险评估，同时也敦促菲方采取切实措施，保障中国赴菲留学人员的安全、尊严和合法权益。,林剑
t20250718_11673005.html,印度报业托拉斯记者,今天，美国国务院发表声明，将巴基斯坦恐怖组织“虔诚军”的代理人“抵抗阵线”列为“外国恐怖组织”和“特别认定全球恐怖分子”实体，该组织被指控在查谟和克什米尔地区实施恐袭。中方对此有何评论？,中方坚决反对一切形式的恐怖主义，强烈谴责发生在4月22日的恐袭事件。中方呼吁地区国家加强反恐合作，共同维护地区安全稳定。,林剑
t20250718_11673005.html,《环球时报》记者,近日，美国参院外委会民主党议员发布报告，称特朗普上任6个月来严重削弱美同中国竞争的能力，中国对美构成战略挑战，正实施取代美全球超级大国地位的长期战略，借机提升与全球南方国家关系，不断拓展国际影响力，呼吁美府院合力重建对华竞争的有效工具。中方对此有何评论？,有关报告充斥着冷战思维，鼓噪大国对抗，渲染“中国威胁”，实质上是为了遏制打压中国，中方坚决反对。我要强调，中国坚持独立自主的和平外交政策，始终致力于做积极、稳定、向善的力量，无意也不会与任何国家比拼影响力。中方始终按照相互尊重、和平共处、合作共赢的原则看待和处理中美关系，从来不搞恶性竞争和大国对抗，无意取代谁、挑战谁。中方敦促美方有关人士树立正确对华认知，客观、理性地看待中国和中美关系，停止攻击抹黑和遏制打压，多做有益于中美关系稳定、健康、可持续发展的事。,林剑
t20250718_11673005.html,彭博社记者,几分钟前，欧盟宣布对俄罗斯实施新一轮制裁，涉及一些中国的银行。外交部对此有何评论？中方将会如何回应？,你提到这件事是刚刚发生的，我不了解具体情况。但我要指出的是，中方一贯反对没有国际法依据、未经联合国安理会授权的单边制裁。在乌克兰危机问题上，中方一直致力于劝和促谈，从未向冲突方提供致命性武器，严格管控军民两用物项出口。中俄企业正常交往合作也不应受到干扰和影响。我们敦促欧方停止在没有事实依据的情况下损害中国企业合法利益。中方将采取必要措施，坚决维护中国企业正当合法权益。,林剑
t20250718_11673005.html,路透社记者,台湾地区副领导人萧美琴在今天的新闻发布会上称，“中方咄咄逼人的军事姿态只会适得其反，维护台海现状符合整个地区的利益”。外交部对此有何评论？,台湾是中国的台湾，台湾问题纯属中国内政。如何解决台湾问题是中国人的事。台海的真正现状是两岸同属一个中国，台湾是中国领土不可分割的一部分。台海和平的最大威胁是“台独”分裂势力和外部势力纵容支持。无论民进党当局说什么做什么，都改变不了两岸同属一个中国的事实，改变不了国际社会坚持一个中国原则的格局，更改变不了中国终将统一也必将统一的历史大势。,林剑
t20250718_11673005.html,法新社记者,美国商务部宣布，对从中国进口的石墨加征超过90％的反倾销税。石墨是一种普遍用于生产电动汽车关键部件的原材料。外交部对此有何评论？,具体问题建议向中方主管部门询问。我要指出的是，中美经贸合作本质是互利共赢，希望美方切实遵守市场经济规则，维护中美经贸关系健康稳定发展。,林剑
t20250718_11673005.html,印度报业托拉斯记者,印度外长苏杰生近期访华，并与王毅外长举行会谈，讨论了中方向印度出口稀土的问题。由于中方禁止出口或可能没有向印度公司发放稀土出口许可，印度国内担心稀土供应不足，特别是那些汽车产业需要的稀土。发言人能否介绍中方后续在这方面可能采取哪些行动？,关于苏杰生外长访华情况，中方已经发布了消息，你可以查阅。,林剑
t20250721_11674365.html,总台央视记者,中方发布了第二十五次中国—欧盟领导人会晤将举行的消息。请问发言人能否介绍中方对此次会晤的期待？对当前中欧关系如何评价？,今年是中国欧盟建交50周年，也是联合国成立80周年。当前，世界百年变局加速演进，国际形势变乱交织，单边主义、霸凌行径严重冲击国际秩序和国际规则，人类社会再次来到关键十字路口。作为推动多极化的两大力量、支持全球化的两大市场、倡导多样性的两大文明，中欧在此时举行领导人会晤，具有重要意义，国际社会广泛关注。,郭嘉昆
t20250721_11674365.html,《金融时报》记者,欧洲外交官称，中国正试图利用联合国80周年改革以增强其对联合国的影响力，并游说全球南方国家支持中方主张。欧洲有人甚至指出，中国正对联合国开展“殖民”。中方对此有何评论？,古特雷斯秘书长提出“联合国80周年改革倡议”，中方对此高度重视。我们支持联合国顺应新形势新任务，进一步凝聚各方对多边主义的承诺，通过改革提高自身运行效率，增强应对全球挑战的能力，在国际事务中更好发挥作用。改革要充分协商，重视会员国特别是广大发展中国家意见，构建更加公正合理的全球治理体系。,郭嘉昆
t20250721_11674365.html,澎湃新闻记者,有媒体报道，美国富国银行高管茅晨月在最近几周被禁止离开中国。请问中方对此有何评论？,经了解，茅晨月女士涉及中方在办的一起刑事案件，被中方执法部门依法采取限制出境措施。根据中国法律，案件正在调查中，茅晨月女士暂时不能离境，并且有义务配合调查工作。无论是中国人还是外国人，在中国都要遵守中国的法律。中方在调查中会依法保障其合法权益。我想强调，这是一起司法个案。中方将一如既往，欢迎各国人士来华旅游、经商，并依法保障其各项权益。,郭嘉昆
t20250721_11674365.html,《澳人报》记者,上周五，澳大利亚总理阿尔巴尼斯结束访华行程。中方对此访有何评价？,关于澳大利亚总理阿尔巴尼斯访华相关活动，中方已经发布了消息稿，你可以查阅。我要指出的是，阿尔巴尼斯总理访华期间，中澳领导人就深化拓展互利合作达成重要共识。中方愿同澳方一道，加强各领域合作规划设计，加强各层级沟通交流，推动实现更高水平的互利共赢，更好惠及两国人民。,郭嘉昆
t20250721_11674365.html,《澳人报》记者,阿尔巴尼斯总理访华期间，习近平主席在人民大会堂同其会见并共进午餐，阿尔巴尼斯总理认为活动非常重要。中方如何评价？,阿尔巴尼斯总理访华期间，中方按照正式访问作出了有关礼宾安排。我相信，每一场活动都是重要的，都有助于促进中澳关系稳定发展。,郭嘉昆
t20250721_11674365.html,法新社记者,加沙民防部门昨天表示，以色列军队袭击已造成至少93名试图获取食物和人道主义救援的居民丧生。外交部对此有何评论？,中方高度关注当前加沙局势，反对并谴责一切伤害平民、违反国际法的行为。平民不应成为攻击的目标，国际人道救援者的安全不应受到威胁。希望各方尽快达成停火安排，推动局势尽快降温，切实缓解人道主义危机。,郭嘉昆
t20250721_11674365.html,彭博社记者,多家媒体报道称，中方禁止一名在美国商务部工作的美国公民离境，因其未在签证申请中说明为美政府工作。外交部对此有何评论？,我没有可以提供的具体情况。中国是法治国家，依法处理出入境事务。,郭嘉昆
t20250721_11674365.html,共同社记者,日本举行了参议院选举，执政党未能保住多数席位。中方对此有何评论？,中方注意到有关选举结果，这是日本内政，我没有特别的评论。中日互为近邻，保持两国关系健康稳定发展，符合两国和两国人民根本利益。中方愿同日方一道，持续开展各层级各领域对话沟通，增进政治互信，深化互利合作，妥善管控分歧，共同努力全面推进中日战略互惠关系，构建契合新时代要求的建设性、稳定的中日关系。,郭嘉昆
t20250721_11674365.html,《澳人报》记者,阿尔巴尼斯在竞选期间表示，达尔文港不应再由中国企业所有，外交部发言人也曾对达尔文港作过表态。阿尔巴尼斯称其访华期间同中国领导人会晤时未直接谈及达尔文港。但根据公开的会见消息，李强总理谈及营商环境和在澳中国投资待遇等。中方目前对达尔文港是否仍有关切？,我想强调的是，有关中国企业通过市场方式获得达尔文港租约，其合法权益应受到充分保护。,郭嘉昆
t20250721_11674365.html,《金融时报》记者,追问关于美国商务部员工被禁止离境中国一事。美驻华使馆称，离境禁令损害双边关系。中方对此有何评论？,我刚才已经回答了有关问题。,郭嘉昆
t20250721_11674365.html,路透社记者,有报道称中美元首可能会在未来几个月会晤。会晤是否在准备中？发言人能否提供更多细节？中方是否对会晤设置了前提条件？,元首外交对中美关系发挥着不可替代的战略引领作用。关于你提到的具体问题，我目前没有可以提供的信息。,郭嘉昆
t20250721_11674365.html,彭博社记者,欧盟上周五对两家中国银行和五家中国企业实施制裁，这是欧盟最新一轮对俄罗斯制裁的一部分。发言人对此有何进一步评论？,中国商务部新闻发言人已就此作出回应。我要强调，中方一贯反对没有国际法依据、未经联合国安理会授权的单边制裁。在乌克兰危机问题上，中方一直致力于劝和促谈，从未向冲突方提供致命性武器，严格管控军民两用物项出口。中俄企业正常交往合作也不应受到干扰和影响。我们敦促欧方停止在没有事实依据的情况下损害中国企业合法利益。中方将采取必要措施，坚决维护中国企业正当合法权益。,郭嘉昆
t20250721_11674365.html,《澳人报》记者,下个月将是我回到北京工作一周年。之前的4年中，澳大利亚在华没有常驻记者。中方会否允许更多澳大利亚记者来华工作？,欢迎你回到北京，作为澳大利亚记者报道中国外交政策以及中国式现代化实践，也希望你为促进中澳两国人民间相互理解和认知作出贡献。相信随着中澳关系改善和发展，两国媒体合作也会不断向前迈进，期待有更多澳大利亚记者来华常驻。,郭嘉昆
t20250721_11674365.html,《澳人报》记者,阿尔巴尼斯总理上一次访华期间在上海外滩散步时，被称赞帅气，但此次访华时中方没有提及这一点。中方对阿尔巴尼斯的外形评价是否有变？,中方对发展中澳关系的立场是一贯、明确的。我们欢迎澳大利亚领导人更多来华访问，为推进中澳各领域合作作出努力和贡献。,郭嘉昆
t20250721_11674365.html,俄新社记者,伊朗外交部早些时候宣布，伊朗将于7月25日同法国、德国、英国在伊斯坦布尔就伊核问题举行副外长级会谈。中方对此有何评论？,伊朗核问题事关中东地区和平与安全，事关国际核不扩散体系。中方一贯主张通过政治外交手段和平解决伊朗核问题，这是唯一正确出路。我们呼吁有关方面相向而行，为推动伊朗核问题重回政治解决轨道作出努力。,郭嘉昆
t20250722_11675063.html,总台央视记者,近日发布的一份报告显示，今年上半年中国“一带一路”倡议下的项目金额超过2024年全年项目总额，创造了半年项目总额最高纪录。有媒体和学者评论称，中国通过“一带一路”倡议加强与共建国家合作的做法与美国对贸易伙伴征收高额关税形成鲜明对比，许多国家将“一带一路”合作视为深化对华关系的机会。请问发言人对此有何评论？,共建“一带一路”进入高质量发展新阶段。从亚欧大陆到非洲、拉美，从硬联通到软联通、心联通，合作成果惠及150多个国家的人民。雅万高铁客运量超千万人次，中欧班列累计开行突破11万列，“钱凯—上海”中拉陆海新通道实现双向贯通，中非合作建设的光伏电站装机容量超过1.5吉瓦，鲁班工坊、菌草技术等小而美项目帮助千家万户走上致富路。经过十多年发展，共建“一带一路”在推动互联互通基础上，拓展成为贸易和产业合作平台，助力更多国家融入国际产业链，共同维护全球供应链的稳定强韧。,郭嘉昆
t20250722_11675063.html,彭博社记者,美国财长贝森特称，美中新一轮谈判可能讨论中国购买俄罗斯、伊朗石油的议题。外交部对此有何评论？,在关税问题上，中方立场是一贯和明确的。希望美方同中方一道，落实两国元首通话达成的重要共识，发挥中美经贸磋商机制作用，通过对话沟通增进共识、减少误解、加强合作，推动中美关系稳定、健康、可持续发展。具体情况请向主管部门询问。,郭嘉昆
t20250722_11675063.html,埃菲社记者,中国—欧盟领导人会晤将于本周在北京举行。中方如何评价当前中欧关系？在全球贸易紧张加剧背景下，此次会晤是否反映了中欧关系进一步加强？,今年是中国欧盟建交50周年，也是联合国成立80周年。半个世纪以来，中欧关系已经成为世界上最具影响力的双边关系之一。中欧合作取得丰硕成果，有力支持彼此发展进步，为近20亿中欧人民带来实实在在的福祉，为促进世界和平与发展作出重要贡献，为经济全球化时代互利合作树立典范。当前，中欧关系正处在承前启后、继往开来的重要时刻，既迎来新机遇，也面临新挑战。在目前国际局势动荡加剧，单边主义、保护主义甚嚣尘上的背景下，中欧举行领导人会晤，加强战略沟通、深化对话合作不仅有利于双方，也有利于世界。中方愿同欧方共同努力，通过一次成功会晤，对外发出中欧致力于加强伙伴关系，共同维护多边主义和开放合作的积极信号。,郭嘉昆
t20250722_11675063.html,法新社记者,美国国务院证实，一名美国政府雇员被禁止离开中国。请问中方能否提供更多相关信息？,我没有可以提供的具体情况。中国是法治国家，依法处理出入境事务。,郭嘉昆
t20250722_11675063.html,法新社记者,一名出生于中国的美国研究员昨天承认窃取美国商业机密，其中包括用于探测核导弹发射的技术。外交部对此有何评论？,我不了解你提到的情况。,郭嘉昆
t20250722_11675063.html,法新社记者,昨天美国国防部长重申了美国对菲律宾的防务承诺，范围包括菲律宾海警船只在南海遭遇武装袭击的情况。中方对此有何评论？,美国和菲律宾之间开展任何合作都不应针对第三方或损害第三方利益，更不应挑动对抗，加剧地区紧张。,郭嘉昆
t20250723_11675821.html,总台央视记者,近日，美中贸易全国委员会报告显示，82%美国企业在华实现盈利。许多企业表示，中美关系的不确定性和关税是他们当前最担心的问题，但仍认为中国市场至关重要。请问发言人对此有何评论？,投资中国、共赢未来，成为全球投资者普遍共识。截至今年3月，外商在华累计设立企业124万家，投资额近3万亿美元，在助推中国改革开放的同时，普遍获得成长机遇、得到丰厚回报。数据显示，今年上半年全国新设立外资企业实现两位数增长。在刚刚闭幕的第三届链博会上，参展商范围从首届的55个国家和地区扩大到75个，其中美国参展商数量比上届增长15%，继续位列境外参展商之首。从企业规模看，超过65%的参展商是世界500强和行业龙头企业。外资企业用行动为中国经济前景投下了信任票。,郭嘉昆
t20250723_11675821.html,路透社记者,美国总统特朗普称，美同日本达成了贸易协议，美降低对日汽车关税，不再向其它自日进口商品征收新关税，作为交换，日方将对美提供5500亿美元投资和贷款。中方对美日达成贸易协议有何回应？,中方一贯主张各方通过平等对话协商解决经贸分歧，维护良好的国际经贸合作环境。,郭嘉昆
t20250723_11675821.html,东京电视台记者,据报道，日本首相石破茂已经表达在8月底之前辞职的意向。中方如何看待这一动向？将对中日关系产生什么影响？,这是日本内政，我没有特别的评论。中日互为近邻，保持两国关系健康稳定发展，共同努力全面推进中日战略互惠关系，构建契合新时代要求的建设性、稳定的中日关系，符合两国和两国人民根本利益。,郭嘉昆
t20250723_11675821.html,彭博社记者,美国财长贝森特称，他将于下周在斯德哥尔摩同中方代表举行第三轮贸易谈判，旨在延长中美“关税休战”并扩大讨论范围。贝森特还称，谈判可能涵盖更广泛议题，包括中方持续自俄罗斯、伊朗购买石油。发言人能否确认谈判日期？中方是否愿意讨论采购俄伊石油问题？,在经贸问题上，中方立场是一贯、明确的。希望美方同中方一道，落实两国元首通话达成的重要共识，发挥中美经贸磋商机制作用，在平等、尊重、互惠基础上通过对话沟通增进共识、减少误解、加强合作，推动中美关系稳定、健康、可持续发展。具体问题请向主管部门询问。,郭嘉昆
t20250723_11675821.html,路透社记者,美国总统特朗普宣布美将退出联合国教科文组织。中方对此有何回应？,我们注意到，联合国教科文组织以及多国对美方再次“退群”表示遗憾。这已经是美国第三次退出联合国教科文组织，并且长期拖欠会费，这不是负责任大国应有的作为。联合国教科文组织的宗旨是推动教育、科学、文化领域国际合作，促进文明相互理解和融合，维护世界和平，实现共同发展。中方始终坚定支持联合国教科文组织工作。在联合国成立80周年之际，我们呼吁各国重申对多边主义的承诺，以实际行动支持以联合国为核心的国际体系，以国际法为基础的国际秩序，以联合国宪章宗旨和原则为基础的国际关系基本准则。,郭嘉昆
t20250723_11675821.html,路透社记者,截至上周末，针对微软服务器软件的大规模网络间谍行动已影响约100家机构。目前尚不清楚是谁发起了攻击，但谷歌公司称，至少部分黑客攻击涉及“与中国有关的威胁行为体”。外交部对此有何回应？,我不了解你提到的具体情况。网络安全是各国面临的共同挑战，应通过对话合作共同应对。中国一贯反对并依法打击黑客活动，同时反对借网络安全问题对中国进行污蔑抹黑。,郭嘉昆
t20250723_11675821.html,路透社记者,自7月24日起，印度将时隔五年恢复向中国公民发放旅游签证。外交部对此有何评论？,我们注意到这一积极举措。推动人员往来便利化符合各方共同利益。中方愿同印方保持沟通与协商，不断提升两国人员往来便利化水平。,郭嘉昆
t20250723_11675821.html,彭博社记者,追问关于微软网络攻击指控的问题。外交部是否认为微软的指控是错误的？中方是否怀疑是其他国家的黑客发起了攻击？中方是否计划对微软在华业务采取行动？,我刚才已经回答了有关问题。我不了解你提到的具体情况，网络安全是各国面临的共同挑战，各方应携起手来共同应对，而不是借所谓网络安全问题进行相互指责与污蔑抹黑。,郭嘉昆
t20250723_11675821.html,法新社记者,伊朗于周二同中国、俄罗斯举行了三方会晤，讨论伊朗核问题。发言人能否介绍会议讨论的具体内容及中方立场？,中方一贯主张通过政治外交手段和平解决伊朗核问题，始终同有关各方保持沟通协调，将继续发挥建设性作用，推动有关方重启对话谈判，达成兼顾各方合理关切的解决方案。,郭嘉昆
t20250723_11675821.html,彭博社记者,印度和孟加拉国对中方在西藏实施的水电工程表达了关切，非政府组织亦就该项目可能影响生物多样性和人民福祉表达了担忧。外交部对此有何回应？中方是否已就大坝建设和对下游的影响同周边国家进行了沟通？,雅下水电工程建设是中国主权范围内的事，旨在加快发展清洁能源，大力改善当地民生，积极应对气候变化。中方在跨境河流开发上始终秉持高度负责的态度，也有丰富的水电工程开发经验。雅下水电工程规划设计和建设严格按照中国行业最高标准，全方位开展工程建设生态环保，避让多处重要生态环境敏感区，最大限度保留原始生态系统。,郭嘉昆
t20250723_11675821.html,法新社记者,美国国务院证实一名美政府雇员被禁止离开中国，你能否提供更多的相关信息？,我没有可以提供的具体情况。中国是法治国家，依法处理出入境事务。,郭嘉昆
t20250724_11676529.html,总台央视记者,李强总理将赴上海出席2025世界人工智能大会暨人工智能全球治理高级别会议。请问能否介绍会议安排以及中方有何期待？,当前，人工智能技术迅猛发展，成为新一轮科技革命和产业变革的重要驱动力量。中方举办2025世界人工智能大会暨人工智能全球治理高级别会议，是落实习近平主席提出的《全球人工智能治理倡议》的重要行动，旨在打造人工智能领域的科技风向标、应用展示台、产业加速器、治理议事厅。,郭嘉昆
t20250724_11676529.html,《中国日报》记者,7月23日，国际法院发布气候变化咨询意见，确认《联合国气候变化框架公约》体系是应对气候变化问题的主要法律文件，阐明了各国在国际气候变化法下应享有的权利和承担的义务。一些国家认为这是推动全球气候正义运动中具有决定性意义的一刻。请问中方如何看待这一咨询意见？,中方注意到，国际法院咨询意见指出，《联合国气候变化框架公约》体系是国际社会应对全球气候变化问题的主要法律文件，确认共同但有区别的责任原则、可持续发展原则、公平原则等是解释和适用相关国际法的指导原则，强调发达国家需带头应对气候变化，强调各国有义务加强国际合作。咨询意见反映了包括中方在内的广大发展中国家长期以来的立场和主张，对维护和推进国际气候合作具有积极意义。,郭嘉昆
t20250724_11676529.html,路透社记者,有两名泰国士兵在泰国和柬埔寨边境争议地区冲突中受伤。中方对此有何评论？,泰国和柬埔寨两国都是中国的友好邻邦，也是东盟重要成员，睦邻友好、妥处分歧符合双方根本和长远利益。我们对当前事态发展深感担忧，希望双方通过对话协商妥善解决问题。从地区国家的共同利益和诉求出发，中方秉持公正公允立场，已经并将继续以自己的方式做劝和促谈工作，为推动缓局降温发挥建设性作用。,郭嘉昆
t20250724_11676529.html,法新社记者,欧盟委员会主席冯德莱恩今天在同中方领导人会见时称，欧盟和中国应了解彼此关切，并提出“真正解决方案”。中方愿向欧盟提供什么样的“真正解决方案”？,今天上午，习近平主席会见欧洲理事会主席科斯塔、欧盟委员会主席冯德莱恩。中方已经发布有关消息稿，你可以查阅。,郭嘉昆
t20250724_11676529.html,《纽约时报》记者,欧盟对俄乌冲突背景下中俄日益密切的贸易和工业合作表达了担忧。今天中欧领导人会面时，在这一问题上有何最新进展？,今天上午，习近平主席会见了欧洲理事会主席和欧盟委员会主席。我们已发布相关消息，你可以查阅。我想强调的是，中俄之间的交往不针对第三方，也不应受到第三方影响。,郭嘉昆
t20250724_11676529.html,香港中评社记者,据报道，南非政府发布公报称，南非政府不再承认位于比勒陀利亚的“台北商务办公室”，敦促台当局将该机构迁至约翰内斯堡，并将“驻开普敦台北联络代表处”更名为“商务办公室”。请问中方对此有何评论？,一个中国原则是中国同世界各国建立和发展外交关系的政治基础，是国际关系基本准则和国际社会广泛共识。南非政府独立自主采取上述举措，是恪守一个中国原则的积极行动，符合联大第2758号决议精神，也是中南新时代全方位战略合作伙伴关系的应有之义。中方对此表示赞赏，并愿继续与南非在涉及彼此核心利益问题上坚定相互支持。,郭嘉昆
t20250724_11676529.html,俄新社记者,俄罗斯和乌克兰代表团23日在土耳其伊斯坦布尔举行了第三轮直接谈判。中方如何评价本轮谈判的结果？,我们注意到，俄乌双方日前举行了新一轮直接谈判，并就交换俘虏等人道主义问题达成共识，中方对此表示欢迎。对于乌克兰危机，中方的立场是一贯、明确的。中方支持一切有利于和平的努力，希望各方致力于政治解决危机，共同推动局势缓和。,郭嘉昆
t20250724_11676529.html,法新社记者,美国总统特朗普周三公布了“人工智能行动计划”，旨在巩固美在人工智能领域主导地位，并确保领先于中国。特朗普抱怨称，很多科技巨头长期以来受益于美国的自由环境，同时却在中国建厂。外交部对此有何评论？,中方始终主张各方共同推动人工智能开放、包容、普惠、向善发展，不应突出对抗竞争，而应追求共享智能红利，实现共同发展。,郭嘉昆
t20250724_11676529.html,《纽约时报》记者,欧盟曾对中方限制稀有金属及稀土磁铁出口表达关切。今天中欧领导人会面时，在这一问题上是否会有进展？,在稀土问题上，中方的政策符合国际惯例。我们愿同有关国家和地区继续加强出口管制领域对话合作，共同维护全球产供链稳定与安全。,郭嘉昆
t20250725_11677230.html,总台央视记者,昨天，在北京举行了中国—欧盟领导人会晤，中方如何评价此次会晤？会晤前欧方领导人曾表示，将继续就经贸再平衡等问题表达关切，请问相关问题是否有进展？,今年是中国和欧盟建交50周年。昨天，习近平主席会见了来华访问的欧洲理事会主席科斯塔、欧盟委员会主席冯德莱恩，李强总理同欧盟两主席共同主持第二十五次中欧领导人会晤。双方领导人进行了长时间、深入、坦诚交流，就事关中欧关系的战略性问题、中欧合作中的一些具体问题以及共同关心的国际热点问题等交换了看法。,郭嘉昆
t20250725_11677230.html,法新社记者,法国总统马克龙昨天表示，法国将于9月联合国大会期间正式承认巴勒斯坦国。中方对此有何评论？,巴勒斯坦问题是中东问题的核心，“两国方案”是解决巴勒斯坦问题的唯一现实出路。中方支持将在联合国召开的落实“两国方案”高级别会议，将继续同国际社会一道努力，推动平息加沙战火，缓解人道危机，落实“两国方案”，最终实现巴勒斯坦问题全面、公正、持久解决。,郭嘉昆
t20250725_11677230.html,法新社记者,美国商务部长卢特尼克昨天接受采访称，除非中方同意给予美方更多对TikTok的控制权，否则TikTok将被停用。外交部对此有何评论？,中方已多次就涉TikTok问题阐明原则立场。,郭嘉昆
t20250725_11677230.html,半岛电视台记者,加沙的人道主义状况每况愈下，平民因炮火和饥饿丧命。数周甚至数月以来，已到达边境的人道主义救援无法进入加沙。国际社会应采取什么行动来帮助加沙人民？,中方高度关注当前加沙局势，希望各方尽快达成停火安排，推动局势尽快降温，切实缓解人道主义危机。,郭嘉昆
t20250728_11678284.html,巴西《圣保罗页报》记者,美国政府威胁将于8月1日起对巴西征收50％的关税，此举被视作对拉美和金砖国家“罚一儆百”。中方对此有何评论？中国和金砖国家在向巴西开放飞机等产品市场方面能够做些什么？,此前，中方已就美国对巴西加征关税阐明立场。我想强调，关税战没有赢家，单边行径不符合任何一方利益。中方愿同包括巴西在内的广大拉美和加勒比国家、金砖国家一道，共同维护以世界贸易组织为核心的多边贸易体制，捍卫国际公平正义。,郭嘉昆
t20250728_11678284.html,今日俄罗斯记者,泽连斯基周日表示，他已批准乌克兰国家安全与国防委员会提交的新制裁。他还发表声明称，其中第18项制裁措施已生效，制裁对象包括来自中国等国家的53名个人和实体。请问中方对此有何评论？,中方一贯反对没有国际法依据、未经联合国安理会授权的单边制裁，敦促乌方立即纠正错误、消除负面影响。中方将坚决维护中国企业的正当合法权益。,郭嘉昆
t20250728_11678284.html,总台央视记者,据报道，台湾地区外事部门负责人日前以“私人身份”窜访日本，会见日本前经济安保大臣高市早苗、自民党青年局长中曾根康隆等日本政客。请问中方对此有何评论？,日方纵容林佳龙以所谓“私人身份”窜访，为“台独”势力从事反华分裂活动提供舞台，严重违反国际关系基本准则和中日四个政治文件原则，发出严重错误信号。中方强烈不满，坚决反对，已在北京和东京向日方严正交涉，提出强烈抗议。,郭嘉昆
t20250728_11678284.html,香港中评社记者,据报道，香港警方宣布通缉19名在境外筹组、成立或参与所谓“香港议会”颠覆组织的人员。我们注意到个别国家就此说三道四。发言人对此有何评论？,有关国家对香港特区政府执法行动说三道四，中方表示强烈不满和坚决反对。我们坚决支持香港特区政府依法履职，坚决支持香港警方依法采取执法行动。,郭嘉昆
t20250728_11678284.html,路透社记者,泰国代理总理周一表示，中方主动提出协助解决泰柬冲突。中方能否证实？可否介绍中方提议的细节？,柬埔寨和泰国是搬不走的邻居，也都是中国的友好邻邦。坚持睦邻互信、妥善管控分歧，符合柬泰双方根本和长远利益，有利于地区和平与稳定。中方对冲突造成柬、泰两国民众伤亡深感痛心，表示诚挚慰问。希望双方从两国人民的共同利益出发，秉持以和为贵、与邻为善的精神，保持冷静克制，尽快停火止战，通过对话协商和平解决分歧，早日恢复边境地区和平稳定。,郭嘉昆
t20250728_11678284.html,《环球时报》记者,据了解，近期，又有一名在美国从事研究的中国学者被美执法部门无理拘押。外交部对此有何评论？,一段时间以来，美国泛化“国家安全”概念，频繁滋扰、盘查，甚至以莫须有的罪名逮捕、起诉多名中国留学生和在美研究人员，严重侵害中国学生学者合法权益，严重干扰中美人文交流特别是教育合作，最终损害的还是美国自身形象和国际声誉。,郭嘉昆
t20250728_11678284.html,路透社记者,中美即将在瑞典举行经贸会谈，中方在此次会谈中持何立场？,关于中美在瑞典举行经贸会谈的具体情况，你可以保持关注。我要指出，在经贸问题上，中方立场是一贯、明确的。希望美方同中方一道，落实两国元首通话达成的重要共识，发挥中美经贸磋商机制作用，在平等、尊重、互惠基础上通过对话沟通增进共识、减少误解、加强合作，推动中美关系稳定、健康、可持续发展。,郭嘉昆
t20250728_11678284.html,彭博社记者,你刚才表示香港警方宣布通缉19名人员符合国际法。但其中有人拥有澳大利亚国籍，澳大利亚外长称香港此举干涉澳司法主权。请问哪些国际法允许香港政府对澳大利亚公民进行通缉？,香港是法治社会，有法必依、违法必究是基本原则，任何人都不能从事违法活动并企图逃避法律制裁。香港警方依据香港国安法和香港国安条例对海外反中乱港分子采取执法行动，符合国际法及国际通行惯例。我们坚决支持香港特区深入实施香港国安法和香港国安条例，坚决支持香港警方打击外逃反中乱港分子。,郭嘉昆
t20250728_11678284.html,法新社记者,台湾方面昨天针对国民党“立委”的罢免投票未获通过，请问中方对此是否有评论？,国台办发言人已就此表态。投票结果显示，民进党的政治操弄完全违背岛内人心民意，不得人心。我想强调，世界上只有一个中国，台湾是中国领土不可分割的一部分。台湾问题是中国内政，不容任何外来干涉。,郭嘉昆
t20250728_11678284.html,路透社记者,欧盟称近日欧美达成的贸易协议虽“不理想”，但已经是能达成的最优结果。如果摆在谈判桌上的只是一份次优协议，中方是否愿意接受？还是说中方宁可必要时退出谈判？,关于你提到的美欧之间的贸易协议，我想说的是，中方一贯主张各方通过平等对话协商解决经贸分歧，维护良好的国际经贸合作环境，遵守世贸组织规则。同时我们坚决反对任何一方以牺牲中方利益为代价达成交易。,郭嘉昆
t20250728_11678284.html,法新社记者,香港长江和记实业有限公司今天表示，正考虑邀请一家中国主要策略投资者加入由美国主导的财团，共同协商巴拿马运河港口业务交易事。请问中方对此有何评论？,我们关注到有关公告。中国政府将依法进行监管，坚决维护国家主权、安全、发展利益，维护市场公平公正。,郭嘉昆
t20250728_11678284.html,彭博社记者,据《金融时报》今日早些时候报道，作为经贸会谈前的姿态，美方已暂停对中国实体实施新出口管制措施，中方也同意采取相同做法。发言人对此有何评论？,中美经贸合作本质上是互利共赢的。我们一贯希望美方同中方一道，落实两国元首通话达成的重要共识，在平等、尊重、互惠基础上通过对话沟通增进共识、减少误解、加强合作，推动中美关系稳定、健康、可持续发展。,郭嘉昆
t20250729_11679055.html,深圳卫视记者,2025世界人工智能大会暨人工智能全球治理高级别会议昨日闭幕。大会发表了《人工智能全球治理行动计划》，中方还倡议成立世界人工智能合作组织，受到各方广泛关注。发言人能否进一步介绍会议情况？,7月26日至28日，2025世界人工智能大会暨人工智能全球治理高级别会议在上海成功举行，国务院总理李强出席大会开幕式并致辞。此次大会取得四方面积极成果：,郭嘉昆
t20250729_11679055.html,总台央视记者,据报道，菲律宾总统马科斯访美期间，双方宣布将开展军事合作，重申《美菲共同防御条约》适用于南海。马科斯称，菲军推动现代化建设就是对南海局势变化的直接反应，美在菲部署中导、共建弹药基地等有助于为未来可能事态预作准备。另有消息称，日本向菲律宾出售6艘“阿武隈”级护卫舰。中方对此有何评论？,我们一贯反对以南海问题为借口强化军事同盟，搞有针对性的军事部署与行动，这既解决不了问题，也吓不倒中国，也与亚太国家求和平、谋发展、促稳定的共同愿望背道而驰。,郭嘉昆
t20250729_11679055.html,共同社记者,日本防卫省昨天首次发布《太空防御指南》，称中国和俄罗斯正在研发能够控制他国卫星的“杀手卫星”，日本因此也需增强外空防御能力。中方对此有何评论？,中方注意到有关报道。,郭嘉昆
t20250729_11679055.html,彭博社记者,据《金融时报》及彭博社报道，台湾“总统”赖清德将无法在访问南美途中过境美国，显然是过境纽约的计划遭到了特朗普政府拒绝。中方是否曾就此与美方沟通，要求美国政府拒绝赖清德过境纽约以及美国？,首先，台湾是中国的一个省，没有什么“总统”。中方注意到有关报道。我要强调的是，中方坚决反对任何形式的美台官方往来，坚决反对台湾地区领导人以任何名义、任何理由窜美。这一立场是一贯、明确、坚定的。希望美方恪守一个中国原则和中美三个联合公报，慎之又慎处理台湾问题，共同推动中美关系稳定、健康、可持续发展。,郭嘉昆
t20250729_11679055.html,伊拉克如道电视台记者,伊拉克中部和南部都有“一带一路”倡议框架下的中国投资项目，但库尔德地区却没有。这是中方的想法还是伊方的要求？,中国和伊拉克传统友好。近年来，中方同伊方在共建“一带一路”框架下实施了多个重要项目，为伊拉克经济重建和民生改善作出了积极贡献，发挥了重要作用，也受到伊拉克各地民众的欢迎和广泛赞誉。作为友好国家和战略伙伴，我们愿继续同伊拉克方面加强合作，助力伊拉克经济社会发展。,郭嘉昆
t20250729_11679055.html,日本广播协会记者,关于在瑞典举行的中美贸易谈判，能否介绍目前为止的谈判情况？美国财政部长贝森特此前表示，将讨论中国从俄罗斯和伊朗进口原油等涉及安全保障的问题。中方对此有何评论？,中美在瑞典举行的经贸会谈还在进行中，你可以保持关注。,郭嘉昆
t20250729_11679055.html,法新社记者,特朗普总统今天表示，他可能会应邀访问中国，并称已经收到邀请。请问外交部能否确认中方是否已发出邀请或提供更多细节？,关于你提到的具体问题，请参阅中方此前发布的新闻稿。,郭嘉昆
t20250729_11679055.html,法新社记者,泰国军方今天指责柬埔寨违反了昨天达成的停火协议。请问中方对此有何评论？,连日来，国际社会特别是东盟轮值主席国马来西亚积极斡旋劝促，合力促成7月28日柬泰领导人会晤，柬泰达成停火共识，为推动平息事态迈出了重要一步。中方对此表示赞赏和欢迎。,郭嘉昆
t20250729_11679055.html,半岛电视台记者,据俄媒报道，克里姆林宫发言人表示，特朗普总统与普京总统有可能在二战胜利80周年暨中国抗战胜利80周年纪念活动之际会面。这可能是特朗普上台以来美俄元首首次会晤。中方有没有可以提供的信息？,俄罗斯和美国都是联合国安理会常任理事国和有影响力的大国。中方乐见俄美改善关系，为世界和平稳定做出贡献。关于你的具体问题，我不了解有关情况。,郭嘉昆
t20250730_11679709.html,中新社记者,据了解，今天中国—柬埔寨—泰国三方非正式会晤在上海举行。中方能否介绍有关情况？柬泰冲突发生以来，中方还做了哪些劝和促谈努力？,柬泰边境冲突发生以来，作为柬埔寨和泰国的友好邻邦，中方一直以自己的方式为缓局降温作出积极努力。王毅外长分别做柬埔寨、泰国外长和东盟秘书长工作，中国外交部同柬埔寨、泰国双方保持密切沟通，结合事态发展进行多轮传话，派出外交部亚洲事务特使两次穿梭劝促。中方支持东盟发挥作用，同东盟轮值主席国马来西亚保持密切沟通，派中方代表出席柬泰领导人吉隆坡会晤。,郭嘉昆
t20250730_11679709.html,湖北卫视记者,近期，加沙人道主义局势引发国际社会广泛关切。法国总统马克龙、英国首相斯塔默均表示可能在联合国大会上承认巴勒斯坦国。与此同时，有报道称以色列安全内阁仍在考虑对加沙地带进行“全面军事占领”，并对哈马斯活动较为活跃的某些城市中心“实施围困”。请问中方对当前加沙局势有何评论？,中方高度关注当前加沙局势，反对以色列对加沙升级军事行动，对加沙人民遭遇的人道主义灾难深表关切。本轮冲突已持续21个月，加沙人道局势恶化到前所未有的地步。世界卫生组织日前发布的公报显示，今年以来加沙共报告74例营养不良死亡病例，仅本月就有63例，其中25例是儿童。这是加沙人道主义灾难的最新例证。我们呼吁有关各方特别是以色列立即停止在加沙的军事行动，解除对加沙的封锁围困，全面恢复人道物资准入，防止更大规模的人道主义危机。,郭嘉昆
t20250730_11679709.html,《北京青年报》记者,日遗化武问题是中日间重大历史遗留问题，今天恰逢《中华人民共和国政府和日本国政府关于销毁中国境内日本遗弃化学武器的备忘录》签署26周年。请问处理日遗化武工作进展如何？中方有什么关切和要求？,日本遗弃在华化学武器是日本军国主义在侵华战争期间犯下的严重罪行之一。中方一直敦促日方严格按照《禁止化学武器公约》和中日政府间备忘录规定，早日干净彻底销毁日遗化武。截至目前，日方已挖掘回收日遗化武16万余枚，销毁约13万枚，但处理进程总体严重滞后。,郭嘉昆
t20250730_11679709.html,新华社记者,据报道，由于“过境”纽约的计划遭到美方拒绝，赖清德推迟了窜访拉美地区所谓台“邦交国”的计划。请问发言人对此有何评论？,我要再次强调，一个中国原则是国际关系基本准则和国际社会普遍共识，坚持一个中国原则是国际大义、人心所向、大势所趋。赖清德当局谋“独”挑衅的行径绝不可能得逞，也不可能动摇国际社会坚持一个中国原则的牢固格局，阻挡不了中国终将统一的历史大势。,郭嘉昆
t20250730_11679709.html,沙特东方电视台记者,近日，由沙特阿拉伯和法国共同主持的和平解决巴勒斯坦问题和落实“两国方案”高级别国际会议在联合国举行。会议发表了《纽约宣言》。中方对此有何评论？,中方支持在联合国召开的落实“两国方案”高级别会议，赞赏沙特和法国为此付出的努力，对会议进一步凝聚国际社会在巴勒斯坦问题上的共识、发出呼吁“两国方案”政治解决的强烈声音表示欢迎。中国政府中东问题特使翟隽出席会议并发表讲话，呼吁以最大的紧迫感推动全面停火，缓解人道危机；秉持“巴人治巴”原则推进加沙和约旦河西岸治理；支持巴勒斯坦加强内部团结，协助巴方提升治理能力和经济韧性；维护落实“两国方案”和平势能；坚持共同、综合、合作、可持续的安全观，实现中东长治久安。,郭嘉昆
t20250730_11679709.html,彭博社记者,中美瑞典经贸会谈结束后，双方分别发布消息。中方表示同意延长关税“休战”，但未透露具体情况。发言人能否提供更多细节？,关于此次中美经贸会谈的情况，中方已经发布了消息。希望美方同中方一道，按照两国元首通话达成的重要共识，发挥好中美经贸磋商机制作用，在平等、尊重、互惠基础上通过对话沟通增进共识、减少误解、加强合作，争取更多双赢成果，共同推动中美关系健康、稳定、可持续发展。,郭嘉昆
t20250730_11679709.html,法新社记者,美国财政部长表示，如果中国继续购买俄罗斯石油，可能会面临更高关税。请问中方对此有何评论？,中国将根据自身国家利益，采取合理的能源保障措施。关税战没有赢家，胁迫施压解决不了问题，中方将坚定维护自身主权、安全和发展利益。,郭嘉昆
t20250731_11680516.html,总台央视记者,中方接任上海合作组织轮值主席国已满1年，将于8月31日至9月1日在天津主办上合组织峰会。您能否介绍一下中方担任主席国以来的工作情况，以及筹办天津峰会的工作进展？,自去年7月接任上海合作组织轮值主席国以来，中方践行“弘扬‘上海精神’：上合组织在行动”的口号，扎实推进主席国工作，取得积极进展和成果。,郭嘉昆
t20250731_11680516.html,澎湃新闻记者,近期，中国经济半年报的亮眼成绩引发积极反响，国际货币基金组织、摩根士丹利等国际组织和机构普遍上调中国经济增长预期，不少跨国公司继续增持中国资产。柏基投资等外资金融机构就认为，中国正发生“世所未见的规模性经济变革”，实现由“中国制造”向“中国创造”的转型升级，也必将为外国投资者提供更多发展机遇。发言人对此有何评论？,中国经济稳健增长态势持续增强，创新活力加速释放，为世界发展贡献了最宝贵的“确定性”。,郭嘉昆
t20250731_11680516.html,东方卫视记者,据报道，当地时间7月31日上午9点，两名中国男子在东京都千代田区遭四名男子殴打致重伤。发言人能否提供更多情况？对事件有何评论？,我们注意到有关报道。中国驻日本使馆第一时间向日方表明关切，正在进一步核实情况。我们敦促日方采取有效措施保障中国公民安全。,郭嘉昆
t20250731_11680516.html,法新社记者,中国今天宣布已约谈美国公司英伟达，讨论其H20芯片相关的严重安全问题。请问外交部能否提供更多细节或有何评论？,具体问题请你向中方主管部门进行了解。,郭嘉昆
t20250731_11680516.html,彭博社记者,由于广东省出现基孔肯雅热疫情，美国疾控中心拟对华发布旅行警告。外交部对此有何评论 ？,国家卫健委此前举行新闻发布会，介绍了中国南方个别城市发生基孔肯雅热输入疫情并引发本地传播的情况，指出当前疫情可防可治可控。基孔肯雅热是一种经蚊媒传播的疾病，上世纪五十年代在国外已有报告病例，目前全球已有119个国家和地区发现该病毒传播。据了解，中方就此同世界卫生组织保持着沟通。,郭嘉昆
t20250731_11680516.html,法新社记者,缅甸军政府今天宣布解除全国紧急状态。请问中方对此有何评论？,作为友好邻邦，中方高度关注缅甸局势发展，始终支持缅甸维护国家稳定、实现和平和解的努力，支持缅甸走符合本国国情的发展道路，支持缅甸稳妥推进国内政治议程，欢迎缅甸各党各派在宪法和法律框架下，通过政治方式妥处分歧。,郭嘉昆
t20250731_11680516.html,法新社记者,特朗普总统今天表示，已与韩国达成贸易协议，将对韩国商品征收15％的进口关税。请问中方对此有何评论？,中方一贯主张各方通过平等对话协商解决经贸分歧，维护良好的国际经贸合作环境，遵守世贸组织规则。,郭嘉昆
t20250731_11680516.html,法新社记者,据报道，美国国会代表团将于8月访问台湾。请问中方对此有何回应？,中方一贯坚决反对美台开展任何形式的官方往来。世界上只有一个中国，台湾是中国领土不可分割的一部分。中方要求美方恪守一个中国原则和中美三个联合公报，停止以任何借口干涉中国内政、纵容支持“台独”分裂势力，停止美台官方往来，停止制造台海局势紧张。,郭嘉昆
t20250731_11680516.html,法新社记者,美国今天暂停了针对小额包裹的免税政策，许多来自中国的包裹会受到影响。请问外交部对此是否有评论？,中方注意到有关情况。希望美方恪守公平竞争的市场原则，为包括中国企业在内的各国企业提供公平、公正、非歧视的营商环境。,郭嘉昆
t20250801_11681249.html,总台央视记者,7月31日，美国国务院宣布，对巴勒斯坦民族权力机构官员和巴勒斯坦解放组织成员发起制裁，理由是巴方通过在国际法院和国际刑事法院发起行动将巴以冲突“国际化”、持续资助“恐怖主义”、“煽动和美化”暴力。美方称，为了维护美国国家安全利益，必须让巴方为其行为付出代价。中方对此有何评论？,中方对美国向巴勒斯坦民族权力机构官员和巴勒斯坦解放组织发起制裁感到震惊，对美方无视国际社会的促和努力感到失望和无法理解。巴勒斯坦问题是中东问题的核心，关乎国际公平正义。当前，巴勒斯坦问题正处在关键历史节点。国际社会特别是美国应该秉持公平公正和负责任态度，切实执行联合国有关决议，为推动巴勒斯坦问题妥善解决作出积极努力，而不是相反。,郭嘉昆
t20250801_11681249.html,《中国日报》记者,据报道，日前，科索沃方面公开拘捕了塞尔维亚政府科索沃和梅托希亚事务办公室副主任伊戈尔·波波维奇，法国外交部发表声明要求立即释放，中方对此有何评论？,我们关注波波维奇先生被拘捕的消息，注意到法国外交部及欧盟发表的有关声明，希望波波维奇先生能平安获释。中方尊重塞尔维亚的主权和领土完整，认为科索沃地区塞族的安全和合法权益应得到保障。希望各方继续在联合国安理会相关决议框架内开展务实和建设性对话，积极寻求科索沃问题持久解决方案，避免可能导致紧张的单方面行动。,郭嘉昆
t20250801_11681249.html,深圳卫视记者,中国网络空间安全协会今天发布了美国政府以德国、韩国、新加坡、荷兰等为跳板对中国实施网络攻击的两起案例，还透露了2024年境外国家级APT组织对中国重要单位实施超过600起网络攻击事件，对中国关键信息基础设施、重要信息系统等进行攻击渗透。中方对此有何评论？,我们注意到相关报告。这是美国政府对中国实施恶意网络攻击的最新证据，再次表明美国是中国面临的头号网络威胁，也暴露了美国在网络安全上贼喊捉贼的虚伪面目。中国将继续采取必要措施维护自身的网络安全。,郭嘉昆
t20250801_11681249.html,《环球时报》记者,据报道，近日巴拉圭代理众议长梅萨公开表示，巴拉圭正在台湾身上“浪费时间”，台湾只是中国的一个省。巴拉圭应基于国家利益就发展对华关系展开认真讨论。巴不应再做“乞丐国家”等待同台当局“合作”。中方对此有何回应？,中方注意到有关报道。我们已经多次听到类似的声音，有关表态反映了巴拉圭多数民众的强烈意愿。,郭嘉昆
t20250801_11681249.html,法新社记者,美国总统特朗普签署了一项行政令，对大多数国家实施关税，请问外交部对此是否有评论？,中方反对滥施关税的立场是一贯和明确的。关税战、贸易战没有赢家，搞保护主义损害各方利益。,郭嘉昆
t20250801_11681249.html,美联社记者,据报道，美国联邦调查局在新西兰开设办事处。联邦调查局局长称，设立该办事处旨在对抗中国在该地区的影响。中方对此有何评论？,我们注意到有关报道，对有关言论感到震惊。中方一贯主张，国与国之间的合作不应针对第三方。打着“对抗中国”的旗号，谋求“小圈子”的所谓绝对安全，不利于亚太和世界的和平稳定。有关方面应多做有助于增进各国互信与合作的事，而不是相反。,郭嘉昆
t20250801_11681249.html,法新社记者,特朗普关税行政令也对为避免关税而转运的货物征收40％额外关税，这有可能影响中国出口的商品。请问外交部对此是否有评论？,我刚才已经回答了有关问题。中方始终认为，关税战、贸易战没有赢家，搞保护主义损害的是各国共同利益。,郭嘉昆
t20250805_11683103.html,《中国日报》记者,据报道，8月4日至7日，柬埔寨—泰国边界总委员会（GBC）会议在马来西亚举行，中方将受邀参加7日召开的GBC特别会议。中方对此有何评论？,7月30日中国—柬埔寨—泰国三方非正式会晤成功举行以来，柬泰边境未再发生交火，现地局势持续趋缓，柬泰停火共识正逐步落实。在东盟轮值主席国马来西亚的积极协调下，柬泰双方举行边界总委员会会议，就制定停火监督机制细化方案进行多渠道、多层级沟通，有利于实现有效、可持续停火。中方对此表示赞赏和欢迎。,郭嘉昆
t20250805_11683103.html,美联社记者,外交部对印度和菲律宾本周在南海举行联合军演的报道有何评论？（路透社亦问及）,领土和海洋权益争议应由直接当事国通过谈判协商解决，任何第三方都不应介入。,郭嘉昆
t20250805_11683103.html,彭博社记者,日前，澳大利亚政府依据《 反外国干涉法 》对一名中国公民提出指控。外交部对此有何评论？（法新社、美联社、路透社亦问及）,我们不了解案件具体情况。作为原则，中方一贯坚持在相互尊重、互不干涉内政的基础上发展同包括澳大利亚在内的各国关系，从不干涉别国内政，同时也坚决反对以“外国干涉”等借口干扰中国同有关国家正常人员往来和交流合作。中方将密切关注此案，维护中国公民合法权益。,郭嘉昆
t20250806_11683596.html,巴西《圣保罗页报》记者,巴西正在扩大在北京的外交存在，巴联邦税务局和联邦警察局将对华派驻新专员，驻华陆军和海军武官将由将军担任。中方对此有何评论？,在两国元首战略引领下，中巴携手推进构建更公正世界和更可持续星球的命运共同体取得丰硕成果。中巴互利友好合作惠及两国人民，助推各自国家现代化进程，成为发展中大国携手共进、团结合作的典范。中方愿同巴方一道，持续深化各领域合作，丰富中巴命运共同体的战略内涵。,郭嘉昆
t20250806_11683596.html,路透社记者,据报道，德国选择党一名政客的华裔前助手在法院出庭受审，他被指控为中国情报机构提供“间谍服务”。另一名受审的中国籍女子则被指控在航班信息等方面为其提供协助。外交部对此有何评论？,中方一贯反对炒作所谓“中国间谍威胁”，敦促有关方面停止污蔑抹黑。,郭嘉昆
t20250806_11683596.html,乌通社记者,乌克兰总统泽连斯基称，乌军记录了来自中国、塔吉克斯坦、乌兹别克斯坦、巴基斯坦和部分非洲国家的雇佣兵在哈尔科夫方向参与俄对乌战斗的情况。外交部对此有何评论？,在乌克兰危机问题上，中方的立场一贯、明确，始终致力于劝和促谈，推动止战停火。中方已多次发布安全提醒，要求中国公民远离武装冲突区域，避免以任何形式卷入冲突，尤其应避免参加任何一方军事行动。,郭嘉昆
t20250807_11686417.html,新华社记者,罗马尼亚前总统伊利埃斯库近日去世。中方对此有何评论？,伊利埃斯库前总统是罗马尼亚重要领导人，也是中国人民的老朋友，为推动中罗关系发展和两国友好合作作出了重要贡献。,郭嘉昆
t20250807_11686417.html,韩联社记者,韩国政府决定自9月29日起对中国团队游客实施临时免签政策。中国自去年年底起对韩国普通护照持有者实施免签政策。中方对此有何评论？（韩国新一社亦问及）,中韩两国互为重要近邻，加强人文交流符合两国人民共同利益。,郭嘉昆
t20250807_11686417.html,彭博社记者,美国司法部称，两名中国公民被指控违反美出口限制，向中国出口英伟达公司制造的先进人工智能芯片。外交部对此有何评论？（路透社亦问及）,中方一贯反对美方将科技和经贸问题政治化、工具化、武器化，对中国进行恶意封锁和打压。美方应切实保障中国公民的正当合法权益。,郭嘉昆
t20250807_11686417.html,路透社记者,美国总统特朗普签署行政令，以进口俄罗斯石油为由，对印度加征25%的额外关税。中方对此有何评论？,中方反对滥施关税的立场是一贯和明确的。,郭嘉昆
t20250808_11687042.html,法新社记者,以色列安全内阁已批准总理内塔尼亚胡提出的由以国防军接管加沙城的计划。中方对此有何评论？,中方对以色列有关决定表示严重关切，敦促以色列立即停止危险举动。加沙属于巴勒斯坦人民，是巴勒斯坦领土不可分割的一部分。缓解加沙人道危机和实现被扣押人质获释的正确方式是立即停火，彻底解决加沙冲突的关键也在于停火，唯有如此才能为平息冲突铺平道路、为地区安全提供保障。中方愿同国际社会一道努力，推动尽早平息加沙战火，缓解人道灾难，落实“两国方案”，最终实现巴勒斯坦问题全面、公正、持久解决。,郭嘉昆
t20250808_11687042.html,法新社记者,据印度媒体报道，莫迪总理将于8月31日应邀访华，出席上合组织峰会。外交部能否证实？对此有何评论？,中方将于今年8月31日至9月1日在天津主办上合组织峰会。届时包括上合组织所有成员国在内20多个国家的领导人和10个国际组织的负责人将出席峰会相关活动。天津峰会将成为上合组织成立以来规模最大的一届峰会。,郭嘉昆
t20250808_11687042.html,彭博社记者,特朗普表示可能会因中国购买俄罗斯石油对华征收次级关税，但未提供具体细节。外交部对此有何评论？,中方在有关问题上的立场是一贯、明确的。中国同包括俄罗斯在内的世界各国开展正常经贸能源合作，正当合法。我们将继续根据自身国家利益，采取合理的能源保障措施。,郭嘉昆
t20250808_11687042.html,印尼安塔拉通讯社记者,印度尼西亚总统指示，将大约2000名受伤的加沙民众转移至印尼一座岛屿进行治疗。外交部对此有何评论？中方是否考虑就此与印尼开展人道主义合作？,我们不掌握你说的具体情况。加沙战事造成严重人道主义灾难。当务之急是立即实现加沙持久停火、确保人道主义救援准入。中方愿同国际社会一道作出积极努力，在巴勒斯坦问题上发出更大声音、发挥更大作用，推动巴勒斯坦问题早日得到全面、公正、持久解决。,郭嘉昆
t20250808_11687042.html,《金融时报》记者,据称中远集团正在寻求获得香港长江和记出售全球港口交易中20%到30%的股权。有关谈判细节还未最终敲定，其中一个选项是让中远参股巴拿马运河两个港口以外的交易。外交部对此有何评论？,关于长和出售海外港口资产事，中国政府将依法进行监管，坚决维护国家主权、安全、发展利益，维护市场公平公正。,郭嘉昆
t20250811_11688006.html,深圳卫视记者,据报道，七国集团快速反应机制成员国及其关联成员国日前发表声明，攻击抹黑香港特区警方通缉所谓“香港议会”非法选举活动涉案人员，并将这种行为称为“跨国镇压”。发言人对此有何评论？,七国集团成员国及有关西方国家和机构对香港特区政府执法行动说三道四，中方表示强烈不满和坚决反对。,林剑
t20250811_11688006.html,路透社记者,据报道，消息人士称，近期中国官员向美国专家表示，希望美方放宽对高带宽内存芯片对华出口管制。报道称，该类芯片可用于人工智能技术开发，中方担心美方管制可能阻碍华为等中企自研人工智能芯片，中方将此要求作为双方贸易协议的一部分。中方能否证实？对此有何评论？,具体问题建议向中方主管部门询问。中方反对将科技和经贸问题政治化、工具化、武器化，反对对中国进行恶意封锁和打压的立场是一贯、明确的。这种做法扰乱全球产供链稳定，不符合任何一方利益。,林剑
t20250811_11688006.html,《纽约时报》记者,据报道，从中国运输汽车的船只通过红海和苏伊士运河的数量显著增加，这些船只未受到胡塞武装的袭击。相比之下，欧洲、日本汽车制造商运输汽车仍需绕行至非洲南端。有专家称，中国与支持胡塞武装的伊朗达成协议，以保护中国航运。中国是否与也门胡塞武装达成不袭击中国船只以及从中国出发的他国船只的协议？外交部对此有何评论？,红海水域是重要的国际货物和能源贸易通道，中方反对袭扰民船的行为，呼吁有关各方依法共同维护红海水域航道安全，同时应切实尊重红海沿岸国家的主权和领土完整。作为负责任大国，中方自红海局势升温以来，一直在为缓和局势紧张发挥积极作用，将继续为早日恢复红海和平安宁作出贡献。,林剑
t20250811_11688006.html,埃菲社记者,据报道，中美两国5月商定，暂停征收24％关税90天，该期限将于8月12日到期。中方此前表示双方同意延长暂停期限，美方则称将由特朗普总统作出最终决定。请问中方是否已收到美方最终决定通知？是否会发布官方声明？（日本广播协会亦问及）,具体问题请向中方主管部门询问。希望美方同中方一道，按照两国元首通话达成的重要共识，发挥好中美经贸磋商机制作用，在平等、尊重、互惠的基础上争取积极成果。,林剑
t20250811_11688006.html,路透社记者,据报道，英伟达公司与超威半导体公司已同意向美国政府上缴在华芯片销售收入的15％，以换取对华出口许可证。中方对此有何评论？（英国广播公司亦问及）,在美输华芯片问题上，中方已经多次表明了立场。,林剑
t20250811_11688006.html,日本朝日新闻记者,据报道，日本海上自卫队护卫舰于去年7月在浙江省近海误入中国领海时，中方以警告射击为由至少发射了两发炮弹。报道称，由于操作失误，日方舰艇电子海图未开启显示公海与他国领海边界的开关。中方能否证实？对此有何评论？,关于去年7月日本海上自卫队舰艇侵闯中国领海事，此前中方已阐述了有关立场。根据中国法律有关规定，外国军用船舶进入中国领海须经中国政府批准。对于未经中方批准进入中国领海的外国军用船只，中方会依法依规处置。,林剑
t20250811_11688006.html,彭博社记者,周一，一艘中国船只似乎在南海一处有争议的浅滩附近用水炮攻击了一艘菲律宾船只。菲海岸警卫队发言人在X平台上发帖称，在黄岩岛附近，菲船只和渔民遭遇中方船只“危险操作和阻截行为”。中方能否证实？对此有何评论？,黄岩岛是中国固有领土。8月11日，菲律宾派多艘海警船、公务船和所谓渔船侵闯黄岩岛领海，菲方军机同时侵闯黄岩岛领空。菲方行径严重侵犯中方主权和权益，严重危害海上和平稳定，性质恶劣。中方依法采取必要措施维护自身领土主权和海洋权益，合理合法。,林剑
t20250811_11688006.html,彭博社记者,据报道，意大利政府希望减少或取消中资在倍耐力、安萨尔多、CDP　Reti等企业持股，以避免与特朗普政府产生矛盾。例如倍耐力可能因中化集团的持股在美被禁售。中方对此有何评论？,中意投资合作互利互惠，从不针对第三方，也不应受到第三方干扰。中国政府一贯支持中国企业在市场化原则基础上开展国际合作，希望意方为中国企业提供公平、公正、非歧视的营商环境，切实保障企业的合法权益。,林剑
t20250811_11688006.html,半岛电视台记者,据报道，北京时间今天凌晨，以色列在一起空袭中杀害了五名半岛电视台的记者。自从以色列发动大规模军事行动以来，已经有237名记者丧生。中方对以色列的行动有何评论？一些国家提出了帮助加沙难民的措施，但这可能导致1948年巴勒斯坦人大流散的历史重演。中方是否愿意采取措施防止巴勒斯坦人的历史悲剧再次发生？中方将作出哪些努力？,我们对记者在冲突中不幸遇难表示哀悼。中方反对一切伤害平民的行为，谴责针对新闻记者的暴力行为。中方敦促以色列立即停止在加沙的军事行动，全面恢复人道物资准入，防止更大规模的人道主义危机，推动紧张局势尽快降温。,林剑
t20250812_11688531.html,乌通社记者,美国总统特朗普将于15日同俄罗斯总统普京会晤，而乌克兰总统泽连斯基和欧盟代表未被邀请参加。此次会晤将讨论乌克兰议题，但却没有乌、欧方面参与。中方对这种情况作何评论？中方认为抛开相关国家达成协议，对于这些国家来说是否公平、可接受且有约束力？,中方支持一切有利于和平解决危机的努力，乐见俄美双方保持接触，改善彼此关系，推动乌克兰危机政治解决进程。我们期待所有当事方和利益攸关方都能适时参与到和谈进程中，尽早达成一个公平、持久、有约束力并被各当事方接受的和平协议。,林剑
t20250812_11688531.html,路透社记者,中美将关税“休战期”延长了90天。美国总统特朗普在此次延期行政令中称，美国将继续与中国对话，以“解决双方经济关系中缺乏贸易互惠以及由此产生的国家经济安全问题”。特还称，“我们将看看会发生什么”，并强调其与中国领导人的良好关系。中方对此有何评论？（美联社亦问及）,关于中美斯德哥尔摩经贸会谈，中国商务部已发布了消息，具体问题请向主管部门询问。中方在中美关系和中美经贸问题上的立场是一贯、明确的。,林剑
t20250812_11688531.html,《中国日报》记者,据报道，日前，捷克总统帕维尔结束对日本访问后赴印度会见了十四世达赖。请问中方对此有何回应？,捷克总统帕维尔不顾中方再三交涉和坚决反对，执意赴印度同达赖会面，严重违背捷克政府对中国政府所作政治承诺，损害中国主权和领土完整。中方对此强烈不满、坚决反对，已向捷方提出严正交涉。针对帕维尔恶劣挑衅行径，中方决定不同帕维尔进行任何交往。,林剑
t20250812_11688531.html,路透社记者,据报道，美国总统特朗普周一称，可能会允许英伟达公司在华销售“特供版”Blackwell人工智能芯片，该版本芯片性能很可能比此前获准对华销售的H20芯片更为强大。中方对此有何评论？,具体问题请向中方主管部门询问。中方已多次表明在美输华芯片问题上的原则立场，希望美方以实际行动维护全球产供链稳定畅通。,林剑
t20250812_11688531.html,法新社记者,美国总统特朗普在“真实社交”平台发帖称，希望中国能将大豆订单增加三倍，这将是大幅削减中美贸易逆差的途径。中方对此有何评论？,具体问题建议向主管部门询问。中方在中美经贸问题上的立场是一贯、明确的。,林剑
t20250813_11689122.html,彭博社记者,据报道，美国官员和分析人士称，中国企业在世界各地建立了港口网络，以控制全球贸易、从事间谍活动，并为中国军队执行远洋任务提供便利。中方对此有何回应？,此类言论纯属“贩卖焦虑”。希望美方停止泛化安全概念，停止炒作所谓“中国威胁”，停止抹黑干扰中国对外正常经贸合作。,林剑
t20250813_11689122.html,路透社记者,据报道，中国已要求本土企业避免使用英伟达H20芯片，尤其是用于政府或与国家安全相关的工作。此前，中国监管机构已就芯片安全隐患问题约谈英伟达表达担忧。中方对此有何评论？,我不了解你提到的情况。,林剑
t20250813_11689122.html,路透社记者,瑙鲁政府发布声明，宣布与一家中国公司达成价值10亿澳元的社会经济发展项目协议。该公司董事长已同瑙鲁外长签署第一阶段投资项目意向。外交部能否证实？对该合作项目有何看法？（美联社亦问及）,我不掌握你提到的具体情况。关于中国企业的海外投资项目，建议你向中方主管部门询问。,林剑
t20250814_11690022.html,法新社记者,据报道，王毅外长将于8月18日访问印度并会见印度国家安全顾问多瓦尔。中方能否证实并提供更多细节？（彭博社、路透社亦问及）,当前，中印双方保持各层级往来。中方愿同印方一道，落实好两国领导人重要共识，保持高层交往势头，增进政治互信，加强务实合作，妥善处理分歧，推动中印关系持续健康稳定发展。关于你提到的具体访问，中方将适时发布有关消息。,林剑
t20250814_11690022.html,日本时事通讯社记者,日本政府称，中国农业农村部部长韩俊取消了原定的访日行程。分析认为，这与近期台湾外事部门负责人林佳龙窜访日本有关。请问中国农业农村部部长取消行程的原因是什么？中方如何看待中日官员往来的必要性？（日本《朝日新闻》亦问及）,关于韩俊部长延期访日的具体原因，建议向主管部门询问。中方对保持中日两国各层级接触持开放态度。日方如果有诚意同中方开展往来，就应拿出实际行动，切实恪守一个中国原则，维护中日关系政治基础，将中日四个政治文件精神和全面推进中日战略互惠关系的表态落到实处，而不是说一套做一套。,林剑
t20250814_11690022.html,彭博社记者,据报道，中国和印度最早将于下月恢复直航，印度政府已要求航空公司做好短时间内开通飞往中国航班的准备。该消息可能最早于8月底上海合作组织峰会期间正式宣布。外交部能否确认并提供更多细节和评论？（《纽约时报》亦问及）,中方注意到有关报道。中印两国总人口超过28亿，恢复中国内地同印度直航有利于便利双方人员往来和交流合作。一段时间以来，中方同印方就此保持密切沟通，持续推动尽早恢复直航。,林剑
t20250814_11690022.html,彭博社记者,近期，美印关系面临挑战，中印关系显现积极势头。中方如何看待中印关系发展？两国如何在国际舞台上开展合作？,中国和印度都是发展中大国、全球南方重要成员，做相互成就的伙伴，实现“龙象共舞”，是双方正确选择。中方愿同印方共同努力，落实好两国领导人重要共识，一以贯之增进政治互信，相向而行扩大交流合作，从大局出发妥善处理分歧，在上海合作组织等多边平台加强协作配合，推动中印关系健康稳定发展。,林剑
t20250815_11690700.html,法新社记者,伊朗方面称，正与中俄合作阻止欧洲三国启动联合国安理会“快速恢复制裁”机制。中方对此有何评论？中国具体如何帮助伊朗？,中方始终坚持通过政治外交手段和平解决伊朗核问题，反对启动安理会“快速恢复制裁”机制，认为此举无助于各方建立信任、弥合分歧，不利于推动实现早日复谈的外交努力。,林剑
t20250815_11690700.html,路透社记者,据了解，印度正在寻求以更便捷的方式获取中国稀土，并可能在上海合作组织峰会期间的中印领导人会谈中讨论该问题。中方能否证实？,具体问题请向中方主管部门询问。,林剑
t20250818_11691857.html,总台央视记者,中方发布了王毅外长访问印度并举行中印边界问题特别代表第24次会晤的消息，中方对此行有何期待？,2024年10月，习近平主席同莫迪总理在喀山成功会晤，为中印关系改善和发展指明方向。中方愿以王毅外长此次访问印度为契机，同印方一道努力，落实好两国领导人重要共识，保持高层交往势头，增进政治互信，加强务实合作，妥善处理分歧，推动中印关系持续健康稳定发展。,毛宁
t20250818_11691857.html,今日俄罗斯记者,当地时间8月15日，俄罗斯总统普京和美国总统特朗普举行了时隔6年来首次会晤，这也是普京总统10年来首次踏上美国领土。请问中方对此有何评论？,中方支持一切有利于和平解决危机的努力，乐见俄美双方保持接触，改善彼此关系，推动乌克兰危机政治解决进程。,毛宁
t20250818_11691857.html,路透社记者,自上周末以来，巴基斯坦多地的洪水造成数百人死亡或失踪，其中是否有中国公民？,我们注意到，近期巴基斯坦多地发生严重降雨灾害，造成人员伤亡和财产损失。我们对遇难者表达深切哀悼，向遇难者家属和受伤人员表示慰问。,毛宁
t20250818_11691857.html,真实巴西记者,美国政府制裁了参与巴西“更多医生”计划的巴西政府官员和前美洲卫生组织代表。该计划旨在通过向巴西偏远乡村地区输送医护人员来解决当地严重的医生短缺问题。中方对美政府行为持何立场？,我不了解你提到的具体情况。作为原则，中方一贯反对单边、非法制裁。,毛宁
t20250818_11691857.html,《环球时报》记者,日前，台湾地区外事部门负责人称，二战后，“旧金山和约”取代《开罗宣言》《波茨坦公告》等政治声明，该“和约”并未将台湾交给中华人民共和国，中华人民共和国从未统治过台湾。中方对此有何回应？,有关谬论颠倒黑白、混淆视听，再次暴露赖清德当局彻头彻尾的“台独”分裂本质。,毛宁
t20250818_11691857.html,法新社记者,德国外长周一访问日本时谈及中方在台湾海峡、东海及南海的行为，表示中国威胁将单方面改变现状，以对自身有利的方式改变边界。外交部对此有何评论？,台湾问题是中国内政。一个中国原则是中国同世界各国建立和发展外交关系的政治基础，是国际关系基本准则和国际社会广泛共识。要维护台海和平稳定，就必须旗帜鲜明坚持一个中国原则，反对“台独”分裂行径。当前东海、南海局势总体保持稳定。我们敦促有关方尊重地区国家通过对话协商解决问题、维护和平稳定的共同努力，而不是挑动矛盾、渲染紧张。,毛宁
t20250818_11691857.html,路透社记者,香港在逃人士许智峰获澳大利亚庇护。澳方此举将对中澳关系产生什么影响？,你提到的这个人是被香港警方依法通缉的反中乱港分子。香港特区政府已经发表严正声明，强烈反对任何国家以任何方式包庇罪犯。我们敦促有关国家尊重中国主权和香港法治，停止以任何形式干预香港事务、干涉中国内政。,毛宁
t20250818_11691857.html,印度报业托拉斯记者,中方发布了王毅外长访问印度的消息。双方将举行中印边界问题特别代表第24次会晤。中方能否介绍此前会晤的进展，对此次会晤达成边界解决方案有何期待？,中印边界问题特别代表会晤为两国边界谈判发挥了积极和建设性作用。去年举行的第23次会晤达成多项重要共识，双方正在认真落实。关于新一次特代会晤，我们期待同印方一道，在落实已经达成共识的基础上，进行深入沟通，共同维护好边境和平安宁。,毛宁
t20250818_11691857.html,彭博社记者,特朗普接受美媒采访时称，中国领导人曾告诉他，中方在他任内不会对台湾采取行动。外交部对特朗普的表态有何评论，他的说法是否准确？,中方在台湾问题上的立场是一贯的、明确的。台湾是中国领土不可分割的一部分，台湾问题纯属中国内政，如何解决台湾问题是中国人自己的事。我们愿以最大诚意、尽最大努力争取和平统一的前景，但决不允许任何人、任何势力以任何方式将台湾从中国分裂出去。,毛宁
t20250819_11692400.html,今日俄罗斯记者,昨天美国总统特朗普与泽连斯基以及欧洲多国领导人在白宫举行了会晤，请问中方是否掌握有关此次会晤的信息？中国外交部对此有何看法？,中方始终认为对话谈判是解决乌克兰危机的唯一可行出路，我们支持一切有利于和平的努力。,毛宁
t20250819_11692400.html,中新社记者,中方刚刚发布了王毅外长即将访问巴基斯坦的消息，能否进一步介绍此访有关安排？中方对此访有何期待？,此次是王毅外长时隔3年再次访问巴基斯坦，也是近期中巴间又一次高层互动。访问期间，王毅外长将会见巴基斯坦领导人，并同巴基斯坦副总理兼外长达尔举行第六次中巴外长战略对话，就两国关系和共同关心的国际地区问题深入沟通。,毛宁
t20250819_11692400.html,新华社记者,我们注意到，近期乌克兰危机形势出现新的变化。当前形势下，中方对乌克兰危机持何立场？如何看待乌克兰危机解决前景？希望达成怎样的和平协议？,中方在乌克兰危机上的立场是一贯的，明确的。,毛宁
t20250819_11692400.html,埃菲社记者,过去几个小时，多国领导人称普京与泽连斯基可能在两周内举行会晤。鉴于普京总统预计9月初来华出席上合组织峰会和世界反法西斯战争胜利80周年纪念活动，俄乌元首会晤有无可能在华举行？,我们不回答预设性问题。,毛宁
t20250819_11692400.html,法新社记者,泽连斯基周一在白宫外会见记者时称，已准备好与普京举行双边会晤。特朗普与普京通电话时表示将同俄、乌元首举行三边会晤。外交部对昨天美乌元首会晤有何评论？如何看待可能举行的俄乌元首会晤？,刚才我已经介绍了中方立场。我们始终认为对话谈判是解决乌克兰危机的唯一可行出路，支持一切有利于和平的努力。,毛宁
t20250819_11692400.html,路透社记者,美俄元首阿拉斯加会晤后，普京与印度、巴西、白俄罗斯、南非及一些中亚国家领导人通电话。中国领导人是否也将很快同普京通话？,中俄两国元首保持着畅通的沟通渠道。关于你的具体问题，我没有可以提供的信息。,毛宁
t20250819_11692400.html,《北京青年报》记者,上周末，在北京举行的2025世界人形机器人运动会受到国内外广泛关注，来自15个国家的国际机器人队伍也参与亮相。有评论认为，人形机器人运动会展现了中国在人工智能和机器人领域的竞争力和影响力，中国正在中美科技竞争中抢占领先优势。发言人对此有何评论？,我也看到了相关视频，确实很有意思。机器人正从实验室走向生活。近期，中国相继举办了世界人工智能大会、机器人大会、人形机器人运动会等活动，展示了人工智能和机器人领域的创新成果，也为世界搭建了前沿科技交流与未来产业对话的平台。,毛宁
t20250819_11692400.html,印度报业托拉斯记者,最近几个月，巴基斯坦同美国的关系出现实质性改善，尤其在军方层面。中方对此怎么看？考虑到中巴关系，中方对巴美走近是否感到关切？王毅外长访印后马上访巴，中方会否向巴提及印方对印巴之间恐怖主义问题的关切？,巴基斯坦和美国的关系是巴美之间的事。中国和巴基斯坦是铁杆朋友，也是全天候战略合作伙伴，中巴关系不受第三方影响，也不针对第三方。印度和巴基斯坦都是中国的重要邻国，我们愿同印度和巴基斯坦加强友好合作，也希望印巴妥处分歧。,毛宁
t20250819_11692400.html,路透社记者,追问美俄元首阿拉斯加会晤，中方是否愿在任何形式的俄乌和平协议中提供安全保障？,我们不回答预设性问题。,毛宁
t20250819_11692400.html,法新社记者,《香港国家安全法》最年轻的被判刑者、香港人钟翰林获英国政治庇护。外交部对此有何评论？,你提到的这个人是被香港警方依法通缉的反中乱港分子。香港特区政府已经发表声明，反对任何国家以任何方式包庇罪犯。我们敦促有关国家尊重中国主权和香港法治，停止以任何形式干预香港事务、干涉中国内政。,毛宁
t20250819_11692400.html,彭博社记者,朝鲜领导人金正恩号召迅速提升本国核力量，并称朝鲜面临的安全环境日益严峻。外交部对此有何评论？,中方在朝鲜半岛问题上的基本立场没有变化。我们希望各方都能正视半岛问题根源和症结，共同致力于维护半岛和平稳定，推动半岛问题政治解决进程。,毛宁
t20250819_11692400.html,路透社记者,据印度媒体今天报道，王毅外长对印度官员表示，中方已解除对印稀土出口管制，这一消息是否准确？中方是否解除了所有稀土出口管制，印度是否获得豁免？,我不了解你提到的媒体报道情况。作为原则，中方愿同有关国家和地区加强对话合作，共同维护全球产供链稳定。,毛宁
t20250819_11692400.html,法新社记者,缅甸军政府周一称将于12月28日举行大选。外交部对此有何评论？,大选是缅甸的内政。中方始终主张缅各党各派从国家和民族长远利益出发，在宪法和法律框架下对话和解，尽早恢复国家社会稳定，推进政治转型进程。,毛宁
t20250819_11692400.html,印度报业托拉斯记者,王毅外长今天将同印方国家安全顾问多瓦尔举行中印边界问题特别代表第24次会晤。发言人能否介绍会晤最新进展？,据我了解，中印边界问题特别代表第24次会晤将于今天下午举行。如有消息我们会及时发布，你可以保持关注。,毛宁
t20250819_11692400.html,彭博社记者,马来西亚总理安瓦尔本月初表示，中国领导人将出席10月在吉隆坡举行的东盟相关峰会。外交部能否证实并提供更多信息？,你的具体问题我没有可以提供的信息。我可以告诉你的是，中方一贯高度重视中国东盟关系和东亚合作。,毛宁
t20250819_11692400.html,彭博社记者,为打击贩毒集团，美方计划在未来36小时内派遣三艘驱逐舰赴委内瑞拉水域。外交部对美方此举有何评论？,我不了解你提到的具体情况。作为原则，打击毒品犯罪是各国的共同责任。大国应当以负责任方式，在维护地区和平稳定的同时，妥善处理有关问题。,毛宁
t20250819_11692400.html,彭博社记者,关于王毅外长访问印度和巴基斯坦，考虑到印巴之间的历史隔阂和现实状况，中方同时改善并发展同两国关系是否是个挑战？中方未来将如何协调同两国的关系？,印度和巴基斯坦都是中国的重要邻国，中方愿同两国发展友好合作。至于印巴之间的问题，希望双方能找到妥善解决办法，中方也愿根据双方意愿发挥建设性作用。,毛宁
t20250820_11693028.html,路透社记者,在今天上午举行的介绍阅兵准备工作新闻发布会上，没有提及外军或外国领导人参与情况。外交部能否介绍这方面的最新进展？,感谢你的关注，我们会适时发布消息。,毛宁
t20250820_11693028.html,总台华语环球节目中心记者,王毅外长刚刚结束对印度的访问，外界对此访高度关注。发言人能否进一步介绍具体情况？,8月18至20日，王毅外长应邀访问印度，会见莫迪总理，同苏杰生外长举行会谈，并同印度国家安全顾问多瓦尔举行中印边界问题特别代表第24次会晤。,毛宁
t20250820_11693028.html,半岛电视台记者,本轮加沙冲突已持续685天，该地区正处于以色列的“饥饿政策”阴影下。昨天，卡塔尔外交部发言人称，哈马斯已同意调解方提出的停火协议草案；埃及外长称，巴勒斯坦方面同意了永久停火协议草案。分析认为，现在轮到以色列选择是停火还是继续推进占领加沙计划。中方对于当前加沙局势有何评论？,中方高度关注当前加沙局势，我们希望各方能够尽快达成停火安排，推动局势尽快降温，切实缓解加沙人道主义危机。,毛宁
t20250820_11693028.html,俄新社记者,东方经济论坛将于9月初在符拉迪沃斯托克举行。去年，韩正副主席出席了该论坛。请问中方今年是否计划派团参加？,东方经济论坛是地区国家交流互鉴、共促发展的重要平台。中方将一如既往支持俄方办好本届论坛。你的具体问题，目前我没有可以提供的消息。,毛宁
t20250820_11693028.html,彭博社记者,美国财长贝森特接受采访时称，美方对于目前向中方征收的关税感到满意。这表明在11月关税展期结束前，特朗普政府愿对华保持冷静。外交部对此有何评论？,具体问题建议向中方主管部门了解。希望美方同中方一道，按照两国元首通话达成的重要共识，发挥好中美经贸磋商机制作用，在平等、尊重、互惠的基础上争取积极成果。,毛宁
t20250820_11693028.html,半岛电视台记者,几天前，澳大利亚和菲律宾在巴拉望岛以西举行军演，将持续至8月29日。菲律宾近年来不断同印度、澳大利亚、美国等伙伴扩大军演。发言人对此有何评论？,国家间的军事合作应有利于地区和平稳定，不应针对第三方。中方将坚定维护自己的领土主权和海洋权益。,毛宁
t20250821_11693619.html,湖北广电记者,我们注意到，王毅外长已经结束对阿富汗的访问。发言人能否进一步介绍具体情况？,8月20日，王毅外长访问阿富汗，会见阿富汗总理阿洪德、内政部长西拉杰丁，同外长穆塔基举行会谈，并出席第六次中国—阿富汗—巴基斯坦三方外长对话。,毛宁
t20250821_11693619.html,拉通社记者,美国军舰正在委内瑞拉海岸附近的加勒比海域巡逻，并以打击毒品犯罪名义威胁使用武力。多位拉美和加勒比国家元首予以谴责并称该行为损害了地区和平与安全。中方对此有何评论？,中方反对任何违反联合国宪章宗旨和原则、侵犯别国主权安全的行为，反对在国际关系中使用或威胁使用武力，反对外部势力以任何借口干涉委内瑞拉内政。希望美方多做有利于拉美和加勒比地区和平与安全的事。,毛宁
t20250821_11693619.html,深圳卫视记者,我们注意到，日前中方公布了7月份经济数据，其中外贸数据尤为亮眼，货物进出口总额创今年来新高。有评论认为，中国外贸持续增长凸显全球对中国商品的广泛认可，这将继续成为中国经济的重要驱动力。但也有分析称，关税战等外部风险冲击全球贸易，让中国出口市场持续承压。发言人对此有何评论？,面对复杂多变的外部环境，中国外贸运行持续向好，展现出中国经济的强大韧性和全球市场对中国产品的旺盛需求，这是扩大高水平对外开放、推动高质量发展、促进产业优化升级等因素共同作用的结果。,毛宁
t20250821_11693619.html,法新社记者,新西兰安全情报局发布报告称，中国是对新西兰进行外部干涉最活跃的国家。外交部对此有何回应？,新西兰安全情报机构近年来多次散布谣言，无端污蔑攻击中国，抹黑中国同新西兰各界的正常友好交往，滋扰、恐吓在新侨胞，反映出新方有关机构的意识形态偏见和冷战思维，这无益于双方互信，也与两国增进人文交流的共识背道而驰。中方对此强烈不满、坚决反对，敦促新方有关部门停止散布谎言、制造矛盾，多做有利于两国人文交流和中新关系健康稳定发展的事。,毛宁
t20250821_11693619.html,《中国日报》记者,据报道，俄罗斯政府近日发布的解密文件显示，二战期间，侵华日军预谋从中国东北地区进攻苏联，曾准备动用可大量消灭兵员的细菌战手段，并在哈尔滨设立第七三一部队（简称“731”部队）。731部队对各种类型的鼠疫、炭疽、霍乱等细菌性疾病进行研究，不停实施人体试验，为此关押中国人、俄罗斯人和被判处死刑的日本人。中方对此有何评论？,第二次世界大战期间，侵华日军公然违反国际法，对中国人民发动了令人发指的细菌战，进行了惨无人道的人体活体实验，犯下了反人类的滔天罪行。俄罗斯官方披露的资料再次表明，日本军国主义发动细菌战的事实铁证如山，不容否认和抵赖。,毛宁
t20250821_11693619.html,日本广播协会记者,上个月，俄罗斯正式承认阿富汗临时政府，请问目前中方是否承认阿富汗临时政府？,中国奉行面向全体阿富汗人民的友好政策，愿同阿方一道，推动两国关系向前发展。,毛宁
t20250821_11693619.html,总台央视记者,据报道，针对中方发布的王毅外长会见印度外长苏杰生的消息，其中提及印方表示“台湾是中国的一部分”，印度官员澄清有关表态遭到错误引用，声称印度在台湾问题上立场没有改变，将继续推进同台湾地区经济、科技、文化合作。中方对此有何评论？,关于中印外长会谈，中方已发布了相关消息。中方对印方所谓“澄清”感到意外。这与事实不符。看来印度国内某些人试图在台湾问题上损害中国主权，破坏中印关系的改善。中方对此表示严重关切和坚决反对。,毛宁
t20250822_11694496.html,总台中国之声记者,我们注意到，王毅外长刚刚结束对巴基斯坦的访问。发言人能否进一步介绍具体情况？,王毅外长访问巴基斯坦期间，会见扎尔达里总统、夏巴兹总理、穆尼尔陆军参谋长，并同达尔副总理兼外长共同主持第六次中巴外长战略对话。,毛宁
t20250822_11694496.html,今日俄罗斯记者,8月20日俄罗斯外长拉夫罗夫表示，俄罗斯支持为乌克兰提供强有力的安全保障，不排除包括西方国家在内的联合国安理会成员国以及中国提供所谓保障。但昨天泽连斯基却称，乌克兰不需要中国作为提供安全保障的国家之一。中方对此有何评论？,中方在乌克兰危机问题上一贯秉持客观公正立场，光明磊落，有目共睹。有关各方应本着共同、综合、合作、可持续的安全观，推动乌克兰危机政治解决。中方愿为此发挥建设性作用。,毛宁
t20250822_11694496.html,中新社记者,8月24日是中韩建交33周年纪念日，中方对发展中韩关系有何看法？,中韩是搬不走的近邻。建交33年来，两国关系全面快速发展的事实证明，一个健康稳定、持续深化的中韩关系，符合两国人民根本利益，也有利于地区乃至世界和平稳定和发展繁荣。中方愿同韩方一道，坚守建交初心，坚定睦邻友好方向，坚持互利共赢目标，推动中韩战略合作伙伴关系向更高水平迈进，为两国人民带来更多福祉。,毛宁
t20250822_11694496.html,韩国新一社记者,第一个问题，今天韩国政府发布消息称，24日至27日，以朴炳锡前国会议长为团长的特使团将访问中国，期间将同韩正副主席和王毅外长举行会谈，并转交韩国总统李在明亲笔信。此时恰逢韩中建交33周年。中方对此有何期待和评论？第二个问题，韩国国会议长禹元植将出席9月3日中国人民抗日战争暨世界反法西斯战争胜利80周年纪念活动。中方对此有何期待和评论？,第一个问题，中方欢迎朴炳锡前国会议长作为李在明总统特使来华访问，双方正就具体事宜保持着沟通。,毛宁
t20250822_11694496.html,《北京日报》记者,据了解，近期一些中国赴美留学生在入境美国时遭边境执法人员无端盘查滋扰、恶劣对待，甚至遣返。中方对此有何评论？,近来，美方频繁对中国赴美留学生采取歧视性、政治性、选择性执法，给予不公正对待，把他们带入“小黑屋”长时间盘查，有的滞留长达70多个小时，反复盘问与他们赴美目的毫无关系的问题，甚至以所谓“可能危害国家安全”为由注销签证、禁止入境。美方上述行径严重侵犯中国公民正当合法权益，严重阻碍两国正常人员往来，严重破坏中美人文交流氛围。每一起案件发生后，中方都第一时间向美方提出严正交涉，表示强烈不满，敦促美方彻查纠错。,毛宁
t20250822_11694496.html,路透社记者,第一个问题，中方邀请了多位外国领导人参加上合组织峰会。有哪些国家已确认受邀出席？第二个问题，王毅外长在访问阿富汗时表示，中方支持尽快恢复瓦罕走廊双边巡逻，希望阿方采取有力措施打击“东伊运”。双方是否已就恢复巡逻开始对话，如何恢复？最近对“东伊运”的关切是否增多？,关于第一个问题，今天上午刘彬部长助理举行吹风会介绍了有关情况，与会具体情况我们会适时发布消息。,毛宁
t20250822_11694496.html,澎湃新闻记者,近日，美国国务院宣布对参与古巴政府“海外医疗服务”项目的非洲国家以及巴西、古巴、格林纳达和前泛美卫生组织官员及其家属实施签证限制，称美致力于停止古巴“海外医疗服务这一强迫劳动的剥削行为”，警告与古巴合作的国家“三思而行”。中方对此有何评论？,我们注意到，根据古巴政府统计，过去60多年来，古巴向包括加勒比国家在内的全球60多个国家派出60多万名医护人员，为超过2.3亿人提供医疗服务，进行了1700多万例手术，拯救了超过1200万人的生命。古巴海外医疗合作对拉美和加勒比以及非洲国家卫生系统发挥重要作用，受到相关国家政府和人民的欢迎。,毛宁
t20250822_11694496.html,法新社记者,刘彬部长助理今早宣布了参加上合组织峰会的外国代表名单，但未提及上合组织观察员国阿富汗的官员。阿富汗是否并未受邀参会？,关于外国领导人出席上海合作组织天津峰会的情况，刘彬部长助理今天上午作了详细介绍。我没有更多信息可以补充。,毛宁
t20250822_11694496.html,印尼安塔拉通讯社记者,外交部宣布，至少有来自22个国家的22位领导人参加上合组织峰会，其中包括印尼、马来西亚、越南、柬埔寨和老挝等非常任理事国、观察员国或对话伙伴国。这是否表明上合组织正考虑接纳新的成员国加入？,上合组织秉持开放包容原则，向所有认同“上海精神”的国家敞开大门，随时欢迎更多志同道合者加入“上合组织大家庭”。,毛宁
t20250822_11694496.html,法新社记者,尼日利亚昨天表示，已驱逐60名被控参与网络恐怖主义活动和网络诈骗的中国公民。外交部是否就此与尼政府进行了协作？中方将如何处理涉案中国公民？,中国政府一贯要求海外中国公民严格遵守当地法律法规，支持驻在国依法打击犯罪活动。中国驻尼日利亚使领馆一直密切关注有关案件进展，积极开展领事探视，也同尼日利亚方面就后续处置保持沟通，要求尼方保障涉案中国公民的安全与合法权益。,毛宁
t20250822_11694496.html,彭博社记者,美国财政部以涉嫌参与贩运伊朗石油为由，制裁两家中国港口运营商。中方对此有何评论？,中方一贯坚决反对缺乏国际法依据、没有联合国安理会授权的非法单边制裁。我们敦促美方摒弃动辄诉诸制裁的错误做法。各国同伊朗在国际法框架内开展正常合作正当合理。中方将采取必要措施，维护中国企业和公民的合法权益。,毛宁
t20250822_11694496.html,法新社记者,美国司法部昨天称，一名美国海军士兵因涉嫌向中国出售军事秘密被控为间谍。中方是否就此与美方沟通，对此持何立场？,我不了解你提到的情况。,毛宁
t20250822_11694496.html,彭博社记者,据报道，英伟达已指示其供应商停止生产与H20芯片相关的产品。此前有报道称中方阻止中国公司使用H20芯片。外交部对此有何评论？,这个问题建议向中方主管部门了解。作为原则，我们一贯认为各国应当共同维护全球产供链稳定畅通。,毛宁
t20250822_11694496.html,法新社记者,沙特阿拉伯官员已在讨论同中方接触商讨移交2029年亚洲冬季运动会主办权问题。如情况属实，中方是否愿主办2029年亚冬会？,我没有听说你提到的情况，我们支持沙特举办下一届亚冬会。,毛宁
t20250825_11695438.html,总台央视记者,今年是西藏自治区成立60周年。你如何评价西藏60年来的发展进步？西藏的未来将如何发展？,日前，习近平总书记率中央代表团出席西藏自治区成立60周年庆祝活动，同各族各界干部群众深入交流并发表重要讲话，为建设社会主义现代化新西藏注入强大动力、指引奋进方向。,郭嘉昆
t20250825_11695438.html,法新社记者,尼日利亚警方周日表示，经与国际刑警组织联合行动，已将一名因参与有组织暴力犯罪而被通缉的中国黑帮头目引渡回国。外交部对此有何评论？,关于国际执法合作的情况，建议你向中方主管部门询问。,郭嘉昆
t20250825_11695438.html,彭博社记者,美国智库战略与国际问题研究中心（CSIS）报告称，今年越南在南海争议岛礁的填海造地活动大幅加快，最新的扩建工程覆盖了八处岛礁，此前这些岛礁并不在越南2021年启动的填海造地计划中。外交部对此有何评论？,南沙群岛是中国的固有领土。中方坚决反对有关国家在非法侵占的岛礁上开展建设活动，将采取必要措施维护自身领土主权和海洋权益。,郭嘉昆
t20250825_11695438.html,德新社记者,据德国《世界报》报道，欧盟国家外交代表称，中方曾表示，愿意参与可能在乌克兰设立的国际维和部队。外交部对此有何评论？能否证实这一消息？,有关报道不属实。中方在乌克兰危机问题上的立场是一贯的、明确的。,郭嘉昆
t20250825_11695438.html,湖北广电记者,据报道，近日美国南方司令部司令在阿根廷出席南美防务大会时称，中国对西半球国家“进行渗透、攫取资源”。中方对此有何评论？,美方言论违背事实、老调重弹，再次暴露美方一些人根深蒂固的冷战和对抗思维。长期以来，中方秉持相互尊重、平等互利、开放包容、合作共赢理念，同拉美和加勒比国家开展各领域务实合作。中拉合作契合彼此需求，符合双方共同利益，有力促进当地的经济社会发展，受到地区国家和人民真心欢迎。美国多年来不遗余力地对拉美和加勒比地区进行干涉和控制，霸权霸凌行径昭然若揭。,郭嘉昆
t20250826_11696202.html,中阿卫视记者,昨天以色列军队袭击了加沙纳赛尔医院，导致多名试图救人的医护人员以及记者遇难。请问中方对此有何评论？,我们对医护人员和记者再次在冲突中不幸遇难感到震惊、予以谴责，对遇难者表示哀悼，向遇难者家属表示慰问。,郭嘉昆
t20250826_11696202.html,法新社记者,美国总统特朗普周一表示，预计将于今年或之后不久访问中国。中方是否对特朗普总统访华持开放态度？,中方一贯按照相互尊重、和平共处、合作共赢原则处理和推进中美关系，同时坚定维护自身主权安全发展利益。希望美方相向而行，推动中美关系稳定、健康、可持续发展。元首外交对中美关系发挥着不可替代的战略引领作用，中美两国元首保持着密切交往和沟通。,郭嘉昆
t20250826_11696202.html,《环球时报》记者,据报道，24日，外交消息人士透露，对于9月3日将在北京举行的抗日战争胜利80周年纪念活动及阅兵仪式，日本政府通过外交渠道呼吁欧洲及亚洲各国不要参加。日本驻外大使馆等向各国称，此次活动过度聚焦历史、反日色彩浓重，呼吁各国谨慎考虑。中方对此有何评论？,中方注意到上述消息，已向日方提出严肃交涉，要求日方澄清。,郭嘉昆
t20250826_11696202.html,彭博社记者,乌克兰总统泽连斯基在社交媒体表示，中国领导人在乌独立34周年之际向其致贺信。中方能否证实并介绍更多细节？,中方本着相互尊重、合作共赢原则同世界各国发展友好关系。,郭嘉昆
t20250826_11696202.html,德新社记者,德国检方昨天表示，已对一名美国公民提起诉讼，指控其向中国情报部门传递美国敏感军事信息。外交部对此有何评论？,我不了解你提到的情况。,郭嘉昆
t20250826_11696202.html,彭博社记者,据称中国商务部国际贸易谈判代表兼副部长将赴美与美国官员举行会晤。他将会见谁？双方将讨论什么内容？,具体问题建议向中方主管部门询问。,郭嘉昆
t20250826_11696202.html,彭博社记者,特朗普总统表示，在中美经贸谈判中美国握有更多筹码。飞机零部件是华盛顿应对中方稀土出口管制的关键产品。他还谈到中国领导人预计将同其会见。外交部对此有何评论？,我刚才已经回答了有关问题。我愿重申，中方一贯按照相互尊重、和平共处、合作共赢原则处理和推进中美关系，同时坚定维护自身主权安全发展利益。希望美方相向而行，推动中美关系稳定、健康、可持续发展。,郭嘉昆
t20250826_11696202.html,法新社记者,日本称中方正试图在东海开发天然气田，已就此向中方提出抗议。外交部对此有何回应？,中方东海油气开发活动位于毫无争议的中方管辖海域，完全是中方主权权利和管辖权范围内的事情，中方不接受日方无端指责，已驳回日方所谓抗议。中方坚持并致力于全面有效落实东海问题原则共识的立场没有变化。希望日方同中方相向而行，为早日重启两国政府间谈判发挥建设性作用。,郭嘉昆
t20250826_11696202.html,德新社记者,美国总统特朗普表示，中方必须向美方提供稀土磁铁，否则美将加征200％关税。外交部对此有何评论？,我们已就关税问题多次阐明立场。,郭嘉昆
t20250827_11696779.html,彭博社记者,特朗普总统表示，欢迎更多中国留学生赴美，目标人数是60万左右。这是目前中国在美留学生人数的两倍。外交部近期曾表示中国学生在美受到不当对待，在此背景下中方对此有何评论？,教育交流合作有助于增进各国人民之间交往与了解。希望美方将特朗普总统欢迎中国留学生赴美学习的表态落到实处，停止无端滋扰、盘查、遣返中国留学生，切实保障他们的正当合法权益。,郭嘉昆
t20250827_11696779.html,俄新社记者,特朗普总统此前表示，美国和俄罗斯正在讨论削减核武库，希望中国参与这一进程。请问中方是否有意参加三边削减核武库谈判？,我们注意到有关报道。拥有最大核武库的国家应切实履行核裁军特殊、优先责任，进一步大幅、实质削减核武库，为最终实现全面彻底核裁军创造条件。,郭嘉昆
t20250827_11696779.html,韩国《中央日报》记者,韩国与中美两国保持亲密合作，同时也保持一定距离。在这种情况下，韩国总统李在明表示，韩国不能继续走“安全靠美国、经济靠中国”的路线，这个逻辑不可能再维持下去。这一表态引发广泛关注。请问中方对此有何评论？,一个健康稳定、持续深化的中韩关系，符合两国人民根本利益，也有利于地区乃至世界和平稳定与发展繁荣，这是中韩双方的共识。中韩关系发展源于双方共同利益，不针对第三方，也不应受第三方因素影响。中方对韩政策保持连续性、稳定性。希望韩方同中方相向而行，共同努力推动中韩战略合作伙伴关系持续健康稳定发展。,郭嘉昆
t20250828_11697587.html,总台央视记者,根据中方发布消息，缅甸代总统敏昂莱将来华出席中国人民抗日战争暨世界反法西斯战争胜利80周年纪念活动。请问中方是否同时邀请他出席上海合作组织天津峰会？,缅甸是上海合作组织对话伙伴，敏昂莱代总统将应邀来华出席“上海合作组织＋”会议。,郭嘉昆
t20250828_11697587.html,《中国日报》记者,下周中方将举行中国人民抗日战争暨世界反法西斯战争胜利80周年纪念活动，国际社会对此高度关注。一些欧洲国家将有领导人或派高级别代表出席，但也有舆论称可能有些国家因为种种原因不愿出席。中方对此有何评论？,今年是中国人民抗日战争暨世界反法西斯战争胜利80周年，中方将隆重举行纪念活动。80多年前，中国以巨大民族牺牲支撑起世界反法西斯战争的东方主战场，策应和支持了盟国作战，为世界反法西斯战争胜利作出重大历史贡献。当年许多欧洲国家和友人为中国抗战提供了宝贵的人力物力支持，有人甚至献出宝贵生命，他们的感人事迹永远铭记在中国人民心中。,郭嘉昆
t20250828_11697587.html,法新社记者,美国新任驻港总领事伊珠丽已抵达香港。此前一些中国媒体称其为“颠覆专家”，并提及她2019年与黄之锋等会面。外交部对此有何评论？,希望美国新任驻港总领事恪守有关国际公约，恪守不干涉内政原则，尊重中国主权和特区法治，为促进美国同香港特区交流合作和中美关系健康发展发挥积极作用。,郭嘉昆
t20250828_11697587.html,路透社记者,今天上午，中方发布了出席中国人民抗日战争暨世界反法西斯战争胜利80周年纪念活动的外国政要名单，但其中未提及任何西方主要国家领导人。西方国家特别是大国的政要出席纪念活动对中方来说有多重要？,今天上午，中方已经介绍了出席中国人民抗日战争暨世界反法西斯战争胜利80周年纪念活动的外方领导人情况，你可以查阅。我想强调的是，中方举办纪念活动，是为了铭记历史、缅怀先烈、珍爱和平、开创未来。,郭嘉昆
t20250828_11697587.html,日本广播协会记者,今天上午中方发布了朝鲜劳动党总书记、国务委员长金正恩来华的消息。金正恩什么时候抵离中国？他只访问北京吗？,朝鲜劳动党总书记、国务委员长金正恩将出席中国人民抗日战争暨世界反法西斯战争胜利80周年纪念活动。具体情况中方将适时发布消息，你可以保持关注。,郭嘉昆
t20250828_11697587.html,彭博社记者,本周早些时候，美国国土安全部提出新规，将中国记者的签证有效期限制在90天内，但可以延期。中方对此有何评论？,加强人文交流，符合两国共同利益。我们反对美方针对特定国家采取的歧视性做法。,郭嘉昆
t20250828_11697587.html,深圳卫视记者,近日，菲律宾国家海事委员会发言人接受采访时表示，尽管中国在仁爱礁附近海域的活动明显增加，但菲方不会停止例行运补行动。菲军政官员连日就仁爱礁问题发表示强言论，渲染紧张局势。中方对此有何评论？,仁爱礁是中国南沙群岛的一部分，是中国领土。中方船只在中国管辖海域内活动，正当合法，无可非议。菲律宾的一艘“军舰”在仁爱礁长期“坐滩”侵犯中国主权，违反《南海各方行为宣言》，特别是第五条关于不在无人岛礁采取居住行为的规定。中方一直要求菲方拖走该舰，恢复仁爱礁无人无设施的原状。,郭嘉昆
t20250828_11697587.html,路透社记者,昨天夜间，俄罗斯袭击了乌克兰首都基辅，导致多人丧生。泽连斯基总统称，此次袭击显示了俄对外交方式（解决危机）的态度，他期待中方对此作出反应。外交部对此有何评论？,中方在乌克兰危机问题上的立场是一贯的、明确的，对话谈判是解决乌危机的唯一可行出路。我们呼吁有关各方遵守“战场不外溢、战事不升级、各方不拱火”三原则，推动局势降温，为政治解决危机积累条件。,郭嘉昆
t20250828_11697587.html,彭博社记者,墨西哥政府计划在2026年预算提案中提高对华关税，以保护本国商业免受廉价进口产品冲击。中方对此有何评论？,墨西哥是中国在拉美第二大贸易伙伴，中国是墨西哥第三大出口目的地国。互利共赢是中墨经贸合作的本质特征。中方始终倡导普惠包容的经济全球化，反对各种形式的单边主义、保护主义以及歧视性、排他性措施。中方坚决反对在他人胁迫下以各种名目对华设限、损害中方正当权益，相信有关国家将坚持独立自主，妥善处理相关问题。,郭嘉昆
t20250829_11698385.html,总台央视记者,上合组织天津峰会即将举行，我们注意到，习近平外交思想研究中心上周举办了《新时代的上合故事》新书发布会，邀请普通人结合亲身经历讲述参与上合组织合作的故事，请问发言人对此有何评论？,新时代以来，上海合作组织各领域合作蓬勃发展，动人故事不断涌现。《新时代的上合故事》一书以习近平主席关于构建上合组织命运共同体和上合组织发展的重要论述为主线，收录了上合组织国家在科技、民生、环保、人文等领域开展互利合作、惠及民众福祉的18个生动故事，为上合组织命运共同体理念增添了鲜活注脚，有助于促进上合大家庭民心相通。,郭嘉昆
t20250829_11698385.html,西班牙《阿贝赛报》记者,本周三，西班牙国家情报中心和其他国际机构发布网络安全报告，提到最早自2021年起中国支持的实体就在全球范围开展网络攻击，试图访问敏感数据和关键基础设施。报告提到了三个具体实体。中方对此有何回应？,中方一贯反对并依法打击黑客活动，同时坚决反对出于政治目的散布虚假信息。中方对美国拉上个别国家借网络安全问题污蔑抹黑中方表示强烈不满、坚决反对。,郭嘉昆
t20250829_11698385.html,西班牙《阿贝赛报》记者,继续追问一下，在这份网络安全报告发布之际，西班牙政府正因选择华为作为网络供应商而面临美方压力。中方对此有何回应？中方能否保证华为数字基础设施的安全？,我不掌握你提到的具体项目。我想指出的是，中国企业不仅为世界各国民众提供优质的产品和服务，也为当地经济社会发展和就业作出积极贡献，得到各国普遍欢迎。将经贸问题政治化，只会破坏正常的技术交流与合作，不符合任何一方利益。,郭嘉昆
t20250829_11698385.html,路透社记者,中国人民抗日战争暨世界反法西斯战争胜利80周年纪念活动的阅兵是否有外军方队参加？俄罗斯和朝鲜领导人将出席纪念活动，两国军队是否参加阅兵？另外，中国台湾地区的老兵或政界人士是否参加相关活动？,我们欢迎俄罗斯总统普京、朝鲜最高领导人金正恩等来华出席中国人民抗日战争暨世界反法西斯战争胜利80周年纪念活动。关于你提到的具体问题，建议向中方主管部门了解。,郭嘉昆
t20250829_11698385.html,新华社记者,第七届中国—阿拉伯国家博览会昨天在宁夏银川开幕，来自75个国家和地区的近万名代表参会，阿联酋作为本届博览会的主宾国与会。发言人有何评论？,中阿博览会自2013年建立以来，已成为中阿共建“一带一路”的重要平台。据了解，本届博览会聚焦“创新、绿色、繁荣”主题，围绕数字经济、清洁能源、人工智能、现代农业、水资源、智慧气象等热点领域，推动形成一批合作成果，体现了中阿经贸合作的蓬勃生机。博览会还首次举办中阿银联体、“丝路电商”、气象、标准化及知识产权等方面活动，为双方合作增添新动力。,郭嘉昆
t20250829_11698385.html,《环球时报》记者,据报道，美军计划9月在日本举行联合演习期间，向日本境内部署“堤丰”中程导弹系统，并开展相关科目训练。中导系统将在演习训练结束后撤离。中方对此有何评论？,我们注意到有关报道。中方已多次就相关问题表明严重关切。中方一贯坚决反对美国在亚洲国家部署“堤丰”中导系统。在日部署中导系统将进一步损害其他国家正当安全利益，对地区战略安全构成实质性威胁。美方、日方应切实尊重他国安全关切，不得引入“堤丰”中导系统，以实际行动为地区和平稳定发挥正面作用。,郭嘉昆
t20250829_11698385.html,路透社记者,美国会参议院军事委员会主席罗杰·威克已经抵达台北。外交部对此有何评论？,中方一贯坚决反对美台开展任何形式的官方往来。美国会议员窜台，严重违反一个中国原则和中美三个联合公报，损害中国主权和领土完整，向“台独”分裂势力发出严重错误信号。中方对此强烈不满。,郭嘉昆
t20250829_11698385.html,彭博社记者,今日，一艘名为“北极木兰号”的油轮似在一个中国港口卸货。该油轮装载的液化天然气来自一个被美国制裁的俄罗斯能源项目。外交部能否确认中国进口了这批货物？是否担心此类进口可能招致美方反对？,我不了解你提到的有关情况。,郭嘉昆
t20250829_11698385.html,巴西《环球报》记者,中国和巴西外长昨晚进行了通话。双方是否讨论了中国、巴西甚至印度协调应对美国贸易措施的立场？,关于中巴外长通话的有关情况，中方已经发布了消息稿。中方在关税问题上的立场是一贯的、明确的。,郭嘉昆
t20250829_11698385.html,中新社记者,据报道，8月28日，英国、法国、德国向联合国安理会提交关于启动“快速恢复制裁”机制的通知。按照安理会第2231号决议规定，安理会将在30天内决定是否启动“快速恢复制裁”。中方对此有何评论？,伊朗核问题正处于关键十字路口。在安理会启动“快速恢复制裁”不具建设性，将破坏政治外交解决伊朗核问题进程。,郭嘉昆
t20250829_11698385.html,日本广播协会记者,英国海军航母昨天停靠日本。此前，该航母与日本等国在西太平洋水域举行联合演训。英方表示，此次停靠旨在彰显其对印太地区安全繁荣的持续关注和投入。请问中方对此有何评论？,亚太是合作发展的高地，不是地缘博弈的棋局。和平发展、合作共赢是本地区人民的共同愿望。希望有关国家与地区国家一道，多做真正有利于增进互信合作、促进和平稳定的事。,郭嘉昆
t20250829_11698385.html,印度报业托拉斯记者,据报道，在出席上海合作组织天津峰会的外国领导人中，印度总理将不出席下周举行的中国人民抗日战争暨世界反法西斯战争胜利80周年纪念活动。发言人能否介绍情况？,关于中国人民抗日战争暨世界反法西斯战争胜利80周年纪念活动有关外方领导人出席的情况，中方昨天已经发布了消息，你可以查阅。,郭嘉昆
t20250829_11698385.html,彭博社记者,据《日经新闻》报道，美国防部长赫格塞思正寻求与中国防长通话，但中方尚未明确答复。如果通话成功举行，将是特朗普政府上任以来美中两军高层的首次接触。外交部对此有何评论？,你提到的具体问题，建议向中方主管部门进行询问。,郭嘉昆
t20250829_11698385.html,法新社记者,俄罗斯日前对乌克兰首都基辅的袭击已造成20多人死亡。中方是否谴责此次袭击？,在乌克兰危机问题上，中方始终认为对话谈判是解决危机的唯一可行出路。我们呼吁有关各方遵守“战场不外溢、战事不升级、各方不拱火”三原则，推动局势降温，为政治解决危机积累条件。,郭嘉昆
t20250829_11698385.html,彭博社记者,去年，外交部发言人曾提到，近年来中国自巴拉圭进口的大豆数量为零。目前中国对巴拉圭农产品的立场是否有变化？现在中国是否允许进口巴拉圭大豆？,关于你提到的具体情况，我没有可以提供的信息。建议你向中方主管部门询问。,郭嘉昆
t20250829_11698385.html,埃菲社记者,据西班牙《国家报》报道，西班牙政府取消了一份使用华为设备为国防部等政府机构改善光纤服务的合同。中方对此有何回应？,我刚才已经回答了有关问题。我愿重申，中国企业不仅为世界各国民众提供优质的产品和服务，也为当地经济社会发展和就业作出积极贡献，得到各国普遍欢迎。将经贸问题政治化，只会破坏正常的技术交流与合作，不符合任何一方利益。,郭嘉昆
t20250829_11698385.html,法新社记者,中国商务部国际贸易谈判代表兼副部长李成钢本周将前往华盛顿。发言人能否介绍其行程安排？他将于何时会见哪些美国官员？,你提到的具体问题，昨天商务部发言人已经介绍了有关情况。进一步的问题建议向中方主管部门进行询问。,郭嘉昆
t20250901_11699496.html,中新社记者,印尼雅加达等多地大规模示威游行持续升级并造成人员伤亡。普拉博沃总统已取消来华出席上海合作组织天津峰会等活动。请问中方对此有何评论？,中方注意到印尼国内局势变化，相信在普拉博沃总统领导下，印尼政府能够妥善处置，尽快恢复国内局势稳定。中方也希望印尼方面采取有效措施，确保中方在印尼机构和人员安全。,郭嘉昆
t20250901_11699496.html,总台央视记者,当地时间8月31日，阿富汗东部发生地震，造成严重人员伤亡和财产损失。中方对此有何评论？是否将向阿富汗提供援助？,中方密切关注阿富汗东部库纳尔省发生地震，造成重大人员伤亡，对遇难者表示深切哀悼，向遇难者家属和受伤人员表示诚挚慰问。我们相信阿富汗人民在阿富汗政府领导下一定能够克服灾难影响，重建家园。中方愿根据阿富汗的需求，提供力所能及的救灾援助。,郭嘉昆
t20250901_11699496.html,《中国日报》记者,近期，多个太平洋岛国爆发10年来最大规模和最严重登革热疫情。中方是否向岛国提供抗疫援助，可否介绍有关情况？,卫生领域合作是中国同太平洋岛国合作的重要内容之一。中方高度关注太平洋岛国此轮登革热疫情，采取多项举措积极帮助岛国抗击疫情，第一时间向汤加、萨摩亚等疫情最严重的岛国提供抗疫物资和资金，向汤加提供检测试剂、灭蚊用品等，向萨摩亚提供防护服、口罩、手套等。中国全国政协副主席、香港共享基金会主席梁振英不久前访问瓦努阿图和斐济，在瓦努阿图启动登革热疫情防控项目，向两国基层社区捐赠防灭蚊蝇物资和快检试剂等。此外，中国在7个太平洋岛国派驻了长期医疗队，为岛国公共卫生水平提升和医疗事业发展作出积极贡献。本轮疫情中，中国医疗队始终坚守抗疫一线，与当地医务人员并肩作战，救治患者，并宣讲登革热防控知识。,郭嘉昆
t20250901_11699496.html,路透社记者,请问9月3日的阅兵具体什么时间开始？,关于中国人民抗日战争暨世界反法西斯战争胜利80周年纪念活动的详细安排，建议向纪念活动新闻中心询问。,郭嘉昆
t20250902_11700474.html,深圳卫视记者,昨天，习近平主席在天津主持“上海合作组织＋”会议时提出全球治理倡议，引发国际社会强烈反响与广泛共鸣。与会上合组织国家领导人和多国人士纷纷表示，全球治理倡议为构建更加公正合理的全球治理体系贡献中国智慧、提供中国方案，为各国迈向人类命运共同体注入强劲动力。发言人有何进一步评论？,习近平主席提出全球治理倡议，是上海合作组织天津峰会的最大亮点，也推动本次峰会成为指引人类前进方向的一次盛会。,郭嘉昆
t20250902_11700474.html,总台央视记者,据报道，中俄双方一直在探讨便利人员往来的新举措。请问此次双方领导人会晤是否就此进行了讨论？有何成果？发言人能否介绍有关情况？,为进一步便利中外人员往来，中方决定扩大免签国家范围，自2025年9月15日至2026年9月14日，对俄罗斯持普通护照人员试行免签政策。俄罗斯持普通护照人员来华经商、旅游观光、探亲访友、交流访问、过境不超过30天，可免办签证入境。,郭嘉昆
t20250902_11700474.html,彭博社记者,有报道称，中俄就“西伯利亚力量2号”天然气管道项目达成协议，俄罗斯天然气工业股份公司将经蒙古向中国供应500亿立方米天然气。发言人能否证实？,中俄一贯本着相互尊重、互利共赢原则开展包括能源在内的各领域务实合作。关于你提到的具体项目，建议向中方主管部门了解。,郭嘉昆
t20250902_11700474.html,《北京青年报》记者,据报道，吉布提总理日前向中国援吉医疗队全体队员授予“独立日国家勋章”。不久前，坦桑尼亚桑给巴尔总统也向中国援桑医疗队授勋。发言人对此有何评论？,我们祝贺中国援非医疗队再获殊荣。,郭嘉昆
t20250902_11700474.html,法新社记者,美国财长贝森特昨天表示，上海合作组织峰会只是“作秀”。他还称印度、中国为俄罗斯提供支持，是“捣乱者”。外交部对此有何回应？,上海合作组织成立24年来，成员国秉持互信、互利、平等、协商、尊重多样文明、谋求共同发展的“上海精神”，共享机遇、共谋发展，取得一系列开创性成果、历史性成就，树立了新型国际关系的典范。,郭嘉昆
t20250902_11700474.html,路透社记者,发言人能否介绍明天阅兵的最新出席情况？会否有外国军队参与？来自哪个国家？,这个问题建议向中方主管部门询问。,郭嘉昆
t20250902_11700474.html,法新社记者,乌克兰外交部表示，希望中国在普京总统访华期间发挥更大作用，推动实现乌克兰和平。外交部对此有何回应？,中方在乌克兰危机问题上的立场是一贯的，明确的。从危机爆发第一天起，中方就秉持客观公正立场、坚持劝和促谈。我们愿根据当事方意愿，同国际社会一道，继续为危机的政治解决发挥建设性作用。,郭嘉昆
t20250902_11700474.html,俄新社记者,有报道称，中俄朝领导人可能在出席“9·3”纪念活动期间举行会晤。发言人是否有可以提供的具体信息？,关于纪念中国人民抗日战争暨世界反法西斯战争胜利80周年活动的相关信息，我们会适时发布。关于你提到的具体问题，我没有可以提供的信息。,郭嘉昆
t20250904_11702260.html,《北京日报》记者,日前，老挝人民革命党中央总书记、国家主席通伦应邀来华出席“上海合作组织＋”会议、纪念中国人民抗日战争暨世界反法西斯战争胜利80周年活动并对中国进行工作访问，同习近平总书记、国家主席等中方领导人举行了会晤。能否请发言人介绍近期中老务实合作取得的成果？,日前，老挝人民革命党中央总书记、国家主席通伦应邀来华出席“上海合作组织＋”会议、纪念中国人民抗日战争暨世界反法西斯战争胜利80周年活动并对中国进行工作访问。今天上午，双方领导人举行了会晤，达成一系列重要共识。中方已经发布了有关消息稿，你可以查阅。,郭嘉昆
t20250904_11702260.html,中阿卫视记者,“9·3”阅兵成功举行，向世界展示了中国维护战后国际秩序与和平的决心。请问中方认为在当前国际形势下，应如何更好地与国际社会一道，共同防止历史悲剧重演，维护来之不易的和平局面？,9月3日是中国人民抗日战争暨世界反法西斯战争胜利80周年纪念日，也是中国人民和全世界一切爱好和平的国家和人民的节日。习近平主席在纪念大会发表重要讲话指出，我们隆重集会，目的是铭记历史、缅怀先烈、珍爱和平、开创未来。,郭嘉昆
t20250904_11702260.html,今日俄罗斯记者,俄罗斯总统普京昨天结束访华之旅。据悉这是俄罗斯总统普京第二十次访华，此次访问史无前例持续了4天时间。请问中方如何看待普京总统此次访华？,8月31日至9月3日，普京总统来华出席上海合作组织天津峰会和纪念中国人民抗日战争暨世界反法西斯战争胜利80周年活动。其间，习近平主席同普京总统举行会谈、小范围茶叙并宴请。习近平主席还同普京总统、蒙古国总统呼日勒苏赫举行中俄蒙三国元首第七次会晤。中方已经发布上述活动消息稿，你可以查阅。,郭嘉昆
t20250904_11702260.html,彭博社记者,美国总统特朗普称，中、俄、朝三国密谋对付美国。发言人对此有何评论？,中方邀请外国嘉宾来华出席有关活动，是为了纪念中国人民抗日战争暨世界反法西斯战争胜利80周年，是为了携手爱好和平的国家和人民共同铭记历史、缅怀先烈、珍爱和平、开创未来。中国发展同任何国家的外交关系从来不针对第三方。,郭嘉昆
t20250904_11702260.html,《环球时报》记者,9月3日，欧盟外交与安全政策高级代表卡拉斯称，纪念活动期间，中国同俄罗斯、伊朗、朝鲜站在一起，不仅是在反西方，也是在直接挑战基于规则的国际秩序。中方对此有何评论？,欧盟有关官员的言论充满意识形态偏见，缺乏基本历史常识，公然鼓噪对立对抗，既是对二战历史的不尊重，也损害欧方自身利益，十分错误、极不负责。中方对此坚决反对，强烈谴责。,郭嘉昆
t20250904_11702260.html,路透社记者,我有两个问题。昨天是否有外国军队受邀参与阅兵？如果没有，为什么未像以往纪念活动一样邀请外国军队参加？另外，特朗普总统昨晚表示，中方阅兵本应突出美方为结束太平洋战争提供的帮助。外交部对此有何评论？,你提到的第一个问题，建议向中方主管部门询问。,郭嘉昆
t20250904_11702260.html,法新社记者,美方昨天表示缴获了300吨从中国拟运至墨西哥贩毒集团的前体化学品。中方是否了解这批化学品的情况以及被美方缴获一事？外交部对此有何评论？,我不了解你提到的具体情况。我想强调的是，中国是禁毒最坚决、政策最彻底、纪录最良好的国家，也是世界上列管物质最多、管制最严格的国家之一。中国禁毒部门始终严格依法打击制毒化学品流失，规范相关企业合法合规经营。,郭嘉昆
t20250904_11702260.html,日本广播协会记者,朝鲜领导人金正恩正在北京访问。外交部能否透露两国领导人是否和将于何时举行会谈？,应中共中央总书记、中国国家主席习近平邀请，朝鲜劳动党总书记、国务委员长金正恩来华出席纪念中国人民抗日战争暨世界反法西斯战争胜利80周年活动。两党两国领导人将举行会谈，就中朝关系和共同关心的问题深入交换意见。,郭嘉昆
t20250905_11703156.html,总台央视记者,你刚刚发布了葡萄牙总理蒙特内格罗将访华的消息。能否介绍此访有关安排？对此访有何期待？中方如何评价当前中葡关系？,这是蒙特内格罗总理首次访华。访问期间，习近平主席将同他会见，李强总理、赵乐际委员长将分别同他会谈、会见，就双边关系和共同关心的问题深入交换意见。,郭嘉昆
t20250905_11703156.html,埃菲社记者,据报道，墨西哥总统辛鲍姆表示，正考虑对包括中国在内的未同墨西哥签署贸易协定的国家加征关税。中方对此有何评论？,我不了解你提到的具体情况。中墨经贸合作是互利共赢的，合作成果惠及彼此人民。中方始终倡导普惠包容的经济全球化，反对各种形式的单边主义、保护主义和歧视性、排他性措施。我们坚决反对在他人胁迫下以各种名目对华设限、损害中方正当权益。相信有关国家将坚持独立自主，妥善处理有关问题。,郭嘉昆
t20250905_11703156.html,《澳人报》记者,澳大利亚维多利亚州前州长安德鲁斯受邀出席周三阅兵，在红毯上同中国领导人握手。活动嘉宾中包括俄罗斯总统普京。安德鲁斯与普京总统共同出席此次活动在澳国内招致批评。中方对此有何评论？,来自世界各国的领导人、前政要、高级别官员、驻华使节和友好人士等一道来华出席纪念中国人民抗日战争暨世界反法西斯战争胜利80周年活动，体现了共同守护历史记忆、捍卫和平与正义的愿望与决心。我们真诚希望各国人民以史为鉴，弘扬全人类共同价值，坚定捍卫国际公平正义，共同开创人类更加美好的未来。,郭嘉昆
t20250905_11703156.html,东方卫视记者,有媒体报道，当地时间9月1日，苏丹西部地方武装苏丹解放运动努尔派发表声明称，苏丹中达尔富尔州迈拉山区村庄8月31日发生山体滑坡，造成超过1000人死亡。中方对此有何评论？,我们注意到苏丹西部迈拉山区村庄发生山体滑坡。中方对遇难者表示哀悼，向遇难者家属表示诚挚慰问。,郭嘉昆
t20250905_11703156.html,彭博社记者,南非国防部要求推迟原定于11月与中俄海军举行的联合演习，原因是届时将在约翰内斯堡举行二十国集团会议。外交部能否证实？能否作出回应或提供更多细节？,你提到的具体问题建议向中方主管部门询问。中方支持南非作为今年二十国集团轮值主席国开展的各项工作。,郭嘉昆
t20250905_11703156.html,总台CGTN记者,据了解，中方已同意加入落实“两国方案”高级别会议的成果文件《纽约宣言》。请问发言人对此有何评论？,巴勒斯坦问题是中东问题的核心，落实“两国方案”是解决巴勒斯坦问题的唯一现实出路。中方同意加入《纽约宣言》，这符合我们在巴勒斯坦问题上的一贯立场。当前，巴勒斯坦问题正处于关键时期，我们支持任何有助于推动巴勒斯坦问题政治解决的努力，将继续同国际社会一道，为平息加沙战火、缓解人道危机、落实“两国方案”，最终实现巴勒斯坦问题全面、公正、持久解决作出不懈努力。,郭嘉昆
t20250905_11703156.html,路透社记者,据白宫官员透露，美国总统特朗普在同“志愿者联盟”国家领导人通话时表示，“欧洲领导人必须就中国资助俄罗斯的战争行为对华施加经济压力。”中方对此有何回应？,中方在乌克兰危机问题上一贯秉持客观公正立场。中国不是这场危机的制造者，也不是当事方，我们坚决反对动辄拿中国说事，坚决反对对中方施加所谓“经济压力”。,郭嘉昆
t20250905_11703156.html,澎湃新闻记者,针对外交部发言人就菲律宾纵容台湾当局外事部门负责人窜菲答记者问，菲律宾防长特奥多罗称，中方不应将自身红线强加于菲方。台湾“官员”来访系菲主权。林佳龙未会见菲方官员。菲承诺奉行一中政策，但中方不应就此对菲指手画脚。中方对此有何评论？,中方已就菲律宾纵容台湾当局外事部门负责人窜菲表明严正立场。菲方在涉台问题上不断采取错误挑衅言行，严重违反国际关系基本准则和在涉台问题上所作承诺，持续损害中菲关系、踩踏中方红线，必将付出代价，由此产生的一切后果必须由菲方承担。,郭嘉昆
t20250905_11703156.html,《澳人报》记者,澳大利亚政府未派部长级官员参加周三的纪念活动。澳驻华大使当天赴广州参加澳大利亚商界活动。中方对此有何评论？,中国隆重举行纪念中国人民抗日战争暨世界反法西斯战争胜利80周年活动，目的是铭记历史、缅怀先烈、珍爱和平、开创未来。中澳两国人民曾在世界反法西斯战争中坚守正义、并肩作战。中方愿与所有爱好和平的国家和人民一道，牢固树立正确历史观，共同捍卫二战胜利成果和战后国际秩序，维护世界和平稳定。,郭嘉昆
t20250905_11703156.html,法新社记者,美国公司Anthropic宣布将停止向中国实体控股的公司提供人工智能服务，理由是存在安全风险。外交部对此有何评论？,我不了解你提到的具体情况。我想强调的是，中方一贯反对将科技和经贸问题政治化、工具化、武器化，这种做法不利于任何一方。,郭嘉昆
t20250905_11703156.html,《澳人报》记者,近日，澳大利亚、加拿大、菲律宾海军舰艇在澳政府称“菲律宾专属经济区”、中国媒体称为“南海”的区域进行了联合巡航。中方对此有何评论？,中国人民解放军南部战区新闻发言人已就此发表了谈话。有关国家在南海开展所谓“联合巡航”，炫耀武力、挑动对抗，只会加剧局势紧张，破坏地区稳定。中国维护自身领土主权和海洋权益、维护南海和平稳定的决心坚定不移。我们敦促有关国家停止在南海拉帮结派、兴风作浪，停止损害地区和平稳定。,郭嘉昆
t20250905_11703156.html,法新社记者,美国总统特朗普表示，他计划将国防部改回其历史称谓“战争部”，作为第二官方名称。请问外交部对此是否有评论？,这是美国的内部事务，我不作评论。,郭嘉昆
t20250905_11703156.html,法新社记者,美国总统特朗普表示，他即将对未把生产转移到美国的半导体公司征收关税。外交部对此有何评论？,中方在关税问题上的立场是一贯的、明确的。,郭嘉昆
t20250905_11703156.html,《澳人报》记者,不仅澳大利亚没有派部长或大使出席此次阅兵，一些西方国家也没有参加。2015年这些国家的领导人或者至少是大使级别的代表出席了阅兵。发言人对此有何评论？,9月3日是中国人民抗日战争暨世界反法西斯战争胜利80周年纪念日，也是中国人民和全世界一切爱好和平的国家和人民的节日。我们隆重举行有关纪念活动，目的是铭记历史、缅怀先烈、珍爱和平、开创未来。,郭嘉昆
t20250905_11703156.html,彭博社记者,中方近期举行了密集的外交活动，包括上海合作组织天津峰会、抗战胜利纪念活动，中国领导人还会见了印度、俄罗斯、朝鲜等各国领导人。发言人能否从中方角度谈一谈这一系列活动的意义？有人说是历史性的、重大的。第二个问题，各国尤其是西方国家应如何看待这一系列重大活动？中方希望向他们传递什么信息？,关于你提到的上海合作组织天津峰会以及纪念中国人民抗日战争暨世界反法西斯战争胜利80周年活动，中方已经发布了消息稿。我想强调的是，中方作为上海合作组织2025年轮值主席国，成功举办了天津峰会。王毅外长在峰会结束后的记者会上介绍了此次峰会达成的八大成果。我们愿同上海合作组织所有成员国一道努力，推动上合组织进入高质量发展的新阶段，维护地区和平与发展。,郭嘉昆
t20250908_11704383.html,总台央视记者,中方发布了习近平主席将出席金砖国家领导人线上峰会的消息。请问中方对此次会晤有何期待？,金砖合作机制是新兴市场国家和发展中国家团结合作的重要平台。面对当前单边主义、保护主义蔓延，金砖国家携手维护多边主义，捍卫公平正义，促进共同发展，成为国际事务中积极、稳定、向善的力量。,林剑
t20250908_11704383.html,今日俄罗斯记者,乌克兰驻菲律宾大使表示，正在推进签署国防领域谅解备忘录的工作，下一步将在菲启动无人机联合生产。中方如何看待一个受美国支持的交战国寻求在菲律宾部署无人机生产？,中方一贯认为，国与国之间开展合作，应当有利于促进地区和平稳定。,林剑
t20250908_11704383.html,中新社记者,我们注意到，8月31日深夜阿富汗地震发生后，中国领导人第一时间向阿方表达慰问，中国政府向阿富汗提供紧急救灾援助。发言人能否介绍更多情况？,中方高度关注阿富汗地震灾情。9月1日，习近平主席在天津主持“上海合作组织＋”会议时，向阿富汗地震遇难者表示沉痛哀悼，向遇难者家属和灾区人民表示慰问，祝愿阿富汗政府和人民早日克服困难，重建家园。,林剑
t20250908_11704383.html,日本广播协会记者,日本首相石破茂昨天表示有意辞去首相职务。中方对此有何评论？,我们注意到有关情况，这是日本内政，中方不作评论。,林剑
t20250908_11704383.html,《中国日报》记者,9月4日，美国国务卿鲁比奥发表声明，宣称将对与中国共产党合作、破坏中美洲国家法治的中美洲国家公民及其直系亲属实施签证限制，以反制中国对中美洲国家的腐败影响。中方对此有何评论？,美方对中美洲国家同中国的正常交流交往指手画脚，有关指责充满恶意、毫无根据，缺乏对中美洲国家的基本尊重，再次反映了美方对外交往中以大欺小、恃强凌弱的霸道作风，暴露出有关政客根深蒂固的意识形态偏见和冷战思维。中方对美方无端攻击抹黑、公然搞胁迫外交、干扰破坏中国同中美洲国家关系表示强烈不满，坚决反对。,林剑
t20250908_11704383.html,《北京青年报》记者,近日，世界知识产权组织发布《2025年全球创新指数》百强创新集群，中国以24个集群数量连续第三年位列全球第一，前十位的创新集群中中国占据三席，深圳－香港－广州集群首次名列榜首。发言人对此有何评论？,我也注意到这个好消息。近年来，中国加快培育新质生产力，加大创新投入，知识产权法律法规日益完善，各类主体创新能力持续增强，为推进高质量发展提供了坚实支撑。从“嫦娥”探月到“蛟龙”深潜，从国产大飞机展翅翱翔到无人驾驶汽车竞速驰骋，从人形机器人翩然起舞到人工智能大模型深度求索，中国的创新动力澎湃奔涌、举世瞩目，已成为世界创新版图的重要一极。,林剑
t20250908_11704383.html,共同社记者,中国外交部今天宣布对日本参议员石平进行制裁，请问发言人对此有何看法？,石平曾拥有中国国籍，他赴日并取得日本国籍后大肆散布虚假信息，同日本反华势力沆瀣一气，大肆攻击抹黑中国，在台湾、钓鱼岛、历史、涉藏、涉疆、涉港等问题上发表极端消极言论，当选国会议员后公然参拜靖国神社，严重违背中日四个政治文件精神和一个中国原则，严重干涉中国内政，严重损害中国主权和领土完整。针对石平上述恶劣行径，中方决定即日起对其采取反制措施。,林剑
t20250908_11704383.html,法新社记者,美国总统签署了一项行政令，将那些据称“不公正拘押”美国人的国家列入黑名单。匿名美国官员称，列名将主要针对中国、伊朗和阿富汗。外交部对此有何评论？,美方一些人的言论完全是混淆是非、别有用心，中方对此坚决反对。中国是法治国家，根本不存在所谓“错误拘押”问题。众所周知，“错误拘押”、“任意拘押”、“胁迫外交”、“长臂管辖”、“单边制裁”都是美国的专利。,林剑
t20250909_11705269.html,总台CGTN记者,昨天晚上，习近平主席应邀出席金砖国家领导人线上峰会并发表重要讲话。发言人能否介绍会议情况和成果？,金砖合作机制是新兴市场国家和发展中国家团结合作的重要平台。金砖国家领导人举行线上峰会，就当前国际经贸环境、维护多边体系深入交换意见，形成广泛共识，对于深化金砖伙伴关系、增进全球南方利益具有重要意义，为“大金砖合作”高质量发展注入新动能。 加沙冲突延宕已经超过700天，造成6.4万加沙民众死亡和前所未有的人道危机。中方反对和谴责一切伤害平民、损害民用设施、违反国际法的行为，敦促以方立即停止在加沙的军事行动，尽快实现全面持久停火，防止更大规模的人道主义危机。,林剑
t20250910_11705822.html,中阿卫视记者,9月9日，以色列袭击了卡塔尔首都多哈，其目标是哈马斯领导人。请问中方对此有何回应？,中方严厉谴责昨天发生在卡塔尔首都多哈的袭击行为，坚决反对以色列侵犯卡塔尔领土主权和国家安全的行径。我们对袭击事件可能导致地区局势进一步紧张升级深感担忧，对有关方面蓄意破坏加沙停火谈判的举动表示不满。武力换不来中东和平，对话谈判才是根本出路。当前，加沙冲突延宕已近两年，中方强烈呼吁有关各方特别是以色列为平息战火、重启谈判多作积极努力，而不是相反。,林剑
t20250910_11705822.html,《环球时报》记者,据报道，在空袭哈马斯在卡塔尔首都多哈的居所前，以色列向美国进行了通报。请问中方对此有何评论？,我们对有关报道深表关切。以色列空袭卡塔尔首都多哈哈马斯目标的行为严重侵犯卡塔尔领土主权和国家安全，加剧地区紧张局势。这同有关域外国家在中东问题上立场长期严重失衡脱不开关系。我们奉劝个别大国以地区和平稳定为重，秉持公正、负责任态度，同国际社会一道，为推动停火止战、缓和地区紧张局势发挥建设性作用。,林剑
t20250910_11705822.html,深圳卫视记者,中方刚发布了王毅外长访问奥地利的消息。中方如何看待当前中奥关系？对此访有何期待？,中奥是友好战略伙伴。建交54年来，中奥关系发展总体良好。在两国元首战略引领下，双方政治、经贸、人文等领域合作取得积极成果，在国际和地区事务中保持密切沟通。,林剑
t20250910_11705822.html,巴西UOL媒体集团记者,泰国、印尼、尼泊尔发生了社交媒体助长的暴力示威，中方对此有何评论？如何看待亚洲地区面临的新挑战？,中方始终希望周边国家保持稳定发展，这符合地区国家的利益，也是国际社会的期待。,林剑
t20250910_11705822.html,彭博社记者,据报道，美国总统特朗普亲口对欧洲官员表示，为迫使俄罗斯总统普京与乌克兰谈判，他愿意对印度和中国大幅加征关税，但前提是欧盟也要这么做。外交部对此有何评论？,中方在乌克兰危机问题上一贯秉持客观公正立场。中国不是这场危机的制造者，也不是当事方。我们坚决反对动辄拿中国说事，坚决反对对中方施加所谓“经济压力”。,林剑
t20250910_11705822.html,总台央视记者,据报道，近日，尼泊尔发生抗议示威活动和暴力冲突，尼泊尔政局发生变化。中方对此有何评论？,中国和尼泊尔是传统友好邻邦，希望尼泊尔各界能够妥善处理国内问题，尽快恢复社会秩序和国家稳定。,林剑
t20250910_11705822.html,中新社记者,据报道，8日，针对中国宣布对日本参议员石平采取反制措施，日本内阁官房长官林芳正表示，中方意在恐吓持不同观点者，这不可接受。日方已通过外交渠道要求中方立即撤销反制措施。石平称，他在华没有资产，也无意访华。中方制裁是他在日本正确政治活动的证明，是一种“光荣”。日本维新会代表表示将提出抗议。媒体评论称，中国首次制裁日本议员可能加剧两国紧张关系。中方对此有何回应？,石平根本不是什么所谓“持不同观点人士”。他曾拥有中国国籍，赴日并取得日本国籍后，为了一己私利，甘愿向反华敌对势力纳“投名状”，大肆抹黑攻击中国，当选国会议员后公然参拜靖国神社，严重违背中日四个政治文件精神和一个中国原则，严重干涉中国内政，严重损害中国主权和领土完整，是彻头彻尾的反华分子。,林剑
t20250910_11705822.html,《中国日报》记者,据报道，9月9日，伊朗外长阿拉格齐发表声明称，伊朗与国际原子能机构已就恢复保障监督合作达成谅解。国际原子能机构总干事格罗西称，双方就建立恢复核查的可行模式达成一致，这是朝正确方向迈出的重要一步。请问中方对此有何评论？,中方欢迎伊朗与国际原子能机构就恢复保障监督合作达成谅解，这是推动伊朗核问题紧张局势降温、重建各方互信的积极步骤。,林剑
t20250910_11705822.html,乌通社记者,昨天，俄罗斯军队对顿涅茨克地区的亚罗瓦村发动空袭。俄罗斯作为联合国安理会成员国，在第80届联合国大会开幕当天发动这一袭击。外交部有何评论？中国和许多全球南方国家也在呼吁缓和局势、推动谈判。乌方已做好谈判准备，但俄方却继续日夜发射导弹、发动无人机袭击。中国和其他全球南方国家能否说服俄罗斯停止升级战争、坐下来谈判？,中方在乌克兰危机上的立场一贯、明确，对话谈判是解决乌克兰危机的唯一可行出路。我们呼吁有关各方遵守“战场不外溢、战事不升级、各方不拱火”三原则，推动局势降温，为政治解决危机积累条件。,林剑
t20250910_11705822.html,总台华语环球节目中心记者,中方刚发布了王毅外长访问斯洛文尼亚的消息。中方如何看待当前中斯关系？中方有何期待？,斯洛文尼亚是中国在欧洲的好朋友、好伙伴。建交33年来，中斯关系保持良好发展势头。近年来，在两国领导人战略引领下，两国各层级交往不断深化，在经贸投资、科技创新、教育体育等领域合作成果丰硕，在联合国安理会等多边场合协作富有成效。,林剑
t20250910_11705822.html,彭博社记者,据报道，斯里兰卡即将取得一笔贷款，用于重启一项停滞的高速公路项目。这笔新的人民币贷款将部分取代斯里兰卡2019年与中国进出口银行达成的贷款协议。外交部能否确认此事？,中国和斯里兰卡是传统友好邻邦，两国在平等互利基础上开展合作，高质量共建“一带一路”。中方愿继续在力所能及范围内为斯里兰卡经济社会发展提供帮助。你提到有关合作的具体情况，请向中方主管部门了解。,林剑
t20250910_11705822.html,巴通社记者,巴基斯坦旁遮普省严重水灾已造成大范围破坏，导致数千人无家可归，多人死亡，河流水位达 到 危险高位。据报道，4000多个受灾村庄、400万人正在奋力抗洪。发言人对此有何评论？,中国领导人已就巴基斯坦遭遇严重洪水灾害向巴方领导人表示慰问。中方已向巴方提供紧急援助，并愿视巴方需要继续提供力所能及的帮助。相信在巴基斯坦政府领导下，巴基斯坦人民一定能够战胜灾害、重建家园。,林剑
t20250910_11705822.html,新华社记者,王毅外长将访问波兰，中方如何看待当前中波关系？对此访有何期待？,中波两国传统友好，波兰是首批承认并同新中国建交的国家之一。建交76年来，两国关系始终保持平稳发展，务实合作不断拓展深化。特别是2016年双方建立全面战略伙伴关系以来，在两国领导人战略引领下，中波各层级交往持续加强，经贸投资、互联互通、人文交流等领域合作成果丰硕，为两国人民带来了实实在在的好处。,林剑
t20250910_11705822.html,共同社记者,据报道，台湾前领导人蔡英文访问了日本。外交部对此有何评论？,中方已就此事向日方严肃交涉和警示。中方坚决反对任何“台独”分子以任何名义窜访中国的建交国。蔡英文作为台湾地区前领导人，无论以何等名目或借口窜访日本，都不能改变其“挟洋谋独”的实质，都是绝对不能允许的。,林剑
t20250910_11705822.html,法新社记者,目前，在尼泊尔有多少中国公民？外交部对他们有什么建议？是否有撤侨计划？,截至目前，我们暂未收到有中国公民伤亡的报告。,林剑
t20250910_11705822.html,法新社记者,波兰军方今天表示，俄罗斯在攻击乌克兰时多次侵犯波兰领空。请问中方对此有何评论？,我不了解你提到的情况。,林剑
t20250911_11706651.html,《人民日报》记者,外界关注到中国8月份出口总值增长放缓，有观点认为这主要是受对美出口额下降影响，中美“关税休战”的积极效应似乎正在减退。同时我们注意到，中国同欧盟、东盟、非洲、拉丁美洲等地区国家的贸易联系依然强劲，一些指标呈现持续攀升的积极态势。发言人对此有何评论？,今年世界经济不稳定性、不确定性因素进一步增多，中国外贸逆势而上，保持了稳健发展。最新数据显示，今年前8个月，中国货物贸易进出口总值同比增长3.5％。一段时间以来，中国对欧盟、东盟、金砖、非洲国家特别是共建“一带一路”国家的进出口均实现增长，相当增幅由在华外国企业贡献。中国对外贸易的多元化不但有效缓解了外部经贸环境波动带来的冲击，助力全球产供链稳定和优化，也让国内外消费者和深耕中国的各国企业切实受益。,林剑
t20250911_11706651.html,波兰通讯社记者,因俄罗斯和白俄罗斯举行“西方－2025”军事演习，波兰12日将完全关闭与白俄罗斯的边界。这会影响中欧有关贸易路线的畅通。外交部对此有何评论？另一个问题，昨天波兰击落了侵犯其领空的俄罗斯无人机，波兰当局称这是俄罗斯的大规模挑衅。中方对俄罗斯的行动有何评论？,中欧班列是中波、中欧合作的旗舰项目，符合双方共同利益。希望波方切实采取有效措施，确保班列安全顺畅通行，维护国际产业链供应链稳定。,林剑
t20250911_11706651.html,巴西《圣保罗页报》记者,《联合国气候变化框架公约》第三十次缔约方大会首席执行官安娜·托尼正在访华。你能否介绍出席大会的中方代表团规模及具体人员信息？中方是否支持“永远的热带雨林基金”？,中方支持巴西办好将于2025年11月在巴西贝伦举行的《联合国气候变化框架公约》第三十次缔约方大会，将积极参与，推动会议取得丰硕成果。中方也欢迎巴西倡议发起的“永远的热带雨林基金”，并期待该倡议发挥积极作用。倡议的具体情况，建议向中方主管部门了解。,林剑
t20250911_11706651.html,韩联社记者,据报道，韩国已提名韩国东亚文化中心理事长卢载宪担任李在明政府的首任驻华大使。中方如何评价这一提名？相关提名流程是否在进行中？,我们注意到有关报道。使节是国与国之间发展友好合作关系的重要桥梁，中方正在等待韩方正式提名。,林剑
t20250911_11706651.html,路透社记者,菲律宾外交部对中国计划在黄岩岛建立自然保护区表示“强烈抗议”，并称将对中方的“非法和不正当行为”提出正式交涉。中方对此有何回应？,黄岩岛是中国固有领土。建立黄岩岛国家级自然保护区是中方主权范围内的事，旨在保护黄岩岛生态环境，维护黄岩岛自然生态系统多样性、稳定性、持续性，符合中国国内法和国际法，也充分体现中方作为负责任大国积极保护生态环境、推动实现可持续发展的使命担当。,林剑
t20250911_11706651.html,香港中评社记者,日前，瑞士洛桑国际管理发展学院发布《2025年世界人才排名》，香港跃升至全球第四、亚洲第一，排名达到历史最高位。特区政府发言人表示，香港人才排名上升证明特区在教育、创新科技及引进人才方面的政策措施收到成效。请问外交部对此有何评论？,我们注意到有关报告。当前香港进入由治及兴的新阶段，国际金融、贸易、航运中心地位持续巩固，营商环境更加优良，科创实力日益凸显，成为汇聚跨国企业和全球人才的“强磁场”。数据显示，截至今年8月，已有超过23万人经特区各项人才入境计划抵港参与特区建设，当前在港注册的本地和非本地公司数量均创历史新高。,林剑
t20250911_11706651.html,彭博社记者,据报道，墨西哥计划对中国和一些亚洲国家生产的汽车和其他产品加征高达50％的关税。外交部对此有何回应？,中方始终倡导普惠包容的经济全球化，反对各种形式的单边主义、保护主义以及歧视性、排他性措施，坚决反对在他人胁迫下以各种名目对华设限、损害中方正当权益。我们会根据实际情况坚决维护自身权益。,林剑
t20250911_11706651.html,路透社记者,英国商业贸易大臣凯尔称，如果中国希望同英国发展适应21世纪20年代的关系，就需要拥有适合这个年代的外交馆舍，而非50年前或100年前的馆舍。发言人对此有何评论？,中方此前已就相关问题多次阐明立场。为外交馆舍建设提供支持和便利是东道国的国际义务。中英都有修建新馆舍的需求，双方应该相互支持。,林剑
t20250911_11706651.html,法新社记者,由于波兰领空遭俄罗斯无人机侵犯，北约应波兰要求召开了紧急会议。外交部对此有何评论？,我刚才已经表明了中方立场，我们希望有关各方通过对话协商妥善解决争端。,林剑
t20250912_11707489.html,总台央视记者,日前，联合国人权理事会第60届会议举行了“北京＋30”高级别纪念活动。发言人能否介绍有关情况？,9月8日，正在瑞士日内瓦举行的联合国人权理事会第60届会议举行“北京＋30”高级别纪念活动。中国常驻日内瓦代表与会并发言。30年前，北京第四次世界妇女大会通过《北京宣言》和《行动纲领》，至今仍是指导全球妇女事业发展的纲领性文件。今年下半年，中国将在北京召开全球妇女峰会，以“北京＋30”为契机，加速妇女全面发展新进程，倡导各方坚持真正的多边主义，以发展保障并促进妇女权利。此次纪念活动与会各方高度评价《北京宣言》和《行动纲领》的里程碑意义，期待再聚北京，共同完善妇女事业的全球治理。,林剑
t20250912_11707489.html,路透社记者,台湾当局外事部门负责人正在欧洲活动。发言人对此有何评论？,台湾是中国的一个省，你刚才提到的这个人不过是中国的一个地方外事官员。,林剑
t20250912_11707489.html,中阿卫视记者,美国对也门胡塞武装实施了新一轮制裁。美财政部称，制裁目标包括几家帮助运输军用零部件的中国公司以及其他帮助运送军民两用货物的公司。中方对此有何评论？,我们坚决反对美方滥施单边制裁和“长臂管辖”，这种做法有违国际法和国际关系基本准则。,林剑
t20250912_11707489.html,巴西《圣保罗页报》记者,昨天，巴西前总统博索纳罗策划政变罪名成立。中方对此有何评论？,这是巴西的内部司法事务。,林剑
t20250912_11707489.html,法新社记者,中国航母福建舰通过台湾海峡，赴南海相关海域开展科研试验和训练任务，中国海军表示不针对任何特定目标。外交部有何进一步评论？这是否意味着福建舰将会很快服役？,中国海军发布了相关信息。日前，我国第3艘航空母舰福建舰通过台湾海峡，赴南海相关海域开展科研试验和训练任务。这次跨区试验训练是航母建造过程中的正常安排，不针对任何特定目标。,林剑
t20250912_11707489.html,彭博社记者,据路透社报道，美国财政部长贝森特计划下周在马德里会见中国国务院副总理何立峰，讨论贸易经济和国家安全问题，这是双方谈判升温的另一迹象。外交部能否证实并提供更多情况？,目前我没有可以提供的信息。,林剑
t20250912_11707489.html,《澎湃新闻》记者,今天是联合国南南合作日。当前全球发展面临诸多挑战，一些全球南方国家的贫困率居高不下，不少国家出现了严重的贫富分化。作为率先完成脱贫攻坚、成功消除绝对贫困的发展中大国，中国如何通过减贫合作助力广大南方国家实现共同发展？,中国始终致力于推动南南合作聚焦发展领域，帮助全球南方国家攻克减贫难关。中国实现了8亿贫困人口全部脱贫，提前完成联合国2030年可持续发展议程的减贫目标，给全球南方国家带来信心。因地制宜、需求导向、精准帮扶、动态治理等理念与实践，为各国提供行动方案；技术推广、资金支持、能力建设、平台搭建等合作模式，为全球减贫提供系统支持。,林剑
t20250912_11707489.html,法新社记者,本周四，德国调查人员突击搜查了极右翼政党议员克拉的办公室。此前，德联邦议院以涉嫌收受中国有关人士的贿赂为由，撤销了他的豁免权。克拉长期以来被怀疑同中国联系甚密，但他表示有关指控十分荒谬，纯属捏造。外交部对此有何评论？,这是德国内政，中方不作评论。我要强调的是，我们一贯反对炒作所谓“中国间谍威胁”。,林剑
t20250912_11707489.html,中阿卫视记者,以色列72小时内袭击了6个国家，其中包括卡塔尔、黎巴嫩、也门。中方对此有何评论？,中方对当前中东地区局势不断升级深感担忧，反对侵犯中东有关国家主权和安全的行为，谴责一切伤及无辜平民的行动，反对任何激化矛盾导致地区局势升级的举动。,林剑
t20250912_11707489.html,彭博社记者,据报道，美国犹他州州长斯宾塞·考克斯今天在讨论追捕杀害美国保守派社会活动人士查理·柯克的凶手时称，看到来自俄罗斯、中国和世界各地的网络聊天机器人试图灌输虚假信息并鼓动暴力。他并呼吁美国民众忽略这些信息。外交部对此有何回应？,中方谴责一切非法暴力行径。同时我们坚决反对美国一些政客动辄拿中国说事，坚决反对散布虚假信息、污蔑抹黑中国。 巴基斯坦总统扎尔达里将于9月12日至21日来华出席2025金熊猫国际文化论坛开幕式，并赴四川省、上海市和新疆维吾尔自治区参访。,林剑
t20250915_11708567.html,新华社记者,近日，美方以中国进口俄罗斯石油为由，要求七国集团和北约成员国集体对华加征关税，推动中方在结束俄乌冲突上发挥作用。请问中方对此有何评论？,中国同包括俄罗斯在内的世界各国开展正常经贸能源合作，正当合法，无可厚非。美方做法是典型的单边霸凌和经济胁迫，严重破坏国际经贸规则，威胁全球产业链供应链安全稳定。事实证明，胁迫施压不得人心，更解决不了问题。,林剑
t20250915_11708567.html,中阿卫视记者,巴基斯坦总统扎尔达里周日承诺加强同中国在国防生产领域的合作。鉴于此前卡塔尔遇袭事件暴露出美国安全承诺存在问题，你认为未来是否会有更多国家考虑并寻求在国防生产及安全领域同中方加强联系，以寻求一种不同于美国的、可能更受尊重的国际合作方式？,中方倡导共同、综合、合作、可持续的安全观，愿与各方共同落实全球安全倡议，加强国际安全合作，携手维护联合国宪章宗旨和原则，维护以国际法为基础的国际秩序，推动构建持久和平、普遍安全的世界。,林剑
t20250915_11708567.html,总台华语环球节目中心记者,我们注意到，中国台湾地区陆委会主委邱垂正近期窜访美国时，与美国会两党议员会面，并在美智库传统基金会演讲。期间邱称中国大陆是台海和平稳定的最大威胁，炒作所谓“大陆武力攻台”，感谢美重申对台承诺。请问发言人对此有何评论？,世界上只有一个中国，台湾是中国领土不可分割的一部分，这是台海的真正现状。“台独”分裂和外部势力纵容支持是台海和平稳定的最大威胁。中方坚决反对任何形式的美台官方往来和军事勾连，坚定捍卫国家主权和领土完整。我们敦促美方切实恪守一个中国原则和中美三个联合公报，停止向“台独”分裂势力发出错误信号。无论民进党当局如何炒作“大陆威胁”，渲染台海紧张，拿着台湾老百姓的血汗钱企图“倚外谋独”，都改变不了两岸同属一个中国的客观事实，更阻挡不了中国终将统一、也必将统一的历史大势。,林剑
t20250915_11708567.html,法新社记者,据报道，中国领导人已邀请美国总统特朗普今年访华，但由于双方在贸易和芬太尼问题上存在分歧，美方尚未作出回应。外交部对此有何评论？中方代表团在马德里经贸会谈中会否向美方提及年内在华举行元首会晤？,中美双方的沟通渠道是畅通的。关于你的具体问题，我没有可以提供的信息。,林剑
t20250915_11708567.html,中新社记者,据报道，日前美国国务卿鲁比奥发表声明称，美同盟友菲律宾站在一起，反对中国在黄岩岛建立国家级自然保护区；此系中方又一“胁迫之举”，以牺牲邻国利益为代价推进南海领土和海洋主张，破坏地区稳定。他并呼吁中方遵守“南海仲裁案”裁决。请问中方对此有何评论？,上周我们就有关问题阐明了立场。今天我们已就美方错误言论提出严正交涉。黄岩岛是中国固有领土，建立黄岩岛国家级自然保护区是中方主权范围内的事，合理合法、不容置喙。,林剑
t20250915_11708567.html,路透社记者,美国国会众议院“中国特设委”民主党成员致函特朗普政府，要求施压中方控制“过剩产能”，称任何双边贸易协议都应包含让中方减少过剩工业产能的“约束性条款”。中方对此有何回应？,我们已经多次表明，炒作所谓“中国产能过剩”背离客观事实和经济规律，是为保护主义提供借口，真实目的是遏制中国的高质量发展。中方对此坚决反对。,林剑
t20250915_11708567.html,总台央视记者,据韩媒报道，韩国外长赵显将于本周访华，外交部能否证实这一消息？,应中共中央政治局委员、外交部长王毅邀请，韩国外长赵显将于9月17日访华。,林剑
t20250915_11708567.html,澎湃新闻记者,我们注意到，2025年网络安全宣传周开幕式今天上午在昆明举行。中国开展网络安全宣传周的目的是什么？面对网络安全这个共同挑战，中方立场是什么？,中国每年在全国范围内开展国家网络安全宣传周，目的是增强全社会网络安全意识，提升广大网民的安全防护技能，营造健康文明的网络环境，助力全球网络安全治理与合作。,林剑
t20250915_11708567.html,法新社记者,关于在马德里举行的中美经贸会谈，中方是否考虑按美方要求，允许字节跳动出售其对TikTok的控股权？如未达成解决方案，TikTok可能于本周三后在美被禁。,关于涉TikTok问题，中方已多次阐明立场。,林剑
t20250915_11708567.html,《环球时报》记者,据报道，今年8月以来，美国以打击拉美贩毒集团为由，在加勒比海委内瑞拉附近海域部署军舰、核潜艇等军力。近日，委方宣布1艘美国驱逐舰在委内瑞拉专属经济区海域非法拦截、登临并扣押1艘委渔船。中方对此有何评论？,近期，美国以打击贩毒为由在加勒比海委内瑞拉附近海域部署军力，宣称击沉委方有关船只、击毙船员，拦截扣押委方渔船，导致地区形势持续紧张。美方有关行为威胁地区和平安全，严重侵犯他国主权安全和合法权益，严重违反国际法。,林剑
t20250915_11708567.html,路透社记者,美国在台协会发表声明称，中国大陆故意歪曲《开罗宣言》《波茨坦公告》“旧金山和约”等二战时期文件，试图以此支持中方对台行动。他们还称，北京的叙事“完全错误，这些文件都没有决定台湾的最终政治地位。”外交部对此有何评论？,美方有关机构的谬论颠倒黑白、混淆视听，中方对此强烈不满，坚决反对。,林剑
t20250915_11708567.html,《北京日报》记者,昨天，中国国际服务贸易交易会在北京落下帷幕。外媒评论称，创办13年来，服贸会随着中国服务贸易规模的扩大实现非凡蜕变。本届服贸会不仅是全球服务贸易的优质展示窗口，更强化了中国在全球经济格局中的开放活力和创新影响力，彰显中国对高水平开放的坚定承诺。发言人对此有何评论？,走过13个年头的服贸会是中国扩大开放、深化合作、引领创新的重要平台。本届服贸会吸引近2000家企业线下参展，国际化率超20％，覆盖26个服务贸易前30强国家和地区，198项新产品、新成果竞相亮相。在世界科技发展和产业转型加快的背景下，服贸会连续举办有效回应了世界各国对发展高质量服务贸易的迫切需求。,林剑
t20250915_11708567.html,路透社记者,美国财长贝森特刚刚称，在马德里经贸会谈中，中方提出了非常“激进”的要求，而美方不愿意牺牲国家安全。发言人能否解释上述“激进”的要求是什么？另外，贝森特称双方“非常接近”解决TikTok问题，发言人能否确认？,关于中美双方在马德里举行的经贸会谈，目前我没有可以提供的信息，你可以保持关注。关于涉TikTok问题，中方已多次阐明原则立场。,林剑
t20250915_11708567.html,乌通社记者,美国总统乌克兰事务特使凯洛格上周六在基辅的一个安全论坛上称，如果中方首先在经济层面停止支持俄罗斯，将使俄对乌侵略行动很快结束。外交部对此有何评论？,在乌克兰危机问题上，中方一贯秉持客观公正立场，积极劝和促谈。包括美欧在内的大多数国家都在同俄罗斯开展贸易。中俄企业正常交往合作符合世贸规则和市场原则，不针对第三方，也不应受到第三方干扰和影响。,林剑
t20250915_11708567.html,《北京青年报》记者,上周中方再次成功举办了中非青年大联欢，这已是大联欢活动第九次连续举行，发言人能否介绍有关情况？,中非青年大联欢是中非合作论坛框架内青年交流的旗舰品牌，在中非双方的共同支持特别是青年朋友的踊跃参与下，迄今已成功举办九届。本届大联欢于9月8日至13日在北京、青海两地举行，59名来自中非合作论坛非方成员等国家的青年代表通过实地参访和交流，亲身感受了中国式现代化的发展成就，切身体会了生态净美、文化灿烂、民族和谐、人民幸福的美好景象，坚定了中非携手共逐现代化之梦的信心。,林剑
t20250915_11708567.html,法新社记者,墨西哥总统辛鲍姆上周表示，本周将同中方就计划对中国商品征收50％关税事进行谈判。外交部能否介绍有关会谈的最新消息？会谈将在何时、何地举行？谁将参加？,中方始终倡导普惠包容的经济全球化，反对各种形式的单边主义、保护主义以及歧视性、排他性措施，坚决反对在他人胁迫下以各种名目对华设限、损害中方正当权益。中方将根据实际情况坚决维护自身权益。,林剑
t20250916_11709281.html,总台中国之声记者,请问中方对第22届中国—东盟博览会有何期待？,东盟是中国周边外交优先方向和高质量共建“一带一路”重点地区。在双方领导人战略引领下，中国与东盟各领域务实合作不断深化，经贸往来保持良好势头。中国自2009年起成为东盟第一大贸易伙伴，双方连续5年互为最大贸易伙伴。今年1月至8月，中国与东盟双边贸易额达到6867.8亿美元，同比增长8.6％。截至今年7月，中国与东盟累计双向投资超过4500亿美元。今年5月，中国—东盟自贸区3.0版谈判全面完成，期待年内尽快签署议定书。,林剑
t20250916_11709281.html,《中国日报》记者,我们注意到王毅外长刚刚结束对奥地利、斯洛文尼亚、波兰的访问。请问发言人能否进一步介绍此访情况？,9月12日至16日，王毅外长应邀访问奥地利、斯洛文尼亚、波兰。访问奥地利期间，王毅外长会见奥地利总统范德贝伦，同迈因尔－赖辛格外长举行会谈；访问斯洛文尼亚期间，王毅外长分别会见斯洛文尼亚总统穆萨尔、总理戈洛布、国民委员会主席洛特里奇，同法永副总理兼外长举行会谈；访问波兰期间，王毅外长会见纳夫罗茨基总统，同西科尔斯基副总理兼外长举行会谈并共同主持召开中波政府间合作委员会第四次全体会议。此访有力巩固了中国同相关欧洲国家传统友好，巩固了双方深化合作、共促发展、维护和平的共识，取得积极成果。,林剑
t20250916_11709281.html,法新社记者,中国海警表示，菲律宾船只今天非法侵闯中国黄岩岛领海，上午10时许，一艘菲方船只故意冲撞了中方船只。外交部对此有何评论？,黄岩岛是中国固有领土。菲律宾派多艘公务船侵闯黄岩岛领海，严重侵犯中方主权和权益，严重破坏海上和平稳定。中方依法采取必要措施维护自身领土主权和海洋权益，无可非议。,林剑
t20250916_11709281.html,法新社记者,美国总统特朗普称将与中国领导人通话。美财长贝森特在马德里证实，中美已达成关于TikTok的框架协议，两国元首将在通话中敲定该协议。外交部能否证实两国元首将通话并介绍有关细节和中方期待？,元首外交对中美关系发挥着不可替代的战略引领作用。对于你提到的具体问题，我目前没有可以提供的信息。,林剑
t20250916_11709281.html,深圳卫视记者,9月14日，2025年国际议员友好交流论坛在新疆维吾尔自治区乌鲁木齐市举办并发表了《乌鲁木齐宣言》。发言人对此有何评论？,本届国际议员友好交流论坛邀请了来自40多个国家的60余位议员和前议员出席。与会各方围绕高质量共建“一带一路”、生态环保与绿色发展、民族团结与共同发展等议题展开热烈讨论。论坛还举办了“中国与欧盟国家议员对话”“全球南方国家议员对话”。在总结各方主要观点的基础上，论坛发表了《乌鲁木齐宣言》。中方欢迎更多国际议员参与论坛活动，不断深化交流交往，加强协调配合，推动可持续发展。,林剑
t20250916_11709281.html,东方卫视记者,据报道，11日，因救助一名被困滩涂的中国男子，34岁的韩国海警李宰硕不幸遇难。事发时，李宰硕将救生衣让给受伤的70岁中国男子。两人一起游向岸边时，李宰硕失踪，最终被发现心脏骤停。中国男子目前已无生命危险。请问中方对此有何评论？,日前，韩国海警李宰硕为营救中国公民殉职，中方对他的不幸离世表示哀悼，对其家属表示诚挚慰问，对李宰硕先生舍己救人的精神表示赞赏。中国驻韩国大使馆代表出席了李宰硕先生遗体告别仪式。,林剑
t20250916_11709281.html,《北京青年报》记者,据报道，作为两国联合演习的一部分，美国已在日本部署“堤丰”中导系统。中方曾表示反对在地区部署“堤丰”，称其升级军备竞赛。发言人对这一新动向有何评论？,美方、日方不顾中方严重关切，执意以联合演训之名在日本部署“堤丰”中导系统，中方对此强烈不满、坚决反对。美国在亚洲国家部署“堤丰”中导系统损害其他国家正当安全利益，推高地区军备竞赛和军事对抗风险，对地区战略安全构成实质性威胁。美方、日方应切实尊重他国安全关切，以实际行动为地区和平稳定发挥正面作用，而不是相反。中方敦促美方、日方正视地区国家呼声，纠正错误做法，尽快撤走“堤丰”中导系统。,林剑
t20250917_11710000.html,法新社记者,美国总统特朗普周二将针对TikTok的禁令宽限期延长至12月16日。外交部对此有何评论？能否介绍特朗普同中国领导人通话的安排和期待？,关于你提到的中美两国高层互动问题，我要强调的是，元首外交对中美关系发挥着不可替代的战略引领作用。对于你提到的具体问题，目前我没有可以提供的信息。关于你提到的TikTok问题，中方主管部门已经介绍了有关情况。,林剑
t20250917_11710000.html,《人民日报》记者,我们注意到，最新一期《经济学人》杂志刊文称，今年以来中国外贸出口持续加速，合作伙伴日渐多元，在全球产供链中的地位日趋稳固，各国欢迎中国商品，贸易战、关税战并未对中国产生过多影响；对于贸易活动而言，“堡垒”很少是信心的标志，美方修筑自己的“城墙”必将削弱自身活力。请问发言人对此有何评论？,面对复杂多变的外部环境，中国外贸运行平稳增长，韧性更强、活力更足。今年前8个月，中国的货物贸易进出口总值同比增长3.5％，东盟和欧盟成为中国前两大贸易伙伴，中国对共建“一带一路”国家合计进出口增长5.4％。,林剑
t20250917_11710000.html,总台央视记者,据报道，针对“美在台协会”（AIT）此前称《开罗宣言》《波茨坦公告》等文件“未决定台湾最终的政治地位”，美国务院发言人应询称，AIT已准确传递信息，中国大陆“扭曲”二战时期文件以支持其“胁迫”台湾行动，这些文件都没有决定台湾的“最终政治地位”。发言人对此有何评论？,此前我已经回答过有关问题。台湾回归中国是二战胜利成果和战后国际秩序的重要组成部分。1943年中美英三国政府发表《开罗宣言》，明确规定将日本窃取的台湾归还中国。1945年中美英苏发表《波茨坦公告》，重申“开罗宣言之条件必将实施”。同年日本签署《日本投降书》，承诺“忠诚履行波茨坦公告各项规定之义务”。这一系列具有国际法律效力的文件都清晰确认了中国对台湾的主权。,林剑
t20250917_11710000.html,法新社记者,包括美国迪士尼和环球影业在内的好莱坞影视巨头周一对中国人工智能公司MiniMax提起诉讼，指控其大规模侵犯版权。外交部对此有何评论？,我不了解你提到的情况，具体问题请向中方主管部门询问。中国一贯高度重视知识产权保护，依法依规履行承担的国际义务。,林剑
t20250917_11710000.html,彭博社记者,澳大利亚同巴布亚新几内亚就一项安全协议达成一致。外界认为澳方是在限制中国在该地区的影响力。外交部如何看待该协议？中方是否认为澳大利亚与太平洋岛国签署安全协议对地区和平与安全构成威胁？,包括巴布亚新几内亚在内的太平洋岛国面临的最大挑战是应对气候变化、加快实现发展。中方乐见其他国家加强同岛国合作，积极帮助岛国发展经济、改善民生，同时认为任何国家同岛国的合作都应坚持岛国自主、发展为先、开放包容，不针对第三方。,林剑
t20250917_11710000.html,法新社记者,中国驻新西兰大使馆表示，一名中国公民在新西兰机场转机时遭到无端滋扰盘问，使馆已向新西兰外交部提出交涉。外交部有无进一步评论？,我们敦促新西兰有关方面切实尊重和维护中国公民的合法权益。中国驻新西兰使馆也将提供必要领事协助。,林剑
t20250917_11710000.html,彭博社记者,原定在海南举行的韩国流行音乐“梦想演唱会”被无限期推迟。此前，韩国女子组合Kep1er也取消了在华演出。这似乎表明中国向韩国娱乐业重新开放市场存在障碍。外交部对有关演出被推迟或取消有何评论？,我不了解你提到的具体情况。中方对中韩间开展健康有益的文化交流不持异议。,林剑
t20250917_11710000.html,《环球时报》记者,据报道，15日，美国国务卿鲁比奥访问以色列，表示支持以方消灭哈马斯。16日，以色列军队对加沙城实施地面进攻并发动大规模空袭。以军称，估计加沙40％人口已经撤离。联合国独立调查委员会认为以方在加沙地带对巴勒斯坦人实施种族灭绝。请问中方对此有何评论？,中方坚决反对以色列升级在加沙军事行动，谴责一切伤害平民、违反国际法的行为，对局势进一步紧张升级深感担忧，反对有关方面拱火浇油。我们敦促以色列正视国际社会的强烈呼声，立即停止在加沙的军事行动，尽快实现全面持久停火，防止更大规模的人道主义危机。希望有关各方以地区和平稳定为重，秉持公正立场和负责任态度，切实为推动局势降温发挥建设性作用。,林剑
t20250918_11710955.html,法新社记者,赞比亚北部一家铜矿有毒物质大量泄漏，受此影响的近200名当地居民对两家同中国关联的公司提起索赔800亿美元的诉讼。这两家公司是谦比希湿法冶炼有限公司和中色非洲矿业有限公司。外交部对此有何评论？,据了解，有关事故发生后，相关企业积极担责，主动配合赞比亚政府开展处置，并对受损民众进行赔偿，相关工作成效明显。赞比亚政府已于8月7日召开新闻发布会，详细公布事故处理进展，对中国企业所作工作给予高度评价。关心的记者朋友可以自行查阅。,林剑
t20250918_11710955.html,总台华语环球节目中心记者,日前，联合国秘书长古特雷斯回答媒体提问时表示，中方提出的一系列全球倡议完全符合联合国宪章精神，充分尊重多边主义，全力支持联合国作为多边机构的核心地位，体现了中方坚定致力于推动国际合作与和平解决冲突。请问中方对此有何评论？,我们赞赏古特雷斯秘书长有关表态。中国坚定维护联合国在国际体系中的核心地位，践行真正的多边主义，始终是世界和平的建设者、全球发展的贡献者、国际秩序的维护者、公共产品的提供者。习近平主席提出全球发展倡议，着力解决发展不平衡、不充分问题，促进全球可持续发展；提出全球安全倡议，坚持对话而不对抗、结伴而不结盟、共赢而非零和，应对各类风险挑战；提出全球文明倡议，推动人民相知相亲、文明包容互鉴。,林剑
t20250918_11710955.html,法新社记者,《金融时报》报道称，中国互联网监管机构要求阿里巴巴、字节跳动等公司停止采购英伟达的RTX　Pro　6000D芯片。英伟达首席执行官黄仁勋称对此感到失望。外交部对此有何评论？能否确认《金融时报》报道的情况？,具体问题建议向中方主管部门了解。我们一贯反对在经贸科技问题上对特定国家采取歧视性做法。中方愿同各方保持对话合作，维护全球产供链稳定。,林剑
t20250918_11710955.html,总台国广记者,日前，《经济学人》《纽约时报》等刊文称，今年以来美国对拉美多国采取咄咄逼人的施压政策，宣称为了维护地区安全稳定要遏制中国所谓“剥削性做法”，胁迫地区国家减少甚至中断同中国发展关系，但收效甚微。美关税、制裁、军事施压等举动反而让拉美国家更加走近中国。发言人对此有何评论？,这再次证明，搞施压胁迫、霸凌霸道那一套不得人心，也越来越行不通。,林剑
t20250918_11710955.html,法新社记者,美国虚假信息监督机构“新闻护卫”（NewsGuard）称，中国等国家的官方媒体正在利用美国保守派活动人士查理·柯克遇刺事件发布数千条诋毁美国的虚假言论。外交部对此有何评论？,我此前已就此阐明中方立场。中方谴责一切非法暴力行径，同时我们坚决反对美国一些机构和人士动辄拿中国说事，坚决反对散布虚假信息、污蔑抹黑中国。,林剑
t20250918_11710955.html,法新社记者,美国总统特朗普和中国领导人预计将通话。外交部能否介绍更多细节和期待？,我没有可以提供的信息。,林剑
t20250918_11710955.html,路透社记者,关于日本731部队的电影《731》今天在中国影院上映，未来几天将在其他国家上映。中国今年接连推出多部二战题材电影，希望向外国政府传递什么信息？有无向日本传递的特别信息？,中国隆重举行纪念中国人民抗日战争暨世界反法西斯战争胜利80周年活动，目的是铭记历史、缅怀先烈、珍爱和平、开创未来。相关题材影视作品也是提醒世人以史为鉴、维护和平。中国是一个开放包容安全的国家。我们欢迎包括日本在内各国人士来华旅游、学习、经商和生活，将继续一视同仁维护在华外国人的安全。,林剑
t20250919_11711727.html,新华社记者,发言人刚才宣布李强总理将出席第80届联合国大会一般性辩论，请问中方对此访有何期待？,今年是世界反法西斯战争胜利和联合国成立80周年。当前，百年变局加速演进，全球治理赤字加剧，国际社会普遍期待维护联合国权威、加强联合国作用。联大一般性辩论为国际社会凝聚政治共识、加强团结协作、应对共同挑战提供了重要契机。,林剑
t20250919_11711727.html,阿纳多卢通讯社记者,美国总统特朗普称美政府希夺回阿富汗巴格拉姆空军基地，“不是因为阿富汗，而是因为中国，因为那里距中国制造核导弹的地点正好一小时（航程）。”中方对此有何评论？是否认为美方把阿富汗当作对抗中国的军事前哨，使阿再度陷入大国对抗的“大棋局”？,中方尊重阿富汗独立、主权和领土完整，始终认为阿富汗的前途命运应掌握在阿富汗人民的手中。我要强调，在地区渲染紧张、制造对抗不得人心。希望各方为地区和平稳定切实发挥建设性作用。,林剑
t20250919_11711727.html,俄罗斯卫星通讯社记者,据美国“Politico”报道，一艘货轮计划于9月20日从中国宁波港启程，试航经由北方海路的新航线。请问外交部如何评论北方海路对中国的作用？中方计划在该领域同俄罗斯开展怎样的合作？,中国是北极事务的重要利益攸关方，一贯本着“尊重、合作、共赢、可持续”的基本原则参与北极事务，与各方加强合作，维护北极和平稳定、促进北极可持续发展。,林剑
t20250919_11711727.html,中新社记者,全球公共安全合作论坛（连云港）2025年大会和第十二届北京香山论坛分别于9月17日、18日举行，外交部领导出席了两场论坛的活动，发言人能否进一步介绍相关情况？,9月17日，全球公共安全合作论坛（连云港）2025年大会在江苏省连云港市召开。9月18日上午，第十二届北京香山论坛开幕并举行第一次全体会议。两个论坛都是推进落实全球安全倡议合作的重要平台，也是促进全球治理合作的重要平台。,林剑
t20250919_11711727.html,阿纳多卢通讯社记者,中国领导人将与美国总统通话。中方对此次通话有何期待？,我没有可以提供的信息。,林剑
t20250922_11713177.html,总台央视记者,近期巴以冲突紧张局势进一步升级，造成大量巴勒斯坦平民死伤和流离失所。我们注意到，多个国家陆续宣布承认巴勒斯坦国，其中不乏英国、加拿大、澳大利亚等西方国家。但同时，美国仍然在向以色列出售武器装备，并宣称同海湾国家商讨战后加沙临时治理架构。中方对此有何评论？,早日结束冲突、构建持久和平，是巴以和中东地区民众的共同期盼，也是国际社会的当务之急。,郭嘉昆
t20250922_11713177.html,路透社记者,李强总理本周出席联合国大会，是否将致辞？是否将宣布新的应对气候变化计划？,关于李强总理出席第80届联合国大会一般性辩论及相关高级别活动的具体情况，中方将适时发布消息，你可以保持关注。,郭嘉昆
t20250922_11713177.html,彭博社记者,特朗普总统表示将在亚太经合组织领导人非正式会议期间同习近平主席会面，并对双方在敲定TikTok协议上取得的进展表示赞赏。除了已经公布的消息稿，发言人能否提供更多信息？两国元首是否将在亚太经合组织领导人非正式会议期间会面？能否介绍更多TikTok协议的细节？,元首外交对中美关系发挥着不可替代的战略引领作用，中美两国元首保持着密切的沟通和交往。关于你提到的具体问题，中美双方正在沟通之中，我目前没有可以提供的信息。,郭嘉昆
t20250922_11713177.html,韩联社记者,昨天，朝鲜国务委员长金正恩在最高人民会议发表讲话称，我们绝对不会无核化，如果美国放弃对无核化的执念，朝方没有理由不同美方面对面。中方如何看待朝鲜不会无核化的立场？,中方关注朝鲜半岛局势发展演变。维护半岛和平稳定，推动半岛问题政治解决进程，符合各方共同利益。希望有关方正视半岛问题症结和根源，坚持政治解决大方向，为缓和紧张局势、维护地区和平稳定作出努力。,郭嘉昆
t20250922_11713177.html,新华社记者,我们注意到，国务院新闻办日前发布了《新时代中国推进妇女全面发展的实践与成就》白皮书，发言人可否进一步介绍发布白皮书有关情况？,30年前，联合国第四次世界妇女大会在北京成功举行。为纪念北京世妇会，推动落实《北京宣言》和《行动纲领》，10年前中国政府和联合国妇女署在纽约联合国总部共同举办了全球妇女峰会。5年前，习近平主席倡议于2025年再次召开全球妇女峰会。,郭嘉昆
t20250922_11713177.html,路透社记者,上周，特朗普政府将首次H－1B签证申请费提高至10万美元。这一政策变化将如何影响中国科技产业从业人员？外交部能否介绍，为吸引外国科技人才，中国近年来已经出台或正在制定哪些政策？,关于第一个问题，中方对美国的签证政策不作评论。,郭嘉昆
t20250922_11713177.html,彭博社记者,美国国会众议员代表团于昨天抵达中国，同中方举行了会谈。这是美国会众议员代表团六年来首次正式访华。外交部对此有何评论？,李强总理会见了美国国会众议员代表团史密斯一行，中方已经发布了消息，你可以查阅。中美在各领域保持着沟通。中方愿同美方相互尊重、和平共处、合作共赢，本着平等、尊重、互惠的精神，加强各领域对话交流，通过沟通解决各自关切。希望美方与中方相向而行，共同推动双边关系沿着正确轨道向前发展。,郭嘉昆
t20250922_11713177.html,路透社记者,台湾外事部门负责人林佳龙近期访问了奥地利维也纳。我们注意到，一周前王毅外长也访问了奥地利。外交部对此有何评论？,世界上只有一个中国，台湾是中国领土不可分割的一部分。,郭嘉昆
t20250923_11714020.html,中新社记者,我们注意到，近日中老铁路全线累计开行货物列车突破6万列，货运量连续3年实现两位数增长，评论认为，中老铁路成为联通中国与东盟国家的“黄金大通道”。近年来，中国东盟合作不断按下“加速键”，跑出“加速度”。发言人对中国与东盟国家合作发展有何进一步评论？,中老铁路是中国和东盟共建“一带一路”、共促区域经济一体化的样板，见证了中国与东盟国家双向奔赴的澎湃动能。近年来，中国与东盟国家各领域务实合作稳步推进，成果丰硕。2024年中国与东盟贸易总值近1万亿美元，双方连续5年互为第一大贸易伙伴。截至2025年7月，双向投资额累计突破4500亿美元。2024年至2025年双方共同举办“中国—东盟人文交流年”系列活动，有力增进人员往来和民心相通。双方还携手打造数字经济、人工智能、新能源等合作新亮点，推动区域发展提质向新。不久前第22届中国—东盟博览会成功举行，近70款重磅新品首发，充分彰显中国与东盟国家把握发展新机遇、开辟合作新空间的无限潜能。,郭嘉昆
t20250923_11714020.html,法新社记者,白宫周一表示，在出售TikTok美国业务的协议中，甲骨文公司将为“美国版TikTok”的算法提供安全服务。外交部对此有何评论？,中方此前已经阐明了关于TikTok问题的立场，你可以查阅。,郭嘉昆
t20250923_11714020.html,路透社记者,美日韩三国外长发表联合声明，对台湾周边日益频繁的破坏稳定活动表示担忧，并强烈反对在南海的“非法”海洋主张。外交部对此有何回应？,美日韩三国在台湾和涉海问题上说三道四，干涉中国内政，诬蔑抹黑中国，中方对此强烈不满，坚决反对。,郭嘉昆
t20250923_11714020.html,今日俄罗斯记者,俄罗斯总统普京昨天表示，《新削减战略武器条约》将于明年2月5日到期，俄方愿在到期后的一年内继续遵守条约相关限制性要求。他还表示，只有美方采取同样行动，俄方才会继续遵守。中方对此有何评论？,中方赞赏俄方展现的积极姿态。在美俄《新削减战略武器条约》问题上，中方立场是一贯的。美俄作为两个拥有最大核武库的国家，应当切实履行核裁军特殊、优先责任，恢复执行《新削减战略武器条约》并商讨后续安排，继续以可核查、不可逆且有法律约束力的方式，进一步大幅、实质削减核武库。这也是国际社会的普遍期待。,郭嘉昆
t20250923_11714020.html,法新社记者,中国领导人曾表示，中方将在11月联合国气候变化贝伦大会前宣布2035年国家自主贡献目标。外交部能否透露，中方将何时公布这一新目标？,气候变化是全人类面临的共同挑战，没有一个国家能够置身事外，也没有一个国家能够独善其身。中国积极应对气候变化的决心和行动一以贯之。中方将同各方一道，秉持人类命运共同体理念，积极应对气候变化挑战，共同推进全球绿色低碳转型进程。关于你提到的具体问题，建议向中方主管部门询问。,郭嘉昆
t20250923_11714020.html,巴西《圣保罗页报》记者,在确认巴西没有禽流感疫情后，欧盟恢复自巴西进口鸡肉。中方是否也会恢复进口？,中国是巴西第一大贸易伙伴，巴西也是中国在拉美最大贸易伙伴。长期以来，中巴在经贸、海关检验检疫等领域长期保持密切合作和良好沟通，互利友好合作惠及两国人民。关于你提到的具体问题，建议向中方主管部门了解。,郭嘉昆
t20250923_11714020.html,法新社记者,瓦努阿图媒体援引瓦内政部长表态称，瓦方正在寻求同中方达成一项警务与安全协议。外交部能否证实并提供更多细节？,中方同瓦努阿图开展合作，建立在相互尊重、平等协商、互利共赢、开放包容的基础上。中方将继续根据瓦努阿图意愿和需求，提供力所能及的支持，加强各领域友好交流合作，造福两国和两国人民。你提到的具体问题，建议向中方主管部门了解。,郭嘉昆
t20250923_11714020.html,巴西《圣保罗页报》记者,作为中美关税谈判的一部分，中方是否有意增加自美国进口大豆？,具体问题建议向中方主管部门了解。我要强调的是，关税战、贸易战不符合任何一方利益。双方应在平等、尊重、互惠的基础上，协商解决有关问题。,郭嘉昆
t20250924_11715972.html,总台央视记者,据报道，当地时间9月23日，中方在纽约联合国总部举办全球发展倡议高级别会议，多国领导人、外长和部长级官员、重要国际组织负责人等与会。发言人能否进一步介绍有关情况？,李强总理出席在纽约联合国总部举行的全球发展倡议高级别会议并致辞。李强总理指出，习近平主席2021年在联合国大会上提出全球发展倡议，为推进共同发展发挥了重要引领作用。这一重要倡议吸引了130多个国家和国际组织积极参与，成为广受欢迎的国际公共产品。当前国际发展合作受到严重冲击，各方应该持续聚焦发展，营造稳定开放的国际发展环境，构建均衡普惠的发展伙伴关系，培育面向未来的创新发展动能，促进更可持续的绿色低碳发展。,郭嘉昆
t20250924_11715972.html,深圳卫视记者,据报道，台湾当局以“国家安全”为由，对向南非出口芯片实施限制。台所谓“经济部”发表声明称，宣布对出口南非的47项产品实施出口管制，呼吁南非就此事尽快与台协商。新规将于公示60天后生效。这一决定是在南非将台机构更名降级并将其迁出行政首都比勒陀利亚之际作出的。请问中方对此有何评论？,台湾当局大搞政治操弄，蓄意干扰破坏全球芯片产供链稳定，妄图以芯片“武器化”对抗国际社会一个中国原则共识，只会以失败告终。近年来，中国芯片产业发展迅速，成熟制程芯片产能约占全球的28％，先进制程芯片领域不断实现突破性发展。据南非海关统计，2024年中国大陆向南非出口芯片是台湾地区对南非芯片贸易量的3倍。台湾当局有关举措不会对南非相关产业产生实质影响，只会反噬其身。,郭嘉昆
t20250924_11715972.html,中阿卫视记者,联合国已有157国承认巴勒斯坦国，但依然有30多个国家不承认，其中包括美国、以色列、日本、德国等国。中方对此有何评论？,越来越多国家承认巴勒斯坦国，充分表明了国际社会的主流意愿和共同期盼。巴勒斯坦问题是中东问题的核心，“两国方案”是解决巴勒斯坦问题的唯一现实出路。中方将继续同国际社会一道努力，坚定支持巴勒斯坦人民实现独立建国，为早日全面、公正、持久解决巴勒斯坦问题作出不懈努力。,郭嘉昆
t20250924_11715972.html,《中国日报》记者,我们注意到，李强总理在全球发展倡议高级别会议上提出《“人工智能＋”国际合作倡议》。发言人能否进一步介绍有关情况？,人工智能技术具有鲜明的赋能属性，与千行百业深度融合是大势所趋。《“人工智能＋”国际合作倡议》是中国面向国际社会提供的又一重要公共产品。《倡议》围绕人工智能赋能民生福祉、科技进步、产业应用、文化繁荣、人才培养等五大重点方向，呼吁各国结合自身国情积极推进“人工智能＋”行动，本着相互尊重、互利共赢原则加强政策交流和务实合作。,郭嘉昆
t20250924_11715972.html,彭博社记者,追问一下，台湾方面表示，中国大陆对南非“施压”要求关闭或迁址“台驻南非代表处”。外交部对此有何评论？,支持一个中国原则是国际社会的普遍共识和国际关系的基本准则。一个中国原则是中国同其他国家发展关系的基础，我们赞赏南非政府始终恪守一个中国原则。,郭嘉昆
t20250924_11715972.html,中阿卫视记者,在联合国安理会乌克兰问题高级别会议上，泽连斯基总统表示，中国是个强大国家，现在俄罗斯完全“依赖中国”，必须促俄“停止战争”，如果没有中国，俄罗斯什么都不是，然而中国常常保持沉默。中方对此有何评论？,中方在乌克兰危机问题上一向光明磊落，从危机爆发第一天起，中方就秉持客观公正立场、坚持劝和促谈，有关各方对此是清楚的。,郭嘉昆
t20250924_11715972.html,法新社记者,李强总理正在出席联大一般性辩论及相关高级别活动，他是否还将出席联合国气候变化峰会？中方期待在峰会上传递什么信息？,关于李强总理出席第80届联合国大会一般性辩论及相关高级别活动的有关情况，中方会适时发布消息，请你保持关注。,郭嘉昆
t20250924_11715972.html,法新社记者,追问关于联合国气候变化峰会的问题，美方将不会出席该峰会，中方对美方缺席有何评论？,气候变化是全人类面临的共同挑战，国际合作是唯一出路。中方将继续同各方一道，深化绿色低碳务实合作，合力应对气候变化，推动实现全球可持续发展。,郭嘉昆
t20250924_11715972.html,凤凰卫视记者,北京时间9月24日上午，日本首相石破茂在美国纽约出席第80届联合国大会一般性辩论并发表演讲，提及对历史问题的认识。中方对此有何评论？,中方注意到石破首相在演讲中表示“如不认真直面历史，就无法开拓光明的未来。绝不能让战争惨祸重演”“战后亚洲人民以宽容的精神接纳了日本。”但我们也注意到演讲未提“侵略”“道歉”，回避了战争加害者的责任。石破首相此前还曾表示日本秉持“正视历史、面向未来”的精神，坚持走和平发展道路，要反省历史，牢记历史教训，不再重蹈战争覆辙。,郭嘉昆
t20250924_11715972.html,法新社记者,特朗普周二在联合国大会上发表演讲，指责中国、印度购买俄罗斯石油，是乌克兰危机的“主要资助者”。发言人对此有何评论？特朗普还就联合国作用等发表大量批评言论，发言人对此怎么看？,在乌克兰危机问题上，中方一贯秉持客观公正立场，积极劝和促谈。包括美欧在内的大多数国家都在同俄罗斯开展贸易。中俄企业正常交往合作符合世贸规则和市场原则，不针对第三方，也不应该受到干扰和影响。中方将采取一切必要措施，坚决维护自身正当权益。,郭嘉昆
t20250924_11715972.html,法新社记者,李强总理周二在纽约表示，中国在世贸组织未来谈判中将不寻求新的特殊和差别待遇。中方为何作出这一决定？,李强总理在全球发展倡议高级别会议上宣布，中国作为负责任的发展中大国，在世贸组织当前和未来谈判中将不寻求新的特殊和差别待遇。这既是支持多边贸易体制的主动举措，也是中方落实全球发展倡议和全球治理倡议的重要行动。,郭嘉昆
t20250925_11716956.html,总台央视记者,在日前拉开帷幕的第80届联合国大会一般性辩论上，多数国家领导人发言支持维护联合国的核心作用，但也有个别国家发出了不一样的声音。请问中方对此有何评论？,作为世界上最具普遍性、代表性和权威性的政府间国际组织，过去80年来，联合国为维护和平与安全、促进经济社会发展发挥了不可替代的重要作用。在本届联大一般性辩论上，绝大多数国家发出了捍卫多边主义、支持联合国作用的正义声音，也代表了国际社会的普遍共识和共同心声。,郭嘉昆
t20250925_11716956.html,总台华语环球节目中心记者,纽约时间9月24日，习近平主席向联合国气候变化峰会发表视频致辞，宣布了中国新一轮国家自主贡献目标。你能否进一步介绍有关情况？,习近平主席在联合国气候变化峰会发表视频致辞，呼吁各方坚定信心、担当尽责、深化合作，并郑重宣布中国新一轮国家自主贡献一揽子目标，体现了中国对多边主义的坚守，对联合国的支持。这是中国首次提出绝对量减排目标，并且覆盖全经济范围、包括所有温室气体。,郭嘉昆
t20250925_11716956.html,路透社记者,林佳龙在联大一般性辩论期间在纽约出席活动。中方对此有何评论？,我们注意到有关报道。美方允许林佳龙在联合国大会期间窜访纽约，为“台独”分裂势力谋“独”挑衅提供哗众取宠的表演舞台，是对中国内政的粗暴干涉，对一个中国原则和中美三个联合公报规定的严重破坏，向“台独”分裂势力发出严重错误信号。中方对此表示强烈不满和坚决反对。,郭嘉昆
t20250925_11716956.html,法新社记者,韩国今天表示，朝鲜已拥有多达两吨的高浓缩铀，认为这足够制造大量核武器。作为朝鲜邻国，中方对此有何评论？,维护半岛和平稳定，推动半岛问题政治解决进程，符合各方共同利益。希望有关方正视半岛问题症结和根源，坚持政治解决大方向，为缓和紧张局势、维护地区和平作出努力。,郭嘉昆
t20250925_11716956.html,法新社记者,中国著名建筑师俞孔坚昨天在巴西不幸坠机去世。请问外交部对此有何回应？,我们对俞孔坚教授不幸离世表示沉痛哀悼，向他的家属表示诚挚慰问，中国驻巴西使馆将继续协助善后。,郭嘉昆
t20250926_11717872.html,总台央视记者,我们注意到，古特雷斯秘书长在联大期间表示，联合国正面临前所未有的考验，可持续发展目标推进受阻，贫困与饥饿现象加剧，他呼吁重塑国际合作根基，为各国人民创造福祉，以团结和勇气应对当今世界的挑战。巴西总统卢拉等各国领导人也在联大一般性辩论中呼吁合作应对饥饿和贫困问题。中方对此怎么看？,消除贫困和饥饿是联合国2030年可持续发展议程的首要目标，也是国际社会的共同意愿。,郭嘉昆
t20250926_11717872.html,路透社记者,美国总统特朗普签署行政令，允许TikTok在美继续运营。美副总统万斯称TikTok公司估值约为140亿美元。外交部能否证实并提供更多关于TikTok协议的信息？,中方主管部门已经介绍了中美TikTok问题基本框架共识的有关情况，你可以查阅。我要重申，中方在TikTok问题上的立场是清楚的，中国政府尊重企业意愿，乐见企业在符合市场规则基础上做好商业谈判，达成符合中国法律法规、利益平衡的解决方案。希望美方为中国企业到美国投资提供开放、公平、非歧视的营商环境。,郭嘉昆
t20250926_11717872.html,委内瑞拉南方电视台记者,美国以打击贩毒为由向加勒比海部署军舰和军队，引发外界对地区和平和委内瑞拉主权遭到威胁的担忧。目前，委内瑞拉渔船又遭到袭击。请问中方对此持何立场？,中方反对在国际关系中使用或威胁使用武力，反对破坏拉美和加勒比地区和平稳定，反对外部势力以任何借口干涉委内瑞拉内政。,郭嘉昆
t20250926_11717872.html,《环球时报》记者,日前，在第80届联合国大会高级别周期间召开的中国、俄罗斯、巴基斯坦、伊朗四国外长阿富汗问题非正式会议发表了《联合声明》。声明提及，“四方强调阿富汗的主权、独立和领土完整应得到尊重，坚决反对那些对阿富汗当前局面负有责任的国家在阿富汗及本地再建军事基地，这无助于地区和平稳定”。有舆论认为，上述内容是对美总统特朗普希夺回巴格拉姆军事基地的言论作出的回应。请问中方对此有何评论？,9月25日，中国、俄罗斯、巴基斯坦、伊朗四国外长阿富汗问题非正式会议在纽约第80届联合国大会期间召开，中国外交部阿富汗事务特使岳晓勇现场参会。会议发表《联合声明》，强调尊重阿富汗的主权、独立和领土完整，重申坚决反对那些对阿富汗当前局面负有责任的国家在阿富汗及本地区再建军事基地。这充分体现了阿富汗邻国对阿富汗主权、独立和民族尊严的尊重以及国际社会助阿稳阿的共同意志。中方作为阿富汗邻国和负责任国家，愿继续同国际社会一道，向阿方提供援助，为阿富汗和平重建发挥建设性作用。,郭嘉昆
t20250926_11717872.html,日本共同社记者,据报道，日本前首相、自民党最高顾问麻生太郎25日会见台湾地区“立法院院长”，称“台湾是与日本共享基本价值观的国家”。请问中方对此有何评论？,日本个别政客在台湾问题上屡次挑衅滋事，严重违背一个中国原则和中日四个政治文件精神，粗暴干涉中国内政，我们对此强烈不满和坚决反对，已经通过外交渠道提出严正交涉。世界上只有一个中国，台湾是中国领土不可分割的一部分，这是台海的真正现状。《开罗宣言》、《波茨坦公告》明确规定把日本窃取的中国领土，包括台湾、澎湖列岛归还中国，构成了二战后国际秩序的重要组成部分。,郭嘉昆
t20250926_11717872.html,波兰通讯社记者,波兰外长西科尔斯基近日接受《外交事务》杂志采访时称，中国是唯一一个可能让俄罗斯结束战事的国家，但中国不愿这么做，因为这场战事“正合中国心意”。中国通过向俄出售军民两用物项及其他产品获利。我们知道中方在乌克兰危机问题上的立场一贯明确。中方对西科尔斯基外长的表态作何回应？如果中方希望战事结束，中方会否向俄方施压要求其停止战事？,中国不是乌克兰危机的制造者和当事方，但作为联合国安理会常任理事国和负责任大国，我们始终秉持客观公正立场，积极劝和促谈，得到国际社会广泛认可，相信波方对此也是清楚的。,郭嘉昆
t20250926_11717872.html,俄新社记者,巴勒斯坦驻俄罗斯大使向俄新社表示，巴勒斯坦提交了正式加入金砖国家的申请，但暂未收到回复。外交部有何评论？中方是否支持巴勒斯坦加入金砖国家？,金砖国家是发展中国家和新兴市场国家开展合作的重要平台，为世界多极化和国际关系民主化注入强劲动力，得到全球南方国家广泛认同。我们欢迎志同道合的伙伴参与到金砖合作中来，共同推动国际秩序朝着更加公正合理的方向发展。,郭嘉昆
t20250926_11717872.html,法新社记者,联合国安理会今天将就推迟恢复联合国对伊朗制裁的决议进行投票表决。该决议由中国和俄罗斯提出，但可能不会获得通过，这意味着联合国对伊制裁将于明日恢复。中方对此有何评论？,中方始终坚持通过政治外交手段解决伊朗核问题，反对武力威胁和制裁施压。启动安理会“快速恢复制裁”不具有建设性，无助于各方重建信任、弥合分歧。当务之急是各方加大外交努力，避免危机升级。中方将继续劝和促谈，为达成兼顾各方合理关切的解决方案发挥建设性作用。,郭嘉昆
t20250926_11717872.html,中新社记者,9月23日，泰国新任总理阿努廷出席中国驻泰国使馆举办的庆祝中华人民共和国成立76周年招待会，在致辞中高度赞赏中国取得的巨大发展成就及为世界和平、稳定与繁荣发挥的重要作用，强调泰中亲如一家，欢迎中国企业赴泰投资、中国游客赴泰旅游。请问中方有何评论？,泰国总理阿努廷日前出席中国驻泰国使馆举办的庆祝中华人民共和国成立76周年招待会并发表讲话，体现了泰国新一届政府对发展中泰关系的高度重视，各方反响积极。,郭嘉昆
t20250926_11717872.html,《金融时报》记者,对于TikTok交易及其协议，中方能否进一步评论或提供更多信息？,我刚才已经回答了这个问题。,郭嘉昆
t20250926_11717872.html,委内瑞拉南方电视台记者,为准备11月在巴西召开的《联合国气候变化框架公约》第三十次缔约方大会（COP30），联合国举行了气候变化峰会。中国领导人视频致辞，就应对全球变暖和减少温室气体排放作出新的重大承诺。对于今年COP30大会，中方有何期待？,近日，习近平主席在联合国气候变化峰会发表视频致辞，郑重宣布中国新一轮国家自主贡献一揽子目标，体现了中国对联合国的支持，对多边主义的坚守，对推进气候行动的决心，也为联合国气候变化贝伦大会注入了强大政治动力。,郭嘉昆
t20250929_11719904.html,新华社记者,在第80届联合国大会召开之际，美国国会一些议员发表声明，妄称中国大陆长期以来歪曲联大第2758号决议内涵，试图将决议与一个中国原则挂钩进而在联合国内部孤立台湾，呼吁国际社会支持台湾当局有意义地参与联合国及其下设机构。发言人对此有何评论？,《开罗宣言》和《波茨坦公告》明确规定把日本窃取的台湾和澎湖列岛归还中国，构成了战后国际秩序的重要组成部分。正是基于“台湾是中国领土”这一事实和前提，1971年，第26届联大以压倒性多数通过第2758号决议，恢复了中华人民共和国在联合国的一切合法权利。这一决议郑重确认了世界上只有一个中国，台湾是中国领土不可分割的一部分，中华人民共和国政府是代表全中国的唯一合法政府，不存在“两个中国”、“一中一台”。,郭嘉昆
t20250929_11719904.html,路透社记者,本周三生效的K字签证在全球引发广泛关注，发言人能否介绍K字签证申请程序、费用、相关福利和激励举措等具体信息？,为促进中外青年科技人才交流与合作，中方决定在普通签证类别下增设青年科技人才签证，即K字签证。关于申办K字签证的具体事宜，请关注中国驻外使领馆即将发布的相关信息。,郭嘉昆
t20250929_11719904.html,香港中评社记者,近期，台湾当局派员以不同名义和身份窜访有关国家。发言人对此有何评论？,我们注意到有关情况。,郭嘉昆
t20250929_11719904.html,路透社记者,上周六，罗冠聪在抵达新加坡时被新方拒绝入境并被遣返回美国。请问新加坡是否与香港特区有涉及引渡的协议？如果有，新方难道不应该将罗冠聪遣返回香港吗？,我不了解你提到的情况，各国有权自主进行出入境管理。你提到的这个人是被香港警方依法通缉的反中乱港分子。,郭嘉昆
t20250929_11719904.html,《中国日报》记者,近日台湾当局发布新版“海洋政策白皮书”，称近年来大陆海警船频繁在钓鱼岛周边海域活动，干扰在相关海域的日方舰机和渔船等，借此凸显钓鱼岛主权争议。请问中方对此有何评论？,钓鱼岛及其附属岛屿是中国固有领土。针对损害中国领土主权的挑衅行动，中国政府当然要采取一切必要措施坚决应对，有关做法合理合法，无可非议。,郭嘉昆
t20250929_11719904.html,路透社记者,王毅外长同朝鲜外相崔善姬会谈时提到，双方职责是共同促进地区和平与发展。朝鲜国务委员长金正恩此前称，朝鲜绝对不会放弃核武器。中方是否支持朝方以自卫为由使用并发展核武器？,关于中朝两国外长举行会谈的情况，中方已经发布了消息，你可以查阅。中方在半岛问题上的立场和政策保持连续性、稳定性。中方将继续以自己的方式为维护半岛和平稳定、推动半岛问题政治解决进程发挥建设性作用。,郭嘉昆
t20250929_11719904.html,彭博社记者,《华尔街日报》报道称，中方正推动美方调整在台湾问题上的表述，要求美方从“不支持‘台独’”转向正式声明“反对‘台独’”。中方能否予以证实并提供更多信息？,台湾问题是中国核心利益中的核心，是中美关系第一条不可逾越的红线。一个中国原则是国际关系基本准则和国际社会普遍共识，也是中美关系的政治基础。坚持一个中国原则，就理所应当反对“台独”分裂。,郭嘉昆
t20250929_11719904.html,彭博社记者,你刚才表示“坚持一个中国原则，就理所应当反对‘台独’分裂”。美国坚持一个中国政策，而非一个中国原则，两者有所不同。中方是否要求美方改变其一个中国政策并反对“台独”？,刚才我已经作了回应。我们敦促美方按照一个中国原则和中美三个联合公报处理台湾问题。,郭嘉昆
t20250929_11719904.html,澎湃新闻记者,据报道，27日，印度泰米尔纳德邦首席部长称，当日在一名知名演员发起的集会上发生了踩踏事件，造成至少36人死亡、50余人受伤。中方对此有何评论？,我们注意到这一不幸事件，谨对遇难者表示深切哀悼，向遇难者家属和伤者表示诚挚慰问。中国驻印度使馆已在第一时间表达了哀悼和慰问。据了解，暂无中国公民在事件中伤亡的报告。,郭嘉昆
t20250930_11721739.html,总台央视记者,我们注意到，近期联合国秘书长古特雷斯、联大主席贝尔伯克等均表示中方提出的全球治理倡议内涵丰富，核心理念与联合国宪章宗旨和原则相契合。本届联大一般性辩论期间，多国领导人发言赞赏全球治理倡议。与此同时，古特雷斯直言多边主义“受到冲击”，媒体也非常关注当前的全球治理赤字和改革完善全球治理的紧迫需要。发言人对此有何评论？,在联合国成立80周年这一历史节点，各国都在思考人类社会向何处去，是坚持多边主义还是纵容丛林法则回归，是重振国际合作还是任由单边霸凌横行。从今年联大一般性辩论来看，国际社会的普遍共识是联合国地位必须维护，全球治理需要加强。不久前，习近平主席提出全球治理倡议，强调奉行主权平等、遵守国际法治、践行多边主义、倡导以人为本、注重行动导向，为破解世界治理难题提供了“中国方案”。倡议的核心理念同联合国宪章宗旨和原则一脉相承，展现了中国对联合国的坚定支持，反映了国际社会的共同心声，得到广泛支持。,郭嘉昆
t20250930_11721739.html,路透社记者,台湾一位“官员”在波兰表示，台湾和欧洲都面临同样的“威权主义”威胁。外交部对此有何评论？,世界上只有一个中国，台湾是中国领土不可分割的一部分。一个中国原则是中国和建交国建立和发展外交关系的政治基础，也是国际关系基本准则和国际社会广泛共识。中方一贯坚决反对建交国同中国台湾地区开展任何形式的官方往来。我们敦促有关国家严格恪守一个中国原则，停止为“台独”分子活动提供平台，不向“台独”分裂势力发出任何错误信号。,郭嘉昆
t20250930_11721739.html,土耳其阿纳多卢通讯社记者,美国总统特朗普宣布了一项旨在结束加沙冲突的计划，其中包括以色列分阶段撤军、过渡政府治理和安全安排。中方对此有何评论？,中方欢迎和支持一切有利于缓解巴以紧张局势的努力，呼吁有关各方切实落实联合国有关决议，立即实现加沙全面停火、释放全部被扣押人员，尽快缓解当地人道主义灾难。中方主张坚持“巴人治巴”原则，推动落实“两国方案”，愿同国际社会一道，为早日全面、公正、持久解决巴勒斯坦问题作出不懈努力。,郭嘉昆
t20250930_11721739.html,路透社记者,特朗普总统周一宣布将对进口木材木料、橱柜、浴室梳妆台和软垫家具征收额外关税。外交部对此有何评论？,关税战、贸易战没有赢家，搞保护主义没有出路。,郭嘉昆
t20250930_11721739.html,中新社记者,今天上午，国务院发展研究中心发布了《中国发展报告2025》，发言人对此有何评论？,《中国发展报告2025》记录了2024年中国式现代化的思想成果、制度成果和实践成果，从创新、协调、绿色、开放、共享等角度全景式展现了中国式现代化面临的新形势和取得的新成效，为世界各国研究中国发展道路、探索共同发展路径提供了借鉴。,郭嘉昆
t20250930_11721739.html,路透社记者,阿富汗民众和网络监测机构表示，阿全国互联网和手机服务中断，但政府并未解释原因。外交部对此有何评论？,我们注意到有关报道。,郭嘉昆
t20250930_11721739.html,印尼安塔拉通讯社记者,明天即将迎来中国国庆假期，预计日均跨境人次将达数百万。鉴于中国实施免签等政策，假期期间自然也会有外国游客来华。中方如何确保国内外所有游客的安全？,国庆节、中秋节假期在中国常被称为“黄金周”，相信很多朋友都有出行计划。我们欢迎更多外国朋友用好中国签证便利化措施，到中国来走一走，看一看，感受多姿多彩的中国，相信一定不虚此行。中国政府也将采取必要措施保障国内外游客的安全，也提醒来华外国游客注意加强自身安全防范。 共提延期决议草案旨在为伊朗核问题外交谈判争取更多时间和更大空间，为最终实现政治解决创造有利条件。有关国家执意推动“快速恢复制裁”不具建设性，此举导致伊朗核问题政治外交解决进程严重倒退。,郭嘉昆
t20251009_11724430.html,总台央视记者,中方发布了习近平主席将出席全球妇女峰会开幕式并发表主旨讲话的消息，能否进一步介绍峰会整体情况？,今年是联合国成立80周年，也是联合国第四次世界妇女大会即北京世妇会召开30周年。30年前，北京世妇会通过《北京宣言》和《行动纲领》，成为世界妇女事业发展的里程碑。2020年，习近平主席视频出席联合国大会纪念北京世妇会高级别会议并发表重要讲话，倡议在2025年再次召开全球妇女峰会。,郭嘉昆
t20251009_11724430.html,俄新社记者,意大利副总理兼外长塔亚尼表示，请求中国支持2026年2月冬奥会期间针对包括乌克兰和中东地区冲突在内的所有战争的奥林匹克休战决议。中方是否支持这一决议？,奥林匹克休战传统源远流长，承载着人类渴望和平、守望相助的美好追求，同联合国维护国际和平与安全的初心使命一脉相承。当前，世界既不太平也不安宁，地区安全热点此起彼伏。中方支持以奥林匹克休战决议为契机，以对话消弭分歧、以合作替代对抗，增进相互理解，维护世界和平与发展。,郭嘉昆
t20251009_11724430.html,《中国日报》记者,据报道，联合国人权理事会第60届会议协商一致通过中国主提的经社文权利决议。发言人能否进一步介绍相关情况？,10月6日，联合国人权理事会第60届会议以协商一致方式，通过中国代表玻利维亚、埃及、巴基斯坦和南非等近70国提交的“消除不平等背景下促进和保护经济社会和文化权利”决议。决议呼吁加强多边主义和国际合作，充分发挥中方提议设立的“联合国经社文权利知识中心”平台作用，为有需要国家提供技术援助，加强能力建设。,郭嘉昆
t20251009_11724430.html,《环球时报》记者,据报道，美国国会众议院“中国特设委”近期出台所谓“签证政策如何导致中国国防机构利用美高等教育”的调查报告，抹黑并建议限制中美正常教育交流合作。发言人对此有何评论？,你提到的这个机构一贯出于政治目的攻击抹黑中国，毫无信誉可言。针对其恶劣行径，中方已向美方提出严正交涉。,郭嘉昆
t20251009_11724430.html,总台CGTN记者,近日，印度外交部表示，印度和中国之间的直航航班将于10月底前恢复。中方对此有何评论？,中国和印度将于今年10月底前恢复直航航班，这是双方认真落实习近平主席和莫迪总理8月31日天津会晤重要共识的最新体现，也是便利中印两国28亿多人民友好交往的积极举措。,郭嘉昆
t20251009_11724430.html,英国广播公司记者,名为克里斯托弗·卡什和克里斯托弗·贝里的两名英国人被指控在英为中国从事间谍活动。中方对此有何回应？,关于你提到的案件，英方司法部门既然已经撤销起诉，充分说明所谓“为中国从事间谍活动”的说法纯属子虚乌有。中方坚决反对借炒作“间谍活动”、渲染“中国威胁”对中国进行诬蔑抹黑，奉劝英方一些人不要患上被迫害妄想症。,郭嘉昆
t20251009_11724430.html,法新社记者,中国国务院总理李强今天抵达朝鲜，参加朝鲜劳动党成立80周年庆祝活动。这是2009年以来中国总理首次访问朝鲜。中方想借此次访问向世界传递什么信号？,关于李强总理访问朝鲜，中方已经发布了消息，你可以查阅。中朝是传统友好邻邦。维护好、巩固好、发展好中朝关系始终是中国党和政府坚定不移的战略方针。今年是朝鲜劳动党建党80周年。中方愿以此访为契机，同朝方一道，以两党两国最高领导人重要共识为指引，加强战略沟通，密切交往合作，推动中朝传统友好合作关系不断向前发展。,郭嘉昆
t20251009_11724430.html,英国广播公司记者,习近平主席会否出席本月底至下月初在韩国举办的亚太经合组织领导人非正式会议？届时他是否将访问韩国，并与美国总统特朗普会晤？,中方高度重视亚太经合组织合作，愿同各方一道，推动今年会议取得积极成果，助力亚太和世界经济增长。关于你提到的具体问题，我目前没有可以提供的信息。,郭嘉昆
t20251009_11724430.html,《北京青年报》记者,据报道，安第斯共同体近日举行第三十一次外长理事会，会议讨论通过接纳中国成为观察员国。中方对此有何评论？,安第斯共同体是拉美地区重要一体化组织，早在2000年中方就同安共体建立了政治磋商机制。中国同安共体成员国关系一直保持良好发展势头，双方政治互信牢固，务实合作成果丰硕，人文交流精彩纷呈。中方愿以成为安共体观察员国为契机，同安方开启双多边相互促进的新合作格局，更好造福双方人民，共同为构建中拉命运共同体作出贡献。,郭嘉昆
t20251009_11724430.html,法新社记者,美国政府昨天称，已解雇一名未申报与中国公民存在恋爱关系的美国务院雇员。外交部对此有何评论？,这是美方内部事务，我们不作评论，但我们反对搞意识形态划线、对华恶意抹黑。,郭嘉昆
t20251009_11724430.html,法新社记者,中方对当前加沙停火协议有何评论？,中方希望尽早实现加沙全面永久停火，有效缓解人道危机，缓和地区紧张局势。中方主张坚持“巴人治巴”原则，推动落实“两国方案”，愿同国际社会一道，为早日全面、公正、持久解决巴勒斯坦问题、推动中东地区实现和平稳定作出不懈努力。,郭嘉昆
t20251010_11729208.html,总台央视记者,我们注意到王毅外长刚刚结束对意大利的访问。发言人可否进一步介绍此访情况？,10月8日至9日，王毅外长应邀访问意大利，同意大利总统马塔雷拉举行会见，同意大利副总理兼外长塔亚尼举行会谈并共同出席中意政府委员会第12次联席会议。双方就双边关系和国际形势进行了坦诚深入交流，就打造更加稳定、更富成果的中意关系达成重要共识，访问取得圆满成功。,郭嘉昆
t20251010_11729208.html,中新社记者,10日，赖清德在“双十”讲话中再次散布“台独”言论，妄称要求中国“停止扭曲联大第2758号决议”，并奢谈“将致力维护现状，守护台海和平稳定”。发言人对此有何评论？,赖清德的讲话颠倒黑白、混淆视听，翻炒“民主对抗威权”谎言，老调重弹兜售“台独”分裂谬论，歪曲挑战历史事实和国际共识，再次暴露其冥顽不化的“麻烦制造者”“危险制造者”“战争制造者”本性。,郭嘉昆
t20251010_11729208.html,阿纳多卢通讯社记者,据报道，以色列政府昨天批准一项结束加沙冲突的协议，内容包括以色列军队从入侵领土撤离，以及与巴勒斯坦各派换囚。中方对此有何评论？,中方希望尽早实现加沙全面永久停火，有效缓解人道危机，缓和地区紧张局势。中方主张坚持“巴人治巴”原则，推动落实“两国方案”，愿同国际社会一道，为早日全面、公正、持久解决巴勒斯坦问题、推动中东地区实现和平稳定作出不懈努力。,郭嘉昆
t20251010_11729208.html,路透社记者,台湾将打造分层防御的“台湾之盾”（T-Dome）防空系统。外交部对此有何评论？,赖清德当局妄图“以武谋独”“以武拒统”，只会将台湾拖入兵凶战危的险境。维护台海和平稳定就必须坚持一个中国原则，必须旗帜鲜明反对“台独”。中方坚决反对美国售台武器和美台军事联系的立场是一贯的、明确的。,郭嘉昆
t20251010_11729208.html,阿拉比电视网记者,第一个问题，国际刑事法院指控以色列在加沙犯下战争罪，并启动对以色列政府官员的司法程序。国际社会要求追究包括内塔尼亚胡在内相关人员法律责任的呼声持续高涨，中国是否会加入这一呼吁？众多观点认为，此举对杜绝以军在加沙的战争罪行至关重要。第二个问题，中国是否打算对每天在约旦河西岸村庄和城镇袭击巴勒斯坦人的以色列定居者实施制裁？是否会采取与欧洲国家对以国家安全部长本－格维尔和财政部长斯莫特里奇等人实施制裁类似的做法，对以色列政府内部的极端分子实施制裁？,关于第一个问题，在巴勒斯坦问题上，中方始终站在公平正义一边，站在国际法一边，反对一切违反国际法包括国际人道法的行为，谴责任何伤害平民和攻击民用设施的做法。中方支持国际社会在巴勒斯坦问题上任何有助于实现公平正义、维护国际法权威的努力。,郭嘉昆
t20251010_11729208.html,澎湃新闻记者,近期有西方媒体报道中国向柬埔寨提供大量武器援助，质疑中方在柬泰边境冲突问题上偏帮其中一方，曲解中方同有关国家的防务合作，引发关注。请问中方对此有何评论？,柬泰边境冲突发生以来，作为柬埔寨和泰国的友好邻邦，中方秉持公正公允立场，积极劝和促谈，中柬泰外长达成“安宁共识”，中柬泰三方举行非正式会晤，中国外交部亚洲事务特使多次前往柬埔寨、泰国穿梭调停。在中国、马来西亚等有关方面积极推动下，柬泰双方达成停火共识，正在通过双边机制保持沟通。有关各方对中方发挥的不可替代作用表示高度赞赏。,郭嘉昆
t20251010_11729208.html,法新社记者,中方将派谁出席下月举办的《联合国气候变化框架公约》第三十次缔约方大会（COP30）？主办城市住宿条件紧张似乎影响到一些国家代表团规模，请问对中方是否有影响？,中方支持巴西办好联合国气候变化贝伦大会。关于中方出席的有关情况，我们会适时发布消息，请你保持关注。,郭嘉昆
t20251010_11729208.html,路透社记者,特朗普政府周四提议，禁止中国航空公司在往返美国的航线上飞越俄罗斯领空，称中国航司飞行时间较短导致美方处于不利的竞争地位。外交部对此有何评论？,具体问题建议向中方主管部门询问。美方对中国航空公司运营施加限制，不利于两国人员往来。我们倒是建议，美方应当反思自身政策对本国企业造成的影响，而不是无理打压别国，让全球消费者埋单。,郭嘉昆
t20251010_11729208.html,深圳卫视记者,据了解，又有一名中国公民近期入境美国时遭美方无端盘查、羁押、遣返，限制人身自由超48小时。外交部对此有何评论？,美方有关部门不顾中方反复严正交涉，持续无端滋扰盘查遣返中国公民，执法手段粗暴，严重损害涉事中国公民合法权益和人格尊严，严重阻碍两国正常人员往来，中方对此表示严重不满和强烈谴责！,郭嘉昆
t20251010_11729208.html,彭博社记者,美国制裁了50多个参与伊朗石油和液化石油气出口的个人、公司和船只，包括中国企业等。外交部对此有何评论？是否认为这可能引发能源安全问题？,中方一贯坚决反对缺乏国际法依据、没有联合国安理会授权的非法单边制裁。我们敦促美方摒弃动辄诉诸制裁的错误做法。各国同伊朗在国际法框架内开展正常合作正当合理。中方将采取必要措施，维护自身能源安全和本国企业及公民的合法权益。,郭嘉昆
t20251010_11729208.html,共同社记者,日本公明党决定将脱离与自民党的执政联盟，中方对此有何评论？,这是日本的内政，我们不作评论。,郭嘉昆
t20251013_11731737.html,总台央视记者,全球妇女峰会今天上午在北京开幕，习近平主席出席开幕式并发表主旨讲话。发言人能否介绍更多情况？,今天上午，中国国家主席习近平在北京出席全球妇女峰会开幕式并发表主旨讲话。,林剑
t20251013_11731737.html,法新社记者,美国总统特朗普上周五表示，针对中方近期宣布稀土出口管制，美方将自11月1日起对华加征100％关税。外交部对此有何回应？如果该决定生效，中方是否将对美国商品征收高额关税？,中国商务部发言人已就此阐明了中方立场。我要强调，近一段时间来，美方持续出台一系列对华限制和制裁措施，严重损害中方利益，中方对此坚决反对。美方不仅没有反躬自省，反而以高关税相威胁，这不是同中方打交道的正确方式。中方敦促美方尽快纠正错误做法，以两国元首通话重要共识为引领，在平等、尊重和互惠基础上，通过对话解决各自关切，妥善管控分歧，维护中美关系稳定、健康、可持续发展。如果美方一意孤行，中方也必将坚决采取相应措施，维护自身正当权益。,林剑
t20251013_11731737.html,总台华语环球节目中心记者,中方刚发布了西班牙外交大臣阿尔瓦雷斯访华的消息。中方如何看待当前中西关系？对此访有何期待？,西班牙是中国在欧洲重要战略伙伴。近年来，中西两国保持密切高层交往，政治互信持续巩固，务实合作成果丰硕，促进了两国经济发展和民生改善。今年是中西建立全面战略伙伴关系20周年。阿尔瓦雷斯外交大臣访华期间，双方将就中西关系及共同关心的国际和地区问题深入交换意见。相信此访将对加深两国相互理解、相互信任，推动中西全面战略伙伴关系高水平发展发挥重要作用。,林剑
t20251013_11731737.html,《北京日报》记者,日前，王毅外长赴瑞士举行中瑞第四轮外长级战略对话。发言人能否介绍此访情况？,当地时间10月10日，王毅外长在贝林佐纳同瑞士联邦委员兼外长卡西斯共同举行中瑞第四轮外长级战略对话并共见记者。会后，双方发表了《中华人民共和国与瑞士联邦第四轮外长级战略对话共同文件》。今年正值中瑞建交75周年，双方就深化战略互信、扩大务实合作以及当前形势下维护国际经贸秩序、改革完善全球治理等深入沟通，达成广泛共识。,林剑
t20251013_11731737.html,法新社记者,以色列军方和安全部门表示，7名以色列人质已被移交给红十字会，这是20名幸存者中首批被释放的人质。中方对此有何评论？,中方欢迎和支持一切有利于恢复和平、缓解人道危机的努力，当务之急是尽早实现加沙全面持久停火，确保有效缓解人道危机，恢复地区稳定局面。,林剑
t20251013_11731737.html,彭博社记者,荷兰政府对中企旗下芯片制造商安世半导体施加限制措施。外交部对此有何评论？,你提到的具体问题建议向中方主管部门了解。我要指出的是，中方一贯反对泛化国家安全概念、针对特定国家企业采取歧视性做法。有关国家应切实遵守市场原则，不要将经贸问题政治化。中方维护自身正当合法权益的决心坚定不移。,林剑
t20251013_11731737.html,《金融时报》记者,安世半导体的母公司闻泰科技称，已请求中国政府帮助应对当前局面。中方是否就此事同荷方进行了沟通？对闻泰科技提供了何种帮助？,具体情况建议向中方主管部门询问。,林剑
t20251013_11731737.html,彭博社记者,菲律宾上周末表示，一艘中国船只在南海故意冲撞一艘菲律宾公务船，导致该船遭到结构性损坏，无人员受伤。中国海警表示对非法闯入南沙群岛附近海域的菲方船只进行了驱离。外交部对此有何回应？,中国海警已就此发表谈话并公布了现场视频。事实胜于雄辩，是非曲直清清楚楚，不容歪曲颠倒。,林剑
t20251013_11731737.html,湖北广电记者,据报道，近日巴基斯坦与阿富汗在边境地区发生武装冲突，造成数十人死伤。请问中方对此有何评论？,近日巴阿之间发生冲突，巴阿关系紧张，我们对此十分关注，感到担忧。,林剑
t20251013_11731737.html,《环球时报》记者,近日，有媒体报道，巴基斯坦利用中国设备和技术向美国出口稀土，触发了中国出台严格管控稀土相关技术出口的新规，部分自媒体发表视频和文章，称“巴基斯坦向美国赠送稀土样品并同意开展稀土合作”、“中国出招反制巴基斯坦向美国出口稀土”。请问发言人对此有何评论？,中国和巴基斯坦是全天候战略合作伙伴，两国铁杆友谊历久弥坚。双方始终保持高度战略互信，在事关双方共同利益的重大问题上密切沟通。据我所知，关于巴美矿产合作的事，中巴双方有沟通，巴方强调，巴方与美方的交往绝不会损害中方利益和中巴合作。巴方领导人向美方领导人展示和赠送的矿石，是工作人员购买的巴宝石原矿样品。你刚才提到的相关报道或是不了解实情，或是捕风捉影，甚至是挑拨离间，是缺乏根据的。,林剑
t20251014_11732754.html,总台央视记者,中方刚刚发布了法国总统外事顾问博纳来华举行中法战略对话的消息。中方如何看待当前中法关系？对此轮对话有何期待？,中法都是联合国安理会常任理事国和独立自主大国。近年来，在两国元首战略引领下，中法关系保持稳健发展势头。今年5月，习近平主席同马克龙总统通电话，就中法加强战略沟通、共同维护多边主义、促进世界和平稳定等达成重要共识，为新形势下中法关系发展指明方向。,林剑
t20251014_11732754.html,中新社记者,中方刚发布了瑞典外交大臣斯蒂纳加德访华消息。中方如何看待当前中瑞关系？对此访有何期待？,瑞典是第一个同新中国建交的西方国家，今年5月，习近平主席同卡尔十六世·古斯塔夫国王就两国建交75周年互致贺电，一致同意持续深化两国务实合作，推动中瑞友好关系不断发展。中方愿同瑞方一道，以此访为契机，落实两国元首重要共识，在相互尊重、平等互利的基础上加强沟通、增进互信、深化合作，确保双边关系行稳致远。,林剑
t20251014_11732754.html,《中国日报》记者,中方刚刚发布了加拿大外长阿南德访华消息。能否介绍此访有关背景和中方期待？,此访是阿南德外长今年5月就任以来首次访华，也是继两国总理上月在联大期间会见、两国外长今年7月在马来西亚会见之后，中加之间又一高层交往。王毅外长将同阿南德外长就中加关系及共同关心的国际和地区问题深入交换意见。,林剑
t20251014_11732754.html,深圳卫视记者,国际机器人联合会主席伊藤孝幸日前接受采访时表示，中国机器人产业正以前所未有的速度发展，跃升为全球制造业自动化的重要引擎。发言人对此有何评论？,国际机器人联合会此前发布的《2025年世界机器人报告》显示，2024年中国在役工业机器人存量突破200万台，居全球首位。与此同时，我们也看到中国机器人正在汽车、电子、金属机械、家庭服务、医疗教育等领域展现出广阔应用前景，逐步从实验室走进工厂生产线和各国百姓家。,林剑
t20251015_11733752.html,总台中国之声记者,据报道，13日，美国务院发言人发表声明称，美方谴责中国在南海用水炮攻击并撞击菲律宾船只。中方在南海的主权主张和日益胁迫性行为破坏地区稳定，违反和平解决争端的承诺。美重申《美菲共同防御条约》第四条适用于南海地区任何攻击菲武装部队、公共船只和飞机的行为。英国、日本、澳大利亚、新西兰、芬兰以及欧盟驻菲使团发表声明，敦促中国停止海上危险策略。中方对此有何评论？,此前我已经就有关海上事态阐明了中方严正立场。各种事实和证据都表明，菲律宾侵权挑衅在先，是制造海上危险的肇事者、破坏地区稳定的责任方。美方罔顾事实，恶意抹黑指责中方正当合法维权行动，还妄图以《美菲共同防御条约》相威胁，再次暴露美方蓄意挑动对抗、搅乱南海的不良居心，再次表明美方才是破坏地区稳定的最大风险源。,林剑
t20251015_11733752.html,日本共同社记者,美国总统特朗普指责中方故意停止进口美国大豆，并表示将停止从中国进口食用油作为报复措施。请问中方对此有何评论？,中方在处理中美经贸问题上的立场是一贯、明确的。关税战、贸易战没有赢家，不符合任何一方利益，双方应在平等、尊重、互惠的基础上，协商解决有关问题。,林剑
t20251015_11733752.html,委内瑞拉南方电视台记者,美国昨天宣称，在委内瑞拉海岸附近再次打击一艘渔船，有报道称造成6人死亡。美国已在加勒比海部署战舰和一艘核潜艇，委方启动了整体 防御分区。中国政府如何评估委内瑞拉领土遭美国攻击的风险？对美方未经联合国授权采取单边军事行动持何立场？,中方反对在国际关系中使用或威胁使用武力，反对外部势力以任何借口干涉委内瑞拉内政。中方支持《宣布拉美和加勒比为和平区的公告》与《拉美和加勒比33国关于建立无核区的声明》，反对破坏拉美和加勒比地区和平稳定。,林剑
t20251015_11733752.html,彭博社记者,欧盟正在考虑强迫希望在欧经营的中国企业向欧洲企业转让技术。这项咄咄逼人的新举措旨在加强欧盟产业竞争力。外交部对此有何评论？,具体问题建议你向中方主管部门了解。作为原则，中方支持中欧企业基于市场原则开展贸易投资合作，实现互利共赢，反对违反世贸组织规则强制技术转让，反对干预企业正常生产经营活动，反对以提升竞争力为名采取保护主义、歧视性做法。,林剑
t20251015_11733752.html,澎湃新闻记者,据报道，大阪世博会中国馆日前荣获国际展览局颁发的大阪世博会大型自建馆展示金奖。这是中国贸促会代表中国政府第17次组织中国馆参加海外举办的世博会并首次获得该奖。国际展览局秘书长表示，中国馆不仅让参观者感受到中国数千年的历史文化，更展现了中国为未来社会提供的卓越发展方案及担当。发言人对此有何评论？,我们祝贺大阪世博会中国馆获奖。中国馆立足中华文明的传统生态智慧和新时代绿色发展的理念与成就，展望各国共建人与自然生命共同体的美好愿景，成为本届世博会最受欢迎的国家馆之一。,林剑
t20251015_11733752.html,路透社记者,韩国表示，正同中国进行谈判，以尽量减少中国对韩国造船商韩华海洋株式会社在美相关子公司所采取措施的影响。中方能否证实中韩正在进行谈判？中方在谈判中有何回应？分析人士称，制裁更多是一种警告姿态。韩国媒体刚刚报道，韩国称制裁可能与美中供应链紧张有关。中方对此有何评论？,昨天，中方主管部门已经就有关问题作出回应，你可以查阅。我们再次敦促美方及相关企业尊重事实和多边经贸规则，遵守市场经济和公平竞争原则，尽早纠正有关错误做法，停止损害中方利益。,林剑
t20251015_11733752.html,彭博社记者,中方宣布稀土出口新规后，欧盟官员呼吁对华采取强有力措施。外交部对此有何评论？,中方主管部门已就稀土出口管制政策阐明立场。中国依法对相关物项实施出口管制，目的是更好维护世界和平与地区稳定，履行防扩散等国际义务，这也符合国际惯例。我们愿同各国加强出口管制对话交流，维护全球产供链安全稳定。,林剑
t20251015_11733752.html,法新社记者,荷兰政府以国家安全为由接管芯片制造商安世半导体后，该企业昨天发表声明，称中方已禁止该企业从中国出口产品。外交部能否证实？,这个问题具体情况建议向中方主管部门了解。我要再次重申，中方一贯反对泛化国家安全概念、针对特定国家企业采取歧视性做法。有关国家应切实遵守市场原则，不要将经贸问题政治化。中方维护自身正当合法权益的决心坚定不移。,林剑
t20251015_11733752.html,路透社记者,美国贸易代表格里尔称，对华商品加征100％关税的决定是否于11月1日或提前生效，取决于中国的举动。他还指出，中国官员关于最新稀土出口管制措施的表态相互矛盾。外交部对此有何回应？,中方主管部门已经就稀土出口管制政策阐明立场。中国依法对相关物项实施出口管制，目的是更好维护世界和平与地区稳定，履行防扩散等国际义务，这也符合国际惯例。中方的立场一以贯之、清清楚楚，倒是美方一边要谈，一边威胁恐吓加征高额关税，出台新的限制措施，这不是与中方相处的正确之道。我们敦促美方尽快纠正错误做法，在平等、尊重和互惠基础上，通过对话协商解决有关问题。,林剑
t20251015_11733752.html,路透社记者,是否有外国政府或驻华使馆就中方出台的稀土出口管制新规寻求中国政府及有关部门就新规内容作出澄清？,建议你向中方主管部门了解。,林剑
t20251015_11733752.html,法新社记者,美国检方昨天表示，知名印度问题学者、美政府顾问阿什利·特利斯被控持有机密信息，在华盛顿特区附近多次同中国官员会面。外交部是否了解该案有关信息？,我不了解你提到的情况。,林剑
t20251015_11733752.html,路透社记者,有消息称，中国几家主要航司要求特朗普政府不要实施禁止中国航司执飞往返美国航班时飞越俄罗斯领空的计划，称此禁令将延长飞行时间、推高机票价格、扰乱部分航线。外交部对此有何评论？,我们此前已就相关问题作出过回应，具体问题可以向中方主管部门询问。美方对中国航空公司运营施加限制，不利于两国之间的人员往来，也损害自身利益。我们也注意到，美国公众对此提出了大量反对意见。我们支持中国企业维护自身正当合法权益。,林剑
t20251016_11734735.html,新华社记者,今天是世界粮食日。不久前，联合国粮农组织等发布《2025年世界粮食安全和营养状况》报告指出，去年全球饥饿人口比例降低至8.2％，延续了近几年稳步下降的趋势，但仍有约6.73亿人挣扎在饥饿线上，距离联合国2030年可持续发展目标提出的“零饥饿”愿景还有很长的路要走。中方对此有何评论？,粮食安全事关人类生存之本。作为世界第一大粮食生产国，中国以不足全球9％的耕地养育了14亿多人口，近年来粮食综合生产能力持续提升，全球每5斤谷物就有1斤多产自中国，为维护全球粮食安全作出卓著贡献。,林剑
t20251016_11734735.html,法新社记者,美国财长贝森特昨天称，中方出台稀土出口管制措施是在“对抗世界”，并呼吁盟国“尽快去风险，实现供应链多元化以摆脱对华依赖”。外交部对此有何评论？,中方主管部门已多次阐述稀土出口管制政策的有关立场。中方出台的措施符合国际通行做法，目的是更好维护世界和平与地区稳定，履行防扩散等国际义务。,林剑
t20251016_11734735.html,阿拉比电视网记者,美国财长表示，如果中国停止实施严格的稀土出口管制计划，美国或许将延长对华加征关税的三个月豁免期限，并表示美国总统特朗普准备在不久的将来与中国领导人会晤。中方对此有何评论？,我们已多次阐明在稀土出口管制和中美经贸问题上的立场。,林剑
t20251016_11734735.html,深圳卫视记者,巴基斯坦外交部15日声明称，应阿富汗塔利班政府要求，双方决定自15日18时（北京时间当日21时）起实施为期48小时临时停火，期间双方将通过建设性对话寻找解决方案。阿塔发言人穆贾希德回应称，停火协议系应巴方要求达成，只要巴方不采取侵略行动，阿方将遵守停火协议。中方对此有何评论？,我们注意到，巴基斯坦和阿富汗决定实施临时停火，并将通过建设性对话寻找解决方案。这符合双方共同利益，有利于地区和平稳定。中方对此表示欢迎和支持。,林剑
t20251016_11734735.html,彭博社记者,美国财长贝森特严厉批评中国国际贸易谈判代表，称其近期不请自到华盛顿，“非常无礼”。外交部对此有何评论？,中方立场是一贯的、明确的。美方应当同中方在平等、尊重和互惠基础上，通过对话协商解决有关问题，而不是屡屡施压、威胁恐吓。,林剑
t20251016_11734735.html,埃菲社记者,据报道，中国外交部长王毅昨天在杭州会见了西班牙外交大臣阿尔瓦雷斯。请问中方如何评价此次会见？中方如何看待当前中西关系？关于费利佩六世国王11月访华，中方有何期待？,王毅外长同阿尔瓦雷斯外交大臣的会谈友好、深入，富有针对性、建设性、前瞻性。双方从携手维护世界和平、稳定、发展、繁荣的角度，就进一步推动中西关系发展达成广泛共识，为落实好两国领导人共识，密切高层交往，深化各领域交流合作，加强多边协作注入重要动力。,林剑
t20251016_11734735.html,英国广播公司记者,关于英国撤销两名涉嫌对华提供国家安全秘密的间谍案，英方最新公布的证词显示，英国副国家安全顾问柯林斯称中国情报机构正对英开展“大规模间谍行动”，并称中国是对英国经济安全的“最大国家威胁”。外交部对此有何评论？,我们注意到有关情况。中方的立场很明确，我们坚决反对以所谓“间谍活动”为由炒作说事、诬蔑抹黑。,林剑
t20251016_11734735.html,韩联社记者,韩国新任驻华大使卢载宪今天抵达中国。中方对新任驻华大使有何期待？,使节是国与国之间发展友好合作关系的重要桥梁。中方欢迎韩国新任驻华大使卢载宪来华履新，期待他就任后为促进中韩关系健康稳定发展发挥积极作用，愿为他来华履职提供便利。,林剑
t20251016_11734735.html,彭博社记者,英国外交大臣正在推动中方批准英驻华使馆馆舍重建计划，但英方显然对进展感到不满。英外交发展部常务次官罗宾斯本周访华期间将谈及此事。英政府也在审议是否批准中国驻英使馆新馆舍建设计划。外交部对此有何评论？,关于中英之间的外交馆舍问题，我们已经多次阐明了立场。,林剑
t20251016_11734735.html,法新社记者,美国总统特朗普昨天表示，印度总理莫迪向其保证印度将停止从俄罗斯购买石油，特朗普并称“是时候让中方也这么做了”。中国购买俄罗斯石油是否是中美贸易谈判的议题之一？中方对此持何立场？,中方已多次就该问题表明立场。中国同包括俄罗斯在内的世界各国开展正常经贸能源合作，正当合法。美方做法是典型的单边霸凌和经济胁迫，严重破坏国际经贸规则，威胁全球产业链供应链安全稳定。,林剑
t20251016_11734735.html,路透社记者,英国周三以支持俄罗斯能源行业为由，将多家中国能源企业和港口运营商列入制裁实体名单。外交部对此有何评论？,中方一贯反对没有国际法依据、未经联合国安理会授权的单边制裁，对英方有关做法强烈不满，已向英方提出严正交涉。在乌克兰危机问题上，中方一直致力于劝和促谈，中俄企业正常交往合作不应受到干扰和影响。中方将采取必要措施，坚决维护自身正当合法权益。,林剑
t20251016_11734735.html,英国广播公司记者,关于英国政府以相关中国实体支持俄罗斯能源部门为由将其列入制裁名单一事，中方会否采取对等措施？,正如我刚才所说，中方将采取必要措施，坚决维护自身正当合法权益。,林剑
t20251016_11734735.html,彭博社记者,美国一家名为F5的网络安全提供商可能遭到了严重攻击。据称该攻击由受到国家支持的中国黑客发起。外交部对此有何评论？,我不了解你提到的具体情况。关于此类缺乏证据的无端指控，我们已多次表明立场。中方一贯反对并依法打击黑客活动，更反对出于政治目的散布虚假信息。,林剑
t20251016_11734735.html,法新社记者,日本财务大臣今天表示，日方对中方上周宣布对稀土采取广泛出口管制措施“深感关切”，七国集团应联合起来一同应对。外交部对此有何回应？,我们已经就稀土出口管制政策多次阐明立场。中国依法对相关物项实施出口管制，目的是更好维护世界和平与地区稳定，履行防扩散等国际义务，这也符合国际惯例。我们愿同各国加强出口管制对话交流，维护全球产供链安全稳定。,林剑
t20251016_11734735.html,彭博社记者,英国前安全官员和其他政府官员表示，中国的国家行为者在过去十多年中成功对英国政府涉密计算机系统进行了系统性入侵。被获取的数据包括与制定政府政策有关的机密文件、内部通信及一些外交电报。中方对此有何回应？,有关指责纯属污蔑抹黑。我们要求英方有关人士停止无理炒作，停止此类政治操弄。,林剑
t20251017_11735526.html,路透社记者,定于10月26日至28日在马来西亚举行的东亚合作系列会议期间将举办柬埔寨与泰国和平协议签署仪式。据《政客》报道，美国总统特朗普要求中国官员不得参加该仪式。外交部能否确认中方会否派代表出席？,中方支持柬埔寨和泰国通过对话协商，妥善处理和化解边境争端，支持马来西亚发挥东盟轮值主席国作用。柬泰两国是搬不走的邻居。希望柬泰坚持平等协商、互谅互让、相向而行，找到双方都能接受的长久解决办法。柬泰边境冲突发生以来，中方以自己的方式积极劝和促谈，正在并将继续为柬泰重建互信、巩固停火、和平解决争端发挥建设性作用。,林剑
t20251017_11735526.html,日本广播协会记者,日本前首相村山富市去世。中国外交部对此有何评论？,中方对村山富市前首相逝世表示沉痛哀悼，向家属致以诚挚慰问。,林剑
t20251017_11735526.html,俄新社记者,俄新社记者伊万·祖耶夫在扎波罗热地区执行记者任务时遭乌克兰无人机袭击身亡。外交部有何评论？,我们注意到有关报道，对你的同事不幸遇难表示哀悼，对其家属表示慰问。中方一贯反对针对新闻记者的暴力行为，强烈呼吁切实保障新闻从业人员的人身安全，避免类似悲剧再次发生。中方始终认为，对话谈判是解决乌克兰危机的唯一可行出路。希望各方致力于政治解决危机，共同推动局势缓和。,林剑
t20251017_11735526.html,法新社记者,美国总统特朗普昨天表示将在未来几周内同俄罗斯总统普京在匈牙利举行会晤，并将于今日在华盛顿会见乌克兰总统泽连斯基。外交部对此有何评论？,中方支持一切有利于和平解决危机的努力，乐见俄美双方保持接触，改善彼此关系，推动乌克兰危机政治解决进程。,林剑
t20251017_11735526.html,彭博社记者,英国已决定将有关中国驻英使馆新馆舍的决定推迟至12月10日，此前还提出了翻修英驻华使馆馆舍的请求。中方对此有何评论？,我们对有关信息表示严重关切和强烈不满。中国使馆新建项目已被英方拖延长达7年之久。近期中英双方就尽快批准新馆舍项目进行了多轮沟通，中方已展现出最大诚意与最大耐心。英方毫无契约精神、失信失德，不断以各种理由拖延审批并乱加挂钩，导致项目审批问题不断复杂化、政治化，这与英方承诺和改善中英关系的表态完全不相符合。我们再次敦促英方立即履行义务，兑现承诺，否则由此造成的后果将由英方承担。,林剑
t20251017_11735526.html,共同社记者,日本靖国神社秋季例行大祭今天开始，日本首相石破茂与自民党总裁高市早苗虽未亲自参拜，但石破首相以总理大臣的名义供奉了“真榊”的祭品，高市总裁则自费缴纳了祭祀费。中方对此有何看法？,靖国神社是日本军国主义发动对外侵略战争的精神工具和象征，供奉有对侵略战争负有严重罪责的14名甲级战犯。中方坚决反对日方有关靖国神社的消极动向，并向日方提出严正交涉。,林剑
t20251017_11735526.html,路透社记者,欧洲和美国汽车协会称，荷兰政府宣布接管安世公司将导致供应链中断。中国政府是否正同荷兰政府讨论解决这一问题？,我们此前已经回应了有关问题，中方主管部门昨天也进一步阐明了立场。我要再次强调，中方一贯反对泛化国家安全概念、针对特定国家企业采取歧视性做法。有关国家应纠正错误做法，坚持契约精神和市场原则，停止破坏全球产供链。中方将坚定维护自身正当合法权益。,林剑
t20251017_11735526.html,《北京青年报》记者,国家移民管理局昨天发布的数据显示，今年三季度免签入境外国人同比增长近五成。今年以来，“中国游”呈现出蓬勃活力，不断“圈粉”海外游客，发言人对此有何评论？,最新数据显示，今年三季度免签入境外国人超700万人次，占入境外国人总数的72.2％，同比上升48.3％。与此同时，“中国游”已经从走马观花式的景点“打卡”转变为鲜活多元的深度体验。外国朋友“零距离”走进现代中国人的生活，领略山河美景，更体会烟火人情，看到了一个真实、立体、进步的中国。游在中国的“流量”能够转化为认识中国的“增量”，得益于中国坚定不移推进高水平对外开放。我们将继续推进各类便利化措施，优化完善服务保障，欢迎更多外国朋友跨越山海，相聚中国。,林剑
t20251020_11736625.html,《环球时报》记者,据媒体报道，印尼政府正就雅万高铁项目债务重组问题同中方谈判。个别自媒体称“雅万高铁因资金短缺运营困难”。请问中方对此有何评论？当前雅万高铁运营情况如何？,雅万高铁已正式开通运营两年。两年来，雅万高铁保持安全畅通有序运行，累计发送旅客超过1171万人次，客流量仍在持续稳定增长，经济社会效益不断释放，为当地创造大量就业岗位，有力促进沿线经济发展，受到印尼各界肯定和欢迎。,郭嘉昆
t20251020_11736625.html,彭博社记者,中美双方即将重返谈判桌。据报道，美国总统特朗普对此的最新表态是，美方将稀土、芬太尼和大豆列为将对中方提出的三大问题。请问外交部对此有何评论？,中方在处理中美经贸问题上的立场是一贯、明确的。关税战、贸易战不符合任何一方利益，双方应在平等、尊重、互惠的基础上协商解决有关问题。,郭嘉昆
t20251020_11736625.html,中新社记者,据报道，巴拉圭众议院第一副议长梅萨日前再次公开呼吁，应就巴拉圭与中国可能建立外交与经贸关系展开“严肃而广泛的讨论”，强调此议题关乎国家长远利益。中方对此有何评论？,一个中国原则是国际社会普遍共识和国际关系基本准则。同台湾当局保持所谓“外交”关系是没有出路的“死胡同”，撼动不了国际社会坚持一个中国原则的牢固格局，更改变不了中国终将统一、也必将统一的时代大势。,郭嘉昆
t20251020_11736625.html,新华社记者,据报道，卡塔尔外交部19日发表声明称，在卡塔尔和土耳其斡旋下，巴基斯坦和阿富汗同意立即停火，并将继续会谈确保实现可持续 停火 。巴国防部长阿西夫确认巴阿停火，并称双方将于25日在伊斯坦布尔再次会谈。中方对此有何评论？,巴基斯坦和阿富汗都是中国的传统友好邻邦，巴阿两国也是搬不走的邻居。中方欢迎巴阿两国达成停火协议，赞赏有关国家为此所作贡献，真诚希望并支持巴阿两国继续通过对话协商妥处分歧，实现全面持久停火，共同维护两国和本地区和平稳定。中方愿意同国际社会一道努力，继续为巴阿关系改善发展发挥建设性作用。,郭嘉昆
t20251020_11736625.html,日本广播协会记者,澳大利亚政府称，中国军机周日在接近澳空军巡逻机时发射了照明弹。外交部能否提供更多信息？,我不了解你提到的有关情况。,郭嘉昆
t20251021_11737437.html,总台央视记者,昨天国际调解院在香港特区举行了开业仪式。请发言人进一步介绍有关情况。,10月20日，国际调解院开业仪式在香港举行。30余个国际调解院公约创始成员国以及香港特区各界近200名代表出席仪式。外交部副部长华春莹出席并致辞。,郭嘉昆
t20251021_11737437.html,法新社记者,美国总统特朗普周一质疑“大陆入侵台湾”的论调，并称他对同中国领导人的关系充满信心。被问及美战争部曾评估中国大陆将于2027年“夺取”台湾时，特朗普称“我们同中国相处良好，中方不想那么做”。特朗普还称将于明年早些时候访华。外交部对特朗普的表态有何回应？能否确认已邀请他访华？,中方在台湾问题上的立场是一贯的、明确的。台湾是中国领土不可分割的一部分，台湾问题纯属中国内政，如何解决台湾问题是中国人自己的事。我们愿以最大诚意、尽最大努力争取和平统一的前景，但决不允许任何人、任何势力以任何方式将台湾从中国分裂出去。,郭嘉昆
t20251021_11737437.html,总台国广记者,据报道，当地时间10月19日，玻利维亚最高选举法院称，玻总统选举初步计票结果显示，基督教民主党候选人帕斯获得54.5％选票胜选。中方对此有何评论？,中方对帕斯当选表示祝贺，相信在帕斯总统领导下，玻利维亚的国家建设将不断取得新成就。,郭嘉昆
t20251021_11737437.html,彭博社记者,据报道，美国总统特朗普日前表示，美英澳“三方安全伙伴关系”协议正全力推进。这表明他支持这项协议。该协议达成于拜登政府时期，自特朗普重新执政以来一直处于不确定状态。请问外交部对此有何评论？,中方已多次就美英澳建立所谓“三方安全伙伴关系”推进核潜艇及其他尖端军事技术合作表明立场。我们一贯反对制造阵营对抗，反对加大核扩散风险，加剧军备竞赛。,郭嘉昆
t20251021_11737437.html,《中国日报》记者,近期，美国宣布限制与中国共产党合作、破坏中美洲国家法治的中美洲国家公民及其亲属获得美国签证。美方还以此威胁中美洲工商界人士不得同中国国有企业开展合作。中方对此有何评论？,针对近期美国出台签证限制举措，中方此前已阐明立场，并向美方提出严正交涉。美方以“法治”之名行非法之实，通过单边制裁对地区国家和人士进行政治打压和经济胁迫，将国内法凌驾于国际法和国际义务之上，损害他国正当合法权益，严重违背国家主权平等、不干涉内政原则，严重破坏国际秩序，是典型的霸权主义行径。,郭嘉昆
t20251021_11737437.html,路透社记者,美国总统特朗普称，美方可通过进一步限制对华出口飞机零部件威胁中国，同时他也说期待同中国领导人在韩国会晤。中方对此有何回应？,中方在处理中美经贸问题上的立场是一贯、明确的。关税战、贸易战不符合任何一方利益，双方应在平等、尊重、互惠的基础上协商解决有关问题。,郭嘉昆
t20251021_11737437.html,共同社记者,日本自民党总裁高市早苗刚刚当选首相，外交部对此有何评论？中方对她有何期待？对日中关系会有何影响？,我们注意到有关选举结果，这是日本内部事务。中日两国互为近邻。中方在中日关系上的基本立场是一贯和明确的。希望日方同中方相向而行，恪守中日四个政治文件各项原则，信守在历史、台湾等重大问题上的政治承诺，维护双边关系政治基础，全面推进中日战略互惠关系。,郭嘉昆
t20251021_11737437.html,《北京青年报》记者,我们注意到，第三期人工智能能力建设研讨班昨天举行开班式，发言人能否进一步介绍有关情况？,中方持续举办人工智能能力建设研讨班，是落实联合国大会通过的“加强人工智能能力建设国际合作”决议和《人工智能能力建设普惠计划》的务实举措。研讨班广泛邀请各国政府代表参加，共商促进人工智能普惠发展和全球治理，获得各国代表高度赞赏，彰显了中国言必信、行必果的大国担当。中方愿以举办研讨班为契机，与各方深入交流探讨，让人工智能技术及更多现代化成果惠及各国民众，以中国式现代化新成就为世界发展提供新机遇。,郭嘉昆
t20251021_11737437.html,路透社记者,特朗普总统与澳大利亚总理阿尔巴尼斯签署了一项关键矿产协议以对抗中国。发言人对此有何评论？,全球产供链的形成是市场和企业选择的结果。关键矿产资源国应为保障产业链供应链的安全稳定发挥积极作用，确保正常的经贸合作。,郭嘉昆
t20251022_11738029.html,总台央视记者,最新数据显示，今年前三季度，中国对东盟进出口总值为5.57万亿元人民币，同比增长9.6％，东盟继续保持中国第一大贸易伙伴地位，中国—东盟博览会等多项活动成功举行。在外部不确定性增多的背景下，中国东盟合作“逆势而上”，亮点纷呈。请问中方如何看待中国东盟合作？对当前中国东盟关系有何评价？,中国与东盟国家地理相近、理念相通、利益相融，全面战略伙伴关系持续深化，为亚洲和世界发展注入稳定性和确定性。,郭嘉昆
t20251022_11738029.html,法新社记者,欧盟委员会贸易和经济安全委员谢夫乔维奇昨天同中国商务部长王文涛举行视频会谈后表示，中欧双方同意在布鲁塞尔召开紧急会议讨论稀土出口管制问题。外交部能否予以证实并提供更多信息？,中方有关部门已经发布了消息稿，你可以查阅。我们要强调的是，中欧经贸关系的本质是优势互补、互利共赢。希望欧方恪守支持自由贸易、反对贸易保护主义的承诺，为各国企业提供公平、透明、非歧视的营商环境，以实际行动维护市场经济和世贸组织规则，坚持通过对话协商妥善解决贸易分歧。,郭嘉昆
t20251022_11738029.html,埃菲社记者,请问中方哪位代表将出席10月26日在吉隆坡举行的东盟峰会？,中方高度重视同东盟关系和东亚合作，支持马来西亚作为东盟轮值主席国的工作。关于你提到的具体问题，相信你应该了解中方出席的惯例，我们会适时发布消息。,郭嘉昆
t20251022_11738029.html,韩联社记者,据韩国联合参谋本部消息，今天上午朝鲜发射多枚短程弹道导弹，这是联合国安理会对朝决议所禁止的活动。请问中方对此有何评论？,中方在半岛问题上的立场和政策保持连续性、稳定性。对有关发射活动，我们没有新的评论。,郭嘉昆
t20251022_11738029.html,乌通社记者,昨天，乌克兰总统泽连斯基同欧洲多国及欧盟领导人发表联合声明，呼吁立即停止乌境内的敌对行动，并以当前俄乌部队接触线为基础启动和平谈判。声明还强调，俄罗斯迟迟不参与和谈表明，乌克兰是唯一真正追求和平的一方。中方如何看待立即停止在乌敌对行动并根据当前接触线开始和谈的提议？,中方在乌克兰危机问题上的立场是一贯的、明确的，我们希望各方通过对话谈判达成一个公平、持久、有约束力并被各当事方所接受的和平协议。,郭嘉昆
t20251022_11738029.html,法新社记者,美国总统特朗普昨天表示，期待同中国领导人在下周亚太经合组织领导人非正式会议期间达成良好的贸易协议，但他并称会晤也可能取消。中方对特朗普的表态有何回应？,元首外交对中美关系发挥着不可替代的战略引领作用，中美两国元首保持着密切的沟通和交往。关于你提到的具体问题，我们目前没有可以提供的信息。,郭嘉昆
t20251023_11739394.html,《人民日报》记者,10月24日是联合国日，也是《联合国宪章》生效80周年纪念日。面对动荡不安的世界，绝大多数国家都呼吁要继续捍卫联合国地位，强化联合国作用。但同时国际上也有一些质疑之声，称联合国“失效”、国际法“失灵”、多边主义“失能”，甚至称“联合国已经失败”。请问发言人对此有何评论？,联合国是当今世界最具代表性、普遍性、权威性的政府间国际组织，80年来为维护和平、促进发展、改善民生发挥了不可替代的作用。在联合国，国家不分大小强弱，都是平等一员，拥有同等的发声机会，能够公平参与国际规则谈判、共享可持续发展成果。,郭嘉昆
t20251023_11739394.html,法新社记者,美国总统特朗普昨天称，中国领导人能对俄罗斯总统普京施加重大影响，促其结束乌克兰危机。外交部对此有何评论？,对话谈判是解决乌克兰危机的唯一可行出路。胁迫施压解决不了问题。,郭嘉昆
t20251023_11739394.html,拉通社记者,古巴谴责美国胁迫其他国家放弃支持关于反对对古巴封锁的联合国决议。美方并敦促他国停止向古巴电力系统提供支持。中方对美方上述做法持何立场？,我们注意到有关报道。美国对古巴实施60多年全面封锁，给古巴人民造成深重灾难。美方不反躬自省，反而变本加厉大搞胁迫外交，严重违背国际法和国际关系基本准则，违背国际人道主义原则，公然站在公道正义对立面，必将遭到国际社会普遍反对。,郭嘉昆
t20251023_11739394.html,总台中国之声记者,10月22日，国际法院就巴勒斯坦人道援助案发表咨询意见，认定以色列作为占领方和联合国成员国，有义务保障巴被占领土人民的基本生活需要等。中方对此有何评论？,国际法院就巴勒斯坦人道援助案发表咨询意见，明确认定以色列有义务同联合国及其机构等开展合作，确保巴勒斯坦被占领土人民获得人道援助，回应了国际社会普遍关切和期待。,郭嘉昆
t20251023_11739394.html,路透社记者,中国商务部确认何立峰副总理将于本周末赴马来西亚与美方举行磋商。马方也称中国领导人将出席东亚合作领导人系列会议。中方哪位官员将出席会议？外交部能否就此提供更多信息？,中方高度重视同东盟关系和东亚合作，支持马来西亚担任东盟轮值主席国。关于你提到的具体问题，相信你应该了解中方出席的惯例，我们也会适时发布消息。,郭嘉昆
t20251023_11739394.html,深圳卫视记者,近来中国风电设备生产企业明阳智能准备在苏格兰投资15亿英镑建设风机厂的计划备受关注，英国有舆论担心该项目将对英国国家安全构成威胁。请问发言人对此有何评论？,中国政府支持中国企业在坚持互惠互利、遵循市场化原则的基础上依法依规开展国际合作。同时，中方投资安全是否有保障也是重要考量因素。近年来正常经贸项目在英国被泛政治化、泛安全化冲击的例子屡见不鲜。2022年英国《国家安全与投资法》出台以来，英国政府已对十余起中企投资作出禁止收购或附条件批准的决定。英国政府不仅主动接管中国民企收购的英国钢铁公司运营，甚至通过追溯审查，要求中国企业出售已经收购的英国半导体企业股份，以所谓安全之名损害中国企业投资安全。,郭嘉昆
t20251023_11739394.html,法新社记者,本周三，欧盟同意就乌克兰危机对俄罗斯实施新一轮制裁。欧方行动针对几个国家的多家企业，包括12家中国企业和3家印度企业。欧方称这些企业助俄规避西方就技术转让特别是无人机生产进行的制裁。外交部对此有何评论？,欧方一再以涉俄为由对中国企业发起非法单边制裁，中方对此强烈不满、坚决反对，已经向欧方提出严正交涉。,郭嘉昆
t20251023_11739394.html,《读卖新闻》记者,岸田文雄和石破茂就任日本首相时，中国领导人都发了贺电。这次是否会向高市早苗首相发贺电？,中方已经根据外交惯例作出适当安排。中日两国互为近邻。中方在中日关系上的基本立场是一贯和明确的。希望日方同中方相向而行，恪守中日四个政治文件各项原则，信守在历史、台湾等重大问题上的政治承诺，维护双边关系政治基础，全面推进中日战略互惠关系。,郭嘉昆
t20251023_11739394.html,路透社记者,日本首相高市早苗上任后称，将首先加快日本军力建设。有鉴于此，高市早苗担任日本首相对中日关系意味着什么？日美同盟会否因此成为中国面临的更大挑战？,关于你提到的日本防卫费增长问题，由于日本军国主义侵略历史，日本军事安全动向一直备受亚洲邻国和国际社会高度关注。近年来，日方大幅调整安保政策，逐年增加防卫预算，不断放宽武器出口限制，谋求突破性军力发展，不能不让亚洲邻国和国际社会对日本是否真心坚持专守防卫、坚持和平发展产生强烈质疑。今年是中国人民抗日战争暨世界反法西斯战争胜利80周年，我们敦促日方深刻反省侵略历史，坚持走和平道路，在军事安全领域谨言慎行，以免进一步失信于亚洲邻国和国际社会。,郭嘉昆
t20251023_11739394.html,澎湃新闻记者,近日，美国智库大西洋理事会发表3篇报告，指责中国在西非矿业、林业、渔业活动造成当地生态环境严重退化，认为问题原因在于中国市场需求旺盛、西非国家治理不力和腐败严重，呼吁西非地区合作加强监管。中方对此有何评论？,中方秉持真实亲诚理念和正确义利观开展对非合作，助力非洲经济增长和可持续发展，受到非洲国家政府和人民欢迎。非洲对华合作热情高涨是双方互利共赢的最大例证。中国政府一贯要求海外中国企业严格遵守当地法律法规，也将继续指导企业贯彻绿色发展理念，将环境保护贯穿于中非合作全过程。,郭嘉昆
t20251023_11739394.html,路透社记者,本周三，美国总统特朗普对俄罗斯两家最大的石油公司卢克石油公司和俄罗斯石油公司实施涉乌制裁。外交部对此有何评论？,中方一贯反对没有国际法依据、未经联合国安理会授权的单边制裁。,郭嘉昆
t20251024_11740195.html,新华社记者,中方发布了习近平主席将出席亚太经合组织第三十二次领导人非正式会议的消息，能否介绍此访主要安排及中方期待？,亚太经合组织是亚太地区最重要的经济合作机制。习近平主席出席今年亚太经合组织领导人非正式会议，体现了中方对亚太区域经济合作的高度重视。习近平主席将在会上发表重要讲话，并同有关国家领导人举行双边会见。中方愿同各方一道努力，为推进亚太区域合作、促进亚太经济增长作出贡献，携手构建亚太命运共同体。,郭嘉昆
t20251024_11740195.html,总台央视记者,习近平主席即将对韩国进行国事访问，能否介绍中方对发展中韩关系的期待？,中国和韩国是近邻和合作伙伴。中方重视中韩关系，对韩政策保持稳定性和连续性，此访是习近平主席时隔11年再次对韩国进行国事访问，也是李在明总统就任后中韩元首首次会晤。中方愿同韩方一道，坚守建交初心，坚持睦邻友好、互利共赢，推动中韩战略合作伙伴关系不断向前发展。,郭嘉昆
t20251024_11740195.html,总台华语环球节目中心记者,中方刚刚发布了李强总理将对新加坡进行正式访问的消息。中方如何评价当前中新关系？对此访有何期待？,中国和新加坡互为友好近邻和重要合作伙伴。2023年，两国建立全方位高质量的前瞻性伙伴关系。今年是中新建交35周年。在双方共同努力下，中新关系持续稳定发展。今年6月，习近平主席会见来华访问的新加坡总理黄循财，为下阶段中新关系发展作出战略指引。,郭嘉昆
t20251024_11740195.html,中新社记者,中方刚发布了李强总理出席东亚合作领导人系列会议的消息。中方如何看待当前的东亚合作？对此次会议有何期待？,东亚是全球发展最具活力、最富潜力的地区之一，东盟主导的东亚合作机制为促进各方对话合作、维护地区稳定发挥了重要作用。当前，国际地区形势复杂演变，全球经济增长乏力，单边主义、保护主义上升，东亚合作也面临一些复杂因素。在此背景下，地区国家求稳定、促合作、谋发展的愿望更加强烈，东亚合作的意义更为凸显。,郭嘉昆
t20251024_11740195.html,《中国日报》记者,昨天，中国共产党二十届四中全会闭幕并发表公报。国际社会高度关注此次全会，外媒评论称中国“十四五”时期经受各种风险挑战，但经济社会仍取得了不起的发展成就。此次公报延续了中国的政策方向。世界上正在发生很多动荡，但中国正在继续实施社会主义现代化计划。发言人对此有何评论？,中国坚持推进高质量发展，大力发展新质生产力，取得重大成就。“十四五”期间，中国国内生产总值突破130万亿元人民币，人工智能、新能源等新兴产业实现突破性进展，“世界工厂”跃升为“全球创新中心”。中国坚持高水平对外开放，持续缩减外资准入负面清单，关税总水平降至7.3％，与150多个国家和30多个国际组织高质量共建“一带一路”，对世界经济增长贡献率保持在30％左右，始终是全球发展的动力源和增长极。,郭嘉昆
t20251024_11740195.html,深圳卫视记者,德国外长瓦德富尔接受路透社采访时表示，将于10月26日启程访问中国，这是他作为外长首次访华。瓦德富尔外长表示，德国政府希望同中国保持密切的经贸关系和良好合作，脱钩不是正确的策略。中方对此有何评论？,中方注意到瓦德富尔外长有关表态。中国和德国是全方位战略伙伴，建交53年来，中德关系稳健发展，两国产业深度融合发展，有力助力了各自发展。当前国际形势变乱交织，中德作为大国和世界主要经济体，要为塑造新型大国关系做表率，坚持相互尊重、平等相待、合作共赢，以中德关系的稳定性为推动世界和平与发展作出更大贡献，这也是包括德国企业界在内的两国人民共同愿望。,郭嘉昆
t20251024_11740195.html,法新社记者,日本新任首相高市早苗今天称，将努力提前两年实现将防卫预算提升至国内生产总值的2％。她并称中朝俄等邻国的军事行动已成为日本的严重关切。中方对此有何回应？,昨天我们已经回答了有关问题。我们想再次强调，在和平与安全问题上，中国是记录最好的大国。反观日本，近年来大幅调整安保政策，逐年增加防卫预算，不断放宽武器出口限制，谋求突破性军力发展，不能不让亚洲邻国和国际社会对日本是否真心坚持专守防卫、坚持和平发展产生强烈质疑。今年是中国人民抗日战争暨世界反法西斯战争胜利80周年，我们敦促日方深刻反省侵略历史，坚持走和平道路，在军事安全领域谨言慎行，以免进一步失信于亚洲邻国和国际社会。,郭嘉昆
t20251024_11740195.html,彭博社记者,外交部刚刚宣布，“国家主席习近平将于10月30日至11月1日赴韩国出席亚太经合组织第三十二次领导人非正式会议”。在此次会议期间，习主席是否会同美国总统特朗普会面？,中美双方就两国元首会晤保持着密切沟通。如有进一步消息，中方将及时发布。,郭嘉昆
t20251024_11740195.html,湖北广电记者,近日，伊斯兰合作组织代表团赴新疆参访，发言人能否介绍有关情况？,今年是新疆维吾尔自治区成立70周年。外交部邀请伊斯兰合作组织代表团于10月19日至21日访问新疆。代表团参观了新疆维吾尔自治区成立70周年主题成就展，参访了新疆大学、伊斯兰教经学院、新疆博物馆、新疆软件园，走进社区同当地各族群众进行深入交流。新疆维吾尔自治区负责人会见了代表团。,郭嘉昆
t20251024_11740195.html,《环球时报》记者,我们注意到中方公布了美国国家安全局网络攻击渗透中国国家授时中心相关案件。国家互联网应急中心就此发布相关技术分析报告，揭露了美国网络入侵攻击中国关键信息基础设施的事实铁证。外交部对此有何评论？,中方对美国政府网络攻击入侵中国关键基础设施、为未来大范围的破坏行动实施网络预置表示强烈谴责。,郭嘉昆
t20251024_11740195.html,日本广播协会记者,在昨天的记者会上，关于向日本首相高市早苗致贺问题，中方回应“已经根据外交惯例作出适当安排”。请问能否证实已致贺？,如你所说，昨天我们已经回答了相关问题。我们想再次强调，中方已经根据外交惯例作出适当安排。中日两国互为近邻。中方在中日关系上的基本立场是一贯和明确的。希望日方同中方相向而行，恪守中日四个政治文件各项原则，信守在历史、台湾等重大问题上的政治承诺，维护双边关系政治基础，全面推进中日战略互惠关系。,郭嘉昆
t20251024_11740195.html,乌通社记者,昨日，乌克兰总统泽连斯基在布鲁塞尔的新闻发布会上表示，乌中两国领导层之间没有持续的对话，中方向俄罗斯提供了援助，使俄方能推进对乌“侵略战争”。外交部对此有何回应？,在乌克兰危机问题上，中方始终根据事情本身的是非曲直决定自身立场，一直致力于停火止战、劝和促谈。中方所做努力国际社会有目共睹。我们将继续坚定站在对话一边，站在和平一边，为推动局势缓和降温、推动危机政治解决发挥建设性作用。,郭嘉昆
t20251024_11740195.html,法新社记者,中国内地与印度的直航将从本周日及周一开始恢复。外交部对此有何评论？这对中印关系有何重要意义？,中国内地和印度恢复直航航班，是双方认真落实两国领导人天津会晤重要共识的最新进展，也是便利中印两国28亿多人民友好交往的积极举措。中方愿同印方一道努力，从战略高度和长远角度看待和处理中印关系，推动两国关系持续健康稳定发展，更好惠及两国和两国人民，为维护亚洲乃至世界的和平与繁荣作出应有贡献。,郭嘉昆
t20251024_11740195.html,《北京青年报》记者,据路透社报道，德国外长瓦德富尔接受该社采访时表示，德政府坚持一中政策的立场没有改变，但将自行决定政策的具体实施，不支持以武力改变台海现状。中方对此有何评论？,世界上只有一个中国，台湾是中国的一部分，中华人民共和国政府是代表全中国的唯一合法政府。这是一中原则最完整、最准确的表述，也是唯一的表述，没有任何“自定义”的理由和空间。,郭嘉昆
t20251024_11740195.html,日本广播协会记者,习近平主席访问韩国期间是否会同日本首相高市早苗会谈？,中方刚刚介绍了习近平主席将赴韩国出席亚太经合组织第三十二次领导人非正式会议并对韩国进行国事访问的情况。关于具体活动，我们会及时发布消息。,郭嘉昆
t20251027_11741651.html,总台央视记者,李强总理昨天结束了对新加坡的正式访问。发言人能否进一步介绍访问情况？中方如何看待此访意义？,李强总理于10月25日至26日对新加坡成功进行正式访问，同张赞成代总统、黄循财总理分别举行会见、会谈，并同颜金勇副总理共同出席中新工商界座谈会。此访取得丰硕成果，对丰富发展中新全方位高质量的前瞻性伙伴关系具有重要意义。,郭嘉昆
t20251027_11741651.html,《中国日报》记者,中方刚刚发布韩正副主席访问沙特、科威特并赴卡塔尔出席第二届社会发展世界峰会的消息。发言人能否介绍一下此访背景、活动安排和中方期待？,中国和沙特是全面战略伙伴，和科威特、卡塔尔是战略伙伴。近年来特别是习近平主席2022年底对沙特国事访问并出席首届中国—海湾阿拉伯国家合作委员会峰会、中国—阿拉伯国家峰会以来，中沙、中科、中卡关系取得长足进步，中国同三国政治互信不断巩固，各领域务实合作成果丰硕，人文交流日益密切，在地区和国际事务中始终保持良好沟通和协调。此访是中国同中东国家的一次重要高层交往。访问期间，韩正副主席将同各方就双边关系和共同关心的问题深入交换意见。,郭嘉昆
t20251027_11741651.html,总台华语环球节目中心记者,我们注意到，今天外交部举办了“完善全球治理　共建人类命运共同体”蓝厅论坛，发言人能否介绍有关情况？中方希望通过举办这场活动传递什么信息？,今年9月1日，习近平主席在上海合作组织天津峰会期间郑重提出全球治理倡议。倡议提出不到两个月，在国际社会引起积极反响，迅速得到140多个国家和国际组织的明确支持。许多国家和国际组织表示，期待以落实全球治理倡议为契机，推动全球治理体系改革和建设取得新的成果。,郭嘉昆
t20251027_11741651.html,德新社记者,德国外交部周五称，瓦德富尔外长推迟访华。德国外交部发言人表示，除双方外长举行会见外，中方没有确认其他会见安排。请问外交部对此有何评论？,中方始终从战略高度和长远角度看待和发展中德关系，中德作为大国和世界主要经济体，双方合作互惠互利。特别是在当前形势下，双方更应该坚持相互尊重、平等相待、合作共赢，推动双边关系沿着正确轨道向前发展。,郭嘉昆
t20251027_11741651.html,彭博社记者,在中美元首可能举行会晤之前，两国就经贸问题达成框架协议。发言人能否介绍具体细节，特别是美国财长贝森特提到的关于中国购买美国大豆的问题？,关于中美经贸磋商，中方已经发布了消息。此次经贸磋商中，双方以两国元首重要共识为引领，围绕共同关心的重要经贸问题，进行了坦诚、深入、富有建设性的交流磋商，就解决各自关切的安排达成基本共识。双方同意进一步确定具体细节，并履行各自国内批准程序。具体问题建议向中方主管部门询问。,郭嘉昆
t20251027_11741651.html,香港中评社记者,日前中方决定将10月25日设立为台湾光复纪念日，国际媒体高度关注。发言人能否进一步介绍情况？对此有何评论？,1945年，中国人民经过14年不屈不挠的浴血奋战，赢得抗日战争暨世界反法西斯战争的伟大胜利。当年10月25日，中国战区台湾省受降仪式在台北举行，至此台湾、澎湖列岛重归中国主权管辖之下。,郭嘉昆
t20251027_11741651.html,路透社记者,普京总统周日表示，俄罗斯已成功测试了核动力巡航导弹，并开始着手部署该导弹。外交部对此有何评论？,我们注意到有关报道。,郭嘉昆
t20251027_11741651.html,《环球时报》记者,日前，乌拉圭《共和国报》文章指出，美国媒体与官员口中所谓的“中国军事威胁论”是一种夸大的说法，更多是出于地缘政治需要。美国通过塑造一个外部挑战，得以强化其“西半球安全保障者”角色，从而维护在地区传统地位。请问中方对此有何评论？,中拉人民都热爱和平，中方积极支持拉方《宣布拉美和加勒比为和平区的公告》和《拉美和加勒比33国关于建立无核区的声明》。中拉合作只有相互支持，没有地缘算计，更没有军事意图。,郭嘉昆
t20251027_11741651.html,路透社记者,菲律宾总统马科斯今天在东盟—美国峰会上表示，对“危险操作和使用设备进行胁迫行为”等事件持续在南海发生“感到遗憾”，这威胁到菲律宾人员、船只、飞机的安全。外交部对此有何评论？,南海是中国和东盟国家的共同家园，南海和平稳定需要我们共同维护。菲方在海上蓄意侵权挑衅是导致局势紧张的根源。中方将继续依法坚定维护自身主权和权益，同时愿与菲方通过对话协商妥处涉海分歧，并同东盟各国一道全面有效落实《南海各方行为宣言》，推进“南海行为准则”磋商，共同维护南海和平稳定。有关国家应切实遵守《南海各方行为宣言》的规定，停止侵权挑衅行动、渲染紧张局势。,郭嘉昆
t20251027_11741651.html,法新社记者,追问关于中美在马来西亚举行经贸磋商的问题。除大豆外，美国财长贝森特还介绍了其他细节，包括中国将推迟一年实施稀土出口管制措施，以便重新审查该政策。贝森特还暗示中方可能会就TikTok签署最终协议。中方对此有何评论？,刚才我们已经就中美经贸磋商相关问题作了回答。关于你提到的具体问题，建议向中方主管部门询问。关于TikTok的问题，中方立场是一贯的。,郭嘉昆
t20251027_11741651.html,彭博社记者,据了解，中方尚未向日本新任首相高市早苗致贺电。中方是否有计划向她致贺？,我们此前已经多次回答了这个问题。中方已经根据外交惯例作出适当安排。,郭嘉昆
t20251027_11741651.html,湖北广电记者,10月25日是南部非洲发展共同体确定的“反制裁日”，津巴布韦举办“反制裁日”周年纪念活动，敦促西方立即无条件解除对该国的非法和不公正制裁。请问中方对此有何评论？,2019年，第39届南部非洲发展共同体峰会将10月25日确定为“反制裁日”，呼吁美国等少数西方国家和组织解除对津巴布韦的非法制裁。津巴布韦举办“反制裁日”周年纪念活动，中方对此表示支持。,郭嘉昆
t20251027_11741651.html,路透社记者,追问关于德国外长推迟访华的问题。请问德方这一决定是否表明中德关系紧张加剧？,刚才我们已经回答了有关的问题。中方始终从战略高度和长远角度看待和处理中德关系。在当前形势下，中德双方更应该坚持相互尊重、平等相待、合作共赢，推动两国关系沿着正确轨道向前发展。,郭嘉昆
t20251027_11741651.html,法新社记者,中美元首近期可能举行会晤，特朗普总统对中美最终达成贸易协议表示乐观。中方如何看待此次中美元首会晤和可能达成的成果？能否介绍会晤的具体安排？,中美双方就两国元首会晤保持着密切沟通。如有进一步消息，中方将及时发布。,郭嘉昆
t20251027_11741651.html,德新社记者,美国总统特朗普在马来西亚表示，中国领导人明年将访问美国。请问外交部对此有何评论？能否确认中国领导人明年将访问美国？,元首外交对中美关系发挥着不可替代的战略引领作用，中美两国元首保持着密切的沟通与交往。关于你提到的具体问题，我们目前没有可以发布的消息。,郭嘉昆
t20251027_11741651.html,彭博社记者,美方一架军用直升机和一架战斗机在30分钟内相继在南海坠毁。外交部对此有何评论？,中方注意到有关报道。如果美方提出，中方愿意从人道主义角度出发，向美方提供必要协助。需要强调的是，美方有关军机是在南海开展军事演练时坠毁的。美方频繁派遣军舰军机到南海炫耀武力，是引发海上安全问题、破坏地区和平稳定的根源。,郭嘉昆
t20251028_11742415.html,新华社记者,东亚合作领导人系列会议在马来西亚吉隆坡成功举行。发言人能否进一步介绍李强总理与会具体情况和成果亮点？,10月27日至28日，李强总理在吉隆坡出席东亚合作领导人系列会议和《区域全面经济伙伴关系协定》（RCEP）领导人会议，取得积极成果。李强总理祝贺东帝汶正式加入东盟大家庭，同东盟轮值主席国马来西亚总理安瓦尔共同见证签署中国—东盟自贸区3.0版升级议定书。,郭嘉昆
t20251028_11742415.html,法新社记者,本周四，中欧将在布鲁塞尔就稀土问题进行会谈。中方对本轮会谈持何立场？中方是否准备放松稀土出口管制措施或就其他问题作出让步？,中欧经贸关系的本质是优势互补、互利共赢。我们希望欧方恪守支持自由贸易、反对贸易保护主义的承诺，不要动辄采取限制性措施，而应坚持通过对话协商妥善解决贸易分歧，为各国企业提供公平、透明、非歧视的营商环境，以实际行动维护市场经济和世贸组织规则。具体问题建议向中方主管部门询问。,郭嘉昆
t20251028_11742415.html,日本电视网记者,日美领导人今天进行了会晤，确认将加强日美同盟。中方对此有何评论？,亚太地区是和平发展的高地。美日发展双边关系、开展安全合作，应当有助于维护地区和平稳定，而不是相反。,郭嘉昆
t20251028_11742415.html,路透社记者,林佳龙称，“台美关系非常稳定”，因此他不担心特朗普总统在与中国领导人会晤后会“抛弃台湾”。中方对此有何回应？,台湾是中国领土不可分割的一部分。当前台海和平稳定最大的威胁是“台独”分裂活动和外部势力纵容支持。中方一贯反对任何形式的美台官方往来，希望美方恪守一个中国原则和中美三个联合公报，慎之又慎处理台湾问题。民进党当局顽固“挟洋谋独”，利用各种场合兜售“台独”分裂谬论，企图颠倒黑白、混淆视听，其行径卑劣可耻，其图谋注定失败。无论民进党当局说什么、做什么，都改变不了台湾是中国领土一部分的历史和法理事实，更阻挡不了中国终将统一、也必将统一的历史大势。,郭嘉昆
t20251028_11742415.html,中新社记者,近日，牙买加前总理帕特森、圭亚那前总统拉莫塔等10位加勒比共同体成员国前领导人发表联合声明，对有关国家在加勒比海域军事行动深表忧虑，重申加勒比地区50多年来的和平区地位，指出美国应在法制框架下打击贩毒，不能为法外处决开绿灯。此前，联合国人权特别机制专家、加勒比媒体评论人士亦认为美方军事行动已构成法外处决罪。请问中方对此有何评论？,我们注意到有关声明。希望美方认真倾听加勒比国家和国际社会强烈呼声，停止损害加勒比地区和平稳定的行径，回到通过双多边法律框架开展正常执法司法合作的轨道上来。,郭嘉昆
t20251028_11742415.html,真实巴西记者,美国财长贝森特周日接受采访表示，中方从未实施稀土出口管制措施，暗示特朗普总统威胁对华加征100％关税在谈判中发挥了作用。中国政府是否已经或计划暂停实施稀土出口管制措施？美方关税威胁是否影响了中美吉隆坡经贸磋商？,具体问题建议向中方主管部门了解。关于稀土出口管制政策，中方已多次阐明立场。中方相关措施是对出口管制体系的规范和完善，符合国际通行做法，目的是更好维护世界和平与地区稳定，履行防扩散等国际义务。我们愿同各国加强出口管制对话交流，维护全球产供链安全稳定。关于中美经贸磋商的情况，中方已发布消息，你可以查阅。,郭嘉昆
t20251028_11742415.html,路透社记者,中印五年多来首班直航航班周一在广州降落，这标志着两国关系的改善。外交部是否认为中印关系其他方面仍然处于“冻结”状态？有中国媒体评论称，中方实际上在向印方进行“单方面开放”，这种评论是否准确？,我们一般不对媒体的评论解读作回应。中国内地和印度恢复直航航班，是双方认真落实两国领导人天津会晤重要共识的最新进展，也是便利中印两国28亿多人民友好交往的积极举措。中方愿同印方一道努力，从战略高度和长远角度看待和处理中印关系，推动两国关系持续健康稳定发展，更好惠及两国和两国人民，为维护亚洲乃至世界的和平与繁荣作出更大贡献。,郭嘉昆
t20251028_11742415.html,英国广播公司记者,最近所谓“中国间谍”案在英国引发争议，这些“间谍”被控向中国提供关于英国政府的信息。中方是否担心此事将损害中英关系以及中国在英国民众中的声誉？,中方已多次就有关问题阐明严正立场。我们坚决反对炒作所谓“中国间谍活动”、对华进行诬蔑抹黑。,郭嘉昆
t20251028_11742415.html,真实巴西记者,昨天，巴西总统卢拉在吉隆坡表示支持马来西亚成为金砖正式成员。中方对此是否支持？,金砖国家是新兴市场国家和发展中国家合作的重要平台，为世界多极化和国际关系民主化注入强劲动力，得到南方国家广泛认同。金砖国家重视“全球南方”伙伴参与金砖合作的积极意愿，欢迎马来西亚和更多志同道合的伙伴参与金砖合作，共同推动国际秩序朝着更加公正合理方向发展。,郭嘉昆
t20251028_11742415.html,《北京青年报》记者,《全面禁止核试验条约》组织筹委会临时技术秘书处执行秘书弗洛伊德在社交平台表示，2026年是条约达成30周年，中国在开放签署首日即签署条约，积极推进国际监测台站核证等工作；中国启动两所辅助地震台站核证程序，体现了中方践行多边主义、致力于全球和平与安全。请问中方对此有何评论？,应中方邀请，弗洛伊德执行秘书于10月20日至25日访华，其间同外交部、国防部、中国地震局及地方政府官员分别会见，并出席中国西安、上海辅助地震台站核证验收启动仪式，颁发昆明次声台站核证证书。,郭嘉昆
t20251028_11742415.html,法新社记者,追问关于日美领导人会晤的问题，双方签署了稀土合作协议，以确保稀土供应。中方对此有何评论？,刚才我们已经回答了有关问题。,郭嘉昆
t20251029_11743157.html,总台央视记者,近期亚太区域经济一体化进程取得积极进展，中国—东盟自贸区3.0版升级议定书正式签署，第五次区域全面经济伙伴关系协定（RCEP）领导人会议召开并发表联合声明。与此同时，国际货币基金组织等也警告称，尽管亚太地区仍是全球增长最快地区，但关税上调和保护主义抬头可能加重经济脆弱性。发言人如何看待亚太经济合作前景？中方将发挥怎样的作用？,亚太是全球经济最富活力的板块和最具动能的引擎，在区域合作和经济一体化方面走在世界前列。《区域全面经济伙伴关系协定》生效实施3年多来，各成员间经贸合作持续深化，区域经济保持较快增长。中国与东盟连续5年互为最大贸易伙伴，中国—东盟自贸区3.0版升级议定书的签署是双方深化经贸关系重大成果，将为亚太乃至全球经济增长注入更多动力和信心。国际货币基金组织最新报告预计，今年亚太地区经济增速为4.5％，继续领跑全球。事实证明，开放合作、融合发展是缔造“亚太奇迹”的关键密码，也是亚太各国共迎挑战、共创未来的必由之路。,郭嘉昆
t20251029_11743157.html,法新社记者,中美元首将于明天在韩国釜山举行会晤。特朗普表示感到乐观，很多问题都会得到解决。中方对会晤有何期待？,元首外交对中美关系发挥着不可替代的战略引领作用。此次会晤，两国元首将就事关中美关系的战略性、长远性问题，以及共同关心的重大问题深入沟通。我们愿同美方共同努力，推动此次会晤取得积极成果，为中美关系稳定发展作出新指引、注入新动力。我们会适时发布会晤具体情况。,郭嘉昆
t20251029_11743157.html,共同社记者,中国领导人将于明天访问韩国，日本新首相高市早苗也将访问韩国。请问中日领导人是否将举行会晤？,你提到的具体会晤，我目前没有可以提供的信息。,郭嘉昆
t20251029_11743157.html,法新社记者,关于中美元首会晤，特朗普特别提到可能在会晤中同中方讨论降低对华加征芬太尼关税一事。中方对此有何回应？,中方在这个问题上的立场是一贯的、明确的。中国是禁毒最坚决、政策最彻底、纪录最良好的国家，也是世界上列管物质最多、管制最严格的国家之一。中方对美国人民遭受的芬太尼危机表示同情，曾为此提供帮助并取得积极效果，对继续同美方开展合作持开放态度。美方应采取实际行动，为双方合作创造必要条件。,郭嘉昆
t20251029_11743157.html,法新社记者,据报道，近期中国自美采购大豆，这也是中方年内首次采购。外交部对此有何评论？,中方在有关问题上的立场是一贯的。具体问题建议向中方主管部门询问。,郭嘉昆
t20251029_11743157.html,日本电视网记者,昨天，中国外长同日本外相通电话。中方表示注意到日本新内阁释放的一些积极信号。发言人能否介绍“积极信号”具体指什么？,中方已经发布此次通话消息。我们注意到，日方在通话中表示，中国是日本重要邻国，高市首相高度重视日中关系，日方从来无意同中方脱钩断链。中方重视日方上述表态，希望日方恪守中日四个政治文件原则，同中方一道维护好中日关系的政治基础，推动中日关系沿着正确方向继续改善发展。,郭嘉昆
t20251029_11743157.html,法新社记者,英伟达首席执行官黄仁勋表示，希望美国生产的人工智能芯片能够在华销售。中方是否欢迎美国在华销售人工智能芯片？,具体问题建议向中方主管部门询问。中方已多次表明在美输华芯片问题上的原则立场，希望美方以实际行动维护全球产供链稳定。,郭嘉昆
t20251030_11744014.html,深圳卫视记者,据报道，根据巴拉圭本月最新民调，有58.3％的巴拉圭民众认为同中国建交非常重要，29.8％认为很重要，总占比近90％。多位巴拉圭议员呼吁巴政府同中国建交，同台湾当局“断交”。请问中方对此有何评论？,中方注意到有关报道。近年来，我们多次听到巴拉圭各界朋友关于发展对华关系的强烈呼声，有关民调再次显示巴拉圭人民对中巴建交的热烈期盼。,郭嘉昆
t20251030_11744014.html,法新社记者,今天上午中美元首釜山会晤后，特朗普总统表示将于明年4月访问中国。外交部能否确认？能否介绍中国领导人明年应邀访美的具体时间安排？,关于中美元首会晤，中方已经发布了消息，你可以查阅。两国元首同意保持经常性交往。特朗普总统期待明年早些时候访华，邀请习近平主席访问美国。,郭嘉昆
t20251030_11744014.html,韩国《中央日报》记者,昨天韩美领导人在会谈中讨论了核动力推进潜艇，今天特朗普总统表示将批准在韩华费城造船厂建造。中方对此有何评论？,中方注意到相关情况。中方希望韩美双方切实履行核不扩散义务，做促进地区和平稳定的事，而不是相反。,郭嘉昆
t20251030_11744014.html,路透社记者,美方表示，中方同意暂停实施稀土出口管制措施。发言人能否介绍具体情况？中方仅暂停实施10月份出台的管制措施，还是连同4月份出台的管制措施一并暂停？,中方已经发布了中美元首会晤的消息稿，你可以查阅。习近平主席在会晤中指出，两国经贸团队就重要经贸问题深入交换意见，形成了解决问题的共识。双方团队要尽快细化和敲定后续工作，将共识维护好、落实好。,郭嘉昆
t20251030_11744014.html,俄新社记者,特朗普总统表示，他已下令与其他据称拥有核试验计划的国家在“平等”基础上进行核试验。他还说，目前美国拥有最大核武库，但中国可能在五年内赶上美国。中方对此有何评论？,中方希望美方切实遵守《全面禁止核试验条约》义务和“暂停核试验”承诺，以实际行动维护国际核裁军与核不扩散体系，维护全球战略平衡与稳定。,郭嘉昆
t20251030_11744014.html,彭博社记者,据报道，七国集团将宣布成立一个“关键矿产生产联盟”，以抗衡中国市场主导地位。外交部对此有何评论？,中方对出口管制体系进行规范和完善，符合国际通行做法，目的是更好维护世界和平与地区稳定，履行防扩散等国际义务。我们敦促七国集团切实遵守市场经济原则和国际经贸规则，停止以“小圈子”规则破坏国际经贸秩序，共同维护世界经济稳定发展。,郭嘉昆
t20251030_11744014.html,俄新社记者,特朗普总统此前表示，美俄正在讨论核裁军问题，如果双方在该问题上取得进展，中国可能也加入讨论。中方对此有何评论？,关于核裁军问题，中方立场是一贯的、明确的。,郭嘉昆
t20251031_11744942.html,总台央视记者,发言人能否介绍中俄总理第三十次定期会晤背景及有关安排？中方对此次会晤有何期待？,在习近平主席和普京总统战略引领下，中俄关系保持高水平发展，各领域合作呈现积极稳健推进势头。中俄总理定期会晤是推动落实两国元首共识，统筹协调双方务实合作的重要机制。会晤期间，两国总理将全面梳理各方向合作进展，规划下一阶段合作，并就共同关心的问题深入交换意见。,郭嘉昆
t20251031_11744942.html,中新社记者,中方刚刚发布了丁薛祥副总理将作为习近平主席特别代表出席贝伦气候峰会的消息。请问中方对此次峰会成果有何期待？,今年是《巴黎协定》达成10周年和新一轮国家自主贡献提交年，全球气候治理迎来关键节点。今年以来，习近平主席在联合国秘书长古特雷斯和巴西总统卢拉共同主持的两场气候峰会上发表重要致辞，并宣布中国新一轮国家自主贡献，彰显中国在气候治理领域的引领作用和负责任大国形象。中方愿以中国成就、中国方案，为全球气候治理注入更强劲信心和动力，并希望与各方一道，高举多边主义旗帜，加强团结协作，推动全球绿色低碳转型，共建清洁美丽世界。预祝本次会议取得圆满成功，为世界留下“巴西印记”，成为应对全球气候变化的重要里程碑。,郭嘉昆
t20251031_11744942.html,日本电视网记者,今天，中日领导人将在韩国举行会晤。中方期待本次会晤取得哪些成果？,据我所知，双方就会晤问题保持着沟通。,郭嘉昆
t20251031_11744942.html,路透社记者,美国财长贝森特表示，最早可能在下周签署中美贸易协议。中方是否也有同样预期？外交部能否介绍中方调整对美进口商品加征关税的具体安排？昨天，中国商务部表示，中方将相应调整针对美方的反制措施，对此应如何解读？,中美元首在釜山会晤期间，讨论了经贸关系等议题，同意加强经贸等领域合作。中方主管部门昨天也介绍了吉隆坡经贸磋商的成果。中美经贸关系的本质是互利共赢。正如习近平主席指出，经贸应该继续成为中美关系的压舱石和推进器，而不是绊脚石和冲突点。中方愿同美方一道，落实好两国元首重要共识，本着平等、尊重、互惠原则，通过对话协商不断压缩问题清单，拉长合作清单，推动中美关系健康、稳定、可持续发展，为世界注入更多确定性和稳定性。,郭嘉昆
t20251031_11744942.html,总台中国之声记者,中方对丁薛祥副总理此次访问乌拉圭、巴西有何期待？,乌拉圭是中国传统友好国家和全面战略伙伴。建交37年来，两国关系始终保持良好发展势头。中方期待同乌方一道，以此访为契机，推动中乌全面战略伙伴关系不断取得新进展，更好惠及两国人民。,郭嘉昆
t20251031_11744942.html,《环球时报》记者,当地时间10月29日，第80届联大投票通过了“必须终止美国对古巴的经济、商业和金融封锁”决议草案，结果为165票赞成，12票弃权，美国等7国投下反对票。请问中方对此有何评论？,过去60多年来，美国对古巴残酷封锁、非法制裁，严重违反《联合国宪章》宗旨和原则等国际关系基本准则，严重侵犯古巴生存权和发展权，给古巴人民造成深重灾难。,郭嘉昆
t20251031_11744942.html,路透社记者,昨天，中方宣布暂停实施10月9日公布的相关出口管制措施。这适用于所有国家还是只针对美国？,具体问题建议向中方主管部门询问。,郭嘉昆
t20251031_11744942.html,印度报业托拉斯记者,特朗普总统将中美元首会晤形容为“两国集团（G2）”会晤。这给外界一个印象，即中美正在努力构建“两国集团”。如确实如此，这可能对世界秩序产生重大影响。中方对此有何评论？此外，中美即将达成贸易协议，这是否会削弱中方反对单边主义、支持多边主义的立场？,正如习近平主席在会晤中指出，中美在地区和国际舞台应该良性互动；当今世界还有很多难题，中国和美国可以共同展现大国担当，携手多办一些有利于两国和世界的大事、实事、好事。,郭嘉昆
t20251031_11744942.html,法新社记者,外交部能否介绍中国和加拿大领导人会见的情况？双方是否讨论了与现有经贸措施相关的贸易协议？,中方刚刚发布了习近平主席会见加拿大总理的快讯。关于会见具体情况，我们会适时发布消息，请你保持关注。,郭嘉昆
t20251031_11744942.html,彭博社记者,美国贸易代表格里尔表示，尽管中美昨天达成“贸易休战”协议，但美国仍将继续对中国履行中美第一阶段经贸协议的情况进行调查。外交部对此有何评论？,我刚才已经回答了相关问题。中美元首在釜山会晤期间，双方一致同意加强经贸等领域合作。中方愿同美方一道，落实好两国元首达成的重要共识，在平等、尊重、互惠基础上，通过对话协商压缩问题清单，拉长合作清单，共同推动中美关系健康、稳定、可持续发展。,郭嘉昆
t20251103_11745952.html,总台央视记者,中方刚发布了西班牙国王费利佩六世访华消息。中方能否介绍此访有关安排？如何看待当前中西关系？对此访有何期待？,这是费利佩六世国王登基以来首次对中国进行国事访问，也是西班牙国王时隔18年再次访华，具有重要意义。访问期间，习近平主席、李强总理和赵乐际委员长将分别会见费利佩六世国王，就双边关系和共同关心的国际和地区问题交换意见。,毛宁
t20251103_11745952.html,深圳卫视记者,中方日前宣布，明年亚太经合组织（ APEC ）领导人非正式会议将在中国深圳举行。能否进一步介绍将深圳作为主办城市的考虑，以及对担任2026年东道主的展望？,随着APEC第三十二次领导人非正式会议落下帷幕，APEC“中国年”即将开启。习近平主席郑重宣布，中方将于明年11月在深圳举办APEC第三十三次领导人非正式会议。这是中国第三次担任APEC东道主。从上海到北京，再到深圳，中国在APEC舞台上的作用和贡献日益丰富，体现了对亚太合作的引领、对多边主义的践行、对区域经济一体化的支持。,毛宁
t20251103_11745952.html,《环球时报》记者,中方发布了爱沙尼亚外长查赫克纳访华消息。中方如何看待当前中爱关系？对此访有何期待？,中方欢迎爱沙尼亚外长查赫克纳访华。中国和爱沙尼亚传统友好，近年来双边关系总体保持平稳发展。中方重视发展同爱沙尼亚的友好合作关系，愿同爱沙尼亚方面一道，以此访为契机，在相互尊重、平等相待基础上，加强沟通、增进互信、拓展合作，推动两国关系行稳致远。,毛宁
t20251103_11745952.html,中新社记者,日前，习近平主席在韩国庆州同加拿大总理卡尼举行会见，这是习近平主席时隔8年首次会见加拿大领导人。中方对此有何评论？,10月31日下午，习近平主席在韩国庆州出席亚太经合组织第三十二次领导人非正式会议期间会见加拿大总理卡尼，就进一步改善发展中加关系达成重要共识、作出战略引领。中方愿同加方一道努力，以这次会见为契机，恢复重启两国各领域交流合作，推进解决彼此关切的具体经贸问题，推动中加关系早日回到健康、稳定、可持续的正确轨道，更好造福两国人民。,毛宁
t20251103_11745952.html,法新社记者,美国总统特朗普昨天声称，中国在“秘密”进行核武器试验。外交部对此有何回应？,作为安理会常任理事国和负责任的核武器国家，中国始终坚持走和平发展道路，奉行不首先使用核武器政策，坚持自卫防御核战略，恪守“暂停核试验”的承诺。我们愿意同各方一道，共同维护《全面禁止核试验条约》的权威，维护国际核裁军和核不扩散体系。,毛宁
t20251103_11745952.html,湖北广电记者,中方对有关国家的单方面免签政策将于今年年底到期。请问该政策是否会延期？,为贯彻落实党的二十届四中全会精神，扩大高水平对外开放，持续便利中外人员往来，中方决定将对法国等国免签政策延长至2026年12月31日。此外，中方将于2025年11月10日至2026年12月31日对瑞典免签。具体信息请关注外交部领事司和中国驻外使领馆发布的信息。,毛宁
t20251103_11745952.html,乌通社记者,上周，中国、巴西等全球南方国家发起的乌克兰危机“和平之友”小组再次呼吁停火。乌克兰方面多次表示愿意停火。中国、巴西及“和平之友”小组是否已直接呼吁俄罗斯停止冲突？,乌克兰危机“和平之友”小组成立的目的就是停火止战、劝和促谈，为争取和平营造氛围、积累条件。小组成立以来为政治解决危机发挥了建设性作用，未来也将继续为此作出积极努力。,毛宁
t20251103_11745952.html,《北京青年报》记者,据了解，中方已经同意恢复中国公民赴加拿大团队游。发言人对此有何评论？,综合考虑中国游客出境需求、当地旅游环境等各方面情况，中方决定恢复旅行社经营中国公民赴加拿大团队游业务。相信这将进一步促进中国同加拿大人员往来，增进两国人民相互了解和友谊。我们愿同加方共同努力，为两国人员往来提供更多便利，也希望加方相向而行，为中国游客提供安全、舒适的旅游环境。,毛宁
t20251103_11745952.html,澎湃新闻记者,据报道，苏丹快速支援部队在北达尔富尔州首府法希尔杀害约2000名平民。联合国、阿盟、非盟等关注法希尔人道主义形势，谴责针对平民的暴行。中方对此有何评论？,中方高度关注苏丹局势，谴责伤害平民的行为。希望苏丹尽快实现停火止战，缓解人道主义危机，早日重启政治进程，恢复和平稳定，实现重建发展。,毛宁
t20251103_11745952.html,法新社记者,美国财长贝森特昨天称，如果中方继续阻止稀土出口，美方可能对华加征关税。中方对此有何回应？,关于中国的稀土出口管制政策，中方主管部门已经多次阐明立场。中美吉隆坡经贸磋商的成果充分说明，对话和合作是正确途径，威胁和施压无助于问题解决。中美双方应认真落实两国元首釜山会晤达成的重要共识，为中美经贸合作和世界经济注入更多确定性和稳定性。,毛宁
t20251103_11745952.html,乌通社记者,菲律宾和加拿大上周日签署一项协议，允许两国军队在对方国家进行训练，目的之一是对抗中国在南海的军事活动。外交部对此有何评论？,中方一贯认为，国家间的防务安全合作不得针对第三方或损害第三方利益。炫耀武力、挑动对抗不利于地区和平稳定。,毛宁
t20251104_11746610.html,总台央视记者,据报道，朝鲜最高人民会议常任委员会前委员长金永南于当地时间11月3日因病逝世，享年97岁。中方对此有何评论？,朝鲜最高人民会议常任委员会前委员长金永南是中国人民的老朋友，他生前曾多次率团访华，为推动中朝传统友好合作关系发展作出了重要贡献。中方对他的逝世表示沉痛哀悼，向其家属致以诚挚慰问。,毛宁
t20251104_11746610.html,新华社记者,据报道，北京时间11月3日凌晨，阿富汗北部巴尔赫省发生6.3级地震，已造成至少24人死亡、超640人受伤。中方对此有何评论？,中方关注阿富汗地震灾情。我们对遇难者表示深切哀悼，向遇难者家属和受伤人员表示诚挚慰问。相信在阿富汗政府领导下，阿富汗人民一定能够战胜灾害、重建家园。中方也愿根据阿富汗方面的需要提供帮助。,毛宁
t20251104_11746610.html,埃菲社记者,联合国安理会近日通过了西撒特派团授权延期决议，中方在表决中投了弃权票。中方如何看待当前西撒哈拉形势？认为这项决议有哪些方面可以改进？,中国代表在决议表决后的解释性发言中已经充分阐述了中方立场。我想强调，中方支持西撒特派团授权延期。遗憾的是，有关决议未能平衡照顾各方关切，未能客观反映所有倡议，中方不得不投下弃权票。在西撒问题上，中方始终认为政治解决是根本出路，联合国是主要渠道，安理会有关决议是重要基础，对话谈判是正确方式。中方期待有关各方平等协商，达成公正、持久和各方均能接受的政治解决方案。,毛宁
t20251104_11746610.html,总台中国之声记者,据报道，美国总统特朗普日前以基督教在尼日利亚面临威胁为由宣布将尼列入“特别关注国家”名单。尼外交部发表声明称，美方说法与事实不符。特朗普称，如尼政府继续放任杀害基督徒行为，美将立即停止对尼一切援助，并很有可能对尼采取军事行动。中方对此有何评论？,作为全面战略伙伴，中方坚定支持尼日利亚政府带领人民走符合本国国情的发展道路，反对任何国家以宗教、人权为借口干涉别国内政，反对动辄以制裁和动武相威胁。,毛宁
t20251104_11746610.html,法新社记者,据称英国一所大学在中方施压下叫停了一名教授的人权相关研究。中方安全部门对该大学进行威胁，并在华封锁其网站。英国政府称已向中方提出这一问题。外交部对此有何评论？,你提到的有关个人是反华虚假信息供应链上的一环。她本人接受采访时也承认所谓的研究受到某些国家政府部门，甚至是安全部门的资助和支持。这种自我炒作打的是学术自由的旗号，谋的是造谣获利的生意。,毛宁
t20251104_11746610.html,埃菲社记者,有报道称，委内瑞拉总统马杜罗向中国、俄罗斯和伊朗寻求导弹、无人机等军事装备，以防范美国可能对委内瑞拉发动的袭击。中方对此有何评论？,关于美国以武力方式在加勒比海打击所谓“贩毒集团”，中方的立场是明确的。中方支持加强国际合作打击跨国犯罪，反对在国际关系中使用或威胁使用武力，反对破坏拉美和加勒比地区和平稳定，反对单方面、超出合理必要限度对他国船只进行所谓执法。希望美方通过双多边法律框架开展正常的执法司法合作。,毛宁
t20251105_11747484.html,中新社记者,今天上午，第八届中国国际进口博览会在上海开幕，李强总理出席开幕式并发表主旨演讲。发言人能否进一步介绍情况？在当前国际经贸形势下，中国希望通过本届进博会向世界传递什么信息？,进博会是世界上第一个以进口为主题的国家级展会，是中国扩大高水平开放的创新之举、务实之举。进博会连续八年成功举办，体现了中国践行开放承诺、追求互利共赢的决心和行动。,毛宁
t20251105_11747484.html,路透社记者,台湾方面今天称，中国大陆对中国台北参加明年的亚太经合组织（APEC）领导人非正式会议提出了“多项条件”，包括要求遵守一个中国原则。外交部对此有何评论？,在一个中国原则下作为地区经济体参与APEC，遵循APEC有关谅解备忘录规定和惯例，这是中国台北参与APEC的政治前提。在这个问题上，中方的立场是明确和坚定的。,毛宁
t20251105_11747484.html,总台央视记者,今天是中国和斐济建交50周年纪念日，中方如何评价中斐关系过去50年的发展？对双方关系未来发展有何期待？,今天是中国和斐济建交50周年，习近平主席、李强总理分别同斐济总统拉拉巴拉武、总理兰布卡互致贺电，共同庆祝中斐关系这一历史性时刻。斐济是首个同新中国建交的太平洋岛国。50年来，在两国领导人战略引领下，中斐关系长足发展，历久弥坚。正如习近平主席在贺电中指出，无论国际形势如何变化，两国始终相互尊重、平等相待、合作共赢，支持彼此走符合自身国情的发展道路。近年来，双方高质量共建“一带一路”成果丰硕，惠及两国人民，中斐友好更加深入人心。,毛宁
t20251105_11747484.html,今日俄罗斯记者,近日，美国财政部长贝森特称中国是“不可靠的伙伴”。而数日前，特朗普总统与中国领导人举行会谈并对此大加赞扬。中方如何看待美方这一前后矛盾的信号？,中国对美政策保持稳定性，始终按照相互尊重、和平共处、合作共赢三原则看待和处理中美关系，同时坚定维护自身主权安全发展利益。保持中美关系健康稳定发展符合两国人民根本利益，也是国际社会的普遍期待。,毛宁
t20251105_11747484.html,法新社记者,欧盟昨天宣布，将就英美资源集团拟将镍业务出售给中国五矿资源有限公司展开调查。外交部对此有何评论？,具体问题建议向主管部门了解。作为原则，中方一贯支持企业秉持互利共赢原则开展各领域务实合作。希望有关方面能够恪守开放承诺，尊重市场经济和公平竞争原则，不要将经贸问题政治化、泛安全化，为各国企业提供公平、透明、非歧视的营商环境。,毛宁
t20251106_11748200.html,《人民日报》记者,中方发布了泰国国王哇集拉隆功将对中国进行国事访问的消息，能否介绍此访安排？如何评价当前中泰关系？对此访有何期待？,泰国国王哇集拉隆功将应邀于11月13日至17日对中国进行国事访问，习近平主席、李强总理将分别同他会见，这是中泰建交以来泰国国王首次访华，哇集拉隆功国王将中国作为正式访问的首个大国，充分体现双方对发展中泰关系的高度重视。,毛宁
t20251106_11748200.html,总台国广记者,今天是中国同萨摩亚建交50周年纪念日。中方对中萨关系发展如何评价？对未来进一步深化两国关系有何展望？,萨摩亚是中国在太平洋岛国地区的好朋友、好伙伴。中萨建交50周年之际，习近平主席、李强总理分别同萨摩亚国家元首图伊马莱阿利法诺、总理拉乌利互致贺电。正如习近平主席在贺电中指出，中萨建交半个世纪以来，两国始终相互尊重、平等相待，坚定支持对方维护国家独立和主权，双方政治互信不断深化，互利合作成果丰硕，人文交流持续拓展，增进了两国人民福祉。,毛宁
t20251106_11748200.html,《北京日报》记者,据报道，日本政府3日公布2025年秋季外国人受勋名单，向前“台北驻日经济文化代表处代表”谢长廷授予“旭日大绶章”。谢长廷3日在社交平台上发文声称，今后将继续为促进“日台友好”作出贡献。中方对此有何评论？,给鼓吹“台独”论调的人颁发勋章，日方意欲何为？是否有意为“台独”分子撑腰打气？到底想借此向“台独”分裂势力发出什么信号？,毛宁
t20251106_11748200.html,总台央视记者,据报道，3日，菲律宾、澳大利亚、日本和美国四国防长在东盟防长扩大会期间会晤，发表联合声明重申严重关切“中国在东海和南海破坏稳定行动”，反对单方面以武力或胁迫手段改变现状，重申2016年“南海仲裁案裁决”具有拘束力。中方对此有何评论？,有关国家在涉海问题上炒作虚假叙事，无端攻击指责中国，中方对此强烈不满、坚决反对。,毛宁
t20251106_11748200.html,路透社记者,美国国务院周三称，台湾必须充分、平等参与明年由中国主办的亚太经合组织（APEC）领导人非正式会议。中方对此有何回应？,作为2026年APEC东道主，中方将积极履行东道主义务，确保各方顺利与会。关于中国台北参与APEC问题，我此前已经明确阐述了中方立场。,毛宁
t20251106_11748200.html,路透社记者,斐济一名高级外交官本周访问台湾，并同一名高级官员会面。斐济与中国有正式外交关系，该“访问”非同寻常。中方对此有何评论？,中方一贯坚决反对建交国与中国台湾进行任何形式的官方交往。斐济有关官员窜访台湾，严重违背斐方奉行一个中国原则的政治承诺，中方对此表示强烈不满，已向斐方提出严正交涉。台湾当局的卑劣行径不会得逞。,毛宁
t20251106_11748200.html,法新社记者,有报道称，美国总统特朗普上周在中美元首会晤时要求中方释放黎智英。外交部能否证实？有何评论？,黎智英是反中乱港事件的主要策划者和参与者。中国中央政府坚定支持香港司法机关依法履职尽责。香港事务属于中国内政，不容外部势力干涉。,毛宁
t20251107_11748950.html,总台华语环球节目中心记者,中方刚发布了挪威外交大臣艾德访华消息。中方如何看待当前中挪关系？对此访有何期待？,中方欢迎艾德外交大臣来访。挪威政府刚刚获得连任，中方已经第一时间表示祝贺。艾德外交大臣在选后即访华，体现了对双边关系的重视。此访期间，双方将就中挪关系以及共同关心的国际和地区问题深入交换意见，相信将有利于巩固互信、增进共识、加强合作，为两国关系持续健康稳定发展起到重要作用。,毛宁
t20251107_11748950.html,日本电视台记者,日本政府宣布，数日前日本产扇贝已开始向中国发货。这是中国两年前全面暂停进口日本水产品后首次恢复进口。中方对此有何评论？,关于日本水产品输华，此前中方已经发布公告。,毛宁
t20251107_11748950.html,俄新社记者,美国总统特朗普早些时候称，他认为无核化是件好事，他正同中俄领导人讨论该议题。发言人能否证实中美领导人曾谈及无核化？中方对中美俄三方谈判的立场有无变化？,中方此前已多次阐明了立场。中国核力量同美国和俄罗斯完全不在一个量级，现阶段要求中国加入核军控谈判不公平、不合理、不可行。,毛宁
t20251107_11748950.html,《环球时报》记者,据报道，联合国环境规划署4日发布年度排放差距报告，认为全球实现《巴黎协定》关键气候目标面临巨大挑战。《联合国气候变化框架公约》第30次缔约方大会贝伦气候峰会正在举行，中方如何看待目前各方应对气候变化的努力？将为此发挥什么作用？,中国始终积极落实《联合国气候变化框架公约》及其《巴黎协定》，落实2030年国家自主贡献已取得显著成效，提前完成风电、太阳能发电总装机容量和森林蓄积量等目标。习近平主席在联合国气候变化峰会上郑重宣布中国2035年国家自主贡献，覆盖全经济范围、包括所有温室气体，首次提出绝对量减排目标，体现了中国的坚定决心和最大努力。中共二十届四中全会审议通过“十五五”规划建议，对建设美丽中国作出重要部署。中国将加快经济社会发展全面绿色转型，积极稳妥推进和实现碳达峰，为应对气候变化作出更大贡献。,毛宁
t20251107_11748950.html,路透社记者,跨境电商平台希音因销售看似儿童的性玩偶被暂停在法国运营。销售相关产品对中国是否产生了不良影响？,具体问题建议向中方主管部门了解。作为原则，中国政府一贯要求企业依法依规运营，履行社会责任。我们也希望有关方面坚持市场经济原则，为各国企业提供公平、透明、非歧视的营商环境。,毛宁
t20251110_11749991.html,香港中评社记者,11月7日，日本首相高市早苗在国会答问时称，如果中国大陆对台湾出动军舰并使用武力，可能会构成“存亡危机事态”。根据日本法律，如发生被认定为威胁日本生死存亡的“存亡危机事态”，自卫队将可以行使集体自卫权。中方对此有何评论？,日本领导人日前在国会公然发表涉台错误言论，暗示武力介入台海可能性，粗暴干涉中国内政，严重违背一个中国原则、中日四个政治文件精神和国际关系基本准则，同日本政府迄今所作政治承诺严重不符，性质和影响极其恶劣。中方对此强烈不满、坚决反对，已向日方提出严正交涉和强烈抗议。,林剑
t20251110_11749991.html,总台中文国际频道记者,中方发布了中共中央政治局委员、国务院副总理刘国中将访问几内亚和塞拉利昂，并作为习近平主席特别代表出席西芒杜铁矿项目投产仪式的消息，能否介绍中方对此访有何期待？,2024年中非合作论坛北京峰会取得圆满成功，引领中非关系进入共筑新时代全天候中非命运共同体新阶段。今年是峰会成果落实开局之年，中非双方积极行动，已有不少成果在非洲落地。几内亚和塞拉利昂都同中国传统友好，也都是中国的全面战略合作伙伴。刘国中副总理此访将进一步巩固和发展中国同上述两国关系，同非方共叙传统友谊，深化各领域务实合作，为推动落实中非合作论坛北京峰会成果注入强劲动力。,林剑
t20251110_11749991.html,彭博社记者,台湾官员萧美琴上周五首次在位于布鲁塞尔的欧洲议会面向议员团体作发言，呼吁给予台湾更多支持。此外，蔡英文将于今天在柏林演讲。外交部如何看待台湾加大同欧洲的接触？在涉台问题上，中方有什么需要传递给欧洲议员和政策制定者的建议或看法？,中方已就“台独”政客在欧洲议会大楼内活动向欧洲议会方面提出严正交涉。欧方表示，欧洲议会坚持一个中国政策的立场没有也不会改变，有关会议和人士没有得到欧洲议会邀请，议会领导层没有同其有任何接触。个别议员的个人行为不代表欧洲议会官方立场。,林剑
t20251110_11749991.html,《北京青年报》记者,昨天，2025年世界互联网大会乌镇峰会成功闭幕。今年峰会主题是“共筑开放合作、安全普惠的数智未来—携手构建网络空间命运共同体”，来自130多个国家和地区的1600多名嘉宾参会，围绕全球互联网治理展开讨论，表示要坚持共商共建共享原则，让每个国家、每个人都能在网络空间享有平等发展的权利。发言人对此有何评论？,我也注意到有关消息，看到了很多新技术赋能各行各业的新成果在今年大会上亮相。世界互联网大会乌镇峰会连续成功举办了十余年，已成为互联网前沿技术交流融合的大舞台、推动全球数字合作治理的重要平台。,林剑
t20251111_11750805.html,《北京日报》记者,昨天，第八届中国国际进口博览会落下帷幕。本届进博会成为新品大秀场，AI助听器、赛博无人电动车、秘鲁“沙漠脆脆莓”等首发商品层出不穷。外国参展商纷纷表示，进博会既是经贸交往的桥梁，更传递出中国共享机遇、共同发展的理念。发言人对此有何评论？,我们很高兴看到，进博会连续举办8年来，开放合作、互利共赢正日益成为大家共同的“进博印象”。今年有155个国家、地区和国际组织以及290家世界500强和行业龙头企业参与进博会，参展企业较去年增加了600余家，展览面积和企业总数再创新高。其中，170家海外企业和27家机构更是连年参展，成为进博会的“全勤生”。全球企业共带来461项新产品、新技术、新服务，其中200多项为全球首发，按年计意向成交额突破834亿美元。中国大市场正成为全球开放合作与科技创新的试验场、利润场、应用场。,林剑
t20251111_11750805.html,深圳卫视记者,近期菲律宾受到多轮台风袭击，造成重大人员伤亡和财产损失。我们注意到，中国驻菲律宾使馆发布消息称中方已向菲律宾提供援助。请问发言人能否提供更多信息？,中方注意到近日菲律宾多地因遭受台风造成重大人员伤亡和财产损失。我们对遇难者表示哀悼，向遇难者和失踪者家属、向灾区人民表示慰问。,林剑
t20251111_11750805.html,彭博社记者,据报道，欧盟委员会正探讨如何迫使欧盟成员国在电信网络中逐步排除华为和中兴公司。中方对此有何评论？,中国企业长期在欧洲依法合规经营，为欧方民众提供优质的产品和服务，也为当地经济社会发展和就业作出积极贡献。在没有法律依据和事实证据的情况下，以行政手段强行限制甚至禁止企业参与市场，这严重违反市场原则和公平竞争规则。,林剑
t20251111_11750805.html,新华社记者,11月10日晚，印度首都新德里发生汽车爆炸事件，造成多人伤亡。印方正在对事件进行调查。中方对此有何评论？是否有中方人员伤亡？,中方注意到印度新德里发生爆炸事件的有关报道。据了解，目前没有中方人员伤亡。我们对此次事件感到震惊，对不幸遇难者表示哀悼，向遇难者家属和伤者致以诚挚慰问，祝愿伤者早日康复。,林剑
t20251111_11750805.html,朝日电视台记者,据报道，日本著名演员仲代达矢先生近日逝世，他曾经出演过中日合拍的电视剧《大地之子》中主人公陆一心的父亲角色。请问中方对仲代先生的逝世有何评论？,仲代达矢先生曾出演中日合拍电视剧《大地之子》，该剧讲述的是中国人民抗日战争胜利后，一名日本战争遗孤在中国的人生经历。我们对仲代先生逝世表示哀悼，向他的亲属表示慰问。,林剑
t20251111_11750805.html,总台央视记者,据报道，联合国人权理事会原定近期对美国进行第四轮国别人权审议，但美方代表拒绝出席，导致审议未能正常进行。近日，人权理事会协商一致通过关于批评美国不与国别人权审议机制合作的决定。中方对此有何评论？,国别人权审议机制是根据联合国大会决议授权建立的加强人权交流与合作的重要机制，联合国会员国均应建设性参与审议，报告本国人权状况，听取各方建设性意见。美国一面炮制所谓“年度人权报告”妄议各国人权状况，一面拒绝履行自身义务同联合国人权机构合作，充分暴露其并非真正关心人权，对联合国机制合则用、不合则弃，是典型的双重标准。中方敦促美方尽快恢复同国别人权审议机制合作，接受各方监督，积极解决自身存在的侵犯人权问题。中方愿以落实习近平主席提出的全球治理倡议为契机，同国际社会一道践行多边主义，倡导以人为本，推动国际人权事业健康发展。,林剑
t20251111_11750805.html,彭博社记者,据报道，由于墨西哥企业和执政党人士的反对，墨西哥总统辛鲍姆将对华产品提高关税的计划至少推迟至12月。外交部对此有何评论？,作为原则，中方始终倡导普惠包容的经济全球化，反对各种形式的单边主义、保护主义以及歧视性、排他性措施，坚决反对在他人胁迫下以各种名义对华设限、损害中方正当利益。我们会根据实际情况坚决维护自身权益。,林剑
t20251112_11751582.html,《中国日报》记者,据报道，11月11日，巴基斯坦首都伊斯兰堡一法院附近发生自杀式炸弹袭击事件，造成至少12人死亡、多人受伤。“巴基斯坦塔利班”宣称对事件负责。中方对此有何评论？是否有中方人员伤亡？,中方对此次袭击事件予以强烈谴责，对遇难者表示深切哀悼，向伤者和遇难者家属致以诚挚慰问。据了解，目前没有中方人员伤亡。,郭嘉昆
t20251112_11751582.html,中新社记者,当前，《联合国气候变化框架公约》第30次缔约方会议正在巴西贝伦举行。大会主席多拉戈指出，全球北方国家失去了应对气候危机的热情，而全球南方国家却在持续前进，中国正在提供惠及所有国家的解决方案。有评论认为，中国已经或即将超额完成十年前作出的大部分承诺，正在拯救《巴黎协定》，发展中国家已取代发达国家成为应对气候变化的生力军。发言人对此有何评论？,今年是《巴黎协定》达成10周年，全球气候治理进入关键阶段。中方积极参与引领全球气候治理，坚定支持巴西作为主席国举办大会。习近平主席特别代表、中共中央政治局常委、国务院副总理丁薛祥出席贝伦气候峰会并致辞，宣介了中共二十届四中全会精神，传递了把握正确方向、落实气候行动、深化开放合作的强有力信号，为本次大会取得成功提供动力。,郭嘉昆
t20251112_11751582.html,彭博社记者,据报道，中国不会向巴西在《联合国气候变化框架公约》第30次缔约方会议期间发起的“永远的热带雨林基金”提供资金。中方对此有何评论？,中方欢迎和支持巴西在《联合国气候变化框架公约》第30次缔约方会议上发起“永远的热带雨林基金”倡议，期待该倡议发挥积极作用，并敦促发达国家为发展中国家减少毁林和雨林退化提供充足的资金支持。,郭嘉昆
t20251112_11751582.html,《环球时报》记者,据报道，11日，日本政府举行秋季授勋仪式，向前“台北驻日经济文化代表处代表”谢长廷授予“旭日大绶章”。谢长廷同日在社交媒体发文称，今后将继续为“日台友好”努力。中方对此有何评论？,中方此前已就该问题阐明立场。日本政府执意提议和推动给鼓吹“台独”论调的人授勋，是日方在涉台问题上的又一错误举动，中方对此坚决反对。,郭嘉昆
t20251112_11751582.html,彭博社记者,澳大利亚安全情报局长称，为中国政府效力的黑客正在测探澳电信网络和基础设施。外交部对此有何评论？,你提到的澳方官员今年以来一而再、再而三发表抹黑中国的言论，散播虚假叙事，蓄意挑动对抗，中方对此坚决反对，已向澳方提出交涉。我们希望澳方有关官员停止发表不负责任的言论，多做有利于中澳关系健康发展的事。,郭嘉昆
t20251112_11751582.html,《巴西圣保罗页报》记者,中国敦促发达国家投资“永远的热带雨林基金”。这是否表明中方不会向该基金提供资金？,正如我刚才回答的，中方欢迎和支持巴西发起的“永远的热带雨林基金”倡议。我们期待这个倡议能够发挥积极作用，也呼吁发达国家为发展中国家减少毁林和雨林退化提供充足资金。,郭嘉昆
t20251112_11751582.html,印度报业托拉斯记者,“巴基斯坦塔利班”宣称对巴基斯坦此次恐怖袭击事件负责。巴基斯坦一直谴责阿富汗为该组织提供保护。巴阿最近一次停火由卡塔尔和土耳其促成。中巴阿建有三方机制并举行了相关会议。中方为促进两国和平做出了什么努力？,巴基斯坦和阿富汗都是中国的近邻。我们一贯支持巴基斯坦和阿富汗改善发展彼此关系，共同维护地区和平稳定。中方将继续为此发挥建设性作用。,郭嘉昆
t20251113_11752486.html,总台国广记者,你刚刚发布了李强总理出席上合组织成员国政府首脑（总理）理事会第二十四次会议的消息。中方如何评价当前上合组织发展？对此次会议有何期待？,今年秋天，上海合作组织天津峰会成功举行。成员国领导人就弘扬“上海精神”、推动上合组织发展与改革达成系列重要共识，引领上合组织进入更加团结、更重协作、更富活力、更有作为的高质量发展新阶段。习近平主席郑重提出全球治理倡议，得到与会各方欢迎和支持，也得到国际社会广泛认同。,林剑
t20251113_11752486.html,新华社记者,中方发布了李强总理将出席二十国集团领导人第二十次峰会的消息，能否介绍中方对此次峰会有何期待？,当前，百年变局加速演进，世界经济增长动能不足，全球发展赤字扩大，二十国集团作为国际经济合作主要论坛，应该加强团结合作，共同应对挑战，推动完善全球经济治理，为促进世界经济增长和各国发展繁荣作出积极贡献。二十国集团领导人峰会首次在非洲大陆举办，具有重要历史意义。中方支持南非主席国工作，愿同各方一道努力，围绕“团结、平等、可持续”的峰会主题，推动此次峰会在坚持多边主义、构建开放型世界经济、促进发展合作等方面凝聚共识。,林剑
t20251113_11752486.html,《人民日报》记者,日本首相高市早苗日前发表关于中国大陆对台湾动武可能构成日本“存亡危机事态”的言论。据报道，高市在国会答辩时坚称，有关言论符合日本政府看法，无意撤回或取消。中方对此有何评论？,日本首相高市早苗日前在国会公然发表涉台露骨挑衅言论，暗示武力介入台海的可能性。在中方表达严正交涉和强烈抗议后，还执迷不悟、拒不撤回。上述错误言行严重违背一个中国原则，严重违背中日四个政治文件精神和国际关系基本准则，粗暴干涉中国内政，挑战中方核心利益，侵犯中国主权，中方对此坚决反对、绝不容忍，日方必须立即纠正，收回恶劣言论，否则一切后果必须由日方承担。,林剑
t20251113_11752486.html,深圳卫视记者,据报道，11月10日，泰国士兵在泰柬边境地区触雷受伤，11日，泰国国家安全委员会紧急召开会议，宣布暂停落实泰柬关于边界和平问题的联合声明。12日下午，泰国士兵在柬班迭棉吉省一带开火，造成柬平民死伤。中方对此有何评论？,中方注意到泰柬有关联合声明落实过程中出现的一些新情况新问题。作为泰柬两国的朋友和近邻，中方真诚希望泰柬双方保持克制、相向而行，坚持友好协商，发挥现有双边机制作用，尽快找到双方都能接受的解决办法，防止局势升级。中方将继续以自己的方式为缓局降温发挥建设性作用。,林剑
t20251113_11752486.html,埃菲社记者,西班牙国王访华期间，两国元首进行了会见并达成多项共识。中方如何评价这次访问？如何看待下一阶段中西关系和高层交往？,西班牙国王费利佩六世对中国进行国事访问，恰逢中西建立全面战略伙伴关系20周年。习近平主席同费利佩六世国王会见，达成广泛共识，为中西关系发展注入强劲动力。李强总理、赵乐际委员长也分别同费利佩六世国王会见。,林剑
t20251113_11752486.html,路透社记者,今天早上，北京市高级人民法院驳回记者董郁玉的上诉，维持因间谍罪判处其7年有期徒刑的原判。外界以及董的家人批评称案件审理不公。外交部对此有何回应？（日本广播协会记者亦问及）,此前我们已就有关案件作出过回应。我要强调的是，中国是法治国家，中国司法机关严格依法办案，违法犯罪者必被依法追究。,林剑
t20251113_11752486.html,总台央视记者,12日，美国务院发言人就高市早苗“台湾有事”言论回答日媒提问称，美国致力于维护台海和平稳定，反对任何一方单方面改变现状。美国支持台湾海峡两岸的对话，希望分歧能在不带威胁的情况下，通过双方人民都能接受的和平方式解决。中方对此有何评论？,针对高市早苗的错误言论，中方已表明严正立场。我要再次强调的是，台湾问题是中国核心利益中的核心，是中美关系第一条不可逾越的红线。如何解决台湾问题是中国人自己的事，不容任何外部干涉。我们敦促美方恪守一个中国原则和中美三个联合公报，停止纵容支持“台独”分裂势力，停止损害中美关系和台海和平稳定。,林剑
t20251113_11752486.html,中新社记者,中方刚刚发布了李强总理将对赞比亚进行正式访问的消息。中方如何评价当前中赞关系？对此访有何期待？,赞比亚是中国在非洲的全面战略合作伙伴。建交61年来，中赞两国始终本着相互尊重、平等相待、互利共赢原则推进双边关系，传统友谊历久弥坚。近年来，在习近平主席和希奇莱马总统的共同关心和战略引领下，中赞关系保持高位运行，两国互信持续巩固，各领域合作成果丰硕。,林剑
t20251113_11752486.html,法新社记者,印度排名第一的网球运动员苏米特·纳加尔本周在社交媒体上发文称，为参加本月在成都举行的澳网公开赛外卡附加赛申请了来华签证，但遭到拒签。外交部对此有何评论？,中方将依法、依规为包括印度在内的各国运动员来华参赛审发签证。希望相关人士按照中国驻印度使馆要求，及时提交申请材料。,林剑
t20251113_11752486.html,今日俄罗斯记者,七国集团外长昨日对中国的军力建设和核武库快速扩张表达了关切，敦促中方履行其维护稳定的承诺。中方对此有何评论？,你提到了七国集团外长会联合声明，我要指出的是，该声明再次罔顾事实、颠倒黑白，蓄意诬蔑抹黑中国，粗暴干涉中国内政。中方对此强烈不满、坚决反对。,林剑
t20251114_11753464.html,总台央视记者,据报道，日本首相高市早苗近日在国会被问及是否坚持“无核三原则”时回避明确表态。另据报道，针对日本是否引进核动力潜艇，日本内阁官房长官木原稔应询称不排除任何选项。防卫大臣小泉进次郎表示应认真考虑引进核动力潜艇。此外有消息称，日本自民党和维新会13日就修改《宪法》第九条和创设紧急事态条款进行讨论。中方对近期日本一系列军事安全动向有何评论？,中方对日方近期军事安全动向感到严重关切。日本自我标榜为“和平国家”，宣扬建立无核武器世界，但高市政权却对“无核三原则”表态模糊，语焉不详，暗示有可能放弃，日方高官甚至声称不排除引进核潜艇，这些都充分暴露了日方政策的重大负面转向，向国际社会释放出危险信号。,林剑
t20251114_11753464.html,路透社记者,据日本电视台报道，中国驻日使馆要求使馆人员尽量避免外出。外交部对此有何评论？,我此前已经指出，一些日本政客和媒体刻意炒作，企图混淆视听、转移焦点，这是不负责任的。同时，日本右翼分子和日方网络上都有一些针对中国外交官的极端和威胁性言论，中方高度关切，要求日方严肃对待、调查和遏止。我们再次敦促日方正视问题根源所在，立即纠正、收回恶劣言论，不得混淆是非、转移焦点、倒打一耙。,林剑
t20251114_11753464.html,《环球时报》记者,据报道，美国国防部发布消息称，美国务院已批准特朗普二任首笔对台军售，包括总价值约3.3亿美元的F-16、C-130、IDF等机型“非标准航材零部件”和维修服务。中方对此有何评论？,美国向中国台湾地区出售武器，严重违背一个中国原则和中美三个联合公报特别是“八·一七”公报规定，严重侵犯中国主权和安全利益，严重违反国际法，向“台独”分裂势力发出严重错误信号。中方强烈不满、坚决反对。,林剑
t20251114_11753464.html,法新社记者,欧盟成员国于周四同意取消小额包裹的关税豁免。该举措将影响Temu、希音等零售巨头，旨在阻止廉价中国商品涌入欧盟市场。外交部对此有何评论？,具体问题建议你向中方主管部门了解。我要强调的是，我们希望欧盟方面能够坚持市场经济原则，为包括中国企业在内的各国企业提供公平、透明、非歧视的营商环境。,林剑
t20251114_11753464.html,深圳卫视记者,据报道，欧盟中国商会12日发布《中国企业在欧盟发展报告》，指出中国企业对欧营商环境整体评分已经连续第6年下滑。81％的受访企业认为，当前营商环境“不确定性增高”；90％的受访企业表示，欧盟“去风险”政策和经济安全战略损害业务运营和市场信心；超四成中企表示曾遭受差异化待遇。“不确定性”成为当前在欧中企运营的“最大梗阻”。中方对此有何评论？,我们注意到这份报告，也注意到中国企业对在欧洲运营持续承压感到担忧。,林剑
t20251114_11753464.html,日本电视台记者,中国外交部昨晚召见日本驻华大使。这一情况近年罕见。为什么此次中方执意当面向日本驻华大使提出交涉？,孙卫东副部长昨夜召见了日本驻华大使，中方已经发布了消息。有关问题根源在于日本首相高市早苗发表极其错误、极为危险、极具挑衅的涉台言论，还不思悔改，拒不撤回。这种行为粗暴干涉中国内政，严重违背国际法和国际关系基本准则，严重破坏战后国际秩序，严重违背一个中国原则和中日四个政治文件精神，严重破坏中日关系政治基础，严重伤害中国人民感情。我们也注意到，日本国内有很多政治家和有识之士对此提出告诫和批评。,林剑
t20251114_11753464.html,彭博社记者,美国会众议院“中国特设委员会”对摩根士丹利提起质询，起因是该公司9月承销了紫金黄金的首次公开募股。紫金黄金的母公司紫金矿业因涉嫌在中国新疆地区使用“强迫劳动”被美方列入黑名单，质询旨在了解有关交易是否帮助了紫金矿业。外交部对此有何评论？,我不了解你提到的商业行为。所谓新疆存在“强迫劳动”，完全是反华势力炮制的谎言。我想说的是，一个惯于无中生有、抹黑中国的美方机构，反复翻炒一个早已被事实揭穿的虚假叙事，无理打压中国企业，只会让世人进一步看清这个机构毫无信誉、大搞政治操弄的本质，最终伤及美方自身的利益和信誉。,林剑
t20251114_11753464.html,彭博社记者,人工智能公司Anthropic称挫败了一起技术含量极高的利用人工智能开展的间谍攻击，并言之凿凿称是一家中国政府支持的黑客组织发起的。外交部对此有何评论？,我不了解你提到的具体情况。关于此类缺乏证据的无端指控，我们已多次表明立场。中方一贯反对并依法打击黑客活动，同时坚决反对借网络安全问题对中国污蔑抹黑。,林剑
t20251117_11754501.html,新华社记者,中方发布了王毅外长访问吉尔吉斯斯坦、乌兹别克斯坦、塔吉克斯坦并分别同三国外长举行战略对话的消息，请简要介绍此访的背景及中方对此访的期待。,吉尔吉斯斯坦、乌兹别克斯坦、塔吉克斯坦是中国的友好邻邦和全面战略伙伴。今年以来，习近平主席分别同扎帕罗夫总统、米尔济约耶夫总统、拉赫蒙总统多次会晤，引领中吉、中乌、中塔关系发展迈上新台阶。,毛宁
t20251117_11754501.html,总台央视记者,日前，个别日本政客称中方对高市早苗涉台错误言论“反应过度”。日本内阁官房长官木原稔也辩称，日本政府在台湾问题上的立场没有改变，与1972年《中日联合声明》一致。中方对此有何回应？,对于日本首相高市早苗的涉台错误言论，中方已多次阐明严正立场。有关言论严重违背中日四个政治文件精神，从根本上损害中日关系政治基础。,毛宁
t20251117_11754501.html,共同社记者,日本外务省亚大局局长金井正彰今天启程访华，将围绕日本首相高市早苗涉台言论与中方进行磋商，中方对此有何评论？此外，中国政府以日本社会治安不靖为由，呼吁中国游客避免赴日旅游，能否介绍日本治安的具体案例？,如有消息我们会及时发布。我想强调的是，针对日本首相高市早苗涉台错误言论，中方已经并将继续向日方提出严正交涉和强烈抗议，严肃要求日方立即反思纠错，收回错误言论，停止在涉华问题上制造事端。,毛宁
t20251117_11754501.html,日本《朝日新闻》记者,日中关系舆论调查结果和“东京—北京论坛”已按照中方要求延期。外交部如何看待调查和论坛的意义？对延期有何评论？,关于你提到的舆论调查，近日日本首相高市早苗发表涉台挑衅言论，严重破坏中日关系政治基础，恶化两国民意氛围，此前中日联合舆论调查结果的环境和条件已经发生重大变化，需要重新考虑相关结果的现实性和发布时机。相关责任完全在于日方领导人的错误言论。,毛宁
t20251117_11754501.html,沙特东方电视台记者,叙利亚过渡政府外长今天首次访华。发言人能否介绍此访的安排和成果？,叙利亚过渡政府外长希巴尼正在中国访问。今天上午，王毅外长同他举行会谈。王毅外长强调，中国和叙利亚都是发展中国家，拥有广泛共同利益。中方奉行面向全体叙利亚人民的友好政策，尊重叙利亚人民自主作出的选择。双方应当坚持相互尊重彼此核心利益，坚持互不干涉内政，弘扬接续友好传统，校准中叙关系航向，实现两国关系重回正轨。,毛宁
t20251117_11754501.html,澳大利亚广播公司记者,澳大利亚有70多所学校因自华进口的儿童用沙中被检测出石棉而被关闭。目前这些产品仍在澳销售。外交部对此有何回应？,我不了解你提到的情况，但我认为重要的是先查清事实。,毛宁
t20251117_11754501.html,日本朝日电视台记者,中国各部门发出通知，提醒中国公民近期避免前往日本，这可能对很多中国人产生影响，减少双方民间交流。中方对此有何评论？,日本首相高市早苗发表错误涉台言论，严重伤害中国人民感情，严重恶化中日人员交流氛围。日方应恪守中日四个政治文件精神，立即纠正错误言行，防止中日关系受到进一步损害。,毛宁
t20251117_11754501.html,《环球时报》记者,据报道，14日，韩国外交部发言人声明称，就日本政府在东京追加开放宣传对独岛主权提出不当主张的“领土主权展览馆”扩建空间表示强烈抗议。中方对此有何评论？,我们注意到对上述问题的有关报道。近期日方的许多恶劣言行都引起周边国家的警惕、不满和抗议。我们敦促日方深刻反省侵略历史，坚持走和平道路，以实际行动取信于亚洲邻国和国际社会。,毛宁
t20251117_11754501.html,彭博社记者,王毅外长是否会见访华的日本外务省官员？中方哪位官员与其会见？另外，李强总理会否在二十国集团领导人峰会期间会见日本首相？,关于第一个问题，目前我没有可以提供的信息。,毛宁
t20251117_11754501.html,凤凰卫视记者,据报道，日前，两艘中国渔船先后在韩国附近海域倾覆，事故造成人员伤亡。韩国海警赴现场开展救援。中方对此有何评论？,11月9日和10日，两艘中国渔船先后在韩国附近海域倾覆。事件发生后，中国驻韩国大使馆和驻光州总领馆第一时间同韩国外交、海警等部门协调沟通。韩方迅速派出警备舰和直升机等前往事发海域全力展开搜救工作。中方对此表示赞赏和衷心感谢。,毛宁
t20251117_11754501.html,彭博社记者,上周五，美国海军作战部长在首尔表示，韩国最近批准建造的核动力潜艇可用来对抗中国，并称“（韩国）拥有这种能力后，（用来对抗中国）就是理所当然的”。中方对此有何评论？,中方已多次就有关问题表明立场，希望韩美双方审慎处理相关事宜。,毛宁
t20251117_11754501.html,彭博社记者,据《金融时报》报道，一份白宫国家安全备忘录显示，阿里巴巴向中国军方提供了针对美国目标的技术支持。外交部对此有何评论？第二个问题，特朗普总统表示，他可以接受国会参议院提出的制裁与俄罗斯开展贸易往来国家的法案。外交部对此有何评论？,关于第一个问题，有关企业已作出回应。中国政府高度重视并依法保护数据隐私和安全，从来没有也不会要求企业以违法形式采集或存储数据。,毛宁
t20251118_11755239.html,总台华语环球节目中心记者,泰国国王哇集拉隆功昨天结束了对中国的国事访问。发言人能否进一步介绍此访有关情况、主要成果和亮点？,应习近平主席邀请，泰国国王哇集拉隆功于11月13日至17日对中国进行国事访问。此访正值中泰建交50周年暨“中泰友谊金色50年”，是中泰建交以来泰国国王首次访华，中国也是哇集拉隆功国王即位后出访的首个大国。,毛宁
t20251118_11755239.html,法新社记者,消息人士称，叙利亚有意向中国移交维吾尔族“圣战分子”，叙过渡政府外长希巴尼昨天首次访华，双方也可能讨论这一问题。外交部对此有何评论？双方是否就该问题进行了讨论？,关于中国和叙利亚外长举行会谈的情况，我们已经发布了消息，你可以查阅。,毛宁
t20251118_11755239.html,中新社记者,近日，欧盟外交与安全政策高级代表卡拉斯在书面答复欧洲议会议员相关质询时表示，中国人民在二战中为保卫家园和结束战争承受了巨大苦难，值此二战亚洲战场战事结束80周年之际，欧盟向中国人民的勇气致敬。中方对此有何评论？,中方注意到卡拉斯高级代表有关表态。作为二战东方主战场，80年前中国以巨大的民族牺牲，为世界反法西斯战争胜利作出不可磨灭的重要贡献。这一历史事实已经载入史册，得到国际社会公认。正确对待历史，是捍卫战后国际秩序的基石。中欧应该共同弘扬正确二战史观，维护二战胜利成果和以联合国为核心的国际秩序，携手为世界和平与发展作出更大贡献。,毛宁
t20251118_11755239.html,日本广播协会记者,据了解，日本外务省亚大局局长金井正彰今天与中国外交部亚洲司司长刘劲松举行了会谈。能否介绍具体内容？,今天上午，外交部亚洲司司长刘劲松在北京同日本外务省亚大局局长金井正彰举行了磋商。,毛宁
t20251118_11755239.html,深圳卫视记者,据报道，11月16日上午，4艘中国海警船只进入钓鱼岛周边海域。日本内阁官房长官木原稔在17日的记者会上就此表示“已通过外交渠道严正抗议”。中方对此有何评论？,钓鱼岛及其附属岛屿是中国固有领土，中国海警船在中国领海巡航执法，正当合法、天经地义。中方不接受日方提出的无理交涉，已当场驳回并提出反交涉。中方要求日方恪守中日四点原则共识，尊重中国领土主权，不得干扰中国海警船巡航执法，不得采取任何可能导致事态升级的举措。,毛宁
t20251118_11755239.html,法新社记者,日本驻华使馆提醒在华本国公民注意周围环境，避免聚集。外交部对此有何评论？,中国政府一贯并将继续依法保护在华外国公民的安全。,毛宁
t20251118_11755239.html,印度报业托拉斯记者,昨天，孟加拉国法院判处前总理哈西娜死刑，理由是她执政期间发生暴力事件。哈西娜回应称判决被非民选政府操纵，她愿意接受位于海牙的国际刑事法院的审判。中方对此有何评论？,这是孟加拉国的国内事务。中方始终奉行面向全体孟加拉国人民的睦邻友好政策，真诚希望孟加拉国实现团结、稳定、发展。,毛宁
t20251118_11755239.html,《环球时报》记者,据报道，美国驻日本大使格拉斯在X平台上称，感谢中国驻日外交官帮助加强美日之间的联系。中方对此有何评论？,美国这位大使的有关表态，纯属别有用心的政治作秀，有违外交官的身份和职责。美日同盟是冷战产物，不应针对第三方，更不应肆意干涉他国内政，损害他国核心利益。,毛宁
t20251118_11755239.html,德新社记者,德国副总理兼财政部长克林拜尔在与何立峰副总理举行两国财金对话后表示，双方讨论了台湾问题，德国政府对台海局势可能升级表示担忧。外交部对此有何评论？,台湾问题是中国内政。如何解决台湾问题，是中国人自己的事，不容任何外部势力干涉。维护台海和平稳定，关键在于坚持一个中国原则，坚决反对“台独”分裂。,毛宁
t20251118_11755239.html,路透社记者,据报道，中国驻大阪总领馆已联系日方取消原定于11月21日在广岛举行的联合纪念活动。发言人能否证实，对此有何评论？,日方应当切实遵守《维也纳外交关系公约》和《维也纳领事关系公约》，为中国驻日使领馆正常履职提供便利。,毛宁
t20251118_11755239.html,总台央视记者,近期，中方密集批驳日本首相高市早苗涉台错误言论，有评论认为中日关系正向近年来最低点滑落。发言人如何看待中日关系下步走向？,中日关系出现目前局面，根源在于日本首相高市早苗公然发表涉台错误言论，粗暴干涉中国内政，严重违背一个中国原则和中日四个政治文件精神，破坏中日关系政治基础。,毛宁
t20251118_11755239.html,法新社记者,周二，新西兰有许多学校因自华进口儿童用沙被石棉污染而关闭。此前澳大利亚多所学校也出于相同原因关闭。外交部对此有何评论？,我们注意到有关报道，也注意到澳大利亚当地企业表示正在同供应商沟通解决有关问题。,毛宁
t20251118_11755239.html,《中国日报》记者,据报道，近期多名日本官员表示，日方正计划修改自卫队军衔名称，拟恢复“大佐”等旧日本军队的军阶用语。媒体评称，这将打破日本自卫队长期以来淡化军事色彩的惯例，对曾遭受日本殖民侵略的国家人民而言，如同在历史伤口上撒盐。发言人对此有何评论？,由于殖民和侵略历史，日本的军事安全动向一直备受亚洲邻国和国际社会关注。《波茨坦公告》明确规定日本“禁止重新武装”，日本“和平宪法”也确立“专守防卫”原则。然而令人警惕的是，日本近年来大幅调整安保政策，逐年增加防卫预算，放宽武器出口限制，谋求发展进攻性武器，图谋放弃“无核三原则”。日本右翼势力正极力突破“和平宪法”束缚，在强军扩武道路上越走越远。,毛宁
t20251118_11755239.html,印度报业托拉斯记者,昨天，中国和俄罗斯就联合国一份关于加沙的决议投了弃权票。发言人能否介绍中国投弃权票的原因？,中国代表在安理会表决后的解释性发言中已经阐明了中方立场。中方支持安理会采取一切必要行动，推动实现持久停火，缓解人道灾难，开启战后重建。美方决议草案对于加沙战后安排关键问题含糊不清，对“巴人治巴”“两国方案”等重要原则未予充分体现，这同中方一贯立场有差距，中方因此没有投赞成票。中方将继续采取建设性和负责任态度，支持巴勒斯坦人民恢复民族合法权利的正义事业，为实现巴勒斯坦问题全面公正持久解决作出不懈努力。,毛宁
t20251119_11756095.html,总台央视记者,近日有不少分析指出，在日本历任首相中，高市早苗第一个明确表态将“台湾有事”与“存亡危机事态”相挂钩。这意味着一旦出现这种“事态”，日本即可行使所谓“集体自卫权”，日本武力介入台海成为可能，这触犯了中方底线。发言人是否认同这种说法？,《联合国宪章》规定的“集体自卫权”是为维护国际社会集体安全、防止法西斯势力复活而创设的权利。日本在二战后被限制行使这一权利。《波茨坦公告》明确规定日本禁止重新武装，日本在其宪法中承诺“永远放弃发动战争、武力威胁或以武力作为解决国际争端的手段”，确立“专守防卫”原则。这些都是日本作为战败国义务的法律化。,毛宁
t20251119_11756095.html,英国天空新闻频道记者,昨天，英国军情五处向政界人士发出警告，有两个领英账户名义上是“猎头”，但实际上在代表中国安全部门运作。最近有很多针对中国的类似指控，中方坚称英方在捏造事实，这是不是太牵强了，甚至有可能对中英关系造成更大损害？,中方已多次阐明严正立场，中方从不干涉别国内政，更没有兴趣搜集英国议会的所谓“情报”。希望英方有关人员停止这种无中生有、以己度人的无聊游戏。,毛宁
t20251119_11756095.html,中阿卫视记者,王毅外长昨天会见阿盟秘书长盖特时提及明年将举办第二届中阿峰会，中方目前为峰会筹备有哪些具体推进举措？,去年5月，习近平主席出席中阿合作论坛第十届部长级会议开幕式并发表主旨讲话，宣布2026年在中国举办第二届中阿峰会。昨天，王毅外长同阿盟秘书长盖特就共同筹备好峰会进行了深入沟通。目前，峰会筹备工作正在有序推进。,毛宁
t20251119_11756095.html,总台CGTN记者,当地时间11月18日，第80届联合国大会审议安理会改革问题，中方代表发言时明确指出，日本没有资格要求成为联合国安理会常任理事国。发言人对此有何评论？,根据《联合国宪章》，安理会负有维护国际和平与安全的首要责任。日本在二战期间发动侵略战争，给亚洲和世界人民带来深重灾难。时至今日，日本仍未彻底反省战争罪责，还有人宣扬错误二战史观，参拜靖国神社，歪曲、否认甚至美化侵略历史。日本首相高市早苗近期公然发表涉台错误言论，粗暴干涉中国内政，践踏国际法和国际关系基本准则，挑战战后国际秩序。这样的国家承担不了维护国际和平与安全的职责，没有资格成为联合国安理会常任理事国。,毛宁
t20251119_11756095.html,法新社记者,台湾检方周二以涉嫌为大陆搜集军事机密为由，对7人提起“危害国家安全”的指控，其中就包括1名大陆公民。外交部对此有何评论？,这不是外交问题。,毛宁
t20251119_11756095.html,日本广播协会记者,据了解，中国向日方通报暂停进口日本水产品，发言人能否介绍相关细节和原因？,日方此前承诺履行输华水产品监管责任，保障产品质量安全，这是日本水产品输华的先决条件，但日方目前未能提供所承诺的技术材料。,毛宁
t20251119_11756095.html,《北京日报》记者,日前，上海合作组织成员国政府首脑（总理）理事会第二十四次会议在莫斯科举行。发言人能否介绍李强总理与会情况和取得的成果？,昨天，上海合作组织成员国总理会议成功举行。与会各国领导人围绕落实天津峰会成果、深化各领域合作、加强上合组织机制建设进行深入探讨，达成重要共识。,毛宁
t20251119_11756095.html,日本电视网记者,关于昨天中日外交官员磋商，日方要求中方解释为何没有事先告知磋商后会有媒体拍摄。中方对此有何回应？,中方没有安排媒体进行拍摄。我也注意到，现场拍摄的记者大多数来自日本媒体。,毛宁
t20251119_11756095.html,俄新社记者,昨天，俄罗斯总统普京表示，针对中国公民的免签政策将于近期生效。外交部有何评论？赴俄中国游客数量会增加吗？,中方高度重视中俄人员往来便利化。中俄两国互为最大邻国，两国实现互免签证将进一步加强人文交流，符合两国人民共同利益。,毛宁
t20251119_11756095.html,路透社记者,昨天，日本内阁官房长官木原稔在被问及日方是否将收回高市早苗首相涉台言论时表示，这些言论符合日本长期以来的一贯立场。外交部对此有何评论？,我要强调的是，日本首相高市早苗的涉台错误言论从根本上损害了中日关系政治基础，激起了中国人民的公愤和谴责。中方严肃敦促日方收回错误言论，停止在涉华问题上制造事端，以实际行动认错纠偏，维护中日关系政治基础。如果日方拒不撤回、甚至一错再错，中方将不得不采取严厉、坚决的反制措施，由此产生的一切后果由日方承担。,毛宁
t20251119_11756095.html,澎湃新闻记者,据报道，美国国防部长赫格塞思宣布启动旨在清除西半球“毒品恐怖分子”的“南方之矛”行动。美国务院日前宣布，将所谓“马杜罗领导的”太阳贩毒团伙列为“外国恐怖组织”，并于本月24日生效。美方还表示，不排除对委内瑞拉开展军事行动的可能性。请问中方对此有何评论？,中方坚定支持2014年拉美和加勒比国家共同体发布的《宣布拉美和加勒比为和平区的公告》，反对任何违反联合国宪章宗旨和原则、侵犯别国主权安全的行为，反对外部势力以任何借口干涉委内瑞拉内政。希望美方通过双多边法律框架开展正常的执法司法合作，多做有利于拉美和加勒比地区和平稳定的事。,毛宁
t20251119_11756095.html,英国广播公司记者,你刚才表示，如果高市早苗首相拒不撤回有关言论，中方将采取反制措施。请问中方还将对日方施加哪些外交和经济压力？,刚刚我已经介绍了中方立场。日本首相高市早苗涉台错误言论损害中日关系政治基础，中方有理由做出反制。日方首先应当收回错误言论，以实际行动纠正错误，否则中方将不得不采取进一步措施。,毛宁
t20251120_11756952.html,新华社记者,中方刚发布了汤加国王图普六世将对中国进行国事访问的消息，能否介绍此访安排？如何评价当前中汤关系？对此访有何期待？,图普六世国王时隔7年再次对中国进行国事访问，对推动双边关系发展具有重要意义。访问期间，双方将就双边关系以及共同关心的国际和地区问题深入交换意见。,毛宁
t20251120_11756952.html,路透社记者,据印度媒体报道，近日美国国会下属一个委员会发布报告称，印巴军事冲突后，中国利用人工智能技术发动了针对法国“阵风”战斗机的虚假宣传，以此推销中国歼－35战机。外交部对此有何评论？,你提到的这个所谓“委员会”一贯抱持对华意识形态偏见，毫无公信力可言，这个委员会发布的报告本身就是虚假信息。,毛宁
t20251120_11756952.html,《环球时报》记者,针对日本首相高市早苗所谓“台湾有事”的言论，许多中国民众认为，在台湾问题上，日本负有历史罪责，是最没资格谈“有事”的一方，发言人对此有何评论？,历史上，日本曾经强行侵占台湾并进行长达半个世纪的殖民统治。日本占领时期，台湾人民灾难深重，数十万同胞被杀害，民众毫无政治权利、信仰自由和文化自由，矿产资源、民生物资遭疯狂掠夺。日本侵略者在台湾犯下罄竹难书的罪行，书写了台湾历史上最黑暗的一页。,毛宁
t20251120_11756952.html,法新社记者,一名美国公民周三接受了审判，他被指控于去年在美军驻德基地工作时向中方提供敏感信息。外交部对此有何评论？,我不了解你提到的情况。,毛宁
t20251120_11756952.html,总台央视记者,据报道，针对日本首相高市早苗的涉台言论，日方多名高官声称，这没有改变日本政府的既有立场，日方无意撤回。中方是否接受日方的解释？,不知道日方所称日本政府的“既有立场”究竟是什么。在台湾问题上，日本政府的立场应当是坚持一个中国原则，恪守中日四个政治文件精神，而不是刻意模糊，更不能开历史倒车。,毛宁
t20251120_11756952.html,日本广播协会记者,据路透社报道，韩国文化部收到中方通知，推迟原定本月举行的中日韩文化部长会议。发言人对此有何回应？,日本领导人公然发表极其错误的涉台言论，伤害中国人民感情，挑战战后国际秩序，破坏中日韩三方合作的基础与氛围，导致举办中日韩有关会议的条件暂不具备。,毛宁
t20251120_11756952.html,日本广播协会记者,关于日本水产品输华一事，中方昨天表示，日方目前未能提供所承诺的技术材料。今天上午，日本内阁官房长官在记者会上表示，当前双方正在进行技术调整。如果日本准备好并向中方提供技术材料，中方会否考虑立即恢复进口日本水产品？,关于日本水产品输华问题，中方有关部门将进行科学评估并依法依规进行严格审核，确保相关水产品符合中方规准。,毛宁
t20251120_11756952.html,中新社记者,发言人曾表示，李强总理在G20期间没有会见日本领导人的安排。但日方一再声称，对同中方对话接触持开放态度。中日两国领导人是否有可能在G20期间进行接触？,李强总理没有会见日方领导人的安排。请日方自重。,毛宁
t20251120_11756952.html,路透社记者,赖清德今天在社交媒体上展示了午餐吃寿司的照片，以此表达对日支持。外交部对此有何评论？,台湾是中国的台湾，是中国领土不可分割的一部分。无论赖清德当局怎么表演作秀，都改变不了这个铁的事实。,毛宁
t20251121_11757685.html,总台央视记者,11月20日，李强总理访问赞比亚期间出席了坦赞铁路激活项目开工仪式。仪式后，三方发表了《中华人民共和国、坦桑尼亚联合共和国、赞比亚共和国政府关于携手打造坦赞铁路繁荣带的联合声明》。中方能否介绍有关情况？,昨天，李强总理同赞比亚总统希奇莱马、坦桑尼亚副总统恩钦比共同出席了坦赞铁路激活开工仪式。在中、坦、赞三国元首亲自关心和推动下，坦赞铁路这座“中非友谊的丰碑”将在新时代焕发新的生机活力。为推动铁路激活后可持续发展，三国政府一致同意，携手打造坦赞铁路繁荣带，系统推进铁路沿线综合性开发，助力坦、赞两国释放区域发展潜力，以中非携手推进六个现代化为愿景，打造“自由之路”“发展之路”“友谊之路”“幸福之路”“绿色之路”“和谐之路”。三方将秉持相互尊重、平等协商、共建共享原则，携手推进繁荣带建设，为促进坦、赞两国及周边国家经济社会发展注入新动力，造福当地人民。,毛宁
t20251121_11757685.html,法新社记者,两名中国公民和两名美国公民因涉嫌向中国非法出口英伟达尖端人工智能芯片被捕。美国司法官员称，四人曾密谋通过马来西亚和泰国向中国出口这些芯片。外交部对此有何评论？,我不了解你提到的情况。,毛宁
t20251121_11757685.html,路透社记者,近期，中国外交官在社交媒体上发布了许多关于日本首相涉台言论的帖文，比如中国驻菲律宾使馆就发布了一系列卡通漫画。有分析称，这标志着中国重启了“战狼外交”。外交部对此有何评论？,日本首相高市早苗公然发表涉台错误言论，暗示武力介入台海可能性，破坏中日关系政治基础，激起中国人民的公愤和谴责。任何人在台湾问题上踩踏红线，中方都将坚决回击。国际社会应该关注日本到底意欲何为？是不是还能够坚持走和平发展道路？,毛宁
t20251121_11757685.html,法新社记者,日本首相高市早苗今天表示，希望构建建设性、稳定的中日关系，重申日方在台湾问题上的立场没有改变。外交部对此有何评论？（共同社亦问及）,日本首相高市早苗公然发表涉台错误言论，暗示武力介入台海可能性，激起中国人民的公愤和谴责，破坏中日关系政治基础，中方对此坚决反对。,毛宁
t20251121_11757685.html,凤凰卫视记者,据报道，日本政府日前完成向美国返销“爱国者”防空导弹，这是日方对武器出口“松绑”后，首次出口杀伤性武器。另外也有消息称，日本自民党开始讨论修订三份安保条约文件，其中包括修改“无核三原则”、增加国防开支等。发言人对此有何评论？,二战胜利后，《开罗宣言》《波茨坦公告》《日本投降书》等国际法律文件对日本作为战败国的义务作出明确规定，包括完全解除武装，不得维持能使其重新武装的产业。,毛宁
t20251121_11757685.html,乌通社记者,乌克兰国防军报告称，本周早些时候在顿涅茨克战场上摧毁了俄罗斯军队使用的中国制造的多管火箭炮。众所周知，中国并未向俄提供军事支持。俄方可能通过使用中国制造的武器，突出中方支持俄方，从而损害中方声誉。外交部对此有何评论？中方是否会对此展开调查？,我不了解你提到的情况。我要强调的是，中方从未向冲突任何一方提供致命性武器，严格管控军民两用物项。,毛宁
t20251124_11758881.html,新华社记者,二十国集团领导人在南非约翰内斯堡举行了第二十次峰会。在越来越多人担忧G20能否继续引领全球多边治理的背景下，此次峰会备受关注。发言人能否进一步介绍中方参加此次峰会的情况？,此次二十国集团峰会以“团结、平等、可持续”为主题，李强总理出席峰会并发表讲话。李强总理指出，回顾二十国集团发展历程，各成员国携手同行，攻坚克难，共促全球发展进步，关键就在“团结”二字。当前，世界经济再次面临巨大挑战，单边主义、保护主义甚嚣尘上。二十国集团应当探寻解决之道，推动各方重回团结协作的正轨。,毛宁
t20251124_11758881.html,总台中国之声记者,据报道，针对中方就日本首相高市早苗涉台错误言论致函联合国秘书长，日本政府发言人在G20峰会期间对记者称，中方所谓日本改变在台湾问题上的立场毫无依据。日方已多次向中方解释高市首相言论的要义和日方一贯立场，并致力于同中方对话。中方对此有何回应？,关于日本首相高市早苗的涉台错误言论，中方已多次阐明严正立场。有关言论严重违背中日四个政治文件精神，从根本上损害中日关系政治基础。,毛宁
t20251124_11758881.html,今日俄罗斯记者,在最近举行的欧盟—印太部长级论坛上，欧盟外交与安全政策高级代表卡拉斯在谈及乌克兰和平计划时表示，中国正与俄罗斯合作，重塑全球安全与经济秩序。请问中方对此有何评论？,中国和俄罗斯在不结盟、不对抗、不针对第三方的原则基础上发展双边关系、开展务实合作，促进世界和平与发展。,毛宁
t20251124_11758881.html,路透社记者,日本防卫大臣小泉进次郎上周末谈及日方计划在与那国岛部署中程地对空导弹，称部署计划旨在保障该岛安全，降低日本遭受武装袭击的可能，此举不会加剧地区紧张局势。发言人对此有何评论？,日方在与中国台湾邻近的西南诸岛部署进攻性武器，刻意制造地区紧张、挑动军事对立。联系到日本首相高市早苗涉台错误言论，这一动向极其危险，需引起周边国家及国际社会高度警惕。,毛宁
t20251124_11758881.html,《中国日报》记者,据报道，《联合国气候变化框架公约》第三十次缔约方大会于近日闭幕，达成贝伦一揽子政治成果。各国同意采取措施加快实施气候行动，审查相关贸易壁垒，并敦促发达国家加大力度向发展中国家提供气候适应资金。联合国秘书长古特雷斯也发表声明赞赏COP30大会取得成果。中方对此有何评论？,11月22日，《联合国气候变化框架公约》第三十次缔约方大会在巴西贝伦闭幕。经过两周艰苦谈判，各方最终达成积极平衡的一揽子政治成果，展现了团结合作应对气候变化的决心，为未来十年《公约》及其《巴黎协定》的实施注入了确定性。值得注意的是，大会顺应广大发展中国家呼声，首次决定在《公约》进程内举办有关单边贸易措施对话，并建立公正转型机制，具有里程碑意义。,毛宁
t20251124_11758881.html,日本广播协会记者,日本首相高市早苗在二十国集团峰会后称，未能有机会同李强总理会面，并表示日方对同中方开展各种对话持开放态度。发言人对此有何评论？,日方应当严肃对待中方关切，收回涉台错误言论，以实际行动展现对话诚意。,毛宁
t20251124_11758881.html,《北京日报》记者,近期越南受到多轮台风袭击引发暴雨洪涝灾害，造成人员伤亡和财产损失。请问中方对此有何评论？有无中国公民受灾？是否将帮助越方抗洪救灾？,我们注意到，近日越南多地因遭受台风洪涝灾害造成人员伤亡和财产损失。,毛宁
t20251124_11758881.html,日本广播协会记者,有日本媒体昨天报道称，中方拒绝了日方关于在明年一月举行中日韩领导人会议的提议。外交部对此有何评论？,中日韩三方并没有就第十次中日韩领导人会议的会期达成共识。近期，日本领导人在涉台问题上公然发表错误言论，损害了中日韩合作基础和氛围，导致当前不具备举行中日韩领导人会议的条件。,毛宁
t20251125_11759683.html,《环球时报》记者,日本首相高市早苗发表涉台错误言论，激起中国人民愤慨。而日本国内有人声称，接受日本投降的是中华民国而不是中华人民共和国，所以中华人民共和国没资格讨论台湾问题。发言人对此有何评论？,发表这种言论的人，要么是对历史无知，要么是刻意歪曲历史，无视国际法。,毛宁
t20251125_11759683.html,日本广播协会记者,根据中方对外发布的消息，昨晚中美元首进行通话。请问这次通话是中方主动提议还是应美方要求进行？这次通话持续了多长时间？中方如何评价这次通话的成果？,特朗普总统第二任期以来，中美元首保持着经常性交往。据我了解，此次通话是美方发起的，通话的氛围是积极的、友好的、建设性的。两国元首就共同关心的问题进行沟通对于中美关系稳定发展十分重要。,毛宁
t20251125_11759683.html,印度报业托拉斯记者,一名（护照）出生地为“阿鲁纳恰尔邦”的印度女子称，她从伦敦经上海转机赴日本期间，因持印度护照在沪被“拘留”18小时。印度驻华领事人员介入使该女子获释，印方并就该事件提出抗议。发言人对此有何评论？,藏南地区是中国领土，中方从不承认印度非法设立的所谓“阿鲁纳恰尔邦”。关于你提到的个案，据我们了解，在处理过程中，中国边检机关始终依法依规履行查验手续，公正文明执法，充分保障当事人合法权益，没有对她采取强制措施，也不存在所谓羁押、滋扰等情况。航空公司还为当事人提供了休息场所和饮食保障。具体情况你可以向中方主管部门进一步了解。,毛宁
t20251125_11759683.html,彭博社记者,中美元首通话后，特朗普总统同日本首相高市早苗也通了电话，谈及美日同盟关系及其对该地区的重要性等问题，一些议题没有披露。中方对美日领导人通话有何反应？对美日在台湾问题上的观点有无关切？,美日领导人通话是美国和日本之间的事情，我不作评论。台湾问题是中国的内政，不容任何外部势力干涉。,毛宁
t20251125_11759683.html,印度报业托拉斯记者,追问印度女子的个案，据报道，印方就该事件提出了抗议，并反对中方对“阿鲁纳恰尔邦”的主张。发言人对此有何评论？,藏南地区是中国领土，中方不承认印方非法设立的所谓“阿鲁纳恰尔邦”。关于你提到的个案，刚才我已介绍了有关情况。我想说明的是，对出入境人员进行边防检查，根据当次入境、出境情况开展执法活动，是各国边境执法部门的通行做法。,毛宁
t20251125_11759683.html,彭博社记者,近两周中日关系恶化以来，中方相关部门暂停了对日本电影在华上映的监管审查，包括北京在内的中国各地有20多场日本音乐家的演出被取消。这是中国政府对日反制措施的一部分吗？中方对引进日本文化产品有无官方规定？叫停日本电影上映和文艺演出的措施将持续多久？,近期中日之间的交流合作受到影响，起因是日本首相高市早苗的涉台错误言论严重伤害了中国人民的感情，恶化了中日交流的氛围。日方应当立即纠正错误言行，停止在涉华问题上制造事端。,毛宁
t20251125_11759683.html,中国新闻社记者,本周，《禁止化学武器公约》第30届缔约国大会在荷兰海牙举行，中方向大会提交了《关于推动禁止化学武器组织弘扬多边主义和团结合作精神的立场文件》。发言人能否介绍有关情况？,禁止化学武器组织是全球安全治理重要支柱，成立28年来，各缔约国秉持多边主义和团结合作精神，推动化武裁军和国际合作取得历史性成就。但是近年来，禁化武组织的政治化、阵营化倾向突出，对话协商减少，对抗对立增多，《禁止化学武器公约》的权威受损，广大缔约国深感担忧。,毛宁
t20251125_11759683.html,彭博社记者,日本政府今天以发表声明的方式回应国会议员质询称，日方关于“存亡危机事态”和行使集体自卫权的政策没有变化。中方是否接受日方关于“政策未变”的声明？中方是否希望日方作出更多努力？,日本官方最近多次提到日本政府的“一贯立场”或“立场未变”，我们已经明确向日方提出，日方所谓“一贯立场”的具体内容到底是什么？日方能不能完整公开地表述这个“一贯立场”？日方一再重复所谓“立场未变”的概念，但却始终没有触及问题实质。实际上，日方是在刻意回避中方关于收回错误言论的要求，企图蒙混过关。我们不得不质疑，日方到底有没有反躬自省、纠正错误的诚意和行动？,毛宁
t20251126_11760587.html,《人民日报》记者,11月25日，针对日本政府对存亡危机的认定标准是否维持不变，日本政府内阁决议通过答辩书，称日本首相高市早苗的国会答辩“不改变日本政府一贯立场”，强调“政府将根据事态具体情况，综合判断所有信息”，“政府立场完全维持不变，没有修订和再研究的必要”。答辩书还称，台湾海峡的和平稳定对日本的安全保障和国际社会整体稳定非常重要，期待通过对话和平解决问题。中方对此有何评论？,关于日本首相高市早苗的涉台错误言论，中方已多次阐明严正立场。有关言论严重违背中日四个政治文件精神，破坏中日关系政治基础，挑战战后国际秩序，中方对此坚决反对。日本国内有识之士普遍表达质疑和批评，国际舆论也予以谴责。,毛宁
t20251126_11760587.html,路透社记者,中美元首通话后，美日领导人随即进行了通话。中方在通话中是否要求美方向日方传递任何信息？,关于中美两国元首通话的情况，中方已经发布了消息，你可以查阅。我没有更多信息可以提供。,毛宁
t20251126_11760587.html,日本广播协会记者,据报道，中国政府已指示国内航空公司削减2026年3月之前的赴日航班数量。外交部能否证实这些报道？,建议你向中方主管部门了解。,毛宁
t20251126_11760587.html,法新社记者,“美在台协会”负责人谷立言对台湾今天宣布的400亿美元新增军事预算表示欢迎。外交部对谷立言的表态或对台方提出新增军事预算有何评论？,中方反对美台官方往来和军事联系的立场是一贯的。台湾民进党当局“以武拒统”“以武谋独”不可能得逞。,毛宁
t20251126_11760587.html,澎湃新闻记者,据报道，第十八届中国一欧盟投资贸易科技合作洽谈会日前在成都成功举行。发言人对中欧经贸合作有何评论？,欧洽会自2002年至今已举办18届，累计吸引12000多家中欧企业参会，达成意向性合作协议3300多项，是欧盟成员国参与最多、欧方企业参与最广、中欧交流规模最大的投资贸易和创新合作平台。,毛宁
t20251126_11760587.html,法新社记者,吉尔吉斯斯坦方面昨天称，逮捕了一家金矿公司“Kemin资源集团”的中国籍首席执行官。该公司被指破坏环境并向当局提供虚假信息。外交部对此有何评论？能否提供更多信息？,我们注意到有关报道，中国驻吉尔吉斯斯坦使馆正进一步了解核实具体情况。中国政府一贯要求海外中国公民遵守当地法律法规，要求中资企业合法经营。我们希望吉方能够公正执法，保障在吉中资企业和中国公民的正当合法权益。,毛宁
t20251126_11760587.html,日本广播协会记者,中国外交部近日表示，日本国内针对中国公民的违法犯罪案件多发，并提醒中国公民近期避免前往日本。但日方最近公布了日本国内针对中国公民的犯罪数据，称中方指责不符合事实。请问外交部有何评论？,当前，日本社会针对中国公民的犯罪案件多发。我们注意到，就在上周，日本警方逮捕了5名涉嫌袭击中国公民的犯罪嫌疑人。日本网络上有大量针对中国的极端和威胁性言论，中国驻日本使领馆近期也多次遭到日本右翼分子在现地和网络上的滋扰。我们敦促日方重视中方关切，采取切实行动保障在日中国公民和机构的安全。,毛宁
t20251126_11760587.html,彭博社记者,约一小时前，日本首相高市早苗在国会就其11月7日言论接受质询，称她有责任真诚回答议员提问，向日本人民及国会解释政府采取的行动。发言人是否认为她不应发表这些言论、不应诚恳解释政府立场？日方应如何澄清立场使中方满意？,中方的态度是非常明确的，我们严肃要求日方收回错误言论，以实际行动体现对华政治承诺。,毛宁
t20251126_11760587.html,凤凰卫视记者,有消息称，圣文森特和格林纳丁斯总理冈萨维斯一直同中方有接触，并探索发展对华关系的可能性。外交部能否证实？,一个中国原则是国际社会普遍共识和国际关系基本准则。全世界183个国家同中国建交的事实充分证明，坚持一个中国原则是国际大义、人心所向、大势所趋。希望有关国家认清大势、顺应民意，尽早做出正确决断。,毛宁
t20251127_11761781.html,《中国日报》记者,中国政府今天发布了《新时代的中国军控、裁军与防扩散》白皮书。这是中国政府时隔20年后，再次以发布白皮书的方式全面阐述中国的军控、裁军与防扩散政策。请问中方发布新版白皮书的背景和意义是什么？,中国曾于1995年、2005年两次发布军控白皮书。今年是中国人民抗日战争暨世界反法西斯战争胜利80周年，也是联合国成立80周年。在这一重要历史节点，中国政府发布《新时代的中国军控、裁军与防扩散》白皮书具有重要意义。,郭嘉昆
t20251127_11761781.html,总台央视记者,我们注意到，日本首相高市早苗在昨天的党首辩论上称，“（日本）根据‘旧金山和约’放弃了全部权利，并无认定台湾法律地位的立场”，中方是否认同这一说法？,台湾回归中国是二战胜利成果和战后国际秩序的重要组成部分。《开罗宣言》《波茨坦公告》《日本投降书》等一系列具有国际法效力的文件都确认了中国对台湾的主权。台湾地位问题早在1945年中国人民抗日战争胜利时就已经彻底解决。1949年10月1日，中华人民共和国中央人民政府宣告成立，成为代表全中国的唯一合法政府。这是在中国这一国际法主体没有发生变化情况下的政权更替，中国的主权和固有领土疆域没有改变，中华人民共和国政府理所当然地完全享有和行使中国的主权，包括对台湾的主权。1972年《中日联合声明》明确，“日本国政府承认中华人民共和国政府是中国的唯一合法政府”，“中华人民共和国政府重申：台湾是中华人民共和国领土不可分割的一部分。日本国政府充分理解和尊重中国政府的这一立场，并坚持遵循波茨坦公告第八条的立场”。,郭嘉昆
t20251127_11761781.html,《北京青年报》记者,上周，李强总理在出席二十国集团领导人第二十次峰会期间宣布，中方同南非共同提出《支持非洲现代化合作倡议》，备受各方关注。发言人能否介绍《倡议》主要内容和中方考虑？,发起《支持非洲现代化合作倡议》是习近平主席同南非总统拉马福萨在2024年9月中非合作论坛北京峰会期间达成的重要共识。李强总理在二十国集团约翰内斯堡峰会上宣布中南两国共同提出倡议，受到各方普遍关注和高度评价。国际社会普遍认为，倡议体现了中方在支持非洲现代化事业中的引领作用，将进一步提升非洲自主发展能力，为全球南方发展振兴注入强劲动能。,郭嘉昆
t20251127_11761781.html,深圳卫视记者,据报道，日本在野党党首就高市早苗参与党首辩论时所作表态评论称，高市不再提及具体事例，实际上撤回了此前的答辩。中方是否认同这种说法？,日本首相高市早苗错误言论严重违背中日四个政治文件精神，破坏中日关系政治基础，引起中国人民强烈公愤。“不再提及”和“撤回”错误言论是两码事，性质完全不同。日方妄想通过“不再提及”淡化、搪塞、掩盖高市首相的严重错误言论，是掩耳盗铃、自说自话，中方绝不接受。,郭嘉昆
t20251127_11761781.html,日本广播协会记者,据报道，美国总统特朗普要求日本首相高市早苗在涉台问题上降调。这是否是受到此前中美元首通话的影响？,美日领导人通话是美国和日本之间的事情，我们不作评论。台湾问题是中国的内政，不容任何外部势力干涉。,郭嘉昆
t20251127_11761781.html,总台国广记者,近日，联合国人权理事会单边强制措施对人权负面影响问题特别报告员杜晗访问古巴，并在初步报告中指出，美国制裁对古巴经济和人道主义局势造成严重影响，违反多项国际法准则，呼吁美国立即取消所有对古巴单边强制措施。请问中方对此有何评论？,我们注意到有关消息。报告与不久前联大再次以压倒性多数通过的关于终止美国对古巴封锁的决议完全一致。,郭嘉昆
t20251127_11761781.html,总台华语环球节目中心记者,据报道，近期泰国洪涝灾害已导致全国至少41人死亡。请问中方有何评论？是否有中国公民在洪灾中伤亡？,近日泰国南部持续强降雨引发多地严重洪涝灾害，造成重大人员伤亡和财产损失。中方向泰国受灾民众表示慰问，相信在泰国政府的坚强领导下，灾区人民一定能早日重建家园。,郭嘉昆
t20251128_11762706.html,新华社记者,《习近平外交思想学习纲要（2025年版）》今天出版发行，发言人能否进一步介绍相关情况？,经党中央批准，中央宣传部、外交部对2021年出版的《习近平外交思想学习纲要》更新再版，组织编写出版了《习近平外交思想学习纲要（2025年版）》。《纲要（2025年版）》全面反映了习近平新时代中国特色社会主义思想在外交领域的原创性贡献和最新发展，系统阐释了习近平外交思想的时代背景、深刻内涵、理论品格和光辉实践，是广大党员、干部、群众学习贯彻习近平外交思想的权威辅助读物。,毛宁
t20251128_11762706.html,总台CGTN记者,发言人能否介绍中方对本轮中俄战略安全磋商的期待？,中俄是新时代全面战略协作伙伴，双方在中俄战略安全磋商机制框架内就共同关心的重大战略性、全局性问题常态化开展交流。此次王毅主任赴俄举行机制例行磋商，旨在落实两国元首达成的重要共识，围绕双方共同关心的国际和地区问题深入交换意见，就涉及两国战略安全利益的重要议题加强沟通协调。,毛宁
t20251128_11762706.html,彭博社记者,王毅外长昨天同法国总统外事顾问博纳通电话。中方消息稿提及，王毅外长表示中法应在涉及对方核心利益问题上坚定相互支持。我们理解台湾问题是中方核心利益问题之一，王毅外长是否在通话中提到中法应在台湾问题上合作？法国总统马克龙下周访华期间，中方会否再次提及台湾问题？,关于王毅主任昨天同法国总统外事顾问博纳通话的情况，我们已经发布了消息。至于中法元首之间的交往，我目前没有可以提供的信息。,毛宁
t20251128_11762706.html,俄新社记者,美国总统特朗普表示，美国创建太空军后，在太空领域领先中、俄，占据主导地位。外交部有何评论？,中国始终坚持和平利用外空，反对外空军备竞赛，反对外空武器化。中国无意与任何国家搞“太空竞赛”，也不谋求所谓的“太空优势”。,毛宁
t20251128_11762706.html,《环球时报》记者,日本首相高市早苗的错误言论受到国际社会和日本国内有识之士的反对和批评。但台湾当局却接二连三作出力挺高市的姿态。赖清德不久前以吃寿司方式表达所谓支持，台湾外事部门妄称中国致函联合国秘书长是“粗鲁无理”的。发言人对此有何评论？,日本曾经对台湾殖民统治长达半个世纪，犯下罄竹难书的罪行。民进党当局“媚日谋独”，令人不齿。,毛宁
t20251128_11762706.html,乌通社记者,俄罗斯副外长里亚布科夫本周接受天空新闻采访时表示，俄方正同中方就结束乌克兰危机进行磋商。外交部能否证实？如属实，双方讨论了哪些具体问题？中方是否正在或计划同乌方讨论实现乌克兰和平问题？,中方始终认为，对话谈判是解决乌克兰危机的唯一可行出路，我们支持一切有利于和平的努力。危机爆发以来，作为联合国安理会常任理事国和负责任大国，中方一直同包括俄、乌在内的有关各方保持沟通，为推动危机政治解决发挥建设性作用。,毛宁
t20251128_11762706.html,彭博社记者,外交部发言人昨天表示“旧金山和约”非法、无效。中方是否认为日本和其他47个“和约”缔约国仍处于战争状态？,正如我的同事昨天所说，所谓“旧金山和约”是在排斥中、苏等二战重要当事方的情况下，对日本单独媾和而发表的文件。这份文件违反了1942年中、美、英、苏等26个国家签署的《联合国家宣言》中关于禁止与敌国单独媾和的规定，违反《联合国宪章》和国际法基本原则。其对台湾主权归属等任何涉及中国作为非缔约国的领土和主权权利的处置都是非法无效的。,毛宁
t20251128_11762706.html,彭博社记者,在“旧金山和约”签署之后，中日双方于1978年签署了《中日和平友好条约》，中方当年也就接受了“旧金山和约”。中方现在的立场是不再接受“和约”了吗？,你的理解是错误的。中方从来没有承认过“旧金山和约”中有关台湾主权归属等任何涉及中国作为非缔约国的领土和主权权利的处置，从来没有接受过“旧金山和约”。1972年的《中日联合声明》明确规定，“日本国政府承认中华人民共和国政府是中国的唯一合法政府，中华人民共和国政府重申：台湾是中华人民共和国领土不可分割的一部分。日本国政府充分理解和尊重中国政府的这一立场，并坚持遵循《波茨坦公告》第八条的立场”。中日四个政治文件对台湾等问题作出明确规定，作为一个整体构成中日关系的政治基础。,毛宁
t20251128_11762706.html,湖北广电记者,据报道，美国国务院称，美方于11月24日正式将“太阳集团”列入外国恐怖组织清单，并对包括委内瑞拉总统马杜罗和其他高级官员在内的“组织成员”实施制裁。委外交部发表声明称，坚决反对美方将“太阳集团”列为恐怖组织，这是荒谬的谎言，旨在非法干涉委内政。中方对此有何评论？,中方一贯反对没有国际法依据、未经联合国安理会授权的单边制裁，反对外部势力以任何借口干涉委内瑞拉内政，呼吁美方取消非法单边制裁，多做有利于拉美和加勒比地区和平、稳定、发展的事。,毛宁
t20251201_11764036.html,总台央视记者,中方发布了法国总统马克龙将来华进行国事访问的消息。能否进一步介绍此访有关安排？中方如何看待当前中法关系？对此访有何期待？,这是马克龙总统第四次对中国进行国事访问，也是对习近平主席在去年中法建交60周年之际对法国进行历史性国事访问的回访。访问期间，习近平主席将同马克龙总统举行会谈，共同引领新形势下中法关系发展，并就重大国际和地区热点问题深入交换意见。李强总理、赵乐际委员长将分别同马克龙总统会见。,林剑
t20251201_11764036.html,《环球时报》记者,日本首相高市早苗此前称，日本已根据“旧金山和约”放弃了全部权利而“无法认定台湾的法律地位”。日本外相茂木敏充11月28日被问及这是否意味着“日本不承认中国对台湾的主权”时，重复了“旧金山和约”的相关说法，并称日本政府对台湾的基本立场正如1972年的《中日联合声明》所述，不多也不少。发言人对此有何评论？,日方对自身在台湾问题上的立场一再遮遮掩掩，含糊其辞，对明确将台湾归还中国的《开罗宣言》《波茨坦公告》《日本投降书》避而不谈，对构成中日关系政治基础的四个政治文件避而不谈，对日本政府坚持一个中国原则的政治承诺避而不谈，反复以“立场未变”敷衍搪塞，连完整重申日方立场都无法做到。,林剑
t20251201_11764036.html,中新社记者,近日，日本政府在东京“领土主权展示馆”内新增3份所谓“证明钓鱼岛归属”的历史文件，试图证明日方涉钓鱼岛非法主张。请问中方对此有何评论？,钓鱼岛及其附属岛屿自古以来就是中国的固有领土。钓鱼岛主权归属历史经纬清楚，法理依据确凿。这方面的证据，包括日本国内的外交档案、地图和历史学者文章，比比皆是。日方挖空心思搜罗一些断章取义、毫无说服力的所谓“历史资料”，恰恰证明日方非法主张根本站不住脚。,林剑
t20251201_11764036.html,路透社记者,一些在海外的香港人发起请愿活动，要求特区政府对大埔火灾事件负责，并对香港当地居民因参与请愿活动被逮捕提出批评。中方对此有何评论？,这不是外交问题，具体问题建议向特区政府询问。,林剑
t20251201_11764036.html,澳大利亚广播公司记者,澳大利亚防长称，澳方正在监视位于“菲律宾海”的一支中国海军舰队，并称该舰队可能打算环绕澳水域航行。发言人能否就该舰队的具体活动及目的地提供相关信息？对澳方立场有何回应？,关于中国海军的活动，建议向主管部门询问。需要指出的是，中国舰队向来尊重、遵守国际法，并根据国际法开展海上活动。,林剑
t20251201_11764036.html,彭博社记者,据当地媒体报道，一名日本歌手上周五晚在上海举行演唱会时不得不中断演出。另一名日本歌手取消了原定上周六在上海举行的演唱会。外交部能否证实？对此有何评论？,对于这些社会性、商业性活动的具体操作情况和原因，建议向主办方了解。,林剑
t20251201_11764036.html,《北京青年报》记者,11月30日，吉尔吉斯斯坦举行了提前议会选举，请问中方对此有何评论？,吉尔吉斯斯坦提前议会选举日前顺利举行，中方对此表示祝贺。应吉方邀请，中方派团观察选举，认为此次选举民主、公开、透明，给予高度评价。作为友好邻邦和全面战略伙伴，中方支持吉尔吉斯斯坦人民的选择。,林剑
t20251202_11764961.html,深圳卫视记者,11月24日，日本常驻联合国代表致函联合国秘书长称，中方声称日方在未遭到武力攻击下亦会行使自卫权，这种说法是错误的；日防卫基本方针是“专守防卫”的被动防御战略；高市早苗首相的发言是基于一贯立场；国际社会应反对威压他国发言和政策的行为。请问中方对此有何回应？,日本首相高市早苗涉台错误言论公然挑战二战胜利成果和战后国际秩序，严重违反《联合国宪章》宗旨和原则。中方向联合国秘书长致函阐明严正立场，完全正当必要。,林剑
t20251202_11764961.html,今日俄罗斯记者,12 月 1 日，俄罗斯总统普京签署了总统令，对中国公民实施免签政策。从昨天起，中国朋友可以免签方式来俄罗斯旅游，进行商务访问，参加科学文化交流以及体育赛事等。请问中方对此有何评论？,你提到的是一个好消息。中俄实现互免签证是两国政府和人民的又一次“双向奔赴”，相信这将进一步增进两国人民友好、促进各领域交流合作。我们真诚欢迎更多俄罗斯朋友利用免签政策来一次说走就走的“中国游”，也期待中国公民用好免签政策，开启美好的俄罗斯之行。,林剑
t20251202_11764961.html,朝日电视台记者,据报道，日中友好议员联盟、日本经济团体联合会等日本部分组织已向中方传达希望近期访华的意愿。中方会安排他们的访华吗？,我们注意到上述消息，也注意到日本国内有很多有识之士对高市早苗错误涉台言论引发的恶劣影响和严重后果深感忧虑。中方敦促日方反思纠错，撤回高市首相错误言论，停止伤害两国国民感情，以实际行动体现对华政治承诺，为中日正常交流创造必要条件。希望日本相关团体在日国内多发挥积极作用。,林剑
t20251202_11764961.html,彭博社记者,台湾“外交部长”称，中日之间的争端可能持续一年之久。外交部对此有何评论？,台湾是中国的一部分，没有什么“外交部长”。当前中日关系面临的局面完全是由日本首相高市早苗错误涉台言论引起，日方应恪守对华政治承诺，收回错误言论，以实际行动反思纠错。任何外部势力胆敢介入台海事务，我们必将迎头痛击。民进党当局包藏祸心、令人不齿，妄图“倚外谋独”，注定死路一条。,林剑
t20251202_11764961.html,路透社记者,中方是否担心洪都拉斯新任总统将与中国断交？中方外交官是否曾与洪方总统候选人沟通？,大选是洪都拉斯内部事务。中方一贯奉行不干涉内政原则。我要指出的是，中洪自2023年3月建交以来，双边关系快速发展，各领域合作成果丰硕，为两国人民带来实实在在的福祉。中方愿同洪方一道，继续在一个中国原则基础上，推动中洪关系不断向前发展，更好造福两国人民。,林剑
t20251203_11765754.html,《澳门月刊》记者,中共中央政治局委员、中央外办主任王毅日前访问俄罗斯。发言人能否介绍访问情况？对访问有何评价？,12月2日，中共中央政治局委员、中央外办主任王毅在莫斯科同俄罗斯联邦安全会议秘书绍伊古共同主持中俄第二十轮战略安全磋商，并同俄罗斯外长拉夫罗夫举行会见。双方就双边关系和涉及两国战略安全利益的重大问题全面、深入沟通，达成新的共识，进一步增进了战略互信。双方一致同意全力落实两国元首重要共识，推动中俄关系和两国战略协作向更高质量迈进。关于访问的具体情况，你可以查阅我们发布的消息稿。,林剑
t20251203_11765754.html,《北京青年报》记者,11月29日，美方宣称，委内瑞拉上空及其周边空域应被视作完全关闭。对此，委内瑞拉政府发表声明，强烈反对美方上述言论，认为有关言论违反《联合国宪章》和国际法原则。拉美和加勒比地区多国对美方言论表示反对。中方对此有何评论？,中方反对任何违反《联合国宪章》宗旨和原则、侵犯别国主权安全的行为，反对外部势力以任何借口干涉委内瑞拉内政。中方呼吁各方共同维护拉美和加勒比和平区地位，避免局势进一步升级。,林剑
t20251203_11765754.html,路透社记者,一名台湾官员称，台湾期待与洪都拉斯重建关系，并称台方在洪都拉斯大选前一直与两位总统候选人保持着联系。外交部对此有何评论？,一个中国原则是中洪关系的政治基础和根本前提。中洪建交2年多来，双边关系快速发展，各领域合作成果丰硕。中方援建的农业技术学校已顺利竣工，两国企业签署逾万吨白虾采购协议，洪都拉斯烟草进入中国市场。2024年，中方自洪进口咖啡同比增长14倍。中方还向洪都拉斯援助咖啡温室大棚及种植工具包，就洪都拉斯飓风、洪涝等灾害提供多批次人道主义援助。两国人力资源培训、政府奖学金、旅游等领域合作有力提升洪都拉斯长远发展能力。这些成果充分说明，中洪关系为洪都拉斯人民带来实实在在的好处，符合两国和两国人民根本和长远利益。,林剑
t20251203_11765754.html,俄新社记者,据报道，欧盟委员会计划本周提出一项法律提案，拟利用被冻结的俄罗斯资产为乌克兰提供约1400亿欧元的贷款。中国认为这些行动会对欧盟投资环境以及国际社会对欧洲金融银行体系的信心产生什么影响？,中方一贯反对违反国际法、未经联合国安理会授权的单边制裁。各方应为劝和促谈、推动乌克兰危机政治解决营造积极氛围，创造有利条件，而不是相反。,林剑
t20251203_11765754.html,法新社记者,英国政府再次推迟就中国新馆舍项目作决定的时间。项目审批时限本已推迟至12月10日，现继续推迟至2026年1月20日。外交部对此有何评论？,中方馆舍规划申请早已完备。英方再次推迟批准，没有任何道理。所谓的理由完全站不住脚。中方对此严重关切、强烈不满。我们将认真评估形势，维护自身正当利益。,林剑
t20251203_11765754.html,彭博社记者,特朗普总统签署了一项法律，要求美国国务院定期评估美台关系并寻找深化该关系的措施。外交部对此有何评论？,中方坚决反对美国同中国台湾地区开展任何形式的官方往来，这一立场是一贯的、明确的。,林剑
t20251204_11766635.html,总台央视记者,有媒体报道称，12月3日，日本首相高市早苗在参议院全体会议上援引《中日联合声明》，表示“理解和尊重”中国政府关于“台湾是中国领土不可分割的一部分”的立场。请问中方对此有何评论？,据核实，有关报道不准确。高市首相本人只提及“日方在台湾问题上的基本立场如1972年《中日联合声明》所述，这一立场没有变化”。仅此而已。,林剑
t20251204_11766635.html,俄新社记者,今天是“反对单边强制措施国际日”。近年来，有许多国家频繁采用单边措施，包括对俄罗斯、中国、伊朗等实施经济制裁。持续使用此类措施会对全球经济造成什么风险？,单边强制措施违背《联合国宪章》宗旨与原则，破坏多边主义和国际法治基础，严重违反生命权、发展权等基本人权，阻碍全球发展合作和联合国2030年可持续发展议程落实。,林剑
t20251204_11766635.html,中阿卫视记者,以色列军队对位于军事停火线外加沙城市中心的避难所发动了袭击，造成多人伤亡。哈马斯指责以色列持续违反停火协议，呼吁国际社会采取行动。中方对此有何评论？,当前加沙局势仍然十分脆弱，中方希望加沙停火协议得到切实执行，有效缓解人道危机，尽早恢复地区和平稳定。,林剑
t20251205_11767615.html,总台CGTN记者,据报道，赖清德日前以预录制视频形式参加《纽约时报》“交易录峰会”并就台海局势大放厥词。请问中方对此有何评论？,美方有关媒体为台湾当局领导人散布“台独”分裂谬论提供平台，严重违反一个中国原则和中美三个联合公报，向“台独”分裂势力发出严重错误信号。中方对此坚决反对。,林剑
t20251205_11767615.html,路透社记者,中国是否正在东海、南海、台湾海峡及太平洋集结大量海军和海警舰艇？这是正常演习还是中方另有其他目的？日本防卫大臣今天称，中方正在日附近地区扩大军事活动。中方对此有何回应？,你提到的有关情况，建议向中方主管部门询问。我想强调的是，中方一贯奉行防御性国防政策，中国海军、海警严格按照中国国内法和国际法在有关海域活动。有关方面不必大惊小怪、过度解读，更不要无端炒作。,林剑
t20251205_11767615.html,路透社记者,超威半导体周四表示，该公司已获得将部分MI308芯片运往中国的许可，并准备一旦发货就向美国政府缴纳15％的税款。中国是否愿意并准备购买上述芯片？,我们已经多次表明在美国输华芯片问题上的立场，希望美方以实际行动维护全球产供链稳定畅通。具体情况建议向中方主管部门询问。,林剑
t20251205_11767615.html,《中国日报》记者,12月4日，习近平主席同法国总统马克龙共同会见记者时宣布，中方将向巴勒斯坦提供1亿美元援助，用于缓解加沙人道主义危机，支持加沙恢复与重建。我们注意到，巴勒斯坦总统阿巴斯已向习近平主席致信表示感谢。发言人能否进一步介绍有关情况和中方考虑？,昨天，习近平主席在同法国总统马克龙共同会见记者时表示，中法双方将共同努力，推动巴勒斯坦问题早日得到全面、公正、持久解决。习近平主席宣布，中方将向巴勒斯坦提供1亿美元援助，用于缓解加沙人道主义危机，支持加沙恢复与重建。,林剑
t20251205_11767615.html,澎湃新闻记者,最近，《金融时报》《经济学人》等多家外媒关注中国成为创新强国，探究其中原因。报道称中国已从“世界工厂”变身“世界试验场”，西方国家需要在竞争中迎头赶上。请问发言人对此有何评论？,“创新”确实已经成为中国经济社会发展的关键词。不久前中共二十届四中全会审议通过的“十五五”规划建议中，有61次提及“创新”。近年来，中国重大科创成果密集涌现，全球创新指数排名从2012年的第34位升至2025年的第10位。中国多年来把科学技术作为第一生产力，加强理念指引、政策引导、体制改革，用好市场和人才优势，让企业成为创新主体，久久为功，走出了一条以科技创新引领产业创新、以产业升级促进科技迭代的成功之路，使创新成为推动中国经济发展的深层动力。,林剑
t20251205_11767615.html,法新社记者,中法在两国元首会晤后发布了联合声明。声明表示，在乌克兰问题上，中法支持一切致力于停火的努力。这是否意味着中方会与法方一道全力支持乌克兰？中方是否会作出更多努力，呼吁俄罗斯停火止战，比如像援助巴勒斯坦那样或以其他方式帮助缓和局势？,此次法国总统马克龙对中国进行国事访问期间，习近平主席同马克龙总统举行了会谈，会谈中两国元首就乌克兰危机交换了意见。习近平主席指出，中方支持一切有利于和平的努力，将继续以自己的方式为危机政治解决发挥建设性作用。中方支持欧洲国家发挥应有作用，推动构建均衡、有效、可持续的欧洲安全架构。,林剑
t20251205_11767615.html,印尼安塔拉通讯社记者,全国政协主席王沪宁日前对印尼进行了为期两天的访问，并于昨日分别会见了印尼总统和国会议长。印尼方面称两国通过此访重申致力于不断深化合作。中方认为此访有何重要意义？,12月3日至4日，应印尼人民协商会议主席穆扎尼邀请，全国政协主席王沪宁对印尼进行正式友好访问，访问期间同印尼总统普拉博沃举行会见，同印尼人协主席穆扎尼举行会谈，并分别会见国会议长布安、地方代表理事会主席纳加穆丁。,林剑
t20251205_11767615.html,今日俄罗斯记者,中共中央政治局委员、中央外办主任王毅同俄罗斯联邦安全会议秘书绍伊古共同主持磋商时，表示双方就涉日本问题进行了战略对表。发言人能否提供具体信息？中俄两国计划采取什么行动？,今年是中国人民抗日战争胜利80周年，也是苏联伟大卫国战争胜利80周年。两国元首年内相互出席纪念活动，一致同意坚定维护二战胜利成果，坚决反对任何企图为殖民侵略翻案的倒行逆施，发出主持正义、维护公道的时代强音。,林剑
t20251208_11768723.html,总台央视记者,据报道，12月3日，针对日本首相高市早苗的涉台言论，自民党副总裁麻生太郎对高市的态度表示肯定。请问中方对此有何评论？,这位日本政客的言论反映出高市首相及其背后的日本右翼势力仍在错判形势，不思悔改，对国内外批评声音充耳不闻，对干涉他国内政、武力威胁他国的行径轻描淡写、颠倒黑白、罔顾是非，对国际法和国际关系基本准则没有表现出起码的尊重，妄图通过挑动冲突对立，突破战后国际秩序，为日本军国主义招魂。亚洲邻国和国际社会都应对此保持高度警惕。,郭嘉昆
t20251208_11768723.html,中阿卫视记者,西班牙国王、法国总统刚访问了中国，接下来德国外长也将访华。请问中方对此怎么看？是否认为欧洲转变方向，想同中国合作？,今年以来，中国同欧洲国家高层交往频密。双方领导人就进一步发展战略伙伴关系、深化互利合作达成重要共识，提供了战略指引。当前国际局势动荡加剧，中欧加强战略沟通、深化对话合作有利于双方，也有利于世界。,郭嘉昆
t20251208_11768723.html,德新社记者,德国外长瓦德富尔昨天访华前表示，没有哪个国家能像中国一样，对俄罗斯施加影响，推动乌克兰危机和平解决。外交部对此有何评论？中方为何仍未能使俄方同意乌克兰危机的和平解决方案？,中德是全方位战略伙伴。建交53年来，中德关系始终保持良好发展势头，惠及两国和两国人民。今年5月，习近平主席同默茨总理通电话，为中德关系发展指明了方向。当前国际形势变乱交织，中德作为大国和世界主要经济体，巩固和发展双边关系，不仅符合两国利益，也有利于促进世界的和平与繁荣。,郭嘉昆
t20251208_11768723.html,中新社记者,日前，中国海军“丝路方舟”号医院船抵达牙买加蒙特哥贝港，为当地遭受飓风灾害的民众提供医疗服务，请问中方能否介绍有关情况？,近日，中国海军“丝路方舟”号医院船抵达牙买加，将停留多个港口，为遭受“梅丽莎”飓风灾害的牙买加人民提供人道主义医疗服务。,郭嘉昆
t20251208_11768723.html,共同社记者,日本防卫省称，12月6日，中国海军战斗机对日本自卫队战斗机持续雷达照射。进行雷达照射的目的是什么？,中方已就这一问题阐明了严正立场。事实真相十分清楚，中方在有关海空域开展演训活动符合国际法和国际惯例，相关操作专业规范，无可非议。舰载机在飞行训练时开启搜索雷达，是各国通常做法，也是确保飞行安全的正常操作。此次事件的关键是，日本战斗机擅自闯入中方演训区域，对中方军事活动抵近侦察干扰，还恶人先告状，炒作所谓“雷达照射”问题，颠倒黑白、嫁祸于人，误导国际社会。中方对此强烈不满，坚决反对，已向日方提出严正交涉和强烈抗议。,郭嘉昆
t20251208_11768723.html,法新社记者,梵蒂冈周五宣布，教皇利奥十四世已任命新主教接替中国国内已荣休的一名主教，此举是“新的重要一步”。外交部能否介绍更多情况？,中国天主教“一会一团”近日已经发布有关消息。近年来，中国和梵蒂冈保持沟通，通过建设性对话增进理解和互信。中方愿同梵方一道，推动中梵关系持续改善。,郭嘉昆
t20251208_11768723.html,日本广播协会记者,关于日中军机事件，日方今天否认了中方的说法，表示没有干扰中方军机安全飞行。外交部对此有何回应？,刚才我已经回答了有关问题。我们想再次强调的是，事实真相十分清楚，中方在有关海空域开展演训活动符合国际法和国际惯例，相关的操作专业规范，无可非议。我们强烈敦促日方立即停止滋扰中方正常演训活动的危险行为，停止一切不负责任的虚假炒作和政治操弄。,郭嘉昆
t20251208_11768723.html,印度报业托拉斯记者,俄罗斯总统普京上周访印，并与莫迪总理进行成果丰富的会谈，重申俄印是特殊和优先战略伙伴关系，制定2030年前实现贸易投资多样化的经济合作计划，达成一系列合作协议。两国防长也举行了会晤，讨论增强军事联系。普京总统访印前表示，印中都是俄亲密伙伴，俄方十分珍视与两国的关系，相信中印都致力于解决两国间的问题，俄无权干涉中印双边事务。中方如何看待普京总统此访以及他对印中关系的评论？,中国、俄罗斯和印度都是新兴经济体和全球南方重要成员，三国保持良好关系不仅符合三国自身利益，也有利于地区乃至全球的和平、安全、稳定与繁荣。中方愿同俄罗斯、印度继续推动双边关系向前发展。,郭嘉昆
t20251208_11768723.html,路透社记者,美国政府新发布的《国家安全战略》报告称，美国不支持任何单方面改变台海现状的行为，还提到美国及其盟友阻止任何“夺台”企图的能力。外交部有何回应？该战略还提及“四边机制”，中方对此有何评论？,我们注意到美国政府发表的《国家安全战略》报告。中方始终认为，中美合则两利、斗则俱伤。相互尊重、和平共处、合作共赢是中美正确相处之道，也是唯一正确现实选择。中方愿同美方一道，推动中美关系继续保持稳定发展，同时坚定捍卫自身主权安全发展利益。希望美方同中方相向而行，落实好两国元首达成的重要共识，加强对话合作，妥善管控分歧，推动中美关系稳定、健康、可持续发展，为世界注入更多确定性和稳定性。,郭嘉昆
t20251208_11768723.html,路透社记者,美国《国家安全战略》报告还专门聚焦美中经贸关系，抨击中国贸易行为的同时提出希与中方发展互利的经贸关系。中方对此有何回应？,中美经贸关系的本质是互利共赢，不存在谁占谁的便宜。经贸合作应该继续成为中美关系的压舱石和推进器。希望美方同中方一道，落实好两国元首重要共识，本着平等、尊重、互惠的原则，通过对话协商不断压缩问题清单，拉长合作清单，争取更多积极进展。,郭嘉昆
t20251208_11768723.html,法新社记者,《南华早报》周末报道称，中方的一份政策文件没有提及朝鲜半岛无核化，韩国媒体对此十分关注。外交部对此有何评论？中国政府是否仍然支持朝鲜半岛无核化？,中方在半岛问题上的立场是一贯的、明确的。,郭嘉昆
t20251208_11768723.html,朝日新闻记者,追问一个关于“雷达照射”问题，请问中国舰载机开启雷达是否是为了搜索，而不是攻击？,刚才我已经回答了相关问题，我们想再次重申，事实真相十分清楚。中方在有关海空域开展正常的演训活动符合国际法和国际惯例，相关操作专业规范，无可非议。舰载机在飞行训练时开启搜索雷达，是各国通常做法，也是确保飞行安全的正常操作。此次事件的关键是，日本战斗机擅自闯入中方演训区域，对中方军事活动进行抵近侦察和干扰。日方还恶人先告状，炒作所谓“雷达照射”问题，颠倒黑白，误导国际社会。中方对此强烈不满，已向日方提出严正交涉。我们敦促日方立即停止滋扰中方的正常演训活动，停止一切不负责任的虚假炒作和政治操弄。,郭嘉昆
t20251209_11769561.html,深圳卫视记者,我们注意到，近期俄罗斯等周边国家纷纷发声反对日本首相高市早苗涉台错误言论，巴基斯坦、老挝、柬埔寨等国公开支持一中原则。地区多国媒体和学界人士表示，日军在二战中的暴行给亚洲和世界带来深重灾难，战后日本非但没有深刻反思战争罪行，政坛一些势力反而企图否认、歪曲甚至美化侵略历史，妄图突破和平宪法搞“再军事化”，严重伤害各国人民感情，给地区和平带来威胁。发言人对此有何评论？,近代以来，日本军国主义以所谓“存亡危机事态”为由，对中国和其他亚洲国家发动侵略战争，所到之处无恶不作，累累血债骇人听闻。,郭嘉昆
t20251209_11769561.html,中新社记者,据报道，12月5日晚，阿富汗与巴基斯坦武装部队在阿富汗坎大哈省和巴基斯坦俾路支省接壤地区交火，造成多名平民伤亡。此系巴阿两国10月中旬同意停火后再次发生冲突。中方对此有何评论？,中方注意到有关报道。巴基斯坦和阿富汗都是中国的传统友好邻邦，巴阿两国也是搬不走的邻居。中方呼吁巴阿两国继续通过对话协商处理矛盾分歧，推动局势降温，共同维护地区和平稳定。中方愿同国际社会一道努力，继续为巴阿关系改善发展发挥建设性作用。,郭嘉昆
t20251209_11769561.html,彭博社记者,特朗普政府决定允许英伟达对华销售H200芯片。中方是否同意购买该款芯片？两国领导人是否及何时就此沟通？,我们注意到有关报道。中方一贯主张，中美通过合作实现互利共赢。,郭嘉昆
t20251209_11769561.html,路透社记者,关于稀土出口通用许可证，近期几位欧洲政要访华，对中国向欧洲国家限制供应稀土表示关切。欧方政要访华期间，中方是否就对欧稀土供应或发放通用许可证作出承诺？此外，据日本媒体报道，中国对日稀土出口出现延迟，可能是中日外交争端造成的。中方对此有何评论？,中方主管部门多次介绍了稀土相关物项出口管制的工作情况。中方正在依法依规处理有关问题。,郭嘉昆
t20251209_11769561.html,印尼安塔拉通讯社记者,据报道，印尼亚齐省省长表示，愿意接受外国援助，帮助受严重洪灾影响的居民。目前该省民众已获得一家中国民间社会组织的帮助，搜寻淤泥中的遗体。中国政府是否计划向印尼受灾地区提供更多援助？,中方高度关注印尼苏门答腊地区遭受严重暴雨洪灾。中国领导人已就此向印尼政府和人协等领导人表达慰问。中方已经并将继续根据印尼政府需要，为印尼受灾地区提供力所能及的帮助。我们相信，在印尼政府领导下，灾区人民一定能够早日战胜灾害，重建家园。,郭嘉昆
t20251209_11769561.html,朝日新闻记者,日本防卫大臣今天就“雷达照射”问题称“我们认为，中方所称的提前通告训练海空域的情况并不存在”。外交部能否透露中方进行通告的时间和内容？,中国海军发言人12月7日已明确表示事先公布了训练海空域，具体情况可以向中方主管部门询问。,郭嘉昆
t20251209_11769561.html,朝日新闻记者,日本政府今天针对昨天中方表态反驳称，“断续雷达照射是危险行为”。外交部是否明确否认存在断续照射行为？,中方已就该问题阐明了严正立场。事实真相十分清楚，中方在有关海空域开展演训活动符合国际法和国际惯例，相关操作专业规范，无可非议。舰载机在飞行训练时开启搜索雷达，是各国通常做法，也是确保飞行安全的正常操作。我们倒是建议记者朋友去问一问日方，日本自卫队战斗机为什么要出现在相关区域，制造这场本不应发生的危险事件？是不是在刻意滋扰中方正常演训活动，制造紧张事态？,郭嘉昆
t20251209_11769561.html,路透社记者,据荷兰媒体报道，匈牙利一家中文新闻网站公布了与台湾情报机构代表会面的荷兰间谍名单。中方对此有何评论？,我没有看到相关报道。,郭嘉昆
t20251209_11769561.html,印尼安塔拉通讯社记者,本周起，泰国与柬埔寨边境地区紧张局势再度加剧，有报道称，昨天泰方一架F－16战斗机攻击了柬炮兵阵地。外交部对此有何评论？,作为柬埔寨和泰国的朋友和近邻，中方真诚希望柬泰双方保持克制、相向而行，防止局势再度升级。中方将继续以自己的方式为缓局降温发挥建设性作用。,郭嘉昆
t20251209_11769561.html,彭博社记者,追问关于“雷达照射”问题，《日本经济新闻》报道称，“雷达照射”事件发生后，中方没有接听中日“防务热线”。发言人对此有何评论？,我刚才已经回答了有关问题。中国海军发言人12月7日已经明确表示事先公布了训练海空域，具体情况建议向中方主管部门进行询问。,郭嘉昆
t20251210_11770291.html,《北京青年报》记者,我们注意到，中国常驻联合国代表团昨天宣布在联合国平台成立“全球治理之友小组”。发言人能否进一步介绍有关情况？,习近平主席在上海合作组织天津峰会期间郑重提出全球治理倡议，为全球治理体系变革指明正确方向，为动荡不安的世界注入宝贵的稳定性、确定性，得到国际社会广泛赞同和积极响应。,郭嘉昆
t20251210_11770291.html,总台华语环球节目中心记者,我们注意到，日本“再军事化”加快抬头，引发国际社会普遍关切。英国《经济学人》、美国《欧亚评论》等媒体发表评论称，日本正在从一个和平主义国家转向军事强国；日本企图复活军国主义只会威胁地区和世界和平稳定，值得警惕。中方对此有何评论？,中方注意到有关外媒观点。近年来，日本大幅调整安保政策，加快修改“和平宪法”，持续突破“专守防卫”原则，解禁集体自卫权，放宽武器出口，图谋修改“无核三原则”，发展所谓“对敌基地攻击能力”，日方高官还放言不排除引进核潜艇。这一系列动作已经引起周边国家和国际社会高度警惕。,郭嘉昆
t20251210_11770291.html,彭博社记者,中日本轮争端发生以来，中国赴日游客数量大幅下降。但尽管中日关系紧张，中国消费者似乎仍青睐日本品牌。中方对此怎么看？,我不知道你的消息来源是什么。关于当前中日关系，中方已经多次阐明了严正立场。,郭嘉昆
t20251210_11770291.html,新华社记者,12月10日是世界人权日。发言人能否介绍中方在促进和保护人权方面的进展？中方还将为推动国际人权合作采取什么举措？,今年是联合国成立80周年。联合国77年前通过《世界人权宣言》，75年前设立世界人权日，承载了人人充分享有人权的伟大梦想，促进和保护人权的理念日益深入人心。,郭嘉昆
t20251210_11770291.html,中新社记者,据报道，12月9日，英国政府宣布对两家中国公司实施制裁，声称相关公司对英国及其盟友发动网络攻击，称其行为与中国政府相关。外交部对此有何评论？,中方坚决反对并依法打击黑客活动，同时坚决反对出于政治目的散布虚假信息。中方对英方借网络安全问题搞政治操弄的做法表示强烈不满、坚决反对，并已在北京和伦敦向英方提出严正交涉。,郭嘉昆
t20251210_11770291.html,总台央视记者,据报道，英国首相斯塔默将于1月29日至31日访华，将到访北京和上海。发言人能否证实？,中方重视改善和发展中英关系，愿同英方加强各层级交往。据我所知，中方尚未同英方就斯塔默首相访华日期等具体问题进行讨论。,郭嘉昆
t20251210_11770291.html,荷兰广播电视协会记者,昨天，荷兰媒体报道荷兰和台湾安全官员的情报行动被网上曝光，称是中方所为。发言人对此有何回应？,我不了解你提到的有关情况。,郭嘉昆
t20251210_11770291.html,《朝日新闻》记者,日本防卫大臣今天针对“雷达照射”问题称，事件的关键在于中方进行了间歇性照射。请问是否存在定点的间歇性照射？中国外交部能否予以确认？,中方已多次就此阐明严正立场，事实真相十分清楚。日方此前声称没有接到中方通报，现在又承认事先收到中方信息，前后矛盾，顾左右而言他。日方还拒不解释在事先收到通报情况下，为何执意派战斗机擅自闯入中方演训区域、抵近侦察滋扰，制造紧张事态，持续恶意炒作。日方是不是在故意转移焦点，企图误导国际社会？,郭嘉昆
t20251210_11770291.html,路透社记者,美国务院发言人称，周六中方战斗机“雷达照射”日方军机的行为“不利于地区和平与稳定”。外交部对此有何评论？,针对所谓“雷达照射”问题，中方媒体已经公布了现场录音和相关细节，事实真相十分清楚。中方在有关海空域开展演训活动完全符合国际法和国际惯例，相关操作专业规范、安全克制、无可非议。日方蓄意滋扰在先，造谣炒作在后，是这场闹剧的策划者和肇事方，必须承担一切责任。,郭嘉昆
t20251210_11770291.html,日本广播协会记者,日本防卫大臣今天表示“航空自卫队战机从未对中方舰载机使用雷达”，并提出“因缺乏航行通告等具体内容，未能获取足够的避险信息”。发言人对此有何评论？,刚才我已经回答了有关问题，相信你也听得非常清楚。日方此前声称事先没有收到中方的通报，现在又承认事先得到了中方的信息，这种前后矛盾的说法充分证明，日本蓄意滋扰在先，造谣炒作在后，是这场闹剧的策划者、肇事方。我们奉劝日方，要正视当前中日关系困难的症结，认认真真反思纠错，老老实实撤回高市首相涉台错误言论。,郭嘉昆
t20251210_11770291.html,彭博社记者,有报道称俄罗斯和中国轰炸机周二抵近日本和韩国飞行，发言人能否证实？,关于中俄联合巡航的情况，中国国防部已发布有关消息。我们要强调的是，此次中俄联合空中战略巡航，是年度合作计划内项目，展示了双方共同应对地区安全挑战、维护地区和平稳定的决心与能力。,郭嘉昆
t20251210_11770291.html,路透社记者,《金融时报》报道称，尽管美国总统特朗普允许向中国出口英伟达先进的H200芯片，中方正考虑限制购买该芯片。发言人对此有何评论？,我们昨天已就有关问题作出回应。具体情况建议向中方主管部门询问。,郭嘉昆
t20251210_11770291.html,法新社记者,联合国人权事务高级专员昨天表示，对香港引用国安法处置要求就上个月的火灾进行独立调查的居民“深表关切”。外交部对此有何回应？,香港国安法和香港国安条例制定实施以来，切实维护香港居民依法享有的各项权利和自由，切实保障香港繁荣与稳定，切实推动香港从由乱到治迈向由治及兴。香港特区政府正有序做好大埔火灾事故善后，妥善安置受灾群众，依法推进调查进程，有关工作得到社会各方面充分肯定。香港特区第八届立法会选举日前成功举行，选举过程安全、顺利、圆满，翻开了香港高质量民主的新篇章。,郭嘉昆
t20251210_11770291.html,路透社记者,消息人士称，英伟达已开发出位置验证技术，可识别其芯片所在的国家，客户可自主选择加装，能够防止芯片被走私到禁止出口的国家。外交部对此有何评论？中方对购买英伟达芯片有没有安全关切？,我不了解你提到的具体情况。,郭嘉昆
t20251211_11770955.html,总台央视记者,中方发布了习近平主席特使彭清华赴土库曼斯坦出席“国际和平与信任年论坛”的消息，请简要介绍此访的背景及中方对此访的期待。,土库曼斯坦是中国的全面战略伙伴。今年是土库曼斯坦获得永久中立地位30周年，也是土方提议、联合国大会确立的国际和平与信任年。中方重视土方举办“国际和平与信任年论坛”，支持土方奉行永久中立政策，支持土库曼斯坦作为永久中立国在国际舞台上发挥更大建设性作用。,郭嘉昆
t20251211_11770955.html,湖北广电记者,中方刚刚发布王毅外长将访问阿联酋、沙特、约旦的消息。发言人能否介绍此访背景和中方期待？,阿联酋、沙特、约旦同中国传统友谊深厚。中方始终从战略高度和长远角度把握和推进同三国的关系。在习近平主席和三国领导人战略引领下，中国同三国各领域交流合作取得丰硕成果，不但给中国和三国人民带来实实在在好处，也为促进中东和世界和平发展作出重要贡献。,郭嘉昆
t20251211_11770955.html,中阿卫视记者,据报道，针对国会答辩涉台湾表态，日本首相高市早苗日前表示，正因同中方存在各类悬而未决的问题，才更应坚持减少问题、增进理解与合作的方针，日方对同中方开展各层级对话持开放态度。前两天日本再次排放核污染水，排放期间发生了7.5级地震。日方经常反问中方，为什么禁止日本水产品入境？为什么对日本自卫队进行所谓“雷达照射”？日方提了很多“为什么”，但从不反思自己的错，反而想让中国“背锅”，发言人对此有何评论？,高市早苗首相的涉台错误言论不仅引起中国人民强烈愤慨，日本国内也有越来越多客观理性的反对和批评声音。我注意到，近日《世界》杂志前总编、岩波书店前社长表示，高市首相频繁把“对话”挂在嘴边，但真正的对话是从尊重对方、站在平等立场上理解对方开始的。高市的态度完全没办法对话。这句话道出了问题的实质。,郭嘉昆
t20251211_11770955.html,《环球时报》记者,12月10日，欧盟驻华代表团在世界人权日发表声明，表示中国人权状况令人担忧，称在中国新疆、西藏、香港存在侵犯人权的行为，请问中方有何评论？,欧盟驻华代表团发表的涉华人权声明，罔顾事实，颠倒黑白，充斥着恶意诋毁中国人权状况的谎言和虚假信息，粗暴干涉中国内政和司法主权，严重违反国际法和国际关系基本准则。中方对此强烈谴责、坚决反对，已经向欧方提出严正交涉。,郭嘉昆
t20251211_11770955.html,日本电视网记者,今天，中国外交部以地震为由，呼吁中国公民暂勿前往日本。这是不是针对日本首相关于“台湾有事”言论的反制措施？,关于你提到的问题，中方领事提醒已经说的很清楚，日本近期连续发生多起地震，已造成多人受伤，日本多地已观测到海啸，超10万人接到避难指示。日本有关部门公告称，后续或有更大地震。中国政府本着对中国公民安全和健康负责的态度，及时发布领事提醒。维护海外中国公民的安全，这是中国外交的应尽职责，也是外交为民的应有之义。,郭嘉昆
t20251211_11770955.html,埃菲社记者,据报道，墨西哥参议院通过了新的进出口关税提案，将从明年起对包括中国在内的多个亚洲国家的部分产品征收5％到50％的关税，请问中方对此有何评论？,中方主管部门已就此作出回应，你可以查阅。我们想强调，逆经济全球化潮流而动、搞保护主义损人不利己。希望墨方及早纠正有关错误做法，同中方相向而行，共同维护好双边经贸关系大局。,郭嘉昆
t20251211_11770955.html,日本广播协会记者,中国外交部以青森县近海地震为由，呼吁中国公民暂勿前往日本。中国是否也曾因其他国家地震发布过类似的旅行提醒？,关于你提到的问题，你可以自行上中国外交部网站进行查阅。,郭嘉昆
t20251211_11770955.html,法新社记者,中国驻柬埔寨大使馆表示，昨日柬泰边境附近一处赌场区域遭到炮击，可能有中国公民受伤。发言人能否介绍相关情况？中方计划采取哪些措施撤离或保护该区域的中国公民？,近日，中国驻柬埔寨使馆再次发布安全提醒，要求中国公民暂勿前往柬泰边境地区。目前，使馆正在加紧了解核实媒体报道有关情况，将在职责范围内为涉事中国公民提供领事保护与协助。,郭嘉昆
t20251211_11770955.html,彭博社记者,据报道，昨天日本防卫大臣小泉进次郎与北约秘书长和意大利国防部长通话，表达对近期中俄轰炸机飞临日韩附近空域的关切，寻求合作。发言人对此有何评论？,关于中俄联合巡航的情况，中国国防部已发布有关消息，我们昨天也已经作出了回应。我们想再次强调的是，此次中俄联合空中战略巡航，是年度合作计划的项目，展示了双方共同应对地区安全挑战、维护地区和平稳定的决心与能力。日方没必要大惊小怪、对号入座。,郭嘉昆
t20251212_11771726.html,中新社记者,近日，世界银行、国际货币基金组织、亚洲开发银行等机构将2025年中国经济增速预期分别上调0.4、0.2、0.1个百分点。不少机构表示，尽管面临冲击，中国经济展现了显著韧性。有外媒将中国比作充满不确定性的国际环境中一片“确定性的绿洲”。发言人对此有何评论？,“看好中国”日益成为各方共识。来华参加“1+10”对话会的国际经济组织负责人表示，过去一年，中国经济持续稳健增长，为世界经济增长作出重要贡献。国际机构密集上调中国经济增长预期，再次表明看多中国愈加成势。,郭嘉昆
t20251212_11771726.html,深圳卫视记者,据了解，2026年APEC非正式高官会已于近日在深圳举行，能否介绍一下会议情况和取得的成果？,12月11日至12日，2026年亚太经合组织（APEC）非正式高官会在广东省深圳市举行，这是中国担任2026年APEC东道主主办的首场活动，拉开了APEC“中国年”序幕。外交部副部长马朝旭出席会议并讲话。会议取得积极成果。,郭嘉昆
t20251212_11771726.html,路透社记者,本社了解到，印度已简化手续，加快向中国专业人士发放商务签证。外交部对此有何评论？,我们注意到这一积极举措，推动人员往来便利化符合各方共同利益，中方愿同印方保持沟通与协商，不断提升两国人员往来便利化水平。,郭嘉昆
t20251212_11771726.html,《北京日报》记者,第十二个南京大屠杀死难者国家公祭日临近，在中国抗战胜利80周年之际，特别是在日本首相高市早苗有关涉台言论导致中日关系紧张的背景下，中方将如何开展纪念活动？,今年是南京大屠杀惨案发生88周年。中方依据全国人大立法决定，将按惯例举行南京大屠杀死难者国家公祭仪式。,郭嘉昆
t20251212_11771726.html,总台央视记者,近段时间，日本政府始终拒绝明确重申中日四个政治文件涉台表述，不断用“立场没有改变”进行敷衍。同时，民进党当局却迎合日方错误言行，以解禁水产品、组团观光等方式表达所谓支持。我们注意到，包括台湾地区各界人士在内许多中国民众都认为，当年日军在台湾犯下了无数战争罪行，不能接受日本政府回避历史，民进党当局借机搞政治操弄“无耻到无敌”。发言人对此有何评论？,日本曾经侵占并对台湾殖民统治50年，犯下的罪行罄竹难书，先后有数十万台湾同胞惨死在日军屠刀下，占当时岛内总人口的约五分之一。日本还大肆进行经济掠夺和精神奴役。台湾七成土地被强占，煤矿、金矿等资源遭到毁灭性开采，出产的稻米一半以上被运往日本，岛内饿殍遍地，大量民众被强迫劳动，死亡率高达40%，约20万台湾青年被强征入伍，数万人成为军国主义的炮灰，2000多名台湾妇女被强迫成为慰安妇。台湾民众沦为亡国奴，毫无政治权利、信仰自由和文化自由。,郭嘉昆
t20251212_11771726.html,法新社记者,香港法院今天宣布，将于周一对黎智英案作出判决。非政府组织“无国界记者”批评称审判日期宣布仓促，并称之为“虚假”审判。外交部对此有何回应？,维护国家主权、安全、发展利益是“一国两制”的最高原则。中央政府坚定支持香港特区依法维护国家安全、惩治危害国家安全的犯罪行为。,郭嘉昆
t20251212_11771726.html,澎湃新闻记者,美国于本月接任二十国集团（G20）主席国后公开表示，不会邀请南非参与2026年G20峰会以及G20框架内合作。中方对此有何评论？,南非上个月成功举办二十国集团约翰内斯堡峰会，国际社会给予了高度评价。二十国集团长期坚持团结合作、平等协商。南非是二十国集团创始成员国，出席了历届二十国集团峰会，长期在二十国集团内发挥重要作用。中方支持南非继续参与二十国集团合作，期待同南非在内所有二十国集团成员一道，为捍卫多边主义、促进世界经济增长、完善全球经济治理贡献力量。,郭嘉昆
t20251212_11771726.html,总台国广记者,近日，美军在委内瑞拉附近海域扣押了一艘运输委内瑞拉石油的油轮。美财政部还宣布对包括香港船旗在内的6艘油轮实施制裁。中方对此有何评论？,中方坚决反对缺乏国际法依据、未经联合国安理会授权的非法单边制裁和“长臂管辖”，反对滥施制裁。,郭嘉昆
t20251212_11771726.html,法新社记者,昨天，美国与日本、韩国和澳大利亚等国签署一项协议，维护稀土供应链的安全，确保发展人工智能技术不依赖中国。外交部对此有何评论？,我们注意到有关报道，各方应该遵守市场经济和公平竞争原则，共同维护全球产供链稳定。 我们已多次就有关问题作出回应。事实真相十分清楚。日方自说自话、自相矛盾、自我诡辩，暴露出其制造紧张、“碰瓷”炒作的真实目的。奉劝日方正视当前中日关系困难的症结，认认真真反思纠错，撤回日首相高市早苗涉台错误言论，不要转移视线、节外生枝。,郭嘉昆
t20251215_11772954.html,总台央视记者,12月13日，中央档案馆公布了一批俄罗斯转交中方的苏联在伯力（今称哈巴罗夫斯克）审讯日本731部队的解密档案材料，包括对731部队成员的审讯记录、731部队罪行调查报告等，再次揭露了日本侵华细菌战罪行。请问发言人对此有何评论？,俄方转交的档案再次证明，侵华日军第731部队犯下罄竹难书的反人类罪行，铁证如山、不容否认。,郭嘉昆
t20251215_11772954.html,新华社记者,据报道，在12月14日举行的智利总统选举第二轮投票中，智利共和党候选人卡斯特击败左翼执政联盟候选人哈拉，当选新一届智利总统。中方对此有何评论？,中方对卡斯特先生当选智利总统表示祝贺。,郭嘉昆
t20251215_11772954.html,朝日电视台记者,明年1月底，日本东京上野动物园的两只大熊猫将回到中国，之后日本的动物园就没有大熊猫了。日民众非常喜欢大熊猫。请问中方今后是否有计划与日方进行大熊猫保护国际合作？,关于你提到的具体问题，建议向中方主管部门询问。,郭嘉昆
t20251215_11772954.html,共同社记者,中国外交部今天宣布对日本自卫队前高官岩崎茂采取反制措施。请问原因是什么？,台湾问题是中国核心利益中的核心，是不可逾越的红线。中方坚决反对日本自卫队前统合幕僚长岩崎茂出任台湾当局所谓“政务顾问”，多次就此向日方提出严正交涉，并对岩崎茂采取反制措施。岩崎非但不知悔改，反而变本加厉，与“台独”分裂势力沆瀣一气，一再勾连挑衅，严重违背一个中国原则和中日四个政治文件精神，严重干涉中国内政，严重损害中国主权和领土完整。针对岩崎上述恶劣行径，依据《中华人民共和国反外国制裁法》，中方发布外交部令，公布对其反制措施，惩戒其同“台独”分裂势力勾连挑衅。,郭嘉昆
t20251215_11772954.html,总台CGTN记者,12月14日下午，澳大利亚最大城市悉尼发生大规模枪击事件，造成重大人员伤亡。请问发言人有何评论？,王毅外长已就此向黄英贤外长致慰问电。中方对遇难者表示哀悼，向遇难者家属和伤者表示慰问。,郭嘉昆
t20251215_11772954.html,彭博社记者,美国国务院表示，中国在南海使用水炮和切断锚绳的行为危及菲律宾渔民安全，美方将同菲方站在一起，共同应对中方挑衅行为和对邻国采取日益危险的行动。外交部对此有何评论？,仙宾礁是中国南沙群岛的一部分，中国对包括仙宾礁在内的南沙群岛及其附近海域拥有无可争议的主权。12月12日，菲律宾有组织有预谋地纠集大量船只在仙宾礁附近海域挑衅滋事，并冲闯仙宾礁潟湖。其间，菲方所谓渔船不顾中方一再劝阻和警告，顽固在仙宾礁潟湖滞留，还多次采取恶意转向等危险举动，菲方人员甚至持刀威胁中方现场维权执法的海警。菲方行径严重侵犯中方主权和权益，严重违反国际法和《南海各方行为宣言》，严重破坏海上和平稳定。中方采取必要处置措施维护自身领土主权和海洋权益，合理合法，专业克制，无可非议。菲方应该立即停止侵权挑衅和煽宣炒作，停止无休止地上演自编自导的海上闹剧，不要挑战中方维护自身主权和权益的坚定决心。,郭嘉昆
t20251215_11772954.html,法新社记者,黎智英今天在香港被判有罪。英国以及“大赦国际”、“无国界记者”等非政府组织对此持批评态度。外交部有何回应？,香港是法治社会，中央政府坚定支持特区依法维护国家安全、惩治危害国家安全的犯罪行为。,郭嘉昆
t20251215_11772954.html,深圳卫视记者,连日来，尽管有关国家领导人同柬埔寨、泰国领导人通话，推动柬泰两国尽快停火，但柬泰边境冲突仍在持续，中方对此有何评论？中方为推动停火作了哪些努力？,作为柬埔寨和泰国的友邻和朋友，中方高度关注当前柬泰边境事态，对冲突造成柬、泰两国民众伤亡深感痛心并表示诚挚慰问。柬埔寨和泰国是搬不走的邻居，“亲仁善邻，国之宝也”。当务之急是停火止战、保护平民。希望双方从维护两国边境和平稳定与两国人民利益出发，保持最大程度克制，采取一切有利于实现停火的措施，尽快实现降温缓局。,郭嘉昆
t20251216_11774310.html,总台央视记者,12月15日，在日本参议院会议上，日本外相茂木敏充就台湾问题表示，日本政府尊重和理解中华人民共和国政府立场，坚持遵循《波茨坦公告》第八条的立场。日本首相高市早苗表示，关于台湾问题，日方的一贯立场是期待通过对话和平解决。请问中方对此有何评论？,我们注意到，日本外相昨天复述了《中日联合声明》中关于台湾问题的部分条款，即“《日中联合声明》第三条记载，日本国政府充分理解和尊重中华人民共和国政府的立场，并坚持遵循《波茨坦公告》第八条的立场”。但我们也注意到，日方没有重申“日本国政府承认中华人民共和国政府是中国的唯一合法政府”“台湾是中华人民共和国领土不可分割的一部分”等《中日联合声明》相关重要内容。我们还注意到，日方在引述《开罗宣言》条款时，仅仅提及中国东北、台湾、澎湖群岛，刻意回避了“日本所窃取于中国之领土”这一重要表述。日方还将《中日联合声明》与所谓“旧金山和约”并列，违背既有承诺和国际法原则，企图翻炒“台湾地位未定论”，干涉中国内政。从近期日方一系列表态看，日方仍在要害问题上挤牙膏、埋钉子，企图混淆视听、蒙混过关，中方对此坚决反对。,郭嘉昆
t20251216_11774310.html,中阿卫视记者,王毅外长此次访问阿联酋、沙特、约旦三国，正值2026年第二届中阿峰会筹备关键阶段。请问此次出访的成果和意义有哪些？对第二届中阿峰会有无更多的筹备信息可以提供？,王毅外长访问阿联酋、沙特、约旦取得圆满成功。此访就落实习近平主席同三国领导人重要共识、推进双边关系和中阿合作达成一系列新共识新成果。,郭嘉昆
t20251216_11774310.html,法新社记者,美国总统特朗普昨天表示，对黎智英被判有罪感觉不好，呼吁释放黎，英国也发出类似呼吁。外交部对此有何回应？,昨天我们已经阐明中方立场。香港是法治社会，中央政府坚定支持特区依法维护国家安全、惩治危害国家安全的犯罪行为。,郭嘉昆
t20251216_11774310.html,《北京日报》记者,据报道，台湾外事部门负责人林佳龙被询及如何在与中国大陆竞争的情况下维系台同洪都拉斯友好时称，“台湾构建的是信任跟繁荣的关系”。中方对此有何评论？,台湾当局打着“信任”“繁荣”幌子，滥施“金元外交”，掩盖不了其不择手段谋“独”的本质，欺骗不了舆论和岛内民众。“台独”势力和民进党当局逆历史潮流而动，注定以失败告终。,郭嘉昆
t20251216_11774310.html,《中国日报》记者,16日上午，日本防卫大臣小泉进次郎在国会答辩中就日本增加军费应询称，“你应该想想该说谁，比如中国，20年间军费增加7倍，最近3年涨幅也明显超过日本。”中方对此有何评论？,日方无端指责、恶意抹黑中国正当国防建设，态度恶劣，令人不齿。在和平与安全问题上，中国是世界上纪录最好的大国。中国国防费的增长合理合法，既是应对安全挑战、维护国家正当利益的需要，也是为了更好履行大国国际责任和义务。日方作为有严重侵略前科的国家，没有任何资格说三道四。,郭嘉昆
t20251216_11774310.html,朝日电视台记者,据了解，一些计划通过公费或交换项目赴日留学的中国学生可能取消或推迟留学计划。中方对此有何评论？,近段时间以来，日本社会治安不靖，针对中国公民的违法犯罪案件多发，治安形势和留学环境不佳，在日中国公民的安全风险上升。我们敦促日方切实保障在日中国留学生的安全和合法权益。,郭嘉昆
t20251217_11775184.html,凤凰卫视记者,据报道，日本国家安保局长市川惠一近日同英法德加等国沟通，就高市早苗涉台言论阐明日方立场并反驳中方说法，称高市首相的国会答辩并未改变日方一贯的对台立场。日本国内有人称，日本是“爱好和平”的国家，中方对日指责“与事实不符”。请问发言人对此有何评论？,日方所作所为再次暴露日本国内一些人惯于颠倒黑白、歪曲真相，有错不改、明知故犯，还妄图在国际上装无辜、骗同情。,郭嘉昆
t20251217_11775184.html,路透社记者,据《华尔街日报》报道，中方在巴拿马运河两个港口的交易谈判中提高要价，推动由中远海运集团获得控股权。发言人能否证实？,我不掌握你说的情况，关于长和出售海外港口资产事，中方已经多次回答了有关提问，你可以查阅。,郭嘉昆
t20251217_11775184.html,日本电视网记者,自日本首相发表涉台言论后，中国外交部约见了东南亚国家及其他国家的驻华大使，对日方提出批评并要求相关国家支持中方立场。发言人能否介绍中方此举目的是什么？,中国外交部同各国驻华使馆保持着正常工作联系。,郭嘉昆
t20251217_11775184.html,中新社记者,据报道，泰国军队在与柬埔寨的冲突中，在柬军阵地上缴获了中国制造的反坦克导弹等装备。中方对此有何回应？,具体情况请你向中方主管部门进行了解。我们要强调的是，中国与泰国、柬埔寨以往都开展了正常防务合作，不针对任何第三方，更与柬泰边境冲突无关。,郭嘉昆
t20251217_11775184.html,俄新社记者,俄罗斯对外情报局报告称，英国、法国和德国准备与中国建立更紧密的关系，以此作为对美国在乌克兰和平协议问题上的讹诈和筹码。外交部有何评论？,中方在乌克兰危机问题上的立场一贯、明确，我们支持一切有利于和平解决危机的努力，希望各方通过对话谈判尽早达成一份公平、持久、有约束力的和平协议。,郭嘉昆
t20251217_11775184.html,俄新社记者,欧盟委员会希望在12月18日至19日举行的欧盟峰会上，促使欧盟各国就使用冻结的俄罗斯资产作出决定。这一决定是否会削弱中国对欧盟投资环境的信心？,中方一贯反对违反国际法、未经联合国安理会授权的单边制裁。各方应为劝和促谈、推动乌克兰危机政治解决营造积极氛围，创造有利条件，而不是相反。,郭嘉昆
t20251218_11775796.html,深圳卫视记者,据报道，消息人士称，为应对中方军事行动，日本防卫省15日签署土地租赁协议，拟在冲绳最东端岛屿部署移动雷达装置，监视中方航母、飞机在冲绳岛和宫古岛间海域活动。相关部署拟于2026年启动，预计将有约30人驻守。中方对此有何评论？,我们注意到相关报道。需要指出的是，在相关海空域各国依据国际法享有航行和飞越自由。,郭嘉昆
t20251218_11775796.html,彭博社记者,美方已启动总价值约110亿美元对台军售，系最大规模军售之一。外交部对此有何评论？,美方公然宣布巨额售台先进武器计划，严重违反一个中国原则和中美三个联合公报，严重损害中国主权、安全和领土完整，严重破坏台海和平稳定，向“台独”分裂势力发出严重错误信号。中方对此坚决反对、强烈谴责。,郭嘉昆
t20251218_11775796.html,日本广播协会记者,美国正在进一步加大对委内瑞拉施压，委方已要求召开联合国安理会紧急会议，当前局势持续紧张，请问中方如何看待和评估当前事态？在这个问题上将发挥什么作用？（路透社亦问及）,中方反对一切单边霸凌行径，支持各国捍卫自身主权和民族尊严。委内瑞拉有权利自主发展同其他国家的互利合作，相信国际社会理解和支持委内瑞拉维护自身正当权益的立场。中方支持委方关于召开联合国安理会紧急会议的要求。,郭嘉昆
t20251219_11776886.html,《环球时报》记者,昨天美方批准大规模对台军售后，有外媒报道称，美方此举是为“助台保持足够防卫能力”，售台武器同台湾面临的“威胁”相适应。中方对此有何评论？,昨天我们已就这个问题阐明中方严正立场。美国大规模对台军售，粗暴干涉中国内政，严重损害中国主权、安全和领土完整，严重破坏台海和平稳定，向“台独”分裂势力和外界发出严重错误信号。中方强烈不满、坚决反对，已第一时间向美方提出严正抗议。,郭嘉昆
t20251219_11776886.html,法新社记者,据报道，TikTok已同投资者签署合资协议，使其能够继续在美运营，避免了因中国所有权面临的禁用风险。中国政府是否批准了该交易？外交部对此有何评论？,具体问题建议向中方主管部门询问。中方在TikTok问题上的立场是一贯、明确的。,郭嘉昆
t20251219_11776886.html,路透社记者,中方已派外交部亚洲事务特使赴柬埔寨、泰国穿梭调停。此前，泰方发现了柬方使用中国产武器，这是否会让中方穿梭外交更加复杂，是否会削弱中方劝促的立场？,关于你提到的具体问题，中方此前已经作出回应。泰方也对外作出了澄清。,郭嘉昆
t20251219_11776886.html,总台央视记者,北京时间12月19日，美国“2026财年国防授权法案”签署成法，其中包含涉华消极内容。中方对此有何评论？,美国“2026财年国防授权法案”渲染“中国威胁”，干涉中国内政，损害中国主权安全发展利益，中方对此强烈不满、坚决反对，已多次向美方提出严正交涉。,郭嘉昆
t20251219_11776886.html,彭博社记者,据日本媒体报道，日首相官邸消息人士表示，日本应该拥有核武器。外交部对此有何评论？,中方十分关注媒体上的相关报道。如消息属实，则事态相当严重，暴露出日方一些人企图突破国际法、拥有核武器的危险图谋，中国和国际社会必须高度警惕、严重关切。,郭嘉昆
t20251219_11776886.html,印度报业托拉斯记者,昨天有报道称，中国开始发放此前被暂停的稀土出口许可。稀土出口是近期印中外交部官员磋商中的重点问题。中方是否正在或已经恢复对印稀土出口？,具体情况建议向主管部门进行询问。我们要强调，中重稀土等物项具有军民两用属性，对其实施出口管制是国际通行做法，体现了中国坚定维护世界和平与地区稳定、积极参与防扩散国际努力的一贯立场。中方依法依规开展稀土相关物项出口管制工作，不针对特定国家。只要是用于民用用途的、合规的出口申请，中国政府都将及时予以批准。中方愿同有关国家和地区加强对话合作，共同维护全球产供链稳定。,郭嘉昆
t20251219_11776886.html,《人民日报》记者,日前，联合国教科文组织世界遗产委员会公布日本提交的首份佐渡金山保存报告，日方报告未提及强征朝鲜半岛劳工历史，并表示“已就此同韩方进行紧密协商”。韩方表示，敦促日方切实履行委员会相关决议、自身承诺及两国政府间共识，表示韩方将继续同日方保持沟通。中方对此有何评论？,强征和奴役中国、朝鲜半岛以及其他亚洲国家劳工，是日本军国主义在对外侵略和殖民统治期间犯下的严重罪行。日方应正视和反省历史，以诚实、负责任的态度妥善处理历史遗留问题，以实际行动取信于亚洲邻国和国际社会。,郭嘉昆
t20251219_11776886.html,印度报业托拉斯记者,据报道，近期孟加拉国多个媒体机构遭到袭击。孟将于明年2月举行大选，选前孟国内局势日益恶化。中方对此有何评论？,中方注意到孟方已宣布将于2026年2月12日举行国民议会选举。中方祝愿孟大选安全、平稳、顺利举行，相信孟加拉国各界能够妥善推进重要政治议程，维护国家团结稳定。,郭嘉昆
t20251219_11776886.html,日本电视网记者,美国一些议员提交决议，对日方表示支持，并批评中方对日方施加经济和军事压力。外交部对此有何回应？,维护二战胜利成果、捍卫战后国际秩序是包括中美在内的国际社会的共同责任，公理道义自在人心。需要指出的是，高市首相的谬论不仅引起中国人民强烈愤慨，日本国内、美国战略界和国际舆论场上也有很多客观理性的反对和批评声音。日方应当做的，是认真倾听和深刻反省，而不是在国际上四处狡辩游说，推责任、拉帮手。我们再次敦促日方认认真真反思纠错，老老实实撤回高市首相错误言论，完整准确地讲明日方在中日四个政治文件中关于台湾问题所作政治承诺，切实履行《开罗宣言》《波茨坦公告》《日本投降书》等具有充分国际法效力的文件规定的战败国义务。,郭嘉昆
t20251219_11776886.html,《北京日报》记者,我们注意到，近期日本政界、学界、民间组织和市民团体对高市早苗首相涉台错误言行，以及日本政府接二连三释放强军扩武的危险信号提出严厉批评，要求日本政府撤回高市首相错误言论。发言人对此有何评论？,我们注意到有关情况。高市早苗首相11月7日涉台错误言论和日方近期“再军事化”的系列动作，引起周边国家警惕和反对，有越来越多的日本政要和民众发声说“不”。有资深议员表示，“历史上，政客煽动外部危机，导致民众群情激奋、失控演变成真正‘存亡危机事态’的例子数不胜数。结果是人民付出巨大牺牲。”近日，有国会议员在国会向高市首相提出质询，呼吁“绝不能把孩子送到战场，绝不能让孩子卷入战争”。日本“继承和发展村山谈话会”理事长藤田高景表示，“高市首相的言论，把日本再次引向先行使用武力的危险道路”，“日本不能允许任何政治力量将国家再次推向战争深渊”。有日本媒体评论认为，高市首相的做法难保不会令日本重走军国主义时期的法西斯道路。,郭嘉昆
t20251222_11780592.html,新华社记者,近日，日本首相官邸一位负责安保政策的高官向媒体宣称，日本应该拥有核武器。此后，日本防卫大臣称推进讨论“无核三原则”时不排除任何选项。上述言论引发日本国内各界人士和俄罗斯等周边国家强烈批评。请问中方对此有何评论？,中方对日本首相官邸高官、首相侧近公然宣称日本应该拥有核武器感到震惊。日本内阁官房长官拒绝就此作出澄清，日本防卫大臣还就是否修改“无核三原则”宣称，“不排除任何选项”。联系到日本媒体此前报道高市首相计划修改“无核三原则”，上述言论是对战后国际秩序和核不扩散体系的公然挑衅，对地区和国际和平稳定的严重威胁，对日本宣称“走和平发展道路”的完全背离，绝非“个人行为”可以搪塞敷衍，国际社会必须对此高度警惕和坚决反对。,林剑
t20251222_11780592.html,今日俄罗斯记者,在第十一次中韩外交部门高级别战略对话后，中方提出了哪些具体外交策略或者框架促进朝韩关系缓和？,关于第十一次中韩外交部门高级别战略对话，我们已经发布了消息。中方在半岛问题上的立场和政策始终保持连续性、稳定性，将继续以自己的方式为维护半岛和平稳定、推动半岛问题政治解决进程发挥建设性作用。,林剑
t20251222_11780592.html,《环球时报》记者,12月21日，美国国土安全部长诺姆证实，美海岸警卫队于当地时间20日凌晨扣押一艘油轮。美白宫副新闻秘书凯利表示该油轮属于委内瑞拉用于运输“被偷窃”石油的“影子船队”。中方对此有何评论？,美方随意扣押他国船只的行径严重违反国际法。中方一贯反对缺乏国际法依据、未经联合国安理会授权的非法单边制裁，反对任何违反《联合国宪章》宗旨和原则、侵犯别国主权安全的行为，反对一切单边霸凌行径。委内瑞拉有权利自主发展同其他国家的互利合作，相信国际社会理解和支持委内瑞拉维护自身正当权益的立场。,林剑
t20251222_11780592.html,总台中国之声记者,据报道，东盟特别外长会今天在马来西亚吉隆坡举行，会议重点讨论当前柬泰边境局势，但目前柬泰未达成停火共识。中方对此有何评论？中方能否介绍外交部亚洲事务特使邓锡军在柬、泰斡旋情况？,柬埔寨和泰国都是东盟重要成员。中方赞赏并支持东盟特别是马来西亚的劝促努力。作为柬泰两国的朋友和近邻，中方真诚希望柬泰双方从维护两国边境和平稳定和两国人民的根本利益出发，尽快停火止战，重建和平。,林剑
t20251222_11780592.html,韩联社记者,韩国与美国决定于明年启动磋商，以落实两国领导人就韩国建造核动力潜艇及铀浓缩等事项达成的共识。对此，有中国军事专家在中国媒体表示，这一动向会破坏防扩散体系。中方如何看待这一问题？,关于美韩核潜艇合作，中方已经就有关问题多次表明立场，希望韩方审慎处理。,林剑
t20251222_11780592.html,彭博社记者,日本自民党一位高官今天对台湾进行为期三天的访问，预计将会见台“总统”赖清德。外交部对此有何评论？,台湾是中国的一个省，不存在什么“总统”。我要指出的是，日本有关议员窜访中国台湾地区，背弃中日四个政治文件精神和日方自身承诺，违背一个中国原则，中方坚决反对并已向日方提出严正交涉。,林剑
t20251223_11781789.html,路透社记者,本社22日引用美国防部内部报告称，中国可能在其最新的三个发射井部署了逾100枚洲际弹道导弹，且中方无意进行军控磋商。外交部对此有何评论？,我不了解你提到的所谓美国内部报告。美方类似炒作是其一贯伎俩，旨在为自身加速核力量现代化、破坏全球战略稳定的行径寻找借口，国际社会应对此有清醒认识。美国作为拥有最大核武库的超级核大国，当务之急是切实履行核裁军特殊、优先责任，进一步大幅、实质性削减核武库，为其他核武器国家加入核裁军进程创造条件。,林剑
t20251223_11781789.html,法新社记者,中国驻柬埔寨大使馆昨天称，柬埔寨马德望省有一中国公民受柬泰边境冲突炮火波及，受轻伤。外交部能否提供受伤中国公民的最新情况？,据了解，12月22日，1名中国公民在柬泰边境冲突中轻微擦伤。中国驻柬埔寨使馆已和当事人取得联系，将在职责范围内提供领事保护与协助。,林剑
t20251223_11781789.html,路透社记者,美联邦通信委员会昨天称，将中国大疆公司列入“对美国家安全构成不可接受风险”的管制清单，禁止批准其新型无人机对美出口或在美销售。外交部对此有何评论？,中方坚决反对美方泛化国家安全概念，划设歧视性清单无理打压中国企业。美方应纠正错误做法，为中国企业经营提供公平、公正、非歧视的环境。,林剑
t20251223_11781789.html,乌通社记者,目前各方正就达成乌克兰和平计划进行积极谈判。中方是否参与和谈进程？在其中发挥何种作用？第二个问题，乌总统泽连斯基称，乌方将很快针对为俄侵略行为提供便利的俄实体和个人进行新一轮制裁，受制裁对象还包括中国等其他国家公民。外交部对此有何评论？,乌克兰危机爆发以来，中方一直同包括俄、乌在内的有关各方保持密切沟通，始终致力于停火止战、劝和促谈，所作努力国际社会有目共睹。中方支持一切有利于和平的努力，将继续为此发挥建设性作用。,林剑
t20251223_11781789.html,深圳卫视记者,日前海南自贸港正式启动全岛封关。国际评论认为，封关运作是中国制度型开放最新例证，意味着在全球市场和中国巨大内需之间架起了一座桥梁。海南自贸港落地可以为其他国家提供新机遇，对亚太乃至更多地区都具有吸引力。发言人对此有何评论？,从1988年海南经济特区成立，到前不久海南自贸港全岛封关运作，海南在中国改革开放史上留下深刻印记。中共二十届四中全会将“高标准建设海南自贸港”写入“十五五”规划建议，相信海南自贸港将成为中国高水平对外开放的重要门户。,林剑
t20251223_11781789.html,路透社记者,据韩媒今天报道，韩国流行音乐机构将于2026年初在香港举办一场演唱会，该活动将在湖南卫视播出。中方能否证实上述报道？在中断近十年后，中方是否计划恢复向内地引入韩国流行音乐演唱会及相关内容？,我不了解你所说的情况。,林剑
t20251224_11785912.html,总台央视记者,据报道，日本首相官邸高官发表拥核言论已引发日本国内外震动。日本前政要、朝野政党、各地方和民间组织纷纷提出批评，很多周边国家也表示强烈反对。有日本前政要表示，拥核“对日本绝无益处”；还有日本国会议员说，任命这种人担任首相官邸负责安保政策的高官本身就存在问题。很多媒体评论认为有关言论“不可接受”。就在昨天，高市早苗首相再次提及推进修改安保相关三份文件的讨论，以提升持续作战能力。请问中方对此有何评论？,我们注意到有关报道，也注意到日本各地方和民间组织也纷纷发表抗议声明和请愿书。,林剑
t20251224_11785912.html,法新社记者,美国贸易代表调查发现，中国采取不公平措施主导半导体行业。美方拟自2027年起对中国半导体产品征收关税。外交部对此有何评论？,中方坚决反对美方滥施关税，无理打压中国产业。美方做法扰乱全球产供链稳定，阻碍各国半导体产业发展，损人害己。我们敦促美方尽快纠正错误做法，以两国元首达成的重要共识为引领，在平等、尊重、互惠基础上，通过对话解决各自关切，妥善管控分歧，维护中美关系稳定、健康、可持续发展。如果美方一意孤行，中方必将坚决采取相应措施，维护自身正当权益。,林剑
t20251224_11785912.html,中新社记者,据日媒报道，23日，位于日本福井县敦贺市正在进行退役作业的“普贤”核反应堆发生含放射性物质的水泄漏事件。日本原子能规制委员会称，此次泄漏的水中放射性物质的浓度被认为“较高”，可能有数人遭到辐射。中方对此有何评论？,此次事件再次暴露出日本的核设施运行状况、运营维护能力、核安全监管等方面存在严重漏洞。,林剑
t20251224_11785912.html,《中国日报》记者,据报道，中国于近日向联合国秘书长交存了《海洋生物多样性协定》批准书。请问能否介绍相关背景和考虑？,《海洋生物多样性协定》是联合国框架下的重要国际条约，由190多国历经19年谈判以协商一致方式获得通过，是国际海洋法的里程碑。《协定》旨在通过保护海洋生态促进海洋可持续发展，引导各国深海远洋活动实现绿色转型，助力落实联合国2030年可持续发展议程，对推进全球海洋治理、维护国际海洋秩序具有重要意义。,林剑
t20251225_11786942.html,法新社记者,纳斯里·阿斯富拉赢得洪都拉斯总统选举。阿曾在竞选期间承诺与台湾重建“外交关系”。中方对其胜选及上述承诺有何评论？,总统选举是洪都拉斯内部事务，中方尊重洪都拉斯人民的选择。中方愿同洪方一道，在一个中国原则基础上，共同推动中洪关系不断向前发展。,林剑
t20251225_11786942.html,巴通社记者,近日，第九届中巴经济走廊媒体论坛以“线上＋线下”方式举行，两国政府官员、媒体人士出席。外交部对此有何评论？,12月24日，第九届中巴经济走廊媒体论坛在巴基斯坦成功举办。此次论坛由中国驻巴基斯坦使馆主办，中国经济网和巴中学会承办，中巴两国政府官员、媒体、智库等代表出席。与会代表一致高度评价中巴经济走廊建设成就，表示两国媒体应加强交流合作，积极传播两国友谊。,林剑
t20251225_11786942.html,印尼安塔拉通讯社记者,印度尼西亚已被联合国人权理事会亚太组提名为下届理事会主席。中方作为理事会成员对此有何评论？,中方祝贺印尼获联合国人权理事会亚太组提名，并将担任2026年人权理事会主席。中方支持印尼作为新任理事会主席履职，愿同各方加强对话合作，践行真正的多边主义，共同推动国际人权事业健康发展。,林剑
t20251225_11786942.html,《北京青年报》记者,美国《科学》杂志日前公布评选出的2025年度十大科学突破，“全球可再生能源增长势不可当”位居榜首，这一突破主要由中国引领。中国在太阳能电池板、风力涡轮机以及锂电池储能等领域占据主导地位。发言人有何评论？,我们注意到有关报道。这再次表明中国为全球绿色能源转型作出的贡献有目共睹。,林剑
t20251225_11786942.html,今日俄罗斯记者,中印关系最新进展曾引发美国国会的紧张反应。如今美国防部最新报告又称，中国可能试图利用中印边境局势缓和，来阻止美印关系深化。中方认为美方此类指控有何目的？,美方这份报告歪曲中国国防政策，挑拨中国同其他国家关系，为维持自身军事霸权寻找借口，中方对此坚决反对。,林剑
t20251226_11787943.html,今日俄罗斯记者,日本政府今天批准了2026财年预算案，其中防卫预算超过9万亿日元，再创新高。请问中方对此有何评论？,我们注意到有关报道。近期国际社会对日本军事安全动向批评声音不断，日方不但没有反省收敛，反而计划再次大幅增加防卫预算，更加暴露出日本右翼势力推动日本“再军事化”、企图让军国主义死灰复燃的险恶用心。,林剑
t20251226_11787943.html,今日俄罗斯记者,当地时间12月25日，俄罗斯外交部发言人扎哈罗娃在记者会上回应了日本领导人可能参拜靖国神社事，并建议日本修建一座军国主义受害者纪念堂，以忏悔自身犯下的罪行。在俄中两国共同反对篡改历史、歪曲历史真相的背景下，中方对此有何评论？,我们赞赏俄方的有关表态。靖国神社是日本军国主义发动对外侵略战争的精神工具和象征，供奉有对侵略战争负有严重罪责的14名甲级战犯。今年是中国人民抗日战争暨世界反法西斯战争胜利80周年。日方应正视和反省侵略历史，以实际行动体现对军国主义罪行的忏悔和对受害者的尊重，不要错上加错。中方愿同包括俄罗斯在内的国际社会一道，坚定捍卫二战胜利成果和战后国际秩序，严防日本军国主义死灰复燃，共同维护世界和平稳定。,林剑
t20251226_11787943.html,《人民日报》记者,据报道，日本内阁日前通过新版《网络安全战略》，授权警察和自卫队在遭受网络攻击时主动采取反击措施。此前，日本还于今年5月通过了所谓“主动网络防御法案”，明确日本政府可提前入侵或摧毁所谓“攻击者”网络设备。中方对此有何评论？,日本内阁明确授权所谓“网络主动反击”举措，这是日本从网络防御转向网络进攻的重大政策转向，也是日本作为二战战败国企图突破战后国际秩序的又一例证。中方对此表示严重关切。,林剑
t20251226_11787943.html,澎湃新闻记者,近日，摩根士丹利发布《机器人年鉴》指出，中国在制造人形机器人领域优势突出，过去5年相关专利量位列世界第一，并为全球供应链带来巨大成本优势。发言人对此有何评论？,2025年，“中国创新”成为全球热词。中国创新指数排名首次跻身世界前十，拥有的全球百强创新集群数量连续三年位居各国之首。从人工智能大模型横空出世，到人工智能与机器人深度融合，中国的科技创新成果惊艳世界。,林剑
t20251229_11789718.html,总台央视记者,今天上午，东部战区在台湾岛附近开展军事演习。有消息称，此次军演是针对美国近期出台的111亿美元大规模对台军售。请问发言人对此有何评论？,东部战区新闻发言人已就有关军事演习发布消息。中国人民解放军开展有关军事演习，是对“台独”分裂势力“以武谋独”的严厉惩戒，是捍卫国家主权和领土完整的必要行动。,林剑
t20251229_11789718.html,中新社记者,12月26日，以色列总理内塔尼亚胡宣布以方“正式承认”索马里兰为“独立主权国家”。以色列外长萨尔宣布，以方与索马里兰签署相互“承认”和建立完全“外交关系”的协定。请问中方对此有何评论？,中方对此举表示严重关切、坚决反对。中方注意到索马里联邦政府第一时间发表声明对此举予以坚决拒绝；非盟、阿盟、海合会、伊斯兰合作组织、伊加特等地区组织和广大地区国家也表示强烈不满与谴责。,林剑
t20251229_11789718.html,塔斯社记者,中国即将主办亚太经合组织领导人非正式会议。发言人能否介绍中方优先事项和愿景？,感谢你对这个问题的关注。中国担任2026年亚太经合组织（APEC）东道主，将于明年11月在深圳举办APEC第三十三次领导人非正式会议。在不久前韩国庆州APEC领导人非正式会议上，习近平主席指出，中方愿以担任东道主为契机，同各方携手构建亚太共同体，着力推进亚太自由贸易区、互联互通、数字经济、人工智能等务实合作，为亚太发展注入更大活力和动力，更多造福亚太人民。习近平主席重要讲话为主办2026年APEC会议和APEC合作指明了方向，提供了根本遵循。,林剑
t20251229_11789718.html,《环球时报》记者,今天，本报发布了2025年中国国际形象全球调查报告。调查面向46个国家开展，聚焦国外民众对中国的印象、认知与评价。调查结果显示，习近平新时代中国特色社会主义思想获得国际社会高度认同，国际社会对华好感持续提升，期待中国发挥更大作用。发言人对此有何评论？,当前，中国发展与世界的联动性不断增强，中国的国际形象备受关注。我们注意到，这份调查显示，习近平新时代中国特色社会主义思想获国际社会高度认同，“构建人类命运共同体”、“绿水青山就是金山银山”、“以人民为中心”、“全面深化改革”、“全面从严治党”等重要理念深入人心；深入贯彻中央八项规定精神、编制并实施五年规划等执政理念与经验广获国际好评；国际民意普遍看好中国经济增长，对中国文化、技术兴趣高，期待中国参与国际事务、改革完善全球治理，也希望本国与中国关系更加友好。,林剑
t20251229_11789718.html,路透社记者,中方在台湾岛附近开展演习的导火索是否是美国对台111亿美元军售？东部战区提到的“外部干涉势力”是指美国吗？（日本广播协会记者亦问及）,我要再次强调，中方捍卫国家主权、安全和领土完整的意志坚定不移。任何在台湾问题上越线挑衅的恶劣行径都必将遭到中方的坚决回击。,林剑
t20251229_11789718.html,乌通社记者,乌克兰总统泽连斯基和美国总统特朗普在美国就停止俄乌冲突举行了一次“建设性会议”。外交部对会议成果有何评论？泽连斯基在访美前称，很遗憾目前没有看到中方加入和平进程的意愿，相反中方增加了自俄罗斯的能源进口，而俄方将能源出口所获资金投入战争。外交部对此有何回应？,关于第一个问题，我们注意到有关报道。中方支持一切有利于和平解决乌克兰危机的努力，希望各方通过对话谈判尽早达成一份公平、持久、有约束力的和平协议。,林剑
t20251229_11789718.html,俄新社记者,俄罗斯外长拉夫罗夫此前表示，俄方反对任何形式的“台独”，若台海局势升级，俄方将支持中方维护国家统一和领土完整。中方对此有何评论？,中方高度赞赏俄方在台湾问题上一贯支持中方的坚定立场。台湾问题是中国内政。一个中国原则是国际社会普遍共识和国际关系基本准则。中方捍卫国家主权和领土完整的意志坚定不移。,林剑
t20251229_11789718.html,俄新社记者,中国外交部长王毅昨天表示，中方愿为东盟观察团监督柬泰停火提供协助。发言人能否介绍，该协助是否包括向两国边境地区派遣中国维和人员？,柬泰边境冲突爆发以来，中方秉持习近平主席提出的全球安全倡议精神，积极调停斡旋。在各方共同努力下，柬泰军方日前达成停火协议，中方对此感到欣慰。,林剑
t20251229_11789718.html,总台CGTN记者,据报道，缅甸全国大选首日投票于12月28日结束。中方对此有何评价？,缅甸政府12月28日举行全国大选第一阶段投票，中国观察团同有关国家和国际组织代表现场共同观摩，投票过程总体平稳有序，大选顺利启动。希望接下来的第二、三阶段投票也能顺利举行，助力缅甸局势回稳降温、政局重回正轨，实现更广泛、更稳定的和平和解，早日恢复国家稳定和发展。,林剑
t20251229_11789718.html,路透社记者,如果说是中方促成了柬泰停火协议，这种说法是否准确公平？中方在此次冲突后所作的斡旋努力与以往有何不同？,这次柬泰边境冲突爆发后，中方一直积极调停斡旋。我们将始终做柬泰关系发展的促进者，愿意提供一切必要协助和支持，期待并相信柬泰关系早日重回正轨。,林剑
t20251229_11789718.html,法新社记者,纪念中方对巴拿马运河贡献的纪念碑于周末被地方政府下令拆除，地方政府称纪念碑因结构损坏构成风险。该决定遭到巴拿马其他领导人和中国驻巴大使的批评。外交部对此有无进一步评论？,中方对巴拿马有关地方政府强拆行径严重不满，已向巴方提出严正交涉。中巴两国人民的友好交往源远流长。19世纪，大量中国劳工赴巴拿马，为巴两洋铁路的修建和巴拿马运河的开凿作出重要贡献，甚至付出了生命代价。有关纪念碑是对中国劳工对巴拿马重大历史贡献和中巴传统友谊的见证和纪念，是对华人积极融入当地社会的认可。强拆行径性质十分恶劣，严重伤害了广大旅巴侨胞感情，有违中巴友好大局。中方注意到该行径已在巴引起公愤，穆利诺总统已公开谴责这一行径，巴拿马总统府已下令立即在原址重修纪念碑。中方要求巴方彻查此事，尽快纠正有关地方政府错误行径，及时消除恶劣影响。,林剑
t20251230_11790696.html,总台央视记者,中方发布了韩国总统李在明将来华进行国事访问的消息。中方对此访有何期待？,应国家主席习近平邀请，韩国总统李在明将于2026年1月4日至7日对中国进行国事访问。此访是李在明总统就任后首次访华。中韩互为重要近邻和合作伙伴，期待在两国元首战略引领下，此访为推动中韩战略合作伙伴关系进一步向前发展发挥积极作用。,林剑
t20251230_11790696.html,新华社记者,昨天，中柬泰外长在云南成功举行三方会晤，会后发表新闻公报。中方对此次会晤作何评价？下一步将采取什么措施推动落实会晤共识？,关于中柬泰外长三方会晤的情况，昨天我们已经发布了消息。,林剑
t20251230_11790696.html,《金融时报》记者,美国科技公司Meta表示将收购在中国成立的人工智能初创公司Manus。中方对此持何立场？,建议向中方主管部门询问。,林剑
t20251230_11790696.html,法新社记者,中国人民解放军正在台湾岛附近开展实弹演习。昨天你提到这是对外部势力行为的回应。美国总统特朗普称并不担忧中方此次军演，中方已在该区域演习了几十年。外交部对此有何回应？,台湾是中国领土不可分割的一部分。中国人民解放军开展有关军事演习，是对“台独”分裂势力“以武谋独”的严厉惩戒，是捍卫国家主权和领土完整的必要行动。,林剑
t20251230_11790696.html,俄新社记者,俄罗斯外长拉夫罗夫昨天表示，乌克兰动用90多架无人机对位于诺夫哥罗德地区的俄总统官邸发动了袭击。他还表示，尽管发生了此次袭击，俄无意退出与美国的谈判进程。中方对此有何评论？,对话谈判是解决乌克兰危机的唯一可行出路。我们呼吁有关各方遵守“战场不外溢、战事不升级、各方不拱火”三原则，推动局势降温，为政治解决危机积累条件。,林剑
t20251230_11790696.html,《北京青年报》记者,据报道，孟加拉国前总理、民族主义党主席卡莉达·齐亚今天逝世。中方对此有何评论？,中方对卡莉达·齐亚女士不幸辞世表示深切哀悼，向孟加拉国临时政府以及卡莉达·齐亚女士的家属表示诚挚慰问。,林剑
t20251230_11790696.html,日本东京电视台记者,日本共产党前议长不破哲三先生去世。中方对此有何评论？,我们对日本共产党前领导人不破哲三的逝世表示哀悼，向他的家人表示慰问。,林剑
t20251231_11796240.html,中新社记者,中方近日在涉台问题上采取反制和惩戒措施，中国人民解放军在台湾岛附近开展军事演习后，俄罗斯、古巴、塞尔维亚、委内瑞拉、津巴布韦、巴基斯坦等多国表示支持。中方对此有何评论？,自中方宣布相关反制措施和开展有关军事演习以来，数十个国家以各种形式表达了对中方立场的支持，指出台湾是中国领土不可分割的一部分，台湾问题是中国内政，反对任何形式“台独”，支持中国捍卫国家主权和领土完整，反对外部势力干涉中国内政，将继续恪守一个中国原则。我们对各国对中方的坚定支持表示高度赞赏。,林剑
t20251231_11796240.html,总台央视记者,据报道，日本、澳大利亚、欧盟机构及一些欧洲国家就中方在台湾岛附近开展军事演习公开表达关切。发言人对此有何回应？,这几个国家和机构对“台独”分裂势力“以武谋独”装聋作哑，对外部势力干涉中国内政视而不见，却对中方捍卫国家主权和领土完整的必要正义行动说三道四，颠倒黑白，混淆是非，十分虚伪，中方对此坚决反对并已提出严正交涉。,林剑
t20251231_11796240.html,彭博社记者,一个日本企业高管代表团推迟了原定于1月底访问中国的计划，原因是难以安排同中方官员会面。外交部对此有何评论？,我们注意到有关报道，也注意到日本国内有很多有识之士对高市早苗首相错误涉台言论引发的恶劣影响和严重后果深感忧虑。我们敦促日本执政者拿出实际行动，正视中日关系当前局面的根源，反思纠错，撤回高市错误言论，为中日正常交流创造必要条件。,林剑
t20251231_11796240.html,深圳卫视记者,发言人刚刚发布了巴基斯坦副总理兼外长达尔即将访华的消息。请问中方对此访有何期待？,中国和巴基斯坦是铁杆朋友和全天候战略合作伙伴。近年来，两国高层交往密切，政治互信牢固，务实合作深化拓展，双边关系保持高水平良好发展势头。,林剑
t20251231_11796240.html,东京电视台记者,日本参议员石平今天在社交媒体上称计划明年初访问台湾，并称本人被中国禁止入境，如果能够进入台湾，将证明台湾是与中国无关的“独立国家”。中方对此有何评论？,这种败类的丑恶言行，不值一评。,林剑
t20251231_11796240.html,中阿卫视记者,近期也门局势持续紧张，昨天也门总统领导委员会主席宣布全国进入紧急状态。中方对也门局势升级有何评论？,中方此前就近期也门南方局势表明了立场。中方关注也门南方局势，呼吁维护也门主权、统一和领土完整，希望各方以也门人民利益为重，响应地区国家和国际社会的促和努力，根据联合国安理会有关决议及海合会倡议，通过政治对话化解分歧争端，找到兼顾各方合理关切的解决方案，为早日恢复也门和平安宁创造条件。中方将继续以自己的方式劝和促谈，为推动也门问题早日实现政治解决发挥建设性作用。,林剑
t20251231_11796240.html,总台中国之声记者,孟加拉国将于2026年2月12日举行国民议会选举，孟加拉国国内正全力筹备大选。请问中方如何看待本次大选？,孟加拉国大选是孟内部事务。中方一贯坚持不干涉内政原则。我们相信孟加拉国临时政府和人民有能力处理好本国事务，走好符合本国国情的发展道路，希望孟方顺利举行大选，有序推进国家政治议程。,林剑
t20251231_11796240.html,彭博社记者,昨天发言人提到韩国总统李在明将访华，能否介绍此访更多细节？访问是仅聚焦中韩双边议题，还是会谈及地区议题，包括朝鲜、对日关系等？,关于此访相关情况，我们会适时发布消息，请你保持关注。,林剑
t20260105_11806730.html,深圳卫视记者,2025年12月30日，沙特外交部发表声明，就也门南方局势表达关切。同日，阿联酋外交部发表声明作出回应，表示尊重沙特主权、安全，将同沙特进行全面协调，尊重也门主权，呼吁防止局势升级。其他海合会国家表示相信沙、阿两国能够本着团结协作、互谅互让精神化解分歧。近日，也门总统领导委员会宣布将在利雅得举行也门南方各派对话会，包括“南方过渡委员会”在内的南方各派不持异议，沙特等地区国家表示欢迎和支持。中方对此有何评论？,中方注意到沙特外交部发表的声明以及阿联酋方面作出的回应，赞赏沙阿双方均强调尊重彼此主权和安全。国际社会普遍承认也门合法政府。中方一贯支持维护也门主权、统一和领土完整，欢迎在利雅得举行也门南方各派对话会，呼吁各方保持冷静克制，坚持通过政治对话化解分歧争端，为早日恢复也门和平安宁创造条件。,林剑
t20260105_11806730.html,美国全国广播公司记者,中方呼吁美方立即释放马杜罗总统和夫人。如果美方不予释放，将有何后果？美方采取行动前，中方团组同马杜罗总统举行了会见。该团组是否仍在加拉加斯？（巴西《环球报》、彭博社记者亦问及）,关于你提到的第一个问题，中方已就美方强行控制委内瑞拉总统马杜罗夫妇表明立场。中方对美方强行控制马杜罗总统夫妇并移送出境表示严重关切，美方行径明显违反国际法和国际关系基本准则，违反《联合国宪章》宗旨和原则。中方呼吁美方确保马杜罗总统夫妇人身安全，立即释放马杜罗总统和夫人，停止颠覆委内瑞拉政权，通过对话谈判解决问题。,林剑
t20260105_11806730.html,湖北广电记者,自2025年12月27日柬泰签署停火联合声明以来，柬泰边境地区未再发生交火，泰方于12月31日向柬方移交18名被扣士兵，现地形势总体降温。中方对此有何评论？,作为柬泰两国的友好近邻，中方注意到柬泰停火共识得到逐步落实，柬18名士兵安全返回柬埔寨，对此感到欣慰。希望柬泰双方继续向前看、向前走，加强对话沟通，共同确保全面持久停火，逐步重建信任、改善关系。这符合柬泰两国人民的根本和长远利益，也符合国际社会的共同期待。,林剑
t20260105_11806730.html,西班牙《阿贝赛报》记者,罗德里格斯成为委内瑞拉临时领导人后，中国政府是否同其进行了接触？特朗普总统表示美方将提高委内瑞拉石油产量。中方是否将继续正常进口委内瑞拉石油？（巴西《圣保罗页报》记者亦问及）,关于第一个问题，中方尊重委内瑞拉主权独立，相信委内瑞拉政府将按照本国宪法和法律妥善处理内部事务。,林剑
t20260105_11806730.html,中阿卫视记者,美国总统特朗普明确表示，委内瑞拉政权更迭与石油财富是主要目标，计划让美国大型石油公司介入开发。请问中方对此有何评论？,美国悍然对委内瑞拉使用武力，这一行径严重违反国际法和国际关系基本准则，侵犯委内瑞拉主权，威胁拉美和加勒比地区和平与安全，中方已对此表示谴责。各方应尊重委内瑞拉自主选择发展道路的权利，推动委内瑞拉国家局势保持稳定，当地秩序重回正轨。,林剑
t20260105_11806730.html,东京电视台记者,委内瑞拉采购了大量中国武器，但这些装备似乎并未在美方袭击中发挥作用。发言人对此有何评论？,中方坚定支持拉美和加勒比和平区地位，反对在国际关系中使用或威胁使用武力，反对违反《联合国宪章》、侵犯别国主权的霸凌行径。,林剑
t20260105_11806730.html,韩联社记者,韩中元首会谈即将举行。中方对本次会谈有何期待？能否介绍会谈议题？朝鲜于李在明总统启程访华当天发射了弹道导弹。此举违反了联合国安理会决议。中方对此有何立场？,中韩互为近邻和合作伙伴，期待在两国元首战略引领下，此次访问为推动中韩战略合作伙伴关系进一步向前发展发挥积极作用。关于访问相关情况，我们会适时发布消息，请你保持关注。,林剑
t20260105_11806730.html,中阿卫视记者,美国总统特朗普4日接受美国《大西洋》月刊记者电话采访时说，委内瑞拉可能不会是美国干预的最后一个国家，并称“我们绝对需要格陵兰岛”，请问中方对此有何评论？,中方一贯主张按照《联合国宪章》宗旨和原则处理国与国之间关系。,林剑
t20260105_11806730.html,彭博社记者,台湾官员认为特朗普抓捕委内瑞拉总统马杜罗是对中方的有力威慑，称此事显示美方有能力击败装备中国制武器的军队，认为美方此次行动向美国的“对手”释放了信号。外交部对此有何评论？,台湾是中国领土不可分割的一部分。台湾问题纯属中国内政，如何解决台湾问题是中国人自己的事，任何外部势力无权干涉。民进党当局妄图“倚外谋独”、“以武拒统”，令人不齿，注定失败。,林剑
t20260105_11806730.html,巴西《圣保罗页报》记者,外交部昨天发布答记者问表示，中方呼吁美方确保马杜罗总统夫妇人身安全，立即释放马杜罗总统和夫人。中美是否或将就此事进行沟通？,中方已就美国强行控制委内瑞拉总统马杜罗夫妇表明了立场。,林剑
t20260105_11806730.html,埃菲社记者,中方是否认为海外强行抓捕一国元首造成了先例，将影响国际稳定和主权争端解决方式？面对这种情况，中方计划发挥什么作用？,我愿再次重申，中方对美方悍然对一个主权国家使用武力并强行控制一国总统深表震惊，予以强烈谴责。美方的这种霸权行径，严重违反国际法，侵犯委内瑞拉主权，威胁拉美和加勒比地区和平与安全，中方坚决反对。我们敦促美方遵守国际法及《联合国宪章》宗旨和原则，停止侵犯别国的主权安全。,林剑
t20260105_11806730.html,委内瑞拉南方电视台记者,美方对委内瑞拉民用和军事目标进行袭击、入侵和轰炸，并绑架马杜罗总统和夫人。中方已正式谴责美方行动并呼吁立即释放马杜罗总统。联合国安理会会议召开在即，中方是否计划就美方违反国际法、侵犯委内瑞拉主权的行为提出具体建议？针对马杜罗遭绑架一事，中方有何具体举措？（日本广播协会、阿纳多卢通讯社记者亦问及）,中方已就此表明立场。我们对美方强行控制马杜罗总统夫妇并移送出境表示严重关切，美方行径明显违反国际法和国际关系基本准则，违反《联合国宪章》宗旨和原则。中方呼吁美方确保马杜罗总统夫妇人身安全，立即释放马杜罗总统和夫人，停止颠覆委内瑞拉政权，通过对话谈判解决问题。中方支持联合国安理会就美国对委内瑞拉发动军事打击召开紧急会议，支持安理会根据自身职责发挥应有作用。中方愿同国际社会一道，坚定捍卫《联合国宪章》，坚守国际道义底线，维护国际公平正义。,林剑
t20260105_11806730.html,彭博社记者,特朗普针对委内瑞拉采取的行动可以说是“门罗主义”的现实例证。在“门罗主义”下，美方视西半球为其“势力范围”。中方对“势力范围”的概念有何看法？近期委内瑞拉局势会否影响中方对拉美地区的经济、军事、外交承诺？中方是否会调整对拉美政策？,无论国际风云如何变幻，中国始终做拉美和加勒比国家的好朋友、好伙伴。中国对拉政策保持连续性和稳定性，坚持不干涉内政原则，尊重拉美人民选择，不以意识形态划线。中方同拉美国家的交往合作始终秉持平等相待、互利共赢的原则，从不寻求势力范围，也不针对任何一方。中方愿同拉美和加勒比建交国不断深化战略互信，在涉及国家主权、安全、领土完整等核心利益和重大关切问题上继续相互理解支持，继续支持彼此走符合本国国情的发展道路，反对霸权主义和强权政治。,林剑
t20260105_11806730.html,阿纳多卢通讯社记者,美国总统在对委内瑞拉采取军事行动后，威胁将对哥伦比亚、古巴采取行动。这是否将引发美国对拉美和加勒比地区一系列干涉行动？中方将如何应对自身利益遭到挑战？,中方坚定支持拉美和加勒比和平区地位，反对任何违反《联合国宪章》宗旨和原则、侵犯别国主权安全的行为，反对在国际关系中使用或威胁使用武力，反对外部势力以任何借口干涉拉美国家内政。中拉是平等互利、共同发展的好朋友、好伙伴，开放包容、合作共赢是中拉合作的鲜明特点。拉美和加勒比有权自主选择发展道路和合作伙伴。中方愿同拉方一道，继续以团结协作应对国际风云变幻，以互利合作共谋发展繁荣，造福双方人民。,林剑
t20260105_11806730.html,法新社记者,特朗普表示美国需要格陵兰岛，原因之一是格陵兰岛被中国船只“包围”。发言人对此有何回应？,我们敦促美方停止把所谓“中国威胁”作为捞取自身私利的借口。,林剑
t20260105_11806730.html,朝日电视台记者,美国强行带走委内瑞拉总统震惊世界，此事会影响今年4月美国总统访华吗？,关于你提到的问题，我目前没有可以提供的信息。,林剑
t20260106_11807212.html,总台央视记者,据报道，日本首相高市早苗在新年记者会上表示，基于法治的自由开放国际秩序面临的挑战增多。在“印太”地区，中国与朝鲜持续扩充军力、中俄及俄朝加强合作。为妥善应对安全保障环境的急剧变化，全力守护日本的独立、和平以及国民的生命与生活，将以年内修订“安保三文件”为目标，推进相关讨论。请问中方对此有何评论？,根据日本媒体披露，此次日方修订“安保三文件”的重点内容包括增加防卫费、修改“无核三原则”、取消武器出口限制和大力发展进攻性军事力量等。这反映出日本加速推进“再军事化”的危险动向，势必损害地区和平稳定，国际社会必须高度警惕。,毛宁
t20260106_11807212.html,委内瑞拉南方电视台记者,在联合国安理会紧急会议上，绝大多数国家表示谴责美方军事行动，支持委内瑞拉主权。中国政府计划如何同其他会员国及国际社会一道维护委内瑞拉主权安全？另外，考虑到古巴、哥伦比亚、墨西哥等地区国家亦可能遭到施压或干预，中方认为哪些措施能有效防止美国充当“国际警察”？,昨天，联合国安理会就美国对委内瑞拉发动军事打击召开紧急会议。中方代表发言强调，军事手段不是解决问题的出路，滥用武力只会导致更大的危机。中方坚定支持委内瑞拉政府和人民维护主权安全和正当权益，坚定支持地区国家维护拉美和加勒比和平区地位，愿同地区国家和国际社会一道，共同维护拉美和加勒比地区的和平与稳定。,毛宁
t20260106_11807212.html,法新社记者,日本议员石平目前正在台湾。他称此次访台表明台湾是一个“独立国家”。外交部对此有何回应？,宵小狂言，不值一评。,毛宁
t20260106_11807212.html,乌通社记者,委内瑞拉事件发生后，中国外交部谴责美方行径，呼吁尊重各国主权。中国领导人指出，各国都应尊重他国人民自主选择的发展道路。与此同时，俄乌冲突已延宕近四年，造成大量平民死亡，乌克兰领土被占。中方认为委内瑞拉和乌克兰局势有何不同？中方呼吁尊重各国主权是否也适用于乌克兰？,对于乌克兰危机，中方立场非常明确。习近平主席提出的“四个应该”是根本遵循，即各国主权、领土完整都应该得到尊重，《联合国宪章》宗旨和原则都应该得到遵守，各国合理安全关切都应该得到重视，一切有利于和平解决危机的努力都应该得到支持。从危机爆发第一天起，中方就坚持劝和促谈，推动危机政治解决。中国的客观公正立场和所作努力是有目共睹的。,毛宁
t20260106_11807212.html,路透社记者,中方是否承认罗德里格斯领导的委内瑞拉政府？分析人士称，如果俄罗斯对邻国领导人采取相同行动，美国及盟友必会施加制裁。中国作为安理会常任理事国、“一带一路”倡议和全球安全倡议发起者，会否呼吁对美实施制裁？,关于第一个问题，中方尊重委内瑞拉主权独立，尊重委内瑞拉政府按照本国宪法和法律作出的安排。,毛宁
t20260106_11807212.html,彭博社记者,本周一，马杜罗否认美方的“毒品恐怖主义”指控，表示自己无罪。马杜罗通过译员表示，“我是无辜的。我没有犯罪。我是正直的人。我仍是委内瑞拉总统”。马杜罗还表示自己“在家中被绑架”。外交部对此有何评论？,美方无视委内瑞拉总统马杜罗的国家元首身份，公然在国内法院起诉并进行所谓“审判”，严重侵犯委内瑞拉的国家主权，严重破坏国际关系的稳定。任何国家都不能将本国规则凌驾于国际法之上。中方呼吁美方立即释放马杜罗总统和夫人，并确保他们的人身安全。,毛宁
t20260106_11807212.html,法新社记者,韩国总统李在明昨天表示，希望开启韩中关系“新阶段”。中方对此有何评论？认为未来中韩关系将有何转变？,李在明总统正在中国进行国事访问，昨天习近平主席同他举行了会谈，今天上午李强总理会见了他。有关情况已发布了消息，你可以查阅。,毛宁
t20260106_11807212.html,路透社记者,中方未来是否欢迎更多韩国文化产品输华？将采取什么措施予以恢复？,中韩双方都同意有序开展健康有益的文化交流。,毛宁
t20260106_11807212.html,路透社记者,周一，十余名媒体人员在委内瑞拉首都加拉加斯报道支持马杜罗的游行等活动时被拘。其中有中国记者吗？在委内瑞拉的中国记者目前安全状况如何？,你提到的具体情况我不了解。我可以告诉你的是，中国政府一贯重视保护海外中国公民安全。据我了解，目前在委内瑞拉的中国记者都是安全的。,毛宁
t20260107_11807855.html,总台央视记者,中国外长今年首访非洲有何特殊意义？中方对这次访问有何期待？,2026年是中非开启外交关系70周年，习近平主席同非方领导人商定举办“中非人文交流年”。王毅外长此次访问非洲四国，并在非盟总部出席“中非人文交流年”开幕式，延续了中国外长36年来每年首访非洲的优良传统。埃塞俄比亚、索马里、坦桑尼亚、莱索托都是中国的战略合作伙伴。王毅外长此访旨在深化同各方的政治互信，推动落实中非合作论坛北京峰会成果，加强中非两大文明交流互鉴，为构建新时代全天候中非命运共同体注入新动力。,毛宁
t20260107_11807855.html,中阿卫视记者,美国务院称“这是我们的半球，特朗普总统绝不会坐视我们的安全受到威胁”。请问外交部对这句话的看法？,划分势力范围、制造地缘对抗不会使一个国家更安全，更不会给世界带来和平。共同安全、合作安全才是可持续的安全。,毛宁
t20260107_11807855.html,委内瑞拉南方电视台记者,美国以所谓“太阳集团”的存在为借口，针对“玻利瓦尔革命”采取单方面行动，包括对军队和平民发起恐怖袭击，导致数十人死亡，并绑架了马杜罗总统和夫人弗洛雷斯。美国司法部近期发布的文件和声明却表明，“太阳集团”并不存在。中方如何看待这种捏造叙事充当政治借口的行为？这将如何冲击尊重国际法和国家主权的原则？中方是否计划采取措施确保马杜罗总统夫妇获释？,中方一贯反对没有国际法依据、未经联合国安理会授权的单边制裁，反对外部势力以任何借口干涉委内瑞拉内政。美方强行控制马杜罗总统夫妇明显违反国际法和国际关系基本准则，违反《联合国宪章》宗旨和原则。中方再次呼吁美方立即释放马杜罗总统和夫人，通过对话谈判解决问题。,毛宁
t20260107_11807855.html,彭博社记者,美国广播公司报道称，特朗普政府已告知委内瑞拉代理总统罗德里格斯，必须切断与中国、俄罗斯、伊朗和古巴的经济联系，在石油生产方面只能和美国合作。外交部对此有何评论？,委内瑞拉是主权国家，对本国的自然资源和一切经济活动拥有充分的永久主权。美国悍然对委内瑞拉动武并要求委内瑞拉处置自身石油资源时“美国优先”，是典型的霸凌行径，严重违反国际法，严重侵犯委内瑞拉主权，严重损害委内瑞拉人民的权利，中方对此强烈谴责。我要强调的是，中国和其他国家在委内瑞拉的合法权益必须得到保护。,毛宁
t20260107_11807855.html,日本广播协会记者,中国商务部昨天发布关于加强两用物项对日本出口管制的公告。中国政府已公布的2026《两用物项和技术出口许可证管理目录》中包含稀土相关的物项，昨天发布的加强对日本出口管制措施是否也涵盖稀土产品？昨晚日本政府以中国针对日本的措施偏离国际惯例为由，向中方提出抗议并要求撤回。中方对此有何评论？,具体的问题请向中方主管部门了解。我想指出的是，日本首相高市早苗涉台错误言论侵害中国主权和领土完整，公然干涉中国内政，对中方发出武力威胁。为了维护国家安全和利益，履行防扩散等国际义务，中方依法依规采取措施，完全正当、合理、合法。我们敦促日方正视问题根源、反思纠错，撤回首相高市早苗错误言论。,毛宁
t20260107_11807855.html,《金融时报》记者,特朗普总统表示委内瑞拉将向美国移交五千万桶受制裁的原油，美国将代替委内瑞拉出售这些原油。考虑到部分原油原本应销往中国，中方对此有何评论？,正如我刚才所说，委内瑞拉是一个主权国家，对本国自然资源和经济活动拥有充分的永久主权。美方有关要求违反国际法，侵犯委内瑞拉主权，损害委内瑞拉人民权利。中国和委内瑞拉之间的合作是两个主权国家的合作，受到国际法和有关法律的保护，中国在委内瑞拉的合法权益必须得到保护。,毛宁
t20260107_11807855.html,《环球时报》记者,韩国总统李在明对华首次国事访问引发关注。中方如何评价此访对中韩关系的意义？对两国关系下步发展有何期待？,应习近平主席邀请，韩国总统李在明于1月4日至7日对中国进行了国事访问。访问期间，习近平主席同李在明总统举行会谈，两国元首互致新年祝福，就中韩关系和国际地区形势深入交换意见，为深化发展中韩战略合作伙伴关系做出指引。双方就尊重彼此核心利益和重大关切，加强发展战略对接和政策协调，增进国际和多边事务协调等达成重要共识。李强总理、赵乐际委员长分别同李在明总统会见。中方愿同韩方一道，落实好两国元首达成的重要共识，加强沟通协调，深化各领域合作，拓展共同利益，取得更多实质性成果，为两国人民带来更多福祉。,毛宁
t20260107_11807855.html,法新社记者,正在访华的韩国总统李在明今天表示，他已请中国领导人帮助遏制朝鲜核计划。发言人能否介绍中韩领导人具体讨论了哪些关于朝鲜的议题？中方会否推动朝鲜暂停核计划？,关于中韩两国元首会谈的情况，中方已经发布了消息，你可以查阅。维护半岛和平稳定符合各方共同利益。中方将继续以自己的方式为此发挥建设性作用。,毛宁
t20260107_11807855.html,新华社记者,近日，英国渣打银行、法国兴业银行、荷兰国际集团等多家欧洲金融机构发布研究报告称，在科技创新和绿色转型支撑下，中国经济有望在2026年保持稳定增长，在全球主要经济体中展现出较强韧性。发言人对此有何评论？,刚刚过去的2025年，中国经济有效应对各种风险挑战，顶压前行、向新向优发展，科技创新成果、绿色能源转型领跑全球，综合国力跃上新台阶。中国持续推进高水平对外开放，已经成为150多个国家和地区的主要贸易伙伴，对世界经济增长贡献率保持在30％左右，为全球发展注入动力。,毛宁
t20260107_11807855.html,法新社记者,美方再次声称，正在考虑武力夺取格陵兰岛，并称这是出于国家安全和威慑中国的需要。外交部对此有何评论？,中方一贯主张按照《联合国宪章》宗旨和原则处理国与国之间关系。,毛宁
t20260107_11807855.html,印度报业托拉斯记者,发言人刚才提到“中国在委内瑞拉的权益”。美方预计还将对西半球其他国家采取类似行动。除了外交声明和谴责之外，中方是否计划采取其他方式保护在该地区的利益？,中国同拉美和加勒比国家保持着友好交往与合作。无论形势如何变化，中国都将继续做拉美和加勒比国家的朋友和伙伴，继续在涉及国家主权、安全、领土完整等核心利益和重大关切问题上相互支持，支持彼此走符合自身国情的发展道路，共同反对强权政治，共同维护地区和平稳定。,毛宁
t20260107_11807855.html,彭博社记者,迄今为止，中方提到的主要是外交支持。古巴、委内瑞拉等国家可能期待中国提供金融或经济支持，并转化为切实的资金承诺，以支持上述国家经济发展。发言人对此有何回应？,我们会继续同拉美和加勒比国家加强合作，相互支持。具体开展什么合作，我想需要同有关国家协商确定。,毛宁
t20260107_11807855.html,委内瑞拉南方电视台记者,委内瑞拉是中国石油生产和供应链的关键合作伙伴，中国在勘探和精炼方面进行了大量投资。针对近期美方非法军事行动、绑架马杜罗总统夫妇，以及特朗普总统关于美可能“管理”委内瑞拉的言论，中方计划如何保障自身能源利益，以维持能源供应和项目的开展？发言人刚才提到中国的权益“必须得到保护”。中方是否认为美方行为直接威胁国际能源合作的稳定和全球安全？,美国长期对委内瑞拉石油业实施非法单边制裁，近日还悍然对委内瑞拉使用武力，严重冲击委内瑞拉经济社会秩序，威胁全球产供链稳定，中方已予强烈谴责。,毛宁
t20260108_11808407.html,中新社记者,今天上午，中国军控与裁军协会等学术机构发布了《日本右翼的核野心：对世界和平的严重威胁》报告，指出日本右翼不断膨胀的核野心对世界和平构成严重威胁，呼吁日本首相高市早苗立即澄清日方在核武器问题上的立场。中方对此有何评论？,日本新政府执政以来，急不可耐地暴露出日本右翼的核野心。日本首相高市早苗等高官推动修改“无核三原则”，暗示引入核潜艇，鼓动强化所谓对日“延伸威慑”，公开声称“日本应该拥有核武器”。日方行径是对以《不扩散核武器条约》为基石的国际核不扩散体系、战后国际秩序的严重挑战，引发国际社会以及日本国内各界人士的强烈反对。,毛宁
t20260108_11808407.html,深圳卫视记者,据报道，美国白宫近日发表声明称，特朗普总统指示美国退出35个非联合国机构和31个“违背美国家利益”的联合国机构，停止资助把全球议程置于美优先议程之上的组织。中方对此有何评论？,美国“退群”已经不是什么新闻。事实上，国际组织和多边机构存在的意义就在于不代表任何一个国家的私利，而是维护成员国的共同利益。正是因为如此，以联合国为核心的国际体系80多年来维护了世界的和平稳定，促进了经济社会发展，保障了各国的平等权益。当前国际形势再次证明，多边体系有效运行才能防止丛林法则蔓延，才能让国际秩序不被“强权即真理、武力即正义”主导，这是当前大多数国家特别是小国、弱国最需要的。,毛宁
t20260108_11808407.html,《中国日报》记者,据报道，近日俄罗斯外交部发言人扎哈罗娃就俄方撤销对日本战犯平反决定作出评论，表示2026年俄方将继续揭露日本军国主义犯下的战争罪行，此类暴行没有追诉时效限制，旨在惩罚所有罪犯的诉讼程序至今仍在继续。请问中方对此有何评论？,我们高度赞赏俄方捍卫历史真相的正义之举。近代以来，日本军国主义持续对外侵略扩张，犯下罄竹难书的滔天罪行，给人类带来巨大浩劫。然而，战后日本军国主义没有被彻底清算。日本右翼势力极力美化侵略历史，矢口否认南京大屠杀、强征“慰安妇”、强征劳工等历史罪行，推动修改历史教科书，企图为侵略历史翻案。多名日本现职领导人曾参拜军国主义的精神象征靖国神社，对甲级战犯顶礼膜拜。一些政客渲染紧张、煽动民意，借机推动扩武强军。军国主义流毒在战后改头换面、潜滋暗长，甚至形成有计划的行动，正在成为威胁亚洲和世界和平稳定的新风险。,毛宁
t20260108_11808407.html,总台央视记者,1月6日，联合国人权高专图尔克在英国《卫报》发表评论文章，指出美国军事打击委内瑞拉违反国际法和《联合国宪章》基本原则，对利用人权问题为美国军事干预正名的做法深感忧虑。将人权工具化不可接受，不能在符合其利益时就把人权拿来利用，反之就弃之不顾。1月7日，联合国人权理事会16个特别机制发表联合声明，强烈谴责美行径。请问中方对此有何评论？,中方一贯反对将人权问题政治化、工具化，反对对国际法“合则用、不合则弃”，反对以人权为借口干涉他国内政。中方坚定支持委内瑞拉维护主权安全和正当权益，坚定支持各国根据自身国情选择人权发展道路。中方愿同国际社会共同捍卫国际法权威，共同倡导多边主义，共同维护世界和平稳定。,毛宁
t20260108_11808407.html,俄新社记者,美国欧洲司令部周三称，扣押了一艘悬挂俄罗斯国旗在北大西洋航行的油轮，该油轮同委内瑞拉相关，涉嫌违反制裁。俄方表示，美方行动违反国际海事法和相关联合国公约。中方对此有何评论？,美方在公海海域随意扣押他国船只严重违反国际法。中方一贯反对缺乏国际法依据、未经联合国安理会授权的非法单边制裁，反对任何违反《联合国宪章》宗旨和原则、侵犯别国主权安全的行径。,毛宁
t20260108_11808407.html,路透社记者,据报道，跨国诈骗贩运组织太子集团创始人陈志被引渡回中国，正在接受有关部门调查。中方能否证实？陈拥有柬埔寨国籍，中方有权对他采取措施吗？中方是否正同美、英等国执法部门就此案诉讼进行合作？另外据报道，中国黑客组织攻击了美国国会众议院工作人员的电子邮箱。中方对此有何评论？,关于第一个问题，具体情况中方主管部门会发布消息，你可以保持关注。打击网赌电诈犯罪是国际社会的共同责任。一段时间以来，中方同柬埔寨等国积极合作，打击跨境电信网络诈骗犯罪，取得显著成效。中方愿同包括柬埔寨在内的周边国家加大执法合作力度，维护人民生命财产安全和地区国家交往合作秩序。,毛宁
t20260108_11808407.html,总台国广记者,本周王毅外长开启访非之行，这是中国外长连续36年年初首访非洲。近期，国际货币基金组织发布新书《非洲与中国的联系更加深广》，美国多家智库发布报告，积极评价中非合作，呼吁向中方学习。发言人能否介绍中非关系的成功经验？,中非开启外交关系70年来，中国同广大非洲国家在争取民族独立的事业中并肩战斗，在全球南方卓然壮大的潮流中团结合作，共抗大灾大疫，共逐现代化之梦。双方始终同呼吸、共命运、齐发展，树立了新型国际关系的典范，走在推动构建人类命运共同体的前列。,毛宁
t20260108_11808407.html,俄新社记者,美国参议员林赛·格雷厄姆称，特朗普总统已同意推动一项旨在加强对俄制裁的法案，该法案为特朗普提供了阻止中国、印度、巴西等国购买廉价俄罗斯石油的砝码。中方对此有何评论？,正如我刚才所说，中方反对非法单边制裁。中俄之间的正常经贸能源合作不针对第三方，也不应当受到干扰和影响。,毛宁
t20260109_11810157.html,《北京日报》记者,8日，王毅外长在非盟总部同非盟委员会主席优素福举行中国—非盟第九次战略对话，发言人能否进一步介绍情况？对当前同非盟关系有何评价？,非盟是非洲联合自强的旗帜，中方始终从战略高度和长远角度发展同非盟关系。这次对话是新一届非盟委员会就职以来，中国同非盟之间一次重要战略沟通。王毅外长同优素福主席就中非关系发展、中国非盟合作以及共同关心的国际和地区问题深入交流，深化了战略互信、强化了相互支持、巩固了团结合作。,毛宁
t20260109_11810157.html,路透社记者,针对分析人士称，中国可能从美国对委内瑞拉的军事打击中得到启示，美国总统特朗普对《纽约时报》称，如果中方在他任内寻求改变台湾现状，他会非常不悦。外交部对特朗普的言论有何评论？,台湾是中国领土不可分割的一部分，台湾问题纯属中国内政，解决台湾问题是中国人自己的事，不容外部干涉。,毛宁
t20260109_11810157.html,澎湃新闻记者,昨日，“中非人文交流年”开幕式在非盟总部举办。发言人能否介绍更多情况？,举办“中非人文交流年”是2024年中非合作论坛北京峰会上习近平主席同非方领导人商定的重大举措。习近平主席向开幕式致贺信，希望双方以“人文交流年”为契机，赓续传统友好，加强文明互鉴，密切人员往来特别是青年交往，深化治国理政经验交流，携手推进现代化。王毅外长出席了交流年的开幕式，高度评价中非人文交流成果，与非方嘉宾共同为交流年的徽标揭幕。,毛宁
t20260109_11810157.html,中阿卫视记者,昨天以色列突然对加沙发动空袭导致7人死亡，50多人受伤，请问中方对以色列违反停火协议有何评论？,中方对当前加沙局势深表关切。我们反对一切伤害平民、违反国际法的行为，希望加沙停火协议得到切实执行，有效缓解人道危机，尽早恢复地区稳定。有关方面特别是以色列应当保持克制，避免局势恶化升级。,毛宁
t20260109_11810157.html,日本广播协会记者,委内瑞拉代总统罗德里格斯在其社交媒体上发帖表示，她会见了中国驻委内瑞拉大使。外交部能否证实？双方会面讨论了什么内容？,中方重视中委关系，始终同委内瑞拉政府保持着良好沟通合作。中方将继续坚定支持委内瑞拉维护主权尊严、国家安全和合法权益。无论委内瑞拉政局如何变化，中方深化两国各领域务实合作、促进共同发展的意愿不会改变。,毛宁
t20260109_11810157.html,法新社记者,韩国总统李在明结束访华后将于下周访问日本，并同日本首相高市早苗举行会谈。中方如何看待李在明访日？中方最近采取了对日加强出口管制、提醒中国公民避免赴日等措施。在此背景下，中方对韩国总统希扩大对日合作有何评论？,韩国总统李在明访问日本是韩日之间的事情，我不作评论。国与国之间的交往应当有利于地区和平稳定。,毛宁
t20260109_11810157.html,日本广播协会记者,前日本驻华大使丹羽宇一郎日前去世，外交部对此有何评论？,丹羽先生是中国人民的老朋友，是日本的知名企业家和首位担任日本驻华大使的民间人士，为推动中日关系的改善发展和两国经济合作作出积极努力，为中日民间友好事业倾注了大量心血，中方对此予以积极评价。我们对丹羽先生逝世表示沉痛哀悼，向家属致以诚挚慰问。,毛宁
t20260109_11810157.html,德新社记者,德国媒体报道称，德国选择党主席克鲁帕拉周一开始访华，此前他表示将与中国政府高层代表会面。外交部能否确认？克鲁帕拉将与谁会面？此外，中方对同选择党的关系持何立场？,中国和德国在政治、经济、文化等各领域长期以来保持着广泛深入交流，也包括立法机构和政党交往。中方愿继续同德国各界开展建设性交流合作，推动双边友好和互利合作持续深入发展。,毛宁
t20260112_11811154.html,总台CGTN记者,中方刚刚发布加拿大总理卡尼访华消息。发言人能否介绍此访背景和中方期待？,去年以来，在双方共同努力下，中加关系逐步改善发展。习近平主席同卡尼总理在韩国庆州举行会晤，为两国关系实现转圜、恢复和重启各领域交流合作指明方向。卡尼总理此访是加拿大总理8年来首次访华，中方对此高度重视，习近平主席将会见卡尼总理，为中加关系进一步改善发展作出新的战略引领。李强总理、赵乐际委员长将分别同他举行会谈会见，就两国关系以及共同关心的问题全面、深入交换意见。,毛宁
t20260112_11811154.html,朝日新闻记者,据报道，民用稀土对日本出口许可审查被暂停，中国国有企业通知部分日企将不再签订新的稀土供应合同，请问发言人是否了解以上情况？商务部曾提到加强两用物项对日出口管制不会影响民事用途的稀土出口。出现上述情况，是因为受到中方出口管制措施影响吗？,具体问题建议向中方主管部门了解。我想强调的是，中方依法依规采取有关措施，完全正当、合理、合法。,毛宁
t20260112_11811154.html,今日俄罗斯记者,近日有报道称，美国总统特朗普在白宫与石油行业高管会面时表示，中国和俄罗斯只能在美方控制下购买委内瑞拉原油；并称如果美国不接管委内瑞拉石油产业，中国或俄罗斯就会这么做。此外，据路透社报道，美国在委内瑞拉采取行动的目的之一是“向中国传递信息”，企图要求中国远离美洲，并削弱中委之间能源合作关系。请问中方对此有何评论？,拉美国家都是主权独立国家，有权自主选择合作伙伴。无论形势如何变化，中方都将继续同包括委内瑞拉在内的拉美国家深化务实合作，促进共同发展。,毛宁
t20260112_11811154.html,拉通社记者,尽管国际社会对美国干预拉美事务予以谴责，美国总统昨天还是对古巴人民和政府发出了新的威胁。中方对此有何评论？,中方坚定支持古巴维护国家主权和安全、反对外来干涉，敦促美方立即停止对古巴封锁制裁和任何形式的胁迫，多做有利于地区和平稳定的事。,毛宁
t20260112_11811154.html,阿纳多卢通讯社记者,美国总统特朗普周日称，接管格陵兰岛对于美国防止俄罗斯或中国控制北极领土是必要的。他说，“我们讨论的是获取而不是租赁，不是短期行为。如果我们不这么做，俄罗斯或中国就会这么做。”中方对此有何评论？,北极涉及国际社会整体利益。中国在北极的活动旨在促进北极和平、稳定和可持续发展，符合国际法。各国依法在北极开展活动的权利和自由应当得到充分尊重。美国谋取私利不要拿其他国家当借口。,毛宁
t20260112_11811154.html,彭博社记者,七国集团等国官员在美国举行会议，讨论稀土供应链问题。日经新闻报道称，日本公司在获得民用稀土方面遇到了困难。外交部对此有何评论？,中方加强两用物项对日本出口管制，是为了维护国家安全和利益，履行防扩散等国际义务，完全正当、合理、合法。中方维护关键矿产全球产供链稳定与安全的立场没有变化。同时，各方都有责任为此发挥建设性作用。,毛宁
t20260112_11811154.html,《北京青年报》记者,据报道，9日，台湾方面称，中国—非盟战略对话联合新闻公报中的涉台内容严重扭曲事实，贬损台所谓“主权”，对非盟附和中方立场表示遗憾。中方对此有何评论？,一个中国原则是国际社会普遍共识和国际关系基本准则，也是中非关系的政治基础。2024年中非合作论坛北京峰会通过《北京宣言》，与会非洲国家和非盟委员会重申坚定奉行一个中国原则，重申世界上只有一个中国，台湾是中国领土不可分割的一部分，中华人民共和国政府是代表全中国的唯一合法政府，坚定支持中国政府为实现国家统一所作的一切努力。中国—非盟第九次战略对话联合新闻公报完整准确反映了非方在台湾问题上一以贯之的鲜明立场。就在前几天，非盟委员会主席优素福接受采访时表示，“在坚持一个中国原则问题上，非盟永远与中国站在一起”。,毛宁
t20260112_11811154.html,阿纳多卢通讯社记者,刚才在回答关于格陵兰岛的问题时，你关注的是北极地区对所有国家开放。但格陵兰岛是丹麦的一部分。中方对于美国接管其他国家的主权领土有何评论？如果发生此事，中方在这一特定领土范围内有何关切？,中方一贯认为国家间关系应当按照《联合国宪章》宗旨和原则来处理。关于北极，我想说的是，各国依法在北极开展活动的权利和自由都应当得到充分尊重。,毛宁
t20260112_11811154.html,俄新社记者,德国外长瓦德富尔提议特朗普与北约合作应对俄罗斯和中国的船只和潜艇在北极构成的威胁。中方对此有何评论？,正如我刚刚所说，北极涉及国际社会整体利益，中国在北极的活动有利于促进北极和平、稳定和可持续发展，也符合国际法。我们反对美国拿中国或俄罗斯当借口谋取私利。,毛宁
t20260112_11811154.html,彭博社记者,伊朗抗议活动的死亡人数已超500人。特朗普暗示，如果伊朗对示威者使用致命武器，他可能会打击伊朗。外交部对此有何评论？,中方希望伊朗政府和人民能够克服当前困难，保持国家稳定。我们一贯反对干涉别国内政，一贯主张各国的主权和安全都应当受到国际法的充分保护，反对在国际关系中使用武力或威胁使用武力。呼吁各方多做有利于中东和平稳定的事。,毛宁
t20260112_11811154.html,印度报业托拉斯记者,印度外交部发言人周五批评中国在克勒青河谷地区开展的基础设施建设项目，称该地区属于印度领土，印方保留采取必要措施维护自身利益的权利。印方不承认“中巴经济走廊”，从未承认1963年签署的所谓《中巴边界协议》，一贯认为该协议非法无效。有观点称中方正试图通过投资确认对该地区的控制权。中方对此有何回应？,你提到的地区属于中国领土，中方在自己的领土上开展基础设施建设无可非议。中国和巴基斯坦已于上个世纪60年代签署边界协定并划定两国边界，这是中巴作为主权国家的权利。中巴经济走廊是经济合作倡议，旨在促进当地经济社会发展和改善民生。中巴边界协定和中巴经济走廊不影响中方在克什米尔问题上的立场，中方在这一问题上的立场没有变化。,毛宁
t20260112_11811154.html,法新社记者,媒体报道称伊朗抗议活动中有数百人死亡。是否有中国公民伤亡？中方是否呼吁中国公民离开伊朗？,我们正密切关注伊朗局势，目前还没有得到有中国公民在伊朗伤亡的报告。我们会全力做好在伊朗中国公民的安全保护工作。请在伊朗的中国公民关注当地安全形势，采取必要措施维护自身安全。如需协助，请联系中国驻伊朗使馆或拨打领事保护热线。,毛宁
t20260112_11811154.html,阿纳多卢通讯社记者,美国总统特朗普在昨天的讲话中称，美方正密切观察伊朗局势，他所获建议中包括强有力的行动选项。据报道，美方已考虑了从制裁和网络措施到潜在军事行动的一系列选项。中方对此有何评论？,我们一贯反对干涉别国内政，主张各国的主权和安全都应当受到充分保护，反对在国际关系中使用武力或威胁使用武力。,毛宁
t20260112_11811154.html,法新社记者,中国外交部长王毅本计划于上周访问索马里，但由于日程安排原因，访问被推迟。该计划变化的原因是什么？是安全原因吗？,经中国和索马里两国外交部门友好协商，王毅外长的访问行程有所调整。访非期间，王毅外长同索马里外长德埃举行了电话会谈，强调中方将一以贯之支持索马里维护主权、统一和领土完整。双方就深化两国各领域合作达成了新的共识。,毛宁
t20260113_11811859.html,中阿卫视记者,美国总统特朗普12日称，任何与伊朗有商业往来的国家，在同美国进行商业往来时都将面临25％的关税。请问中方有何评论？,中方在关税问题上的立场非常明确。关税战没有赢家。中方将坚定维护自身正当合法权益。,毛宁
t20260113_11811859.html,总台央视记者,王毅外长刚刚结束了新年对非洲的首访。发言人能否进一步介绍此访情况？,王毅外长在结束访问后接受中国媒体采访，详细介绍了此访的感受和成果。正如王毅外长所说，这是中国外长连续第三十六年新年首访非洲，体现的是中国人民对非洲人民的深厚情谊，是一份坚守、一种精神。有人说非洲是被“遗忘”的大陆，但中国把非洲视为充满希望的大陆，把非洲作为每年中国外交的起点。习近平主席提出的真实亲诚理念，始终是中国对非合作的遵循，真诚和平等始终是中非交往的底色，非洲和中国是可以彼此托付、将心比心的好伙伴。,毛宁
t20260113_11811859.html,路透社记者,如果特朗普总统按他所言对同伊朗开展贸易的国家征收25％关税，中国出口商可能面临高额关税。中方是否认为这是关税战的回归？,正如我刚刚所说，关税战没有赢家，中方将坚决维护自身正当合法权益。,毛宁
t20260113_11811859.html,阿纳多卢通讯社记者,美国要求美公民立即离开伊朗。白宫称，正在讨论对伊朗动用军事手段的可能。美国媒体报称，网络战和心理战也在考虑之列。发言人对伊朗近期局势发展有何评论？,中方希望并支持伊朗保持国家稳定。我们一贯反对干涉别国内政，反对在国际关系中使用或威胁使用武力。希望各方多做有利于中东和平稳定的事。,毛宁
t20260113_11811859.html,彭博社记者,日本首相表示有意提前举行大选，时间可能在2月。外交部对此有何评论？,这是日本的内政，我不作评论。,毛宁
t20260113_11811859.html,彭博社记者,据报道，伊朗已被要求退出在南非附近举行的金砖国家军演，仅以观察员身份参与。发言人能否证实此事并解释原因？,建议向中方主管部门了解。,毛宁
t20260113_11811859.html,法新社记者,据报道，数百人在伊朗的抗议活动中死亡。在此背景下，中方是否仍建议中国公民前往伊朗旅游？,我们正在密切关注伊朗局势发展，将采取一切必要措施保护中国公民安全。,毛宁
t20260113_11811859.html,日本电视网记者,韩国总统今天抵达日本并与日本首相会见。中方对此有何评论？,这是韩国和日本之间的双边交往。,毛宁
t20260113_11811859.html,日本电视网记者,昨天，七国集团财长同意加快减少从中国进口稀土，避免过于依赖中国。中方对此有何评论？,中方维护关键矿产全球产供链稳定与安全的立场没有变化。各方都有责任这样做。,毛宁
t20260114_11812645.html,法新社记者,阿根廷总统米莱称将于今年访华。发言人能否予以确认？中方是否愿意接待阿总统访华？,关于你提到的访问，我目前没有可以提供的信息。我可以告诉你的是，中方重视发展同阿根廷的关系，愿同阿方加强各层级交往，深化两国政治互信，促进务实合作，造福双方人民。,毛宁
t20260114_11812645.html,新华社记者,中国去年首次跻身全球创新指数前十名，新年伊始又有多项创新成果问世。同时我们也注意到，科学技术的加速发展使发展中国家面临的科技鸿沟有拉大趋势。中方如何看待自身在全球科技创新中的作用？,过去一年，中国科技与产业深度融合，创新成果竞相涌现。面向未来，创新将成为推动中国高质量发展的主引擎。“十五五”规划建议61次提及“创新”，将科技创新摆在国家发展全局的核心位置。,毛宁
t20260114_11812645.html,中新社记者,据了解，闫文滨大使已被任命为中国政府上海合作组织事务特别代表兼上合组织中方国家协调员。发言人能否证实？,中国政府已经任命闫文滨大使担任中国政府上海合作组织事务特别代表兼上合组织中方国家协调员。,毛宁
t20260114_11812645.html,中阿卫视记者,特朗普正在告诉全世界，国际法对他来说无关紧要，对他唯一重要的就是自己的道德标准。中方对此有何评论？,以联合国宪章宗旨原则为基础的国际法是现行国际秩序的基石，也是解决国际争端的重要依据。捍卫国际法，是维护国际公平正义、防止世界重回丛林法则的关键。大国应当带头尊重国际法权威，履行国际法义务。,毛宁
t20260114_11812645.html,法新社记者,特朗普昨晚称，如果伊朗处决更多抗议者，美国可能对伊采取“强有力行动”。中方对此有何评论？,关于伊朗局势，中方已多次表明立场。我们希望伊朗政府和人民克服当前困难，维护国家稳定。我们反对外部势力干涉别国内政，不赞成在国际关系中使用或威胁使用武力。希望各方多做有利于中东和平稳定的事。,毛宁
t20260114_11812645.html,法新社记者,今天，泰国一列火车与起重机相撞，造成至少22人死亡。该起重机位于在建的中泰高铁项目工地上。鉴于中方是该项目合作伙伴，发言人对这起事故有何回应？是否掌握更多细节？,我们注意到有关事故的报道，对事故造成人员伤亡表示深切慰问。中国政府高度重视项目和人员安全，正在了解具体情况。目前看，有关标段是由泰方企业施工。事故原因还在调查中。,毛宁
t20260115_11813344.html,东京电视台记者,据报道，日本公明党正考虑与另一政党联合组建新政党。中方一直与公明党保持着密切关系。发言人对上述动向有何评论？如果新政党不再以“公明党”为名，中方还会与其像之前那样交往吗？,这是日本的内政，我不作评论。,毛宁
t20260115_11813344.html,法新社记者,一名法国教授因为允许一中国代表团参观敏感地点而在法国被控涉嫌间谍活动。发言人是否了解此案？想就该事件向法方传递什么信息吗？,我不了解你提到的具体情况。我要指出的是，我们一贯反对炒作所谓的“中国间谍”，抹黑中国。,毛宁
t20260115_11813344.html,深圳卫视记者,中国第42次南极考察正在进行中。除了这次考察的高技术高水平外，媒体还关注到几件暖心小事，比如前段时间科考队成功救援一名俄罗斯考察站患病人员，本周“雪龙”号赴新西兰补给时协助运送韩国科考队员等。这些举动为严寒极地增添了跨国暖意。发言人对此有何评论？,谢谢你分享这些小故事。事实上，中国开展南极科考40多年来，始终坚持守望相助、重视国际合作，开展多种形式的联合研究。正在进行的第42次南极考察就有来自泰国、智利、葡萄牙等十多个国家和地区的科研人员参加。在北极领域，中国通过参与北极理事会有关工作、举办“中国—北欧北极合作研讨会”、开展北冰洋科学考察等，积极向国际社会提供对话合作平台、分享科研成果。,毛宁
t20260115_11813344.html,法新社记者,美国总统特朗普周三表示，美政府将批准对华出售英伟达H200人工智能芯片，并从销售收入中抽取25％分成。发言人对此有何回应？,关于美国输华芯片问题，中方已经多次表明立场。,毛宁
t20260115_11813344.html,路透社记者,王毅外长今天会见加拿大外长阿南德时表示，在发展中加关系过程中，中方愿同加方“排除干扰”。你认为从过去到目前，这种“干扰”多大程度上是由美国政府造成的？,今天上午，王毅外长在北京会见了加拿大外长阿南德。具体情况中方已经发布了消息，你可以查阅。关于你的问题，我想与其关注“干扰”来自哪里，更应当关注的是，中国和加拿大都致力于推动双边关系在新形势下走稳、走实、走好，为两国关系发展提供正面预期，注入更多信心。,毛宁
t20260116_11814163.html,中国日报记者,发言人能否介绍何立峰副总理出席世界经济论坛2026年年会有关安排？中方对出席本届论坛年会有何期待？,世界经济论坛年会是讨论全球经济趋势、促进合作发展的重要平台，素有“世界经济风向标”之称。何立峰副总理将在论坛年会开幕全会发表致辞。,郭嘉昆
t20260116_11814163.html,路透社记者,本周四，美国和台湾签署一项贸易协议，削减台湾多项出口产品关税，台方将加大对美科技行业投资。外交部对此有何评论？,中方一贯坚决反对建交国与中国台湾地区商签任何具有主权意涵和官方性质的协定。美方应当切实恪守一个中国原则和中美三个联合公报。,郭嘉昆
t20260116_11814163.html,今日俄罗斯记者,日本与菲律宾近日签署协议，加强军事后勤互助合作。日方称将向菲提供数百万美元安全援助，以加强双方所谓 “准同盟关系”。请问中方对此有何评论？若协议生效，中方如何评估对地区和平稳定可能造成的影响？,中方一贯认为，国家间开展合作不应针对第三方或损害第三方利益，不应破坏地区和平与稳定。,郭嘉昆
t20260116_11814163.html,总台央视记者,发言人能否介绍何立峰副总理此次访问瑞士具体安排？中方如何评价当前中瑞关系？,何立峰副总理访问瑞士期间，将会见瑞士联邦主席兼经济、教研部长帕姆兰。近年来，在双方共同努力下，中瑞关系实现全面提升，两国务实合作不断取得新成果，自贸协定升级谈判稳步推进，双方在支持多边主义、改革完善全球治理方面发出共同声音。2026年是中瑞建立创新战略伙伴关系10周年，也是中国“十五五”开局之年，中瑞合作迎来新机遇。何立峰副总理此访将有利于双方进一步拓展合作领域，推动中瑞创新战略伙伴关系取得更多互利成果。,郭嘉昆
t20260116_11814163.html,北京青年报记者,日前，“77国集团和中国”在联合国总部举行主席国交接仪式，乌拉圭正式接任2026年主席国。古特雷斯秘书长在交接仪式上表示，“77国集团是多边主义的坚实支柱，它的使命比以往任何时候都更加紧迫”。请问中方对此有何评论？对2026年“77国集团和中国”的工作有何期待？,中方祝贺乌拉圭接任“77国集团和中国”2026年主席国。“77国集团和中国”是维护发展中国家共同利益、完善全球治理体系的重要力量，也是捍卫多边主义的中流砥柱，在国际事务中发挥着不可替代的作用。中国作为最大的发展中国家，始终同全球南方同呼吸、共命运，同77国集团坚定站在一起，捍卫国际公平正义，维护发展中国家共同利益。,郭嘉昆
t20260116_11814163.html,日本电视网记者,日本前内阁官房长官访问台湾并与台“总统”赖清德举行会谈。赖感谢日本首相持续表达重视台海和平稳定的立场。中方对此有何评论？,台湾是中国的一个省，没有什么“总统”。世界上只有一个中国，台湾是中国领土不可分割的一部分。中方坚决反对建交国同台湾当局进行任何形式的官方往来。我们敦促日方切实恪守一个中国原则，不要向“台独”分裂势力发出任何错误信号。我们也要强调，现在日方最应该做的是撤回高市涉台错误言论。,郭嘉昆
t20260119_11815242.html,《北京日报》记者,我们注意到，2025年中国同中亚五国贸易额首次突破1000亿美元。请问发言人对此有何评价？,据中国海关总署统计，2025年中国同中亚五国贸易额超过1000亿美元，创历史新高。双方贸易结构不断优化，越来越多的中亚优质产品进入中国市场。在当前全球经济增长乏力、国际贸易体系遭受严重冲击背景下，中国中亚经贸合作逆势前行，贸易额突破千亿，彰显了中国中亚合作的蓬勃发展势头，印证了中国—中亚机制的引领推动作用，成为中国同中亚合作史上新的里程碑。,郭嘉昆
t20260119_11815242.html,总台央视记者,据报道，中国美国商会近日发布的调查结果显示，对中国市场增长持乐观态度的受访在华美企比例显著上升，超过半数去年预计实现盈利或大幅盈利，七成以上企业不考虑转移在华业务，近六成企业计划加大在华投资。最新数据显示，2025年中国GDP超过140万亿元，比上年增长5％。多家国际金融机构表示，中国超大规模市场和创新生产能力持续吸引外资布局中国。发言人对此有何评论？,你提到的报道再次表明，中国大市场是世界大机遇。布局中国就是赢得先机，投资中国带来丰厚回报。在华美国企业的成功故事印证了中美之间“合则两利”，推动中美关系稳定、健康、可持续发展符合双方共同利益。,郭嘉昆
t20260119_11815242.html,法新社 记者,中国驻柬埔寨使馆周末表示，近期发生多起中国公民在柬失联、失踪等案件，对中柬深化互利合作构成严重障碍。发言人能否说明相关案件对两国关系 构 成 了何种 威胁？中方希柬方 作出 何种努力？近期有报道称，很多逃离柬埔寨诈骗窝点的中国公民在中国驻柬使馆外排队。发言人能否证实？能否介绍相关人员身份和数量？相关人员排队的情况是否和陈志被捕有关联？,中国政府高度重视海外中国公民安全。一段时间以来，中方同柬埔寨积极合作，打击跨境电信网络诈骗犯罪，取得显著成效。中国驻柬埔寨使馆正与柬方保持沟通协调，开展相关工作。,郭嘉昆
t20260119_11815242.html,波兰通讯社记者,波兰媒体报道称，波兰军队正考虑禁止中国电动汽车进入军事基地，理由是存在收集敏感数据的风险。中方对此有何评论？,我们注意到相关报道。中方一贯认为应避免泛化国家安全概念。,郭嘉昆
t20260119_11815242.html,彭博社记者,美国总统特朗普提出对8个反对他收购格陵兰岛计划的国家加征关税。特朗普周六宣布，将从2月1日起对来自8个欧洲国家的商品加征10％关税，除非达成“购买格陵兰岛”的协议，否则6月起关税将提升至25％。外交部对此有何评论？,中方已多次阐明在格陵兰岛问题上的立场。以《联合国宪章》宗旨和原则为基础的国际法是现行国际秩序的基础，必须得到维护。我们敦促美方停止把所谓“中国威胁”作为捞取私利的借口。,郭嘉昆
t20260120_11815950.html,总台央视记者,1月19日下午，阿富汗喀布尔市一家中餐馆门外发生爆炸事件，造成中国公民伤亡。有媒体报道“伊斯兰国”已宣布对爆炸事件负责，请问外交部对此有何评论？,1月19日，阿富汗首都喀布尔市一家中餐馆门外发生爆炸事件，造成多人伤亡，中国公民1人遇难、5人受伤。我们对遇难公民表示深切哀悼，向受伤公民表示诚挚慰问。,郭嘉昆
t20260120_11815950.html,俄新社记者,美国总统特朗普此前宣布组建加沙和平委员会，并邀请多个国家的领导人加入。中国对此倡议持何立场？中方是否收到加入和平委员会的邀请？（彭博社、法新社、印度报业托拉斯记者亦问及）,中方已收到美方邀请。,郭嘉昆
t20260120_11815950.html,中阿卫视记者,加拿大总理卡尼近日在记者会上表示近年来世界已经发生了变化，并称近几个月加中关系的发展更具可预测性。中方如何看待加方上述表态？是否认为这将为中加关系发展带来新机遇？,中加关系健康稳定发展符合两国共同利益，也有利于世界和平稳定与发展繁荣。中方发展中加关系的立场是一贯的、明确的，愿同加方本着对历史、对人民、对世界负责任的态度，推进构建中加新型战略伙伴关系，推动中加关系迈入健康、稳定、可持续的发展轨道，更好造福两国人民。,郭嘉昆
t20260120_11815950.html,新华社记者,《海洋生物多样性协定》已于1月17日生效，包括中国在内的82个国家和欧盟已成为缔约方。中方对此有何评论？另据报道，中国常驻联合国代表于1月16日致函联合国秘书长古特雷斯，表示中国申请将《协定》的秘书处设在中国厦门，并提交中方申办方案。评论称此举凸显中国希望在全球环境治理上发挥更大影响力。中方能否介绍有关情况和考虑？,《海洋生物多样性协定》是联合国框架下具有里程碑意义的国际条约，其生效开启海洋领域全球治理的新篇章，是多边主义的胜利。作为《协定》首批签署国和缔约国，中方对《协定》生效表示欢迎和祝贺。,郭嘉昆
t20260120_11815950.html,日本广播协会记者,美国总统特朗普就任已满一年，这期间他的对外政策动向备受国际社会关注，包括对委内瑞拉采取强硬举措、威胁吞并格陵兰岛等。中方如何评价特朗普执政一年的对外政策及其对国际局势的影响？此外，关于特朗普计划4月访华事，中方是否已有相关考虑或安排，能否分享细节？,过去一年，中美关系历经起伏波折，实现总体动态稳定，这符合中美两国人民共同利益，也符合国际社会共同期待。一年来中美关系发展的历程再次表明，中美合则两利、斗则俱伤。中美应该在平等、尊重、互惠基础上，探索两个大国的正确相处之道。中方愿同美方一道，推动中美关系稳定发展，同时坚定维护自身主权安全发展利益。关于你提到的具体问题，我目前没有可以提供的信息。,郭嘉昆
t20260120_11815950.html,伊拉克如道电视台记者,中国会否敦促叙利亚政府停止攻击叙境内的库尔德平民？,中方希望叙利亚尽早实现和平稳定。希望叙利亚各派别通过对话谈判推进政治和解进程，找到符合叙利亚人民利益的重建国家方案。,郭嘉昆
t20260120_11815950.html,彭博社记者,据报道，中英两国安全官员就网络攻击问题建立了对话机制。外交部能否证实？,我不了解你提到的有关情况。,郭嘉昆
t20260121_11835365.html,《北京青年报》记者,据报道，最新数据显示，2025年中国全年用电量突破10万亿度，其中非化石能源装机占比超六成，是发电的绝对主力。有外媒评论称，中国已经成为绿色产能领跑者。在当前国际局势动荡、能源安全受到冲击的背景下，中国的绿色产能对全球南方国家实现可持续发展有什么意义？,中国绿色产能不仅丰富了自身能源供给，也为全球南方国家实现低碳跨越式发展带来广阔机遇。,郭嘉昆
t20260121_11835365.html,中阿卫视记者,昨天中方宣布已经收到美方加入“和平委员会”的邀请。美国总统特朗普1月20日在记者会上称，联合国应继续存在，但他刚宣布成立的“和平委员会”可能会取而代之。中方对此有何评论？是否会加入“和平委员会”？（塔斯社记者亦问及）,关于“和平委员会”，我们昨天已经就相关问题作了回答。,郭嘉昆
t20260121_11835365.html,路透社记者,最后两只旅日大熊猫将于下周返回中国。中日大熊猫租借协议将于本月到期。中方会否续签？中国向日本提供大熊猫的传统始于1972年，如果中方不再向日方提供大熊猫，这将对双边关系产生什么影响？,据了解，按照中日有关协议，旅居日本东京上野动物园的大熊猫“晓晓”和“蕾蕾”将按期于2026年2月前返回中国。具体问题请向中方主管部门询问。我们知道在日本有一大批大熊猫的粉丝，欢迎日本民众来中国看大熊猫。,郭嘉昆
t20260121_11835365.html,德新社记者,报道称美国总统特朗普计划于周四在瑞士达沃斯主持一场签署“和平委员会”章程的活动，请问中方是否会派代表参加？,关于“和平委员会”的问题，我们昨天已经作了回答，没有更多信息可以补充。,郭嘉昆
t20260121_11835365.html,英国广播公司记者,中国驻英国使馆新馆舍规划已获批，中国政府对此有何评论？,为外交馆舍建设提供支持和便利是东道国的国际义务。中国驻英国使馆新馆舍规划设计是一个高质量的方案，申请及获批完全遵循国际外交惯例及当地的法规及程序。,郭嘉昆
t20260121_11835365.html,中阿卫视记者,法国总统马克龙在达沃斯演讲时表示，中国是受欢迎的，我们需要更多中国对欧洲直接投资。请问中方如何看待马克龙总统这一表态？,中欧经贸关系的本质是优势互补、互利共赢。中国产品的竞争优势并非来自于补贴，而是大量科研投入、充分市场竞争和完整产业链共同作用的结果。中国从不刻意追求贸易顺差，不仅愿做“世界工厂”，更愿做“世界市场”。希望欧方秉持长远眼光、开放心态，同中方相向而行，推动中欧经贸关系持续健康发展。中国政府一贯鼓励和支持有实力、有意愿的中国企业遵循市场化原则赴欧投资兴业，希望欧方为中国企业营造公平、非歧视、透明、可预期的市场环境。,郭嘉昆
t20260121_11835365.html,总台CGTN记者,据报道，欧盟委员会于1月20日提出一揽子新的网络安全政策方案，拟在既有5G网络安全“工具箱”基础上，推动对欧洲移动通信网络中来自高风险第三国供应链强制“去风险”。有评论认为，所谓“高风险供应商”概念具有明显政治色彩，意在以安全因素为由将中国企业彻底排除出欧洲移动通信网络。中方对此有何评论？,中方注意到有关报道，对此表示严重关切。中国企业长期在欧洲依法合规经营，从未危害欧洲国家安全，而是有力促进了欧洲电信和数字产业发展，为欧洲民众提供了优质的产品和服务。,郭嘉昆
t20260121_11835365.html,彭博社记者,第一个问题，美国贸易代表格里尔昨天在达沃斯称，美中可能举行新一轮贸易谈判。他说我们可能先会面，然后尝试就非敏感贸易事项达成某种进一步的协议。中美是否正在考虑举行新一轮贸易谈判？如果是，将在哪里举行？第二个问题，中方会否批准英国驻华使馆的改造项目？第三个问题，英国首相斯塔默本月会否访问北京？,关于第一个问题，具体问题建议向中方主管部门询问。中美双方应共同落实好两国元首达成的重要共识，为中美经贸合作与世界经济注入更多稳定性和确定性。,郭嘉昆
t20260121_11835365.html,英国广播公司记者,美国总统威胁对在格陵兰岛问题上违反其意愿的欧洲国家加征关税。鉴于中国能顶住来自美方的关税压力，中国政府可以对欧洲国家提出什么建议？,关于欧洲国家与美国的关系，我们不作评论。关于格陵兰岛问题，中方已经多次阐明了立场。关于中欧关系，中方始终秉持相互尊重、合作共赢的原则，推进同欧洲国家的关系，我们也期待欧洲国家与中方相向而行。,郭嘉昆
t20260121_11835365.html,英国广播公司记者,理论上，中美两国在争夺全球影响力。特朗普政府制造了种种混乱局面，尤其是分裂西方世界，如果兑现其在格陵兰岛问题上的威胁将导致北约崩溃。有观察人士认为，这对中方是好事，中国欢迎这种混乱局面以显示中美对比。但另一方面，全球贸易和供应链也受到影响。中方是否欢迎特朗普政府造成的混乱局面？对此有何看法？,中国始终坚持独立自主的和平外交政策。我们在相互尊重、平等相待的基础上，同各国开展友好交往，始终致力于做积极、稳定、向善的力量。我们无意也不会与任何国家比拼影响力。我们始终认为，无论国际形势如何变化，维护以联合国为核心的国际体系、以国际法为基础的国际秩序、以《联合国宪章》宗旨和原则为基础的国际关系基本准则，符合国际社会各方共同利益。,郭嘉昆
t20260122_11843506.html,总台央视记者,中方刚发布了芬兰总理奥尔波对中国进行正式访问的消息，能否进一步介绍此访安排？中方对此访有何期待？,奥尔波总理访华期间，习近平主席将同他会见，李强总理、赵乐际委员长将分别同他会谈、会见，就双边关系和共同关心的问题深入交换意见。,郭嘉昆
t20260122_11843506.html,法新社记者,北约秘书长吕特同美国总统特朗普就北极安全进行了会谈。北约发言人称，丹麦、格陵兰岛及美国将举行谈判，旨在确保俄罗斯、中国永远不会在格陵兰岛获得经济和军事立足点。中方对此有何评论？如何看待近期关于格陵兰岛的动向？,中方一贯主张按照联合国宪章宗旨和原则处理国与国之间关系。所谓的“中国威胁”毫无根据，中方反对无中生有拿中国作为谋取私利借口的做法。,郭嘉昆
t20260122_11843506.html,伊拉克如道电视台记者,叙利亚外交部官员库泰巴·伊德比（Qutaiba　Idlbi）称，中国政府没有就维吾尔族“圣战分子”返回中国一事向叙利亚政府提出正式要求。如果中方提出要求，叙方将作出相应回复。发言人对此有何评论？,“东伊运”是中国依法认定、联合国安理会列名的恐怖组织。叙利亚承诺不会允许任何实体利用叙利亚领土从事损害中国安全、主权和利益的活动。,郭嘉昆
t20260122_11843506.html,湖北广电记者,据报道，巴基斯坦警方21日表示，巴南部信德省首府卡拉奇购物中心17日火灾造成的死亡人数已升至60人。中方对此有何评论？,中方注意到这一不幸事件。我们对遇难者表示深切哀悼，向遇难者家属和伤者致以诚挚慰问，祝愿伤者早日康复。,郭嘉昆
t20260122_11843506.html,日本广播协会记者,日本驻中国重庆总领事上个月离任后，该职位已空缺一个多月。有观点称，中方尚未同意日方派遣新任总领事。中方对此有何评论？,中方正按程序处理有关事宜。,郭嘉昆
t20260122_11843506.html,路透社记者,特朗普昨晚在达沃斯称，中国生产了大量风力发电机，但他在中国找不到任何风电场，并称中国一直在向“愚蠢的”人出售风力发电机。外交部对此有何评论？,中国构建了全球最完备的碳减排政策体系和最大的可再生能源体系，并积极分享绿色发展成果。中国风电装机规模已连续15年稳居世界第一，截至2025年11月底，中国风电装机容量超过6亿千瓦。“十四五”时期中国出口的风电和光伏产品累计为其他国家减少碳排放约41亿吨。中国在应对气候变化、推动全球可再生能源发展应用方面所作努力有目共睹。作为负责任发展中大国，中方愿同各方一道，继续推动全球绿色低碳转型，共同建设清洁美丽的世界。,郭嘉昆
t20260122_11843506.html,《中国日报》记者,针对中方近日批评菲律宾海警有关发言人恶意散播涉华虚假信息、抹黑中国形象，菲外交部21日发表声明，重申其支持经公开选举产生的官员及政府机构履行合法职责，以捍卫菲律宾的主权、主权权利及管辖权，同时称国家之间的分歧应通过既定外交渠道解决，而非公开交流。请问中方有何评论？,关于菲律宾这个海警发言人的言论，前几天我们已经阐明中方严正立场。今天上午，中国外交部亚洲司负责人约见菲律宾驻华大使，再次就此提出严正交涉。,郭嘉昆
t20260122_11843506.html,法新社记者,特朗普今天将在达沃斯举行“和平委员会”签字仪式。美政府一名高级官员昨天称，50位受邀加入“和平委员会”的领导人中约有35位接受了邀请。中方对“和平委员会”有何看法？是否考虑加入？,关于“和平委员会”的问题，我们已经作了回答。我们目前没有可以补充的信息。,郭嘉昆
t20260122_11843506.html,路透社记者,特朗普在达沃斯称，他正在努力确保美继续保持在全球加密货币领域的领先地位，中国希望获得该市场，因此我们必须保持领先，防止中国占据主导地位。外交部对此有何评论？,中国始终积极开展多双边货币金融合作，参与全球宏观政策协调和国际金融规则制定。具体问题建议向中方主管部门询问。,郭嘉昆
t20260122_11843506.html,法新社记者,继雀巢公司本月召回产品后，法国企业拉克塔利斯宣布自包括中国在内的多个国家大规模召回婴幼儿奶粉。法国当局将此次召回事件与一家中国供应商关联起来，但未透露该供应商名称。外交部是否了解更多信息？对此有何评论？,我不了解你提到的情况。中国政府高度重视食品安全，将持续采取有力措施维护消费者正当权益。,郭嘉昆
t20260123_11844286.html,总台央视记者,世界经济论坛2026年年会即将落下帷幕。本届论坛年会的主题为“对话的精神”。但各方发言中也表达了对世界走向更大分裂、爆发更多冲突的担忧。中方如何评价此次论坛年会，当前形势下应当如何推动对话？中国是否愿意在国际事务中发挥更大引领作用？,中共中央政治局委员、国务院副总理何立峰出席了今年的世界经济论坛年会并发表致辞，提出坚定支持自由贸易、坚定维护多边主义、坚持合作共赢、坚持相互尊重和平等协商等四点看法，向世界传递了中国坚定推进高质量发展、扩大高水平对外开放、推动普惠包容的经济全球化、完善更加公正合理的国际经贸秩序的积极信号。,郭嘉昆
t20260123_11844286.html,路透社记者,英国首相斯塔默是否将于下周访华？美国总统特朗普是否将于4月访华？习近平主席是否将于今年底访美？,关于第一个问题，当前国际形势动荡不安，中国和英国作为安理会常任理事国，加强交往合作，符合两国和世界利益。关于你提到的具体访问，我们会适时发布消息。,郭嘉昆
t20260123_11844286.html,今日俄罗斯记者,普京总统在与美国代表团会面时确认，俄罗斯、美国和乌克兰将于1月23日至24日在阿联酋就安全问题举行三边会谈。中方对此有何评论？,中方在乌克兰危机问题上的立场是一贯的、明确的。对话谈判是解决乌克兰危机的唯一正确道路。,郭嘉昆
t20260123_11844286.html,路透社记者,联合国专家昨天就新疆维吾尔自治区和中国其他地区的维吾尔族、哈萨克族、柯尔克孜族以及藏族人遭受“强迫劳动”深表关切。外交部对此有何评论？,中国政府一贯致力于促进和保护人权，新疆、西藏的发展进步有目共睹，不容诋毁。个别专家所谓“关切”完全是捏造臆想，根本站不住脚。我们敦促有关特别机制专家尊重基本事实，恪守特别机制行为准则，公正客观履职，不要沦为反华势力的工具和帮凶。,郭嘉昆
t20260123_11844286.html,法新社记者,TikTok昨天宣布成立一家由美方持多数股权的合资企业，负责运营其在美业务。特朗普对此表示欢迎并感谢了中国领导人。中方对此有何评论？,你提到的问题建议向中方主管部门询问。中方在TikTok问题上的立场是一贯、明确的。,郭嘉昆
t20260123_11844286.html,巴西《圣保罗页报》记者,习近平主席同卢拉总统通话并提及维护联合国核心地位的重要性。此前，中国和巴西均受邀加入特朗普总统成立的“和平委员会”。双方通话期间是否讨论了“和平委员会”？,今天上午，习近平主席同巴西总统卢拉通电话，就中巴关系和共同关心的问题交换了意见。中方已经发布了消息稿，你可以查阅。,郭嘉昆
t20260123_11844286.html,路透社记者,美国称将“允许”中国购买委内瑞拉石油，但不是以特定价格购买。中方是否会遵循美方要求？,委内瑞拉是主权国家，有权自主选择合作伙伴。,郭嘉昆
t20260123_11844286.html,印尼安塔拉通讯社记者,沙特、卡塔尔、土耳其、印尼、约旦、阿联酋、埃及和巴基斯坦8个以穆斯林为主的国家已同意加入“和平委员会”。外交部认为该委员会在多大程度上能维持加沙和平？,关于“和平委员会”的问题，我们已经作了回答。没有新的补充。,郭嘉昆
t20260123_11844286.html,今日俄罗斯记者,多家韩国媒体报道称，在中韩元首会谈中探讨了包括一条从首尔出发、经平壤连接北京的高速铁路在内的4个可能涉及朝鲜的合作项目。报道还指出，中国可能在相关项目中发挥对韩朝关系的中立调节作用。中方是否可以确认上述情况？若报道属实，中方如何看待自身在这些项目中扮演的角色？,关于本月初中韩元首会谈内容，中方已经发布了消息。关于你提到的其他问题，我没有可以提供的信息。,郭嘉昆
t20260123_11844286.html,共同社记者,今天日本国会宣布众议院正式解散。中方对此有何评论？,这是日本内政，我们不作评论。,郭嘉昆
t20260123_11844286.html,法新社记者,美国总统特朗普今天称，美方正向伊朗派遣庞大舰队。美伊之间发表强硬表态已持续数日，中方对目前形势有何评论？,中方希望伊朗保持国家稳定，希望各方珍惜和平，保持克制，通过对话解决分歧。,郭嘉昆
t20260126_11845353.html,法新社记者,美国财长贝森特称，如果加拿大同中国达成新的贸易协议，美国将对自加拿大进口的商品加征100％关税。美国总统特朗普于上周六作出相同警告。外交部对此有何评论？,中国主张各国应以共赢而非零和的理念、以合作而非对抗的方式处理国与国关系。,郭嘉昆
t20260126_11845353.html,新华社记者,中方发布了乌拉圭总统奥尔西访华的消息。中方对此访有何期待？,这是奥尔西总统首次对中国进行国事访问。访问期间，习近平主席将同奥尔西总统举行会谈，就深化中乌全面战略伙伴关系，推进高质量共建“一带一路”，以及共同关心的国际和地区问题深入交换意见。我们期待并相信在两国元首战略引领下，此访将为推动中乌全面战略伙伴关系进一步深入发展发挥积极作用。,郭嘉昆
t20260126_11845353.html,总台华语环球节目中心记者,据报道，缅甸全国大选第三阶段投票于1月25日结束，大选投票全部完成。中方对此有何评论？,缅甸新一轮大选投票于1月25日全部结束。中国、俄罗斯、印度、东盟有关国家和国际组织派员观察了大选，选举过程平稳、有序，选民积极参与投票。中方对此表示祝贺。,郭嘉昆
t20260126_11845353.html,彭博社记者,缅甸大选后，中国会否同缅甸深化关系？如果会，能否介绍下步中缅关系发展的重点方向？,中缅是传统友好邻邦，中方对缅友好政策面向缅甸全体人民。近年来，中缅各领域合作取得积极成果，有力支持缅甸民生改善与经济发展。中方愿同缅方持续深化两国全面战略合作。,郭嘉昆
t20260126_11845353.html,中新社记者,我们注意到，自上月公布新版《国家安全战略》以来，美国明显加大了对西半球的投入。近日，美国会众院“中国特设委”主席莫伦纳率团访问巴拿马等中美洲多国，声称是为应对中国对当地的胁迫、施压和干预、对抗中国影响力等，并要在巴拿马运河港口运营等经贸安全领域竞赢中国。中方对此有何回应？,中方坚决反对美国个别政客对中美洲国家同中国的正常交往指手画脚，有关言论是彻头彻尾的谎言谬论，只能镜像其自身意识形态偏见和冷战思维。,郭嘉昆
t20260126_11845353.html,阿纳多卢通讯社记者,据报道，英国首相斯塔默本周将访华。发言人能否证实？,当前国际形势动荡不安，中国和英国作为安理会常任理事国，加强交往合作，符合两国和世界利益。关于你提到的具体访问，我们会适时发布消息。,郭嘉昆
t20260126_11845353.html,《北京日报》记者,1月25日，韩国前国务总理李海瓒在越南去世。中方对此有何评论？,李海瓒先生是韩国资深政治家，曾多次率团访华，为中韩关系发展作出了积极贡献。中方对他的去世表示哀悼，向他的家属致以诚挚慰问。,郭嘉昆
t20260126_11845353.html,深圳卫视记者,1月23日，美国国务卿鲁比奥、卫生与公众服务部长小肯尼迪发表联合声明，宣布美即日起正式退出世界卫生组织。美卫生与公众服务部并称，新冠疫情初期，中国存在瞒报信息等情况，且拒绝向世卫组织提供早期感染者基因序列。中方对此有何评论？,新冠疫情发生后，中方坚持人民至上、生命至上，同世界各国携手合作、共克时艰，为国际抗疫合作作出了重要贡献。中国的抗疫行动时间经纬清清楚楚，事实数据一目了然，得到国际社会普遍认同，不容肆意歪曲抹黑。中方坚决反对将疫情政治化。借疫情搞政治操弄、对中国甩锅推责，这种做法既不得人心，更不会得逞。,郭嘉昆
t20260127_11846080.html,总台央视记者,发言人刚刚发布了英国首相斯塔默将访华的消息。能否介绍此访有关安排？中方对此访有何期待？,2024年8月，习近平主席应约同斯塔默首相通电话，11月在里约热内卢二十国集团领导人峰会期间同斯塔默首相会见，引领中英关系走上改善发展轨道。,郭嘉昆
t20260127_11846080.html,委内瑞拉南方电视台记者,近一个月前，美国轰炸委内瑞拉军队、平民和基础设施造成百人死亡，侵略委内瑞拉并绑架马杜罗总统夫妇。该事件十分严重，显示了美方对国际法的无视。中方正采取什么措施确保马杜罗夫妇尽快获释并维护委内瑞拉主权？,美方对一个主权国家使用武力，并强行控制一国总统，这种霸凌行径严重违反国际法，侵犯委内瑞拉主权。中方支持委内瑞拉维护自身主权、尊严和合法权利，愿同国际社会一道，坚定捍卫《联合国宪章》，坚守国际道义底线，维护国际公平正义。,郭嘉昆
t20260127_11846080.html,日本广播协会记者,日本东京上野动物园的两只大熊猫将于今日返回中国，日本国内将面临没有大熊猫的情况。中国外交部对此有何回应？如何评价大熊猫对促进日中关系发展发挥的作用？未来在推动日中关系发展以及两国间大熊猫保护与科研合作方面，中方有哪些考虑？,我们已经多次就此作出回应。根据中日之间的有关协议，旅居日本的大熊猫“晓晓”和“蕾蕾”已于今日启程返回中国。我们一如既往欢迎日本民众来中国看大熊猫。你提到的具体问题建议向中方主管部门进行询问。,郭嘉昆
t20260127_11846080.html,凤凰卫视记者,据了解，近期在中方位于黄海的养殖设施附近有不少船只和人员出现，威海海事局1月26日就相关海域拖航作业发布了航行警告。中方是否要移动这一设施？此前韩方透露，双方工作层就养殖设施问题进行过沟通，中方表示将移出相关管理设施。中方做法是否同韩方要求有关？,据了解，中方企业正在实施移动管理平台相关作业，这是企业根据自身经营发展需要作出的自主布局调整。中方在南黄海渔业养殖设施问题上的立场没有变化。中韩是海上邻国，双方一直就有关涉海问题保持密切沟通，推动妥善管控分歧，促进互利合作。,郭嘉昆
t20260127_11846080.html,伊拉克如道电视台记者,中方一贯强调避免对抗、寻求对话。中方是否同叙利亚政府进行过商谈，以阻止叙利亚军队攻击库尔德地区、遵守停火协议？,中方希望叙利亚尽早实现和平与稳定。希望叙利亚各派别推进政治和解进程，找到符合叙利亚人民利益的重建国家方案。,郭嘉昆
t20260127_11846080.html,委内瑞拉南方电视台记者,近期，古巴政府强烈谴责美国不断加强非法封锁行为，尤其是在石油供应方面。封锁已对古巴经济及其民众的日常生活造成严重冲击，从国际法角度已构成某种集体惩罚，其目的是推动古巴政府更迭。鉴于中古间的深厚关系，两国是否计划通过具体合作来缓解能源封锁对古巴的影响？,我们注意到古巴外交部已经就此作出回应，指出此举是在残酷打压一个对各国均毫无敌意的和平国家，也证明古巴经济困境主要由美国造成。,郭嘉昆
t20260127_11846080.html,彭博社记者,据《金融时报》报道，英国官员正在拟定计划，对中国在英活动加强审查，但将避免把中国同俄罗斯、伊朗归为同类关注对象。外交部对此有何评论？,中国和英国同为联合国安理会常任理事国和世界主要经济体，双方加强交流，增进互信，发展双边关系，加强互利合作，符合两国和世界的利益。,郭嘉昆
t20260127_11846080.html,彭博社记者,日本首相高市早苗称，一旦台湾发生危机，日美将联合救助两国公民。她还称在这种情况下，日本绝不会弃长期盟友美国于不顾。外交部对此有何评论？,需要提醒日方的是，1972年《中日联合声明》明确，“日本国政府承认中华人民共和国政府是中国的唯一合法政府”，“中华人民共和国政府重申：台湾是中华人民共和国领土不可分割的一部分。日本国政府充分理解和尊重中国政府这一立场，并坚持遵循《波茨坦公告》第八条的立场”。1978年《中日和平友好条约》经中日两国立法机构批准，确认《中日联合声明》所表明的各项原则应予严格遵守。,郭嘉昆
t20260127_11846080.html,法新社记者,加拿大联邦政府已批准资金困难的一家海洋主题公园将园内30头白鲸出售给美国的水族馆。此前加方以鲸鱼“仍可能受到剥削”为由，拒绝向中方出口白鲸。中方对此有何评论？,我不了解你提到的具体情况。加拿大和美国之间的关系我们不作评论。我想强调的是，中加关系的健康稳定发展符合两国的共同利益，也有利于世界的和平稳定与发展繁荣。中方发展中加关系的立场是一贯的、明确的。,郭嘉昆
t20260128_11846551.html,深圳卫视记者,中方此前表示将于今年2月在广州举办亚太经合组织（APEC）第一次高官会。目前会期临近，能否进一步介绍会议筹备情况？有何预期成果？,APEC高官会是为领导人会议准备成果的主渠道，每年举办四到五次。中国作为2026年APEC东道主，将于2月1日至10日在广州举办APEC第一次高官会及相关会议。这是APEC“中国年”首场正式活动。本次会议将聚焦2026年APEC会议主题“建设亚太共同体，促进共同繁荣”和三大优先领域“开放、创新、合作”，全面启动各领域各机制合作，深入讨论具体合作，为11月领导人非正式会议积累成果。,郭嘉昆
t20260128_11846551.html,韩联社记者,据报道，朝鲜昨日下午向东部海域发射了弹道导弹。韩美日对此表示，此举违反联合国安理会决议。中方对此有何评论？,我们注意到有关方对发射物的界定存在不同看法。我们希望有关方正视半岛问题根源，坚持政治解决大方向，为维护地区和平稳定作出努力。,郭嘉昆
t20260128_11846551.html,法新社记者,英国首相斯塔默将于今天开启对中国为期3天的访问，明天将会见中国领导人。外交部能否介绍中方对此访的期待？,英国首相斯塔默将于1月28日至31日应邀对中国进行正式访问。当前国际形势变乱交织，中英作为联合国安理会常任理事国，双方保持沟通，加强合作，符合两国人民共同利益，也有利于促进世界和平稳定与发展。斯塔默首相此访是英国首相时隔8年再次访华。访问期间，中国领导人将同他举行会谈会见，就双边关系和共同关心的问题深入交换意见。斯塔默首相还将访问上海。,郭嘉昆
t20260128_11846551.html,路透社记者,中国驻澳大利亚大使表示，如果澳政府强迫中国公司出售达尔文港，中方将予以反制。外交部对上述表态有何评论？,中方愿重申，有关中国企业通过市场方式获得达尔文港租约，其合法权益应该受到充分保护。,郭嘉昆
t20260129_11847318.html,总台央视记者,针对近日菲律宾海警有关发言人散播涉华虚假信息、抹黑中国形象，中方有何评论？,关于菲律宾海警某部门发言人的言论，我们此前已经阐明中方立场并向菲方提出严正交涉。这名发言人出于个人政治目的，多次发表出格和荒唐言论，惯于煽动挑衅对抗，严重损害中国国家利益和尊严，中方对此坚决反对、决不容忍。捍卫国家利益和尊严是中国驻菲律宾使馆的职责。,郭嘉昆
t20260129_11847318.html,《中国日报》记者,我们注意到“一带一路”国际合作高峰论坛咨询委员会不久前召开了新一届会议，还发布了2025年研究报告。可以介绍下有关情况吗？,1月27日，“一带一路”国际合作高峰论坛咨询委员会举行视频会议。委员们高度评价高质量共建“一带一路”取得的积极进展，认为倡议在促进世界经济增长、推动可持续发展方面发挥了重要作用，在当前国际形势下为增进各国互信、推动国际合作作出了重要贡献，建议倡议参与方在互联互通、国际贸易、人工智能、数字经济等领域加强合作。,郭嘉昆
t20260129_11847318.html,法新社记者,据报道，中国已首次批准进口英伟达H200人工智能芯片。外交部能否证实？此举对中美关系发出什么信号？,我们已多次就有关问题作出回应，具体问题建议向中方主管部门进行询问。,郭嘉昆
t20260129_11847318.html,路透社记者,英国首相斯塔默今天向习近平主席表示，希望与中方建立“成熟的关系”。中方对此作何解读？如何理解“成熟的关系”的含义？,习近平主席和斯塔默首相今天上午举行成功会晤，两国领导人同意中英要发展长期稳定的全面战略伙伴关系，这反映了双方对中英关系的新愿景，也为两国各界开展合作提供了良好稳定预期。,郭嘉昆
t20260129_11847318.html,乌通社记者,据《每日电讯报》报道，中国正向俄罗斯提供专用设备和机床，帮助俄方扩大“榛树”弹道导弹生产。俄方利用该导弹袭击乌克兰城市。中方对此有何评论？过去一个月，俄罗斯对乌克兰能源基础设施发动大规模导弹和无人机袭击，摧毁多地大量供热和电力设施。多国正在向乌提供紧急援助。外交部对俄袭击有何评论？中方是否计划向乌提供援助？,关于你提到的第一个问题，中方在乌克兰危机问题上的立场是一贯的、明确的。我们从不拱火浇油，也不趁机渔利，更不接受甩锅推责。,郭嘉昆
t20260129_11847318.html,法新社记者,据报道，中国已对缅甸明家犯罪集团案11名罪犯执行死刑。该集团曾造成14名中国公民死亡。外交部对此有何评论？能否介绍中方目前打击涉中国公民诈骗网络的行动？,中方有关部门已经发布了消息。一段时间以来，中方同缅甸等国积极合作，打击跨境电信网络诈骗犯罪，共同铲除网赌电诈毒瘤，维护人民生命财产安全和地区国家交往合作秩序，取得显著成效。中方将继续深化国际执法合作，加大力度打击电诈网赌及其他相关跨境犯罪活动，共同铲除赌诈毒瘤。,郭嘉昆
t20260129_11847318.html,路透社记者,芬兰总理奥尔波昨天结束了对中国的访问。此访能为中国带来哪些短期和长期政治红利？,中国和芬兰长期友好相处、互尊互信。奥尔波总理此行行程密集、成果丰硕。有关会谈情况，中方已经发布了消息稿，你可以查阅。,郭嘉昆
t20260130_11848280.html,总台央视记者,英国首相斯塔默昨天同中国领导人举行了一系列会见会谈。双方达成了哪些成果？中方如何评价此访对中英关系的意义，对两国关系下步发展有何展望？,英国首相斯塔默于1月28日至31日对中国进行正式访问，这是英国首相时隔8年再次访华，也是新年伊始中方接待的第一位联合国安理会常任理事国领导人。昨天，习近平主席同斯塔默首相举行会见，两国领导人同意中英要发展长期稳定的全面战略伙伴关系，致力于把中英合作“大有可为”的潜力转化成“大有作为”的实绩，为中英关系与合作开新局。李强总理、赵乐际委员长分别同斯塔默首相会谈、会见，就推进中英各领域务实合作，恢复两国立法机构交往深入交换意见。,郭嘉昆
t20260130_11848280.html,拉通社记者,美国总统特朗普签署行政令，将古巴列为国家安全威胁。该行政令还诋毁古巴同中国、俄罗斯的关系，要求对向古巴供应石油的国家加征关税。中方对此持何立场？,中方坚定支持古巴维护国家主权和安全、反对外来干涉，坚决反对剥夺古巴人民生存权发展权的举动和非人道行为。,郭嘉昆
t20260130_11848280.html,彭博社记者,巴拿马最高法院裁定，长江和记公司持有的巴拿马运河两岸港口特许经营权合约无效。外交部对巴拿马最高法院裁决有何评论？该裁决是否会影响正在进行的长和港口出售协议谈判？,相信你也注意到，有关企业已经第一时间发表声明，表示该裁决有悖于巴拿马方面批准相关特许经营权的法律，企业将保留包括诉诸法律程序在内的所有权利。,郭嘉昆
t20260130_11848280.html,路透社记者,追问关于巴拿马运河的问题。中方是否寻求机会在运河上新建港口？,我不掌握相关信息。,郭嘉昆
t20260130_11848280.html,埃菲社记者,据报道，委内瑞拉议会批准了改革法案，允许石油行业接受外国投资。美国也已部分解除对委内瑞拉的交易制裁。中国公司是否将重新评估或扩大在委能源领域的存在？,我们注意到有关报道。中方一贯反对非法单边制裁。关于中国能源政策及相关具体问题，建议向主管部门进行询问。,郭嘉昆
t20260130_11848280.html,路透社记者,昨天，中英领导人会晤，重启中英关系，而特朗普总统发出警告，称英国同中国开展经贸合作是“危险的”，加拿大更是如此。外交部对此有何评论？,中方愿同各国本着互利共赢的精神加强合作，造福各国人民。,郭嘉昆
t20260130_11848280.html,法新社记者,英国首相斯塔默访华之后还将访问日本，同日本首相会见。中方希望斯塔默首相向日本首相传递什么信息？,英国与日本之间的关系我们不作评论。我们一贯希望，国与国之间发展关系应有利于地区的和平与稳定。,郭嘉昆
t20260130_11848280.html,彭博社记者,中方表示将“积极考虑”对英国实施单方面免签。中方能否介绍目前对英公民免签一事的确切进度？是已确定了还是仍在推进过程中？如果是后者，有没有决策的具体时间表？,中英双方领导人都认为，交流越密切，越有利于增进了解和信任，都鼓励支持加强两国人员往来。为此中方积极考虑对英国公民实施单方面免签政策。我们注意到英国社会各界对此表达了热烈欢迎和积极期待。我们欢迎英国各界多来中国参访，了解真实立体全面的中国。关于你提到的具体时间表，中方有关部门在完成必要程序后，将适时对外发布，具体信息请你关注外交部和中国驻英国使馆网站。,郭嘉昆
t20260130_11848280.html,法新社记者,中方此前表示收到了美方关于加入特朗普推动的“和平委员会”的邀请。中方目前的立场是什么？是否同意加入？,关于“和平委员会”的有关问题，我们此前已经作出了回应，没有新的补充。,郭嘉昆
t20260202_11849304.html,韩联社记者,据报道，今年春节期间中国人出境游首选国家是韩国，这被认为是受到了“韩流”和韩国免签入境政策等影响。中方对此如何看待？,不断提升中韩人员往来便利化水平，有利于两国民众增进彼此了解和交流。中方也欢迎广大韩国朋友春节期间来中国过年。,林剑
t20260202_11849304.html,法新社记者,王毅外长昨天会见俄罗斯联邦安全会议秘书绍伊古时表示，可以推动中俄关系在新的一年开创新局。外交部能否介绍一下中俄今年能在哪些领域开新局？,2月1日，中共中央政治局委员、中央外办主任王毅在北京同俄罗斯联邦安全会议秘书绍伊古进行战略沟通。中方已经发布了消息稿，你可以查阅。,林剑
t20260202_11849304.html,中新社记者,据了解，近期，有中国企业人员入境美国时遭美方无端盘查扣留近60小时并被遣返。外交部对此有何评论？,近期，美方执法部门多次对中国企业人员进行长时间无理盘查、扣押并遣返，执法手段粗暴，严重侵犯中国公民正当合法权益，严重破坏两国正常商务交流合作和人文交往氛围，更与两国元首釜山会晤关于加强经贸领域合作的共识严重不符。中方对此强烈不满、坚决反对。,林剑
t20260202_11849304.html,路透社记者,在巴拿马最高法院裁定长江和记公司持有的巴运河港口特许经营权违宪后，丹麦航运集团马士基在周末表示，愿暂时接管这两个港口码头的管理工作。发言人对马士基集团的表态怎么看？,我们此前已经就巴拿马有关港口的问题阐明了中方立场。中方将坚决维护中国企业正当合法权益。,林剑
t20260202_11849304.html,深圳卫视记者,今天是第30个世界湿地日，主题是“湿地与传统知识：致敬文化遗产”。中国湿地面积居世界前列，近年来在湿地保护领域取得的成就有目共睹。发言人有何进一步评论？,湿地与森林、海洋并称地球三大生态系统，对人类的生存发展至关重要。党的十八大以来，在习近平生态文明思想指引下，中国秉持“绿水青山就是金山银山”理念，推进湿地保护修复，取得历史性成就。目前中国湿地面积位居亚洲第一、世界第四，国际湿地城市总数居世界首位。,林剑
t20260202_11849304.html,法新社记者,据中国媒体今天报道，从事诈骗活动的缅北白家犯罪集团4名罪犯被执行死刑。上个月，中国对明家犯罪集团案11名罪犯执行了死刑。外交部认为这是否体现了中方在打击缅甸网赌电诈园区方面所作努力？,我们此前回应过相关问题，中方有关部门也已经发布了消息。一段时间以来，中方同缅甸等国积极合作，打击跨境电信网络诈骗犯罪，共同铲除网赌电诈毒瘤，维护人民生命财产安全和地区国家交往合作秩序，取得显著成效。中方将继续深化国际执法合作，加大力度打击电诈网赌及其他相关跨境犯罪活动，共同铲除赌诈毒瘤。,林剑
t20260202_11849304.html,路透社记者,美国总统特朗普周六表示，他欢迎中美商谈达成购买委内瑞拉石油的协议。中方目前是否正同美方就委内瑞拉石油或委对华未偿债务问题进行沟通？,中方注意到有关报道。,林剑
t20260203_11850245.html,《中国日报》记者,日前，中共中央政治局委员、中央外办主任王毅同俄罗斯联邦安全会议秘书绍伊古进行战略沟通。绍伊古表示，俄方坚决反对日本加速“再军事化”图谋。请问中方对此有何评论？,中俄在涉日问题上立场高度一致。日本加速“再军事化”威胁地区和平稳定，国际社会和地区国家对此高度警惕。,林剑
t20260203_11850245.html,法新社记者,美国寻求降低在稀土等资源方面对中国的依赖，预计将启动一项关键矿产储备计划，初始资金为120亿美元。外交部对此有何评论？,在维护关键矿产全球产供链稳定与安全问题上，中方的立场没有变化，各方都有责任为此发挥建设性作用。,林剑
t20260203_11850245.html,中阿卫视记者,巴基斯坦军方近日称，恐怖组织“俾路支解放武装”在俾路支省奎达、瓜达尔港等多地同时发动袭击，造成15名安全部队士兵和超过18名平民死亡。“俾路支解放武装”宣称袭击造成巴安全部队84名士兵死亡。中方对此有何评论？,中方对此次袭击事件予以强烈谴责，对遇难者表示深切哀悼，向伤者和遇难者家属致以诚挚慰问。,林剑
t20260203_11850245.html,委内瑞拉南方电视台记者,一个月前，美国轰炸委内瑞拉境内平民、军事目标和关键基础设施，对委发动侵略并绑架马杜罗总统夫妇。一个月后，中方对事态发展有何评估？正发挥什么作用帮助马杜罗总统夫妇获释？,一个月前，美国悍然对委内瑞拉实施军事打击，并强行控制马杜罗总统夫妇，这种霸权行径严重违反国际法、侵犯委内瑞拉主权、威胁拉美和加勒比地区和平稳定，中方坚决反对。中方支持委内瑞拉维护自身主权、尊严和合法权利，将同国际社会一道，坚定捍卫《联合国宪章》宗旨和原则，坚守国际道义底线，维护国际公平正义。,林剑
t20260203_11850245.html,日本电视网记者,日本昨天开采出预估富含稀土的矿泥。据报道，日方想要在稀土供应方面降低对华依赖。外交部对此有何评论？,我们注意到，日本国内近年来一直都有这样的报道。,林剑
t20260203_11850245.html,俄新社记者,俄美《新削减战略武器条约》将于2月5日到期。俄罗斯总统普京此前宣布，俄方愿在到期后的一年内继续遵守条约限制性要求。但美方尚未对此作出回应。中方认为世界上最大的两个核国家之间没有军控协议将如何影响全球战略稳定？,中方注意到俄罗斯此前就《新削减战略武器条约》后续安排问题提出的建设性建议，希望美方积极回应，真正维护全球战略稳定。,林剑
t20260203_11850245.html,俄新社记者,据《金融时报》此前报道，美国总统特朗普希望维持核武器限制，并将中国纳入军控谈判。发言人对此持何立场？,中方在中美俄三边核军控谈判问题上的立场是明确的。中美核力量完全不在一个量级，现阶段要求中方加入核裁军谈判既不公平也不合理。,林剑
t20260204_11851053.html,《环球时报》记者,据报道，1月30日，巴拿马最高法院裁定香港长和集团持有巴拿马运河两端港口运营权违宪。美国国务卿鲁比奥称，美国对巴最高法院相关裁决感到振奋。美国会众院“中国特设委”主席莫伦纳称西半球不欢迎中国恶意影响。中方对此有何回应？,中方已就巴拿马最高法院对有关港口判决作出回应，香港特区政府也已就此发表声明。中方将坚决维护中国企业的正当合法权益。,林剑
t20260204_11851053.html,英国天空新闻频道记者,本周早些时候，日本首相高市早苗在竞选活动上称，她有意修改《宪法》以明确承认日本自卫队。民调显示，高市早苗有望获得多数席位。高市本人也毫不掩饰其想要加强日本军事力量的意图。中方认为这对中国和本地区意味着什么？,我们注意到上述消息。二战期间，日本军国主义给地区和世界带来了深重灾难。《开罗宣言》《波茨坦公告》和《日本投降书》等具有国际法效力的文件，明确了日本作为战败国的国际义务，这也是日本重返国际社会的政治和法律前提。正因如此，日本修宪问题一直受到国际社会和亚洲邻国高度关注。我们敦促日方深刻反省侵略历史，倾听国内民众和平反战的声音，坚持走和平发展道路，以实际行动取信于亚洲邻国和国际社会。,林剑
t20260204_11851053.html,法新社记者,欧盟称，中国清洁能源企业金风科技受益于国家补贴，扭曲欧盟市场竞争，已对该公司开展调查。外交部对此有何评论？,具体情况建议向中方主管部门了解。我要指出的是，欧盟频繁动用单边经贸工具，对中国企业采取歧视性、限制性措施，发出的是保护主义信号，损害的是欧盟形象，影响的是中国企业赴欧投资信心。我们敦促欧方恪守市场开放承诺和公平竞争原则，停止滥用单边经贸工具，为各国企业提供公平、透明、非歧视的营商环境。中方坚定维护中国企业的正当合法权益。,林剑
t20260204_11851053.html,彭博社记者,多名外交部长今天在华盛顿举行会议，欧盟也将向美国提出一项广泛的合作计划，以在关键矿产方面降低对华依赖。外交部对此会议或欧盟的计划有何评论？,在维护关键矿产全球产供链稳定与安全问题上，中方的立场没有变化，各方都有责任为此发挥建设性作用。关于你提到的欧美之间的相关计划，我要指出，中方一贯认为，各国都应当遵守市场经济原则和国际经贸规则，加强沟通对话，共同维护产供链稳定畅通，推动世界经济稳定发展。,林剑
t20260204_11851053.html,《北京青年报》记者,2月2日，哥斯达黎加主权人民党总统候选人费尔南德斯当选哥新任总统。请问中方对选举结果有何评论？,中方祝贺费尔南德斯女士当选哥斯达黎加总统。,林剑
t20260204_11851053.html,彭博社记者,缅甸联邦选举委员会表示，军方支持的联邦巩固与发展党获得压倒性胜利。外交部对选举结果有何评论？,作为友好邻邦，中方支持缅甸走符合本国国情的发展道路，支持缅甸各方实现更广泛、更牢固、更持久的和平和解，共同维护政局稳定。中方尊重缅甸人民的选择，将继续为缅甸恢复和平、稳定和发展提供建设性帮助。,林剑
t20260205_11851821.html,总台央视记者,中方多次就巴拿马最高法院裁定香港长和集团持有巴拿马运河两端港口运营权违宪表示，中方将坚决维护中方企业正当合法权益。请问中方下步将采取什么措施？是否已同巴方就港口下步运营进行沟通？,中方此前已就巴拿马有关港口问题多次阐明立场。日前，中国国务院港澳事务办公室发布文章，指出巴拿马最高法院有关裁决罔顾事实、背信弃义，严重损害中国香港企业合法权益，强调中国政府坚定维护中国企业正当合法权益。你可以查阅。,林剑
t20260205_11851821.html,总台央视记者,追问一下，据报道，针对巴拿马最高法院的裁决，长和集团4日发表公告表示，强烈反对巴方有关裁决，将就此发起国际仲裁，并保留进一步诉诸法律程序的权利。中方对此有何评论？,刚才我已经阐明了中方的立场。中方将坚决维护中国企业正当合法权益。,林剑
t20260205_11851821.html,今日俄罗斯记者,2月4日立春节气当天，俄中两国元首举行视频通话。据俄罗斯总统助理乌沙科夫表示，应中国领导人邀请，普京总统计划在2026年上半年对中国进行访问。请问中方能否提供更多信息？,昨天，习近平主席同普京总统举行视频会晤，就双边关系和共同关心的国际和地区热点问题深入交换意见。中俄两国元首一直通过各种方式保持战略沟通，引领新时代中俄关系稳步前行。,林剑
t20260205_11851821.html,今日俄罗斯记者,同一天，中国领导人先后与俄罗斯总统普京举行视频会晤、与美国总统特朗普通电话。请问中方如何看待这两场通话的意义和成果？这是否意味着俄中美三大国正就一系列国际问题协调立场？,习近平主席同普京总统举行视频会晤，同特朗普总统举行通话，是中俄、中美双方根据领导人日程商定的安排。关于两场元首互动的具体情况，我们已经发布了详细的新闻稿，你可以查阅。,林剑
t20260205_11851821.html,日本广播协会记者,美俄之间的《新削减战略武器条约》今天失效。请问昨天举行的中美及中俄元首会谈中，中方是否就条约失效问题表达了看法？对条约失效有何评论？美方表示，在推进核军控问题上，有必要建立一个包括中国在内的框架，中方对此持何立场？在推进核军控方面，中方将怎样发挥大国作用？,关于习近平主席同普京总统举行视频会晤、同特朗普总统通话的情况，中方已经发布了消息。,林剑
t20260205_11851821.html,彭博社记者,特朗普总统在与习近平主席通电话后表示，习主席将于年底前访美。外交部能否确认？是否掌握更多关于两国元首会晤的信息？,中美两国元首保持着沟通和互动。关于你提到的具体问题，我目前没有可以提供的消息。,林剑
t20260205_11851821.html,澎湃新闻记者,据报道，香港美国商会日前发布2026年度《香港商业信心调查报告》，显示受访在港美企进一步看好香港营商环境，对香港发展前景充满信心。请问外交部对此有何评论？,我们注意到这份报告。报告显示，86％的受访企业认为香港作为国际商业中心具有竞争力，92％的受访企业无意将总部迁出香港，94％的受访企业对香港法治有信心。这些数据显示了美国在港企业对香港发展前景和营商环境的信心不断增强。,林剑
t20260205_11851821.html,韩联社记者,美国今天正式组建关键矿产贸易机制，韩国将担任主席国至今年6月。中方对此有何评论？,维护开放、包容、普惠的国际贸易环境符合各国共同利益。各方都有责任为维护关键矿产全球产供链稳定与安全发挥建设性作用。同时我们反对任何国家以“小圈子”规则破坏国际经贸秩序。,林剑
t20260205_11851821.html,彭博社记者,据本社报道，在巴拿马最高法院裁定香港长和集团持有的巴拿马运河港口合同无效后，中国政府要求国有企业停止涉巴拿马新项目的谈判。外交部对此有何评论？能否证实中国政府的这一行动？,中方在巴拿马有关港口问题上的立场是明确的。,林剑
t20260206_11852777.html,路透社记者,立陶宛总理周二表示，允许（台方）以“台湾”名义在维尔纽斯开设代表机构，是立方犯下的战略性错误。中方是否考虑与立恢复全面外交关系？首先需要满足哪些条件？,中方已经多次就中立关系表明立场。中方同立方沟通的大门始终敞开，希望立方将改善双边关系的意愿转化为实际行动，尽早纠正错误，回到恪守一个中国原则的正确轨道上来，为中立关系正常化积累条件。,林剑
t20260206_11852777.html,埃菲社记者,据报道，2月5日，王毅外长会见了古巴党和政府特使、外交部长罗德里格斯。请问中方如何评价这次会见？罗德里格斯外长今天是否继续在华访问，有无其他会见安排？,关于王毅外长同罗德里格斯外长会谈的情况，中方已经发布了消息，你可以查阅。我没有更多可以提供的信息。,林剑
t20260206_11852777.html,俄新社记者,美国总统特朗普昨天提议与俄罗斯达成一项经过改进、长期有效的新战略武器协议，而非延长昨天到期的《新削减战略武器条约》。中方对此有何评论？,关于你提到的媒体报道，中方不掌握具体情况。原则上，从维护全球战略稳定的长远考虑出发，中方呼吁美方恢复同俄方的战略稳定对话，讨论美俄《新削减战略武器条约》到期后续安排，这也是国际社会的共同期待。,林剑
t20260206_11852777.html,彭博社记者,美国总统特朗普在社交媒体发文称，他全力支持日本首相高市早苗参加将于本周末举行的日本国会选举。外交部对此有何评论？在中美元首通话中，双方是否谈及涉日议题？,选举是日本内政，我不予评论。关于中美元首通话，我们已经发布了消息。,林剑
t20260206_11852777.html,法新社记者,关于巴拿马方面决定撤销长和集团的巴运河港口运营合约事，中国国务院港澳事务办公室本周早些时候曾表示，巴方将为此“付出沉重代价”。有报道称，中国官员正要求国有企业停止涉巴新项目谈判。请问这是“沉重代价”的一部分吗？,中方此前已就巴拿马有关港口的问题多次阐明立场，这一立场是明确的。你提到的具体情况，请向中方主管部门了解。,林剑
t20260206_11852777.html,新华社记者,近期展示中式生活的视频在世界各大社交平台走红，“Becoming　Chinese（成为中国人）”已是网络热门话题。我们也注意到前不久英国首相斯塔默访华期间，有外媒驻华记者坦言，在中国生活安全又方便，中国是宜居的好地方。发言人对此有何评论？,很高兴看到越来越多的外国朋友有意愿、有机会感受中国的发展变化，体验中国老百姓的烟火日常。,林剑
t20260206_11852777.html,俄新社记者,伊朗消息人士向本社透露，伊方在同美方就伊核计划进行谈判前，正与中俄磋商。中方能否证实？是否认为美伊当前的紧张局面可能缓解、分歧可以解决？,昨天，外交部副部长苗得雨、部长助理刘彬分别会见了来访的伊朗外交部副部长加里布阿巴迪。中方已经发布了消息，你可以查阅。中方一直就有关问题同各方保持沟通，希望各方通过对话解决分歧，共同维护地区和平稳定。,林剑
t20260209_11854350.html,共同社记者,昨天日本国会众议院选举中，自民党获得压倒性胜利，高市早苗预计将得以继续执政。中方希望高市早苗领导的新政府奉行怎样的外交政策？,选举是日本的国内事务，但本次选举反映一些深层次、结构性的问题以及思潮、动向、趋势，值得日本各界有识之士和国际社会深思。殷鉴不远，不可不察。我们敦促日本执政当局正视而不是漠视国际社会的关切，走和平发展道路而不是重蹈军国主义覆辙，恪守中日四个政治文件而不是背信弃义。日本极右翼势力若误判形势恣意妄为，必将遭到日本人民的抵制和国际社会迎头痛击。,林剑
t20260209_11854350.html,朝日电视台记者,高市早苗在选举后的采访中被问到参拜靖国神社的问题，她回答将为营造环境而努力。对此中方有何评论？,靖国神社是日本军国主义发动对外侵略战争的精神工具和象征，供奉着对侵略战争负有严重罪责的14名甲级战犯。靖国神社问题的实质是日本能否正确认识和深刻反省日本军国主义侵略历史，事关人类良知、中日关系政治基础和日本国家信义。忘记历史就意味着背叛，否认罪责就意味着重犯。今年是东京审判开庭80周年。在这一特殊年份，日本尤其应当正视和反省侵略历史，在靖国神社等重大历史问题上谨言慎行，不要重蹈覆辙，以实际行动同军国主义彻底切割。,林剑
t20260209_11854350.html,法新社记者,香港特区法院今天宣布黎智英犯有危害国家安全的罪行，对其判处20年监禁。黎是英国公民，英国首相斯塔默近期访华期间提及此案，此前美国总统特朗普也要求中方释放他。外交部对此有何评论？,黎智英是一系列反中乱港事件的主要策划者和参与者，其行为严重冲击“一国两制”原则底线，严重危害国家安全，严重损害香港繁荣稳定和市民福祉，理应受到法律严惩。,林剑
t20260209_11854350.html,东京电视台记者,有观点认为，中方近期对日本的强硬立场对昨天的日本选举结果产生了重大影响。中方对此有何评论？,中方从不干涉别国内政，也坚决反对任何干涉中国内政、侵害中国核心利益、违背国际法和国际关系基本准则、破坏地区和平稳定的错误言行。我们的对日政策是明确、稳定、连续的。无论日本领导人是谁，无论是哪个政党执政，都必须恪守中日四个政治文件以及日本和平宪法，履行自身承诺和国际义务。,林剑
t20260209_11854350.html,东京电视台记者,日本大选结果公布后，中国社交媒体出现许多帖文，表达对日本右转趋势的关切。中国政府如何看待这种反应？,当年日本军国主义分子曾把日本引向侵略战争歧途，对亚洲邻国和世界犯下滔天罪行，也给日本人民带来深重灾难。历史教训十分深刻，以史为鉴，方能面向未来。日本是坚持走和平发展道路，以实际行动取信周边邻国和国际社会，还是逆历史潮流而动，挑战战后国际秩序，这值得日本为政者和日本各界有识之士深思。,林剑
t20260209_11854350.html,朝日电视台记者,日本国会众议院选举中自民党胜出。美国总统特朗普就高市早苗获胜称，期待高市实现以实力保障和平的政策。中方有何评论？,选举是日本的国内事务。美日处理双边关系应有利于地区和平稳定。,林剑
t20260209_11854350.html,法新社记者,美国总统特朗普此前提议成立“和平委员会”。有报道称，美国将于2月19日在华盛顿特区就此举行领导人会议。中方是否收到参会邀请？会否出席会议？谁将出席？,我们此前已就涉及“和平委员会”的问题作了回答，没有新的补充。,林剑
t20260209_11854350.html,法新社记者,据加拿大官员和加公民谢伦伯格的律师称，中方已推翻对谢的死刑判决。外交部对此有何评论？这是否是中加关系改善的信号？,据了解，近日中国有关司法机关对有关死刑案进行复核并作出了宣判。具体请向主管部门询问。,林剑
t20260210_11855248.html,深圳卫视记者,针对香港高等法院判处黎智英20年监禁，美国、英国、澳大利亚、欧盟等方面发表声明，对上述判决表示关切。中方对此有何回应？,个别国家和机构借香港特区司法案件恶意抹黑香港、诋毁香港法治、干涉中国内政，中方对此坚决反对，已向有关国家和机构提出严正交涉。,林剑
t20260210_11855248.html,总台央视记者,中方如何看待当前中匈关系，对此访有何期待？,匈牙利是中国在欧洲地区的全天候全面战略伙伴。访问期间，王毅外长将会见匈牙利领导人，同西雅尔多外长举行会谈，就双边关系和共同关心的问题深入交换意见。中方愿同匈方一道，落实好两国领导人重要共识，深化战略沟通，拓展务实合作，推动中匈、中欧关系行稳致远。,林剑
t20260210_11855248.html,法新社记者,日本首相高市早苗昨天称，她对与中方开展对话持开放态度，两国将继续交换意见。外交部对此有何评论？中方是否愿意与高市对话？,中方已多次阐明相关严正立场。真正的对话应建立在尊重对方、恪守共识的基础上。嘴里喊着对话、手上却忙着对抗，这样的“对话”没人会接受。日方如果真心想发展中日战略互惠关系，很简单，也很明确，就是撤回高市涉台错误言论，恪守中日四个政治文件和日方作出的政治承诺，以实际行动展现对话诚意。,林剑
t20260210_11855248.html,路透社记者,上个月底，东盟国家与中国举行落实《南海各方行为宣言》高官会，各方同意加强对话。此次会议是否有助于缓解南海紧张局势？菲律宾是否表现出解决南海问题的意愿？双方计划采取哪些后续措施？,近日，中菲外交部官员在菲律宾宿务举行了双边会见，就涉海等共同关心的问题坦诚深入交换意见。双方同意继续通过外交渠道保持沟通，妥善处理涉海分歧，管控好海上局势。,林剑
t20260210_11855248.html,彭博社记者,荷兰与中国此前就芯片制造商安世半导体的所有权发生了争端。新一届荷兰内阁将包括数名对华鹰派人物。荷兰政府计划针对中国窃取荷方知识产权以及对荷关键基础设施的干涉行为采取果断行动。外交部对此有何评论？此外，舍尔茨玛将在荷内阁中担任贸易大臣，他曾于2021年被中方制裁。他目前是否仍受到制裁？,中荷都是全球重要经济体，互为重要合作伙伴。长期以来，双方秉持开放务实的精神推进互利合作，为两国人民带来福祉，符合双方共同利益，也有利于中欧关系发展和全球产供链稳定。希望并相信荷兰新政府将继续秉持客观理性对华态度，同中方一道推动双边关系稳健发展。关于第二个问题，我没有可以提供的信息。,林剑
t20260210_11855248.html,《北京青年报》记者,泰国新一届国会下议院选举初步计票结果显示，自豪泰党、人民党、为泰党所获议席位列前三。中方对此有何评论？,泰国已顺利举行全国大选。作为泰国的亲密友邻，中方支持泰国走符合本国国情的发展道路，支持泰国保持稳定和发展，愿同泰方一道，深化各领域互利合作，推动中泰命运共同体建设走深走实，更好造福两国人民。,林剑
t20260210_11855248.html,路透社记者,自今日起至3月11日，古巴将面临航空燃油短缺。国际航空公司正暂停飞往古巴的航班。是否有中国公民滞留古巴？中国会否采取切实措施帮助古巴缓解石油供应短缺？,关于第一个问题，据了解，目前没有接到中国公民滞留报告。,林剑
t20260211_11856246.html,总台央视记者,据了解，2026年亚太经合组织（APEC）第一次高官会昨天在广州结束。能否介绍一下会议情况和主要成果？,2月1日至10日，2026年亚太经合组织（APEC）第一次高官会及相关会议在广东省广州市举行。这是中国担任APEC东道主举办的首场正式活动，全面启动各领域合作，为11月举行的领导人非正式会议积累成果。中共中央政治局委员、外交部长王毅出席高官会开幕式并致辞。会议期间共举办高官会、委员会、工作组会以及研讨会等55场会议和活动，来自各成员经济体及APEC秘书处、观察员、工商咨询理事会等1400余名代表与会。,林剑
t20260211_11856246.html,路透社记者,英国首相斯塔默访华时，中方表示将对英国公民因旅游目的来华实施免签，但未明确该政策生效时间。关于此事有无最新进展？,中方有关部门在完成必要程序后将适时对外发布。具体信息请关注外交部和中国驻英国大使馆网站。,林剑
t20260211_11856246.html,《中国日报》记者,我们注意到，联合国人权理事会“妇女和女童歧视问题工作组”等多个人权特别机制联合向日本政府发送指控函，严重关切日本剥夺“慰安妇”受害者寻求真相和赔偿的权利。中国等“慰安妇”受害者所在国也纷纷响应特别机制要求，提供了支持性材料和评论，已在联合国人权高专办网站发布。发言人能否进一步介绍有关情况？,强征“慰安妇”是日本军国主义犯下的严重罪行，是对相关受害者权利的严重践踏，铁证如山，不容否认。国际社会对这一罪行强烈愤慨。,林剑
t20260211_11856246.html,路透社记者,澳大利亚警方指控两名中国公民从事“外国干涉”活动。这两人将于周三出庭受审。外交部对此有何评论？,我不掌握有关案件具体情况。中国从不干涉别国内政，同时坚决反对以“外国干涉”为借口干扰中国同有关国家正常人员往来和交流合作。中方敦促澳方慎重妥善处理有关案件，保障中国公民合法权益。,林剑
t20260211_11856246.html,总台CGTN记者,据报道，美国主管军控事务的副国务卿迪南诺在日内瓦裁军谈判会议全面阐述美国核军控主张，呼吁中国加入多边核军控和战略稳定对话。美方还指控中方曾于2020年6月开展核爆炸试验。请问中方对此有何评论？,我们注意到有关报道，美方立场了无新意。美国持续歪曲抹黑中国核政策，本质上是美国谋求核霸权、推卸自身核裁军责任的政治操弄，中方对此坚决反对。,林剑
t20260211_11856246.html,埃菲社记者,昨天发言人表示，中方将向古巴提供力所能及的支持和帮助。能否介绍中方考虑提供哪种具体帮助以应对古巴能源危机？是否会提供燃油或资金援助？,我愿再次重申，中方坚定支持古巴维护国家主权和安全，反对外来干涉，坚决反对剥夺古巴人民生存权发展权的举动和非人道行为，将一如既往的向古巴提供力所能及的支持和帮助。至于具体援助项目，建议向主管部门询问，这也需要中古通过双边渠道协商。,林剑
t20260211_11856246.html,法新社记者,美国总统特朗普周一称，如加拿大与中国达成贸易协议，中方会做的第一件事就是终止加拿大所有冰球运动。中方对此有何回应？,中国与加拿大构建新型战略伙伴关系，体现了平等相待、开放包容、和平合作、共享共赢的精神，不针对任何第三方，符合两国人民共同利益，也有利于世界和平稳定与发展繁荣。,林剑
t20260212_11857627.html,总台央视记者,农历春节临近，世界各地纷纷举办丰富多彩的迎新春活动，既有舞龙狮、挂彩灯、写福字、穿汉服等传统元素，也有贺岁联合国的人形机器人、AI红包、电子年货等创新元素。“到中国过春节”成为众多海外网友的新风尚。有外媒称，2026年中国春节有望成为最热闹、最令人期待的旅游季。发言人对此有何评论？,今年是“非遗版”春节2.0。春节越来越成为世界共同的节日、全球共享的文化盛宴。正如你提到的，春节习俗不仅是中国传统文化的汇聚，也是现代科技创新的集合，更在与世界的互动中焕发生机与活力。,林剑
t20260212_11857627.html,中阿卫视记者,近日，以色列内阁批准多项措施，加强对约旦河西岸的控制。巴勒斯坦外交部强烈谴责此举，称之为“殖民主义”和“战争罪行”。中方对此有何评论？,加沙和约旦河西岸都是巴勒斯坦不可分割的领土。“两国方案”是解决巴勒斯坦问题的根本出路。中方一贯反对在巴勒斯坦被占领土上兴建定居点，反对一切试图吞并或蚕食巴勒斯坦领土、破坏“两国方案”政治基础的企图。当前加沙局势仍然十分脆弱，有关方面应停止采取任何激化矛盾、加剧紧张的行动。,林剑
t20260212_11857627.html,法新社记者,荷兰一家法院周三决定对安世半导体所谓的“管理不善”展开正式调查。中方对此有何回应？,中方主管部门已多次就安世半导体问题阐明立场，指出安世半导体问题的根源是荷方对企业经营的不当行政干预。中方认为，荷方应为企业尽快解决内部纠纷、维护全球半导体产供链稳定畅通创造有利条件。中方将继续支持中国企业维护自身正当合法权益。,林剑
t20260212_11857627.html,真实巴西记者,昨日，美国国务院西半球事务局对秘鲁可能无力监管中国拥有的钱凯港表达关切，并警告称中国资金会侵蚀秘鲁主权。中方对美国就秘鲁和中国之间的商业和司法事务发表声明有何回应？,中方对美方公然造谣抹黑钱凯港表示坚决反对和强烈不满。,林剑
t20260212_11857627.html,法新社记者,赖清德在采访中称，台湾一旦被“吞并”，接下来受到威胁的就是日本、菲律宾等印太国家。中方有何回应？,赖清德有关言论再次暴露其顽固“台独”分子本质，充分证明赖清德是“和平破坏者”、“危机制造者”、“战争煽动者”，充分说明“台独”是台海和平稳定的祸根乱源。无论赖清德说什么、做什么，都改变不了台湾是中国领土一部分的历史和法理事实，撼动不了国际社会坚持一个中国原则的基本格局，更阻挡不了中国终将统一、也必将统一的历史大势。“倚外谋独”“以武拒统”是蚍蜉撼树，注定失败！,林剑
t20260212_11857627.html,印尼安塔拉通讯社记者,据报道，印尼正计划派遣8000名士兵参与由“和平委员会”负责的加沙维和任务。作为联合国第二大维和摊款国和安理会常任理事国第一大维和出兵国，中国是否会向加沙派遣维和人员，为重建巴勒斯坦提供人道主义支持？,关于加沙局势，中方已多次阐明立场。我们希望加沙停火协议得到切实执行，实现全面持久停火，有效缓解人道危机，尽早恢复地区稳定局面。,林剑
t20260212_11857627.html,路透社记者,法国农业部最近认定一家中国公司是受污染配方奶粉的原料生产商，此前受污染奶粉在欧洲被大范围召回。发言人对此有何评论？,我不了解你提到的具体情况。我要指出的是，中国政府高度重视食品安全，将持续采取有力措施维护消费者的正当权益。,林剑
t20260212_11857627.html,彭博社记者,第一个问题，据报道，美国总统特朗普预计4月初访问中国，习近平主席将同其会见，消息人士还称中美贸易“休战”预计会延长。外交部对此有何评论？第二个问题，美国能源部长向记者透露，中国近期从委内瑞拉购买了此前由美国在委采购的原油，美方正考虑与中方就委内瑞拉石油问题达成更多协议。发言人能否证实中方近期购买了这些原油？对此有何评论？,关于第一个问题，元首外交对中美关系发挥着不可替代的战略引领作用。不久前的两国元首通话中，特朗普总统再次表达了4月访华的愿望。习近平主席重申了对特朗普总统访华的邀请。双方就此保持着沟通。,林剑
t20260212_11857627.html,法新社记者,赖清德称，希望台湾和欧洲在未来可以加强军工产业和科技的合作。发言人对此有何回应？,我刚才已经非常清晰指出了，“倚外谋独”“以武拒统”是螳臂当车，注定失败！,林剑
t20260213_11858655.html,中新社记者,近几年，外交部每年都会在春节期间面向海外侨胞开展“温暖迎春·共庆中国年”慰侨专项活动，能否介绍2026年春节有关工作安排？,自2023年起，外交部已连续4年联合各驻外使领馆开展“温暖迎春·共庆中国年”慰侨专项活动，向侨胞传递党中央关心关爱，同时“以侨为桥”开展节庆文化活动，在海外引发了热烈反响。,林剑
t20260213_11858655.html,彭博社记者,日本称扣押了一艘中国渔船及其船长，该渔船驶入日“专属经济区”并试图逃避检查。外交部对此有何评论？,中国政府一贯要求中国渔民依法依规作业，同时坚决维护中国渔民合法权益。希望日方严格遵守《中日渔业协定》，公正执法，保障中方船员安全和合法权益。,林剑
t20260213_11858655.html,湖北广电记者,据报道，2月12日，巴巴多斯大选结果揭晓，巴巴多斯工党赢得众议院全部30个议席，现任总理、工党领袖莫特利将连任总理。请问中方对此有何评论？,中方对莫特利总理获得连任表示祝贺。巴巴多斯是中国在加勒比地区的重要合作伙伴。建交49年来，中巴关系健康稳定发展，中方愿同巴方一道努力，继续深化各领域务实合作，推动两国传统友好关系迈上新台阶。 中国驻福冈总领馆正在协助有关中国船员安全返回。,林剑
t20260223_11862032.html,彭博社记者,据报道，美国驻北约大使表示，中国只需打一个电话，就能结束俄乌冲突；中国正在“全面助长战争”。中方对此有何回应？,中国不是乌克兰危机的制造者，也不是当事方。我们始终站在和平与对话一边，推动危机政治解决。中方的客观公正立场得到国际社会广泛认可。所谓“全面助长战争”完全是无端指责。,林剑
t20260223_11862032.html,路透社记者,据Axios援引两名美国官员报道，美国总统特朗普和以色列总理内塔尼亚胡此前在白宫会晤时同意，美将努力减少伊朗对华石油出口。中方对此有何评论？如何看待与伊朗的能源贸易关系？,各国在国际法框架内开展正常合作，合理合法，理应得到尊重和保护。,林剑
t20260223_11862032.html,法新社记者,欧盟委员会已针对希音销售不利于青少年健康的玩偶一事启动调查。外交部对此有何评论？,我们不了解你提到的具体情况。作为原则，中国政府一贯要求海外经营企业切实遵守驻在国法律法规，积极履行社会责任，也希望有关方面为各国企业提供公平、透明、非歧视的营商环境，避免损害企业对欧投资信心。,林剑
t20260223_11862032.html,法新社记者,据报道，美国国务卿鲁比奥宣布任命新任美国“西藏特别事务协调员”。外交部对此有何评论？,中国政府在涉藏问题上的立场是一贯的，明确的。西藏事务是中国内政，不容任何外部势力干涉。美方设立所谓“西藏特别事务协调员”，是在干涉中国内政，中方从来不予承认。美方应恪守在涉藏问题上的承诺，停止利用涉藏问题干涉中国内政。,林剑
t20260223_11862032.html,共同社记者,日本自民党总裁高市早苗当选日本第105任首相。外交部对此有何评论？对今后中日关系的发展前景有何期待？（《日本经济新闻》、东京广播公司、日本广播协会亦问及）,相关选举是日本内部事务。我们再次敦促日方反思纠错，恪守中日四个政治文件精神和自身所作承诺，以实际行动展现维护中日关系政治基础的基本诚意。,林剑
t20260223_11862032.html,韩联社记者,据报道，近期进入韩国海域非法捕捞的中国渔船有所增加，韩国海警计划将对非法渔船的罚款上限提高至5倍。中方对此持何立场？,中方注意到有关消息。中国政府一贯要求中国渔民依法依规作业，同时坚决维护中国渔民合法权益。中韩双方已就渔业问题建立对话沟通机制。中方愿同韩方加强沟通合作，共同维护海上渔业秩序。,林剑
t20260223_11862032.html,塔斯社记者,2月19日，美国总统特朗普在“和平委员会”首次会议上表示，他希望俄中能根据美方提出的计划参与加沙地带局势稳定进程。请问中国如何看待“和平委员会”的作用？中俄在解决加沙问题上是否需要保持密切协调联系？,中方此前已就“和平委员会”相关问题作出回应，没有新的补充。,林剑
t20260223_11862032.html,富士电视台记者,高市早苗在施政演说中称，全面推进与中国的战略互惠关系，构建建设性的、稳定的日中关系，是她内阁的一贯政策；作为重要邻国，由于双方存在各种悬而未决的问题和挑战，日方将继续与中方进行沟通，同时采取冷静妥善的应对措施。中方对此有何评论？,中方已多次阐明相关严正立场。真正的沟通应建立在尊重对方、恪守共识的基础上。日方如果真心想发展中日战略互惠关系，就应该撤回高市涉台错误言论，恪守中日四个政治文件和自身所作承诺，以实际行动展现维护中日关系政治基础的基本诚意。,林剑
t20260224_11862591.html,中新社记者,我们注意到，中国春节今年继续“圈粉”世界，全球各地都举行了形式多样的庆祝活动。数据显示，春节期间入境游人次同比翻了一番，外国游客春节机票预订量同比激增超400％。请问发言人对此有何评论？,马年春节恰逢9天长假，中国大江南北欢乐祥和、团圆喜庆。不少外国朋友来到中国，逛庙会、包饺子、写春联，沉浸式品味中国“年味”，体验传统与科技融合的“数字化过年”，通过春节感受中国人的生活方式，了解和睦包容、和而不同的中国文化。,毛宁
t20260224_11862591.html,中阿卫视记者,美方被曝考虑在伊核谈判前对伊朗实施有限打击，伊朗誓言将严厉报复。中方对此有何评论？,中方正在密切关注有关动向，希望各方保持克制，通过对话解决分歧。中东地区紧张局势升级不符合任何一方利益。,毛宁
t20260224_11862591.html,总台央视记者,外交部昨天发布了默茨总理将访华的消息。能否介绍默茨总理此访有关安排？中方如何评价当前中德关系？对此访有何期待？,此访是德国总理默茨就任以来首次访华。访问期间，习近平主席将同他会见，李强总理将同他会谈，就双边关系和共同关心的问题交换意见。,毛宁
t20260224_11862591.html,法新社记者,巴拿马政府接管了长江和记运营的两个巴拿马运河港口。香港特区政府和长江和记提出抗议。外交部对此有何评论？,中方在巴拿马有关港口问题上的立场是明确的。相信你也注意到，有关企业已经发表声明，表示将保留包括诉诸法律程序在内的一切权利。中方将坚决维护企业正当合法权益。,毛宁
t20260224_11862591.html,韩国《中央日报》记者,据报道，18日，驻韩美军战机在黄海空域进行空中演习时，中国军机起飞，同美国军机相互对峙。中方曾就此与韩美接触。中方对此有何评论？,针对近日美国军机在黄海有关空域活动，中国军队依法依规全程跟监警戒、有效应对处置。,毛宁
t20260224_11862591.html,日本广播协会记者,中国商务部今天宣布将20家日本实体列入出口管控名单，还将20家日本实体列入关注名单。外交部对上述措施有何评论？为什么在这个时候出台这些措施？,具体问题建议向中方主管部门了解。为维护国家安全和利益、履行防扩散等国际义务，中方依法依规采取措施，目的是制止日本“再军事化”和拥核企图，完全正当、合理、合法。,毛宁
t20260224_11862591.html,印尼安塔拉通讯社记者,上周，印尼同美国达成互惠贸易协议。根据协议条款，印尼应采取与美方举措具有同等效果的进口限制措施，例如关税、配额、禁令、费用等。外交部对此有何评论？,中方一贯主张各国开展互利共赢的经贸合作，有关合作不应针对第三方，也不应损害第三方利益。,毛宁
t20260224_11862591.html,路透社记者,美国政府高官称，DeepSeek最新人工智能模型据称使用了英伟达最先进人工智能芯片Blackwell进行训练。此举可能违反美对华芯片出口管制。美方认为，DeepSeek将去除可能体现其使用美国芯片的技术标识。上述消息是否准确？中国公司有不违反出口管制使用Blackwell芯片的途径吗？,我不了解具体情况。关于美国输华芯片问题，中方已经多次表明原则立场。,毛宁
t20260224_11862591.html,乌通社记者,今天是俄乌冲突爆发四周年。四年来，乌克兰人民一直在保卫自己的国家和家园。外交部对俄乌持续冲突有何评论？,中方在乌克兰危机问题上的立场是一贯的、明确的，我们支持一切致力于和平的努力。近期乌克兰危机终于打开对话之门，各方保持着对话势头。对话谈判是解决危机的唯一可行出路。希望各方抓住机遇，达成全面、持久、有约束力的和平协议。中方愿同国际社会一道，继续为推动危机政治解决发挥建设性作用。,毛宁
t20260224_11862591.html,彭博社记者,能否证实特朗普总统将于3月31日至4月2日访华？,元首外交对中美关系发挥着不可替代的战略引领作用。中美双方就特朗普总统访华事宜保持着沟通。关于你提到的具体问题，我目前没有可以提供的信息。,毛宁
t20260224_11862591.html,埃菲社记者,近期，墨西哥数州发生暴力事件。中国驻墨西哥使馆发布安全提醒。外交部对墨西哥国内情况有何评论？是否波及中国公民？,中方正在关注墨西哥国内情况。到目前为止没有收到中国公民受伤的信息。希望墨方采取切实有效措施，保护在墨中国公民和机构安全。,毛宁
t20260224_11862591.html,路透社记者,俄乌冲突今天起进入第五个年头。欧洲各国政府和美国反复要求中国停止对俄支持并推动结束冲突，但中方一再表示自己不是当事方。分析人士称，俄乌冲突对中国经济影响微乎其微，欧洲聚焦俄乌冲突而非亚洲有利于中国。中方是否从俄乌冲突中间接受益？,对于乌克兰危机，中国的立场是客观公正、有目共睹的。我们一直积极劝和促谈，推动停火止战。中国从不拱火浇油，从不趁机渔利，也不接受甩锅推责。,毛宁
t20260224_11862591.html,法新社记者,美国人工智能公司Anthropic指责DeepSeek、Moonshot AI及MiniMax三家中国人工智能企业以非法手段获取其聊天机器人“克劳德”的能力，并称这构成国家安全风险。外交部对此有何评论？,我不了解你提到的情况。,毛宁
t20260224_11862591.html,彭博社记者,美俄官员正在日内瓦进行军控会谈，中方据称将于周二与美方举行会谈。发言人能否证实？中方对会谈有何期待？,在日内瓦裁军谈判会议高级别会议期间，中国代表团愿意同各国与会代表团保持沟通，就裁谈会工作、《不扩散核武器条约》审议大会等问题交换意见。,毛宁
t20260225_11863408.html,《中国日报》记者,据报道，近日，美国主管军控事务的助理国务卿耶奥指责中国曾进行核爆炸试验。美方将根据“对等原则”恢复核试验。全面禁核试条约组织网站发布消息称，2020年6月22日监测到中国境内有两次很小的地震事件，仅凭相关数据无法对事件原因进行可信评估。请问中方对此有何评论？,美方指责捕风捉影、遮遮掩掩，根本站不住脚。中方已多次重申，中国一贯坚定支持《全面禁止核试验条约》宗旨和目标，始终恪守五核国“暂停核试验”承诺。,毛宁
t20260225_11863408.html,俄新社记者,英国政府昨天扩大涉俄制裁，制裁名单新增250名个人和企业，其中包括来自中国和阿联酋的法人实体。中方对此有何评论？,中方一贯反对没有国际法依据、未经联合国安理会授权的单边制裁，对英方有关做法强烈不满。在乌克兰危机问题上，中方一直致力于劝和促谈，严格管控军民两用物项出口。中俄正常交往合作不应受到干扰和影响。中方将采取必要措施，坚决维护自身正当合法权益。,毛宁
t20260225_11863408.html,德新社记者,德国总理默茨启程访华前阐述了此访五点指导原则，未用上届政府对华战略中的“系统性竞争对手”描述中国。中方对此有何评论？,中国和德国是全方位战略伙伴，积累了良性竞争、融合发展的成功实践。中德合作互惠互利，为两国人民带来实实在在利益。双方应当秉持相互尊重、平等相待、互利共赢原则，推动中德关系取得更大发展，共同为世界和平与繁荣作出更大贡献。,毛宁
t20260225_11863408.html,俄新社记者,俄罗斯对外情报局昨天表示，英国和法国计划向乌克兰移交核武器，认为乌应拥有一枚原子弹或至少一枚“脏弹”，以便为结束冲突争取更有利条件。中方对此有何评论？,我不掌握有关情况。中方一贯主张核武器用不得、核战争打不得，国际核不扩散义务应得到切实遵守。当前围绕乌克兰危机的对话已经启动，希望各方抓住机遇，达成全面、持久、有约束力的和平协议。我们呼吁有关各方保持冷静克制，避免采取任何可能导致误解误判甚至升级局势的举动。,毛宁
t20260225_11863408.html,俄新社记者,美国共和党参议员克鲁兹周二表示，委内瑞拉、古巴和伊朗的政府可能在未来半年内被对美友好的政权取代。鉴于中国同这三国关系密切，请问中方如何看待上述言论？,中方反对以任何借口干涉别国内政，反对任何违反《联合国宪章》宗旨和原则、侵犯别国主权的行为。,毛宁
t20260225_11863408.html,日本电视网记者,日本执政党自民党通过了呼吁政府放宽防卫装备出口的提案，松绑此前被禁止的致命武器出口。外交部对此有何评论？,我们注意到有关报道，对此表示严重关切。由于侵略历史，日本的军事安全动向一直备受亚洲邻国和国际社会关注。近年来日本大幅调整安保政策，日方官员还公开鼓噪“拥核”，谋求修改“无核三原则”，取消武器出口限制，再次暴露了日本右翼势力突破战后国际秩序和国内法的约束、谋求“再军事化”的野心。国际社会对此应高度警惕，携手捍卫二战胜利成果和战后国际秩序，坚决抵制日本“新型军国主义”妄动。,毛宁
t20260226_11863973.html,深圳卫视记者,德国总理默茨即将结束访华之旅，中方如何评价此访成果？对中德关系未来发展有何展望？,这是默茨总理就任之后首次访华，也是农历马年中方接待的首位外国领导人。昨天习近平主席会见了默茨总理，李强总理同他举行会谈，双方发表《中华人民共和国和德意志联邦共和国联合新闻声明》。,毛宁
t20260226_11863973.html,伊朗声像组织记者,如果美国打击伊朗，中国会作何反应？中国会否同俄罗斯一起支持伊朗抗击美国侵略？,我们正密切关注伊朗局势发展。中方一贯主张通过政治外交途径解决问题，反对在国际关系中使用或威胁使用武力。中伊两国人民传统友好，中方支持伊朗政府和人民维护国家稳定和正当权益。希望各方珍惜和平，保持克制，通过对话解决分歧。中方愿为此继续发挥负责任大国作用。,毛宁
t20260226_11863973.html,韩联社记者,朝鲜劳动党总书记金正恩近日在朝鲜劳动党九大表示，如美方承认朝鲜拥核国地位并取消对朝敌对政策，朝方没有理由不和美方友好相处。他将韩方近期展现的缓和姿态称为骗局和拙劣伎俩，明确表示无意对话。中方对此有何评论？,作为朝鲜半岛近邻，中方关注半岛局势发展演变。维护半岛和平稳定，推动半岛问题政治解决进程，符合各方利益，希望各方共同为此作出努力。,毛宁
t20260227_11865619.html,《北京日报》记者,据报道，2月26日晚，巴基斯坦和阿富汗在两国边境地区爆发激烈交火，造成双方重大人员伤亡。27日凌晨，巴方对阿首都喀布尔等地发动空袭，两国紧张局势快速升级。请问中方对此有何评论？,中方正密切关注局势发展。巴基斯坦和阿富汗是搬不走的邻居，也都是中国的邻国。作为邻国和朋友，中方对冲突升级深感担忧，对冲突造成人员伤亡十分痛心。,毛宁
t20260227_11865619.html,路透社记者,巴拿马总统穆利诺称，他不认为中国会就长江和记退出巴拿马运河港口运营进行反制。他并称，如中方采取措施，巴方将予以应对。外交部对此有何评论？,中方在巴拿马有关港口问题上的立场是明确的，将坚决维护企业正当合法权益。,毛宁
t20260227_11865619.html,总台央视记者,近期，俄美乌三方围绕乌克兰危机举行了三轮会谈，3月初还将举行新一轮会谈。2月25日下午，习近平主席会见来华进行正式访问的德国总理默茨，双方就乌克兰危机交换意见。发言人能否介绍有关情况？,2月25日，习近平主席在会见德国总理默茨时，就乌克兰危机深入交换意见。习近平主席阐述中方原则立场，指出关键是坚持通过对话谈判寻求解决方案，要确保各方平等参与，筑牢和平基础；确保照顾各方合理关切，增强和平意愿；确保实现共同安全，构建持久和平架构。,毛宁
t20260227_11865619.html,俄新社记者,追问关于巴阿冲突的问题，中方是否正在考虑撤离在巴基斯坦和阿富汗的中国公民及企业？是否计划暂停航班？,我们正密切关注局势发展，将为有需要的中国公民提供必要协助。,毛宁
t20260227_11865619.html,湖北广电记者,近期数据显示，中国已成为世界上首个国内有效发明专利数量突破500万件的国家，不仅发明专利申请量连续多年位居全球第一，更拥有全球约3/5的人工智能专利、约2/3的机器人相关专利。有评论称，这让人看到中国保护知识产权的努力，也反映出中国科技创新的活力。发言人对此有何看法？,提到科技创新，这个春节我印象最深的就是机器人在春晚的表演和Seedance2.0生成的拜年视频。科技创新成果正在改变日常生活，带来越来越多的惊喜和便利。,毛宁
t20260227_11865619.html,彭博社记者,美国国防部提交国会的文件显示，为应对中国在亚洲“前所未有的军备扩张”，美方计划支出126亿美元，加强对中国可能部署的军事行动、潜艇和卫星的监测。发言人对此有何评论？,美国以所谓“中国威胁”为借口强化在亚太军事部署，不利于地区和平稳定，不符合地区国家利益。,毛宁
t20260227_11865619.html,俄新社记者,美国国务卿鲁比奥昨天表示，任何核军控协议都必须有美国、俄罗斯和中国参与，并称美将继续敦促中国，因为这样的协议将使世界受益。中方对此有何评论？,中方已多次阐明立场。作为拥有庞大核武库的国家，美国理应切实履行核裁军特殊、优先责任，这是国际社会的普遍共识。中国核力量同美俄完全不在一个量级，现阶段要求中方参加所谓中美俄三边核裁军谈判不公平、不合理、也不可行。,毛宁
t20260302_11867140.html,新华社记者,美国和以色列2月28日对伊朗发动军事打击以来，海合会国家和约旦等国境内的美军目标先后遭到袭击，相关国家发表声明予以谴责。中方对此有何评论？,美国和以色列未经安理会授权对伊朗发动军事打击违反国际法。中方对战事外溢波及周边国家深表关切。中方认为，海湾各国的主权安全和领土完整也应得到充分尊重。我们敦促各方停止军事行动，防止战火进一步蔓延。中方赞赏海合会特别外长会强调对话和外交是克服当前危机、维护地区安全的唯一途径。当前地区局势复杂敏感，中方支持地区国家从睦邻友好出发，加强沟通协调，共同致力于地区的和平稳定。,毛宁
t20260302_11867140.html,伊朗声像组织记者,中方在美以军事打击伊朗问题上表达了强硬立场。作为在联合国安理会拥有否决权的大国和伊朗的战略伙伴，中国将如何发挥作用阻止美国采取暗杀主权国家领导人等单边行动？,中方对当前局势深表关切，坚决反对在国际关系中使用武力，侵犯别国主权安全。当务之急是立即停止军事行动，防止战火蔓延和外溢。中方愿同国际社会共同努力，积极劝和阻战，推动通过对话谈判解决问题，维护中东和世界和平稳定。,毛宁
t20260302_11867140.html,阿纳多卢通讯社记者,据报道，鉴于当前局势，伊朗伊斯兰革命卫队禁止商船通行霍尔木兹海峡。全球五分之一的油气供应以及中国大量石油进口都要经过该海峡。关闭霍尔木兹海峡可能对中国石油进口及能源安全造成什么影响？,霍尔木兹海峡及其附近水域是重要的国际货物和能源贸易通道，维护该地区安全稳定符合国际社会共同利益。中方敦促各方立即停止军事行动，避免紧张事态进一步升级，防止地区局势动荡对全球经济发展造成更大影响。,毛宁
t20260302_11867140.html,总台央视记者,当前伊朗安全形势严峻，我们注意到中国驻有关国家使领馆已发布安全信息和撤离指引，请问中方下阶段对于保护在伊朗中国公民有什么措施？,伊朗安全形势紧张以来，外交部和驻伊朗使领馆已多次发布提醒，并通过多种形式开展工作，呼吁并协助中国公民尽快撤离。截至北京时间3月2日，已有3000余名中国公民自伊朗撤离。中国驻伊朗周边国家使领馆已派出工作组赴口岸接应，为自伊朗撤离中国公民提供协助。,毛宁
t20260302_11867140.html,法新社记者,外交部昨天证实有中国公民在袭击中受伤。请问能否介绍具体情况？,日前，在德黑兰的1名中国公民在军事冲突中受到波及，不幸遇难，我们对遇难同胞表示哀悼，对遇难者家属表示慰问。外交部已指导驻伊朗使馆为涉事人员及家属提供协助。,毛宁
t20260302_11867140.html,阿纳多卢通讯社记者,王毅外长同俄罗斯外长拉夫罗夫通电话时表示，国际社会应当发出明确、清晰声音，反对世界倒退回丛林法则。发言人认为应当通过何种方式发出这种声音？,中方已经多次清晰阐明立场。在中国和俄罗斯推动下，联合国安理会日前举行紧急会议，讨论当前伊朗局势。中方愿同各方一道，在联合国和上海合作组织等平台发出正义之声，捍卫国际公平正义。,毛宁
t20260302_11867140.html,深圳卫视记者,据报道，美国战争部正与多家领先人工智能公司讨论建立伙伴关系，以期运用AI赋能对中国电力设施和敏感网络等关键基础设施实施自动侦察，以便在冲突时进行网络攻击。中方对此有何评论？,我们注意到相关报道。美国长期以来一直是网络空间最大不稳定源，早在人工智能发展之前就已对中国关键基础设施进行网络攻击和预置。美国政府还要求大科技公司直接为美国地缘、政治、军事目标服务，这在全球范围产生严重影响。中方已通过多种渠道向美方明确表达严正关切。我们将采取一切必要措施坚决维护自身网络安全。,毛宁
t20260302_11867140.html,彭博社记者,特朗普总统称将于本月底访华。中方能否提供具体信息？是否认为此次访问将如期进行？,中美就两国元首互动保持着沟通。关于你提到的具体问题，我目前没有可以提供的信息。,毛宁
t20260302_11867140.html,阿纳多卢通讯社记者,追问中俄外长通话。如果伊朗请求中俄提供军事支持，两国是否会予以考虑？双方通话时是否讨论了这种可能性？,王毅外长同俄罗斯外长拉夫罗夫通电话的情况，中方已经发布了消息，我没有更多信息可以提供。,毛宁
t20260302_11867140.html,日本广播协会记者,美国和以色列对伊朗发起军事打击，伊朗最高领袖哈梅内伊遇袭身亡。中方对此有何回应？,袭击并杀害伊朗最高领导人，严重侵犯伊朗主权安全，践踏《联合国宪章》宗旨原则和国际关系基本准则，中方对此予以坚决反对和强烈谴责。我们敦促立即停止军事行动，避免紧张事态进一步升级，共同维护中东和世界和平稳定。,毛宁
t20260302_11867140.html,《环球时报》记者,近期有外媒报道称，伊朗同中国接近达成CM—302超音速反舰导弹采购协议。相关导弹如果交付，将成为近年来中国向伊朗提供的最先进武器装备之一。中方能否证实此事？,有关报道不属实。作为负责任大国，中国一贯履行国际义务。中方反对恶意关联炒作，希望有关方面多做有助于缓和局势紧张的事。,毛宁
t20260302_11867140.html,法新社记者,特朗普总统昨天说此次对伊朗的战争可能持续四周。中方对此有何回应，想向特朗普传递什么信息？,中方已经多次阐明立场。我们敦促各方立即停止军事行动，避免紧张事态进一步升级，共同维护中东和世界和平稳定。,毛宁
t20260302_11867140.html,阿纳多卢通讯社记者,美国和以色列对伊朗进行军事打击时或采取行动前，中美是否进行了接触？,我可以告诉你的是，中方没有提前得到关于美国军事行动的通报。,毛宁
t20260302_11867140.html,《北京青年报》记者,据报道，当地时间2月27日，玻利维亚一架军机在玻首都附近道路坠毁，造成至少20余人死亡、多人受伤。中方对此有何评论？,我们注意到有关报道。中方对事故遇难者表示深切哀悼，向遇难者家属和伤者致以诚挚慰问，祝愿伤者早日康复。,毛宁
t20260302_11867140.html,美国全国公共广播电台记者,中方除了敦促立即停止军事行动外，还会采取什么行动？联合国是否应该发挥作用？中方会否呼吁再次举行安理会会议，或采取其他形式的多边行动？,中国和俄罗斯已经推动联合国安理会举行了紧急会议，讨论了当前局势。我们支持联合国安理会继续发挥应有作用，呼吁有关各方能够立即停止军事行动，避免局势升级。,毛宁
t20260302_11867140.html,埃菲社记者,中国海军“丝路方舟”号医院船上周在智利瓦尔帕莱索停靠，执行“和谐使命－2025”任务。但智利卫生部门以监管要求为由，没有批准该船按计划提供免费医疗服务。中方是否准备修改海外医疗及人道主义任务的操作程序，避免再出现类似情况？,这个问题建议你向中方主管部门了解。,毛宁
t20260303_11867941.html,总台央视记者,当前伊朗局势持续紧张，军事冲突仍在继续。我们注意到，王毅外长就此同多国外长进行通话。中方能否进一步介绍具体情况？,近日，王毅外长先后同俄罗斯、伊朗、法国和阿曼外长通话，阐明中方立场，积极劝和阻战。,毛宁
t20260303_11867941.html,阿纳多卢通讯社记者,美国和以色列对伊朗发动军事打击后，冲突正在中东地区蔓延。据报道，以色列正同时打击伊朗及黎巴嫩，设有美军基地的周边多国也在伊朗反击中遭到攻击。中方对此有何评论？,美国和以色列未经安理会授权对伊朗发动军事打击违反国际法。中方对战事外溢波及周边国家深表关切。中方认为，海湾各国的主权安全和领土完整也应得到充分尊重。我们敦促各方停止军事行动，防止战火进一步蔓延。,毛宁
t20260303_11867941.html,阿纳多卢通讯社记者,伊朗一所女子小学上周六遭到以色列导弹袭击，位于德黑兰的伊朗声像组织办公楼近日也遭袭击。此次冲突中出现了一系列针对儿童、记者等平民及民用设施的危险行径，与加沙冲突如出一辙。中方对此有何评论？,我们对美国和以色列军事打击伊朗造成大量平民伤亡深感痛心，强烈谴责。武装冲突中保护平民的红线不能突破，无差别使用武力的行为不可接受。中方呼吁各方切实履行国际法义务，切实保障平民安全，避免攻击民用设施。,毛宁
t20260303_11867941.html,中新社记者,3月2日，国际原子能机构总干事格罗西表示，国际原子能机构没有看到伊朗有系统性的核武器制造计划，别国可能有自己的政治考量。中方对此有何评论？如何看待伊朗核问题前景？,美国再次在谈判进程中对伊朗发动袭击，违反国际法和国际关系基本准则，导致中东地区局势骤然升级，中方对此高度关切。,毛宁
t20260303_11867941.html,乌通社记者,乌克兰总统泽连斯基称，对乌而言，中国参与解决乌克兰危机至关重要，但中方迄未参与其中。中方对此有何评论？第二个问题，王毅外长昨天在同法国外长通话时表示，大国不能凭借军事优势任意攻击他国。这一表态是针对美国的，但是否也适用于俄罗斯？,乌克兰危机爆发以来，中方始终致力于劝和促谈、推动停火止战，中方立场和所作努力国际社会有目共睹。,毛宁
t20260303_11867941.html,法新社记者,外交部昨天确认有中国公民在德黑兰空袭中遇难，请问有无其他中国公民伤亡的消息？自袭击开始以来，有多少中国公民成功撤离伊朗及海湾地区？,昨天我已经介绍了有关情况，目前我们没有得到更多中国公民伤亡的信息。自伊朗安全形势紧张以来，截至昨天，已有3000多名中国公民自伊朗撤离。中国驻伊朗周边国家使领馆已经派出工作组赴口岸接应，将继续为从伊朗撤离的中国公民提供协助。,毛宁
t20260303_11867941.html,彭博社记者,据本社报道，中方正向伊朗官员施压，要求避免采取任何可能影响卡塔尔天然气出口的行动或影响霍尔木兹海峡航运的行动。外交部对此有何评论？,能源安全对世界经济非常重要，各方都有责任确保能源供应稳定畅通。中方敦促各方立即停止军事行动，避免紧张事态升级，维护霍尔木兹海峡航道安全，防止对全球经济造成更大影响。,毛宁
t20260303_11867941.html,路透社记者,有分析认为，中方可能在美国被中东冲突分散注意力之际，采取更大胆的行动宣示其领土主张，包括对台湾的领土主张。发言人对此有何评论？还有分析认为，美国在委内瑞拉和伊朗采取的行动可能影响中国的石油供应，削弱其外交盟友的实力。中方对此有何评论？,关于第一个问题，台湾是中国领土不可分割的一部分，台湾问题是中国内政，解决台湾问题是中国人自己的事。,毛宁
t20260303_11867941.html,法新社记者,据彭博社报道，何立峰副总理预计将于下周在巴黎同美国财政部长贝森特会面并讨论中美经贸协议。外交部能否证实？,建议向中方主管部门了解。 美国和以色列悍然对伊朗发动军事打击，导致地区紧张局势迅速升级，外溢影响波及周边国家，中方对此深表关切。中方认为，海湾各国主权安全和领土完整都应得到充分尊重，任何攻击无辜平民和非军事目标的行为都应受到谴责。中方敦促各方立即停止军事行动，防止战火进一步蔓延。中方愿同地区国家和国际社会一道促和止战，为维护地区和平稳定作出积极努力。,毛宁
t20260304_11868732.html,《人民日报》记者,发言人能否介绍中国政府为保护在伊朗及伊朗周边国家中国公民所做工作？下步还有什么安排？,自伊朗安全形势紧张以来，中方已多次向有关方面提出交涉，要求各方保障在伊朗及周边国家中国公民安全。外交部和驻有关国家使领馆多次发布提醒，通过多种形式开展工作，呼吁并协助在伊中国公民尽快撤离，在其他国家中国公民注意安全。中国驻伊朗及周边国家使领馆昼夜坚守，协助多批中国公民撤离。战事爆发后，又有470余名中国公民在中国驻伊朗使领馆组织下安全撤离。,毛宁
t20260304_11868732.html,法新社记者,伊朗伊斯兰革命卫队今天表示已控制油气运输的重要航道霍尔木兹海峡，任何试图通行的船只可能受到导弹或无人机袭击。中方是否担忧这一事态发展，是否就此与伊朗当局进行接触？,霍尔木兹海峡及其附近水域是重要的国际货物和能源贸易通道，维护这一地区的安全稳定符合国际社会共同利益。中方敦促各方立即停止军事行动，避免紧张事态进一步升级，防止局势动荡对全球经济造成更大影响。,毛宁
t20260304_11868732.html,埃菲社记者,据一些媒体报道，伊朗宣布关闭霍尔木兹海峡，禁止除中俄两国以外任何外国船只通行。外交部能否确认收到伊朗方面的这一通知？有何评论？,我不了解你提到的情况。刚才我已经介绍了中方立场。,毛宁
t20260304_11868732.html,《北京日报》记者,我们注意到，日前，中国常驻日内瓦代表团宣布日内瓦“全球治理之友小组”正式成立。发言人能否进一步介绍有关情况？,2025年9月，习近平主席郑重提出全球治理倡议，为推动构建更加公正合理的全球治理体系贡献中国智慧、提出中国方案。倡议提出以来，迅速得到150多个国家和国际组织的响应支持。去年12月，中方在纽约联合国总部倡议成立“全球治理之友小组”，在联合国引发热烈反响。,毛宁
t20260304_11868732.html,埃菲社记者,据报道，西班牙拒绝美国使用其空军基地打击伊朗后，美国总统特朗普威胁切断同西班牙的所有贸易往来。中方对此有何评论？,美国和以色列军事打击伊朗违反国际法。贸易不应被工具化、武器化。,毛宁
t20260304_11868732.html,路透社记者,发言人刚刚介绍了自伊朗撤离的中国公民人数。外交部是否掌握滞留公民人数，能否提供最新伤亡情况？,中国驻有关国家使领馆正积极协助当地中国公民撤离。目前我们没有收到有更多中国公民伤亡的信息。,毛宁
t20260305_11869312.html,总台CGTN记者,美国和以色列对伊朗发动军事打击，地区紧张局势持续升级。请问中方为斡旋局势降温采取了哪些努力，下阶段将开展哪些工作？,中方对当前中东地区紧张局势深表关切。近日，中方密集开展斡旋工作。王毅外长分别同俄罗斯、伊朗、阿曼、法国、以色列、沙特、阿联酋等国外长通电话，就地区局势深入交换意见，强调应遵守联合国宪章宗旨和原则，反对在国际关系中动辄使用武力；指出必须立即停止军事行动、尽快重回对话谈判，避免紧张局势进一步升级、战火进一步外溢；呼吁冲突当事方切实履行国际义务，保障平民安全，避免攻击民用设施。,毛宁
t20260305_11869312.html,埃菲社记者,追问一下，中方计划何时派特使前往中东地区？他将拥有何种授权开展斡旋？,关于中方特使访问的具体情况，我们会适时发布消息，你可以保持关注。,毛宁
t20260305_11869312.html,彭博社记者,英国警方逮捕了3名涉嫌帮助中国从事间谍活动的男子，其中一人为现任工党议员配偶。外交部对此有何评论？,我们一贯反对炒作所谓的“中国间谍”，抹黑中国，误导舆论。,毛宁
t20260305_11869312.html,路透社记者,菲律宾政府昨天称逮捕了数名涉嫌为中国从事间谍活动的菲公民，此案是“严重的国家安全事件”，菲方已终止了涉案人员的行动。外交部对此有何回应？,最近一些人似乎热衷于炒作所谓“中国间谍”。我想强调的是，我们反对在案情不明、没有确凿证据的情况下恶意关联中国，搞“有罪推定”和政治操弄。,毛宁
t20260305_11869312.html,法新社记者,据彭博社报道，因中东局势引发能源供应方面的担忧，中方要求国内最大炼油企业暂停柴油和汽油出口。发言人能否证实？,我不了解你提到的情况。,毛宁
t20260306_11870039.html,中新社记者,国际社会高度关注中国全国两会，特别是今年中国经济增长目标。有评论认为，中国调低增长目标的原因之一在于中东局势动荡，能源供应可能受到影响，中美关系也存在不确定性。发言人对此怎么看？,昨天，李强总理在《政府工作报告》中总结了“十四五”时期发展成就。中国经济总量实现新跃升，几乎每年跳上一个10万亿级台阶，五年增量超过35万亿元，相当于一个中等规模经济体。这一亮眼成绩单是在外部冲击挑战和国内两难多难问题交织叠加的复杂严峻形势下取得的，充分展现了中国经济的强大韧性和活力。,毛宁
t20260306_11870039.html,彭博社记者,伊朗外长表示，俄罗斯和中国正向伊朗提供政治和其他方面的支持。中方具体提供了何种支持，是否涉及军事或两用物资援助？,中方反对美国和以色列违反国际法对伊朗发起军事打击，支持伊朗捍卫主权安全、领土完整和民族尊严，支持伊朗维护自身正当合法权益。中方一贯主张通过政治外交途径解决问题，呼吁立即停止军事行动，防止战火蔓延外溢，避免局势进一步升级。,毛宁
t20260306_11870039.html,路透社记者,据外交消息人士向本社透露，随着美以对伊打击加剧，中方正同伊朗沟通以确保载有原油和卡塔尔液化天然气的船只能安全通行霍尔木兹海峡。外交部能否予以证实？,霍尔木兹海峡及其附近水域是重要的国际货物和能源贸易通道，维护这一地区安全稳定符合国际社会共同利益。中方敦促各方立即停止军事行动，避免紧张事态进一步升级，防止地区局势动荡对全球经济发展造成更大影响。,毛宁
t20260306_11870039.html,总台央视记者,受局势影响，中东多国领空关闭，造成大量人员滞留当地，其中也有一些中国乘客。请问中国政府对他们提供了哪些协助？,我们高度重视中国乘客滞留中东国家情况。外交部第一时间启动应急机制，指导有关驻外使领馆加强做外方工作并全力为滞留同胞提供协助，同民航局等国内主管部门紧急会商，推动航空公司在确保安全的情况下尽快复飞航班。,毛宁
t20260306_11870039.html,路透社记者,澳大利亚国防部称，澳直升机在黄海遭遇中方直升机“不安全的互动”，澳直升机在遇到中方直升机后，为确保自身安全不得不采取避让行动。澳方表述是否准确？外交部能否提供更多信息？中国军方当时是否使澳方处于危险境地？,我不掌握你说的情况，请向主管部门了解。,毛宁
t20260306_11870039.html,乌通社记者,昨天，伊朗对阿塞拜疆境内一座国际机场发动无人机袭击。阿塞拜疆与美以打击伊朗行动毫无关联。此次袭击标志着冲突已扩大至中东以外的地区。外交部对此有何评论？,我们对当前中东局势持续紧张深感担忧。当务之急是立即停止军事行动，防止战火蔓延外溢，避免局势进一步升级。,毛宁
t20260306_11870039.html,埃菲社记者,因西班牙在北约防务开支问题上的立场以及西此前拒绝美方使用其基地打击伊朗，美国总统特朗普称西班牙为“失败者”，并指责其敌视北约。中方对美西关系紧张有何评论？,美国和以色列军事打击伊朗违反国际法。国际社会应共同促和止战，维护中东和平稳定。,毛宁
t20260306_11870039.html,东方卫视记者,3月5日，尼泊尔举行联邦议会众议院选举。当晚尼泊尔选举委员会举行新闻发布会，宣布此选投票顺利和平完成，预估投票率约为60％。请问中方对此有何评论？,中方祝贺尼方如期平稳完成联邦议会众议院选举投票，乐见尼方顺利推进国家政治议程。作为传统友好邻邦，中方高度重视中尼关系，双方一直相互支持彼此维护独立、主权和领土完整的努力。中方愿同尼方一道努力，推动中尼面向发展与繁荣的世代友好的战略合作伙伴关系持续向前发展。,毛宁
t20260306_11870039.html,乌通社记者,美以打击伊朗以来，中方多次表示这种行为违反国际法，保护平民的红线不能突破。但四年来，乌克兰平民深受战争之苦，中方却保持沉默，没有表示同情。外交部能否解释这种选择性做法？,你说的情况不符合事实。通过对话协商解决矛盾分歧，反对动辄使用武力，在军事冲突中保护平民，这些都是中方一以贯之的立场。习近平主席针对乌克兰危机提出“四个应该”、“三个确保”及中方发布的立场文件，都充分反映了这些立场，你可以查阅。,毛宁
t20260309_11871477.html,总台央视记者,发言人刚才发布了习近平主席特别代表、国务院副总理张国清出访的消息，能否进一步介绍具体情况？,核能峰会是全球范围内专门围绕核能发展议题举办的最高级别多边国际会议，旨在强化政治共识，促进多边协作，推动核能为应对全球气候变化，增强各国能源安全和韧性，实现联合国可持续发展目标发挥更大作用。在全球气候变化和绿色低碳转型背景下，第二届峰会将聚焦核能发展战略、融资机制、创新路径等重要议题，与会各国领导人将作主旨发言并发表峰会联合声明。,郭嘉昆
t20260309_11871477.html,路透社记者,伊朗已任命穆杰塔巴·哈梅内伊接替其父担任最高领袖。中方对此有何评论？,我们注意到有关报道。这是伊方基于本国宪法作出的决定。,郭嘉昆
t20260309_11871477.html,彭博社记者,有报道称，七国集团成员国和国际能源署在探讨释放紧急石油储备的可能性。中国是否参与了有关讨论？会否释放石油储备为市场提供支持？,具体问题建议向中方主管部门了解。能源安全对世界经济至关重要，各方都有责任确保能源供应稳定畅通。中方将采取必要措施，保障自身能源安全。,郭嘉昆
t20260309_11871477.html,韩联社记者,韩联社计划在昨天两会外长记者会上提问，但遗憾的是韩国媒体未获得提问机会。想问一下，去年韩中领导人互访，今年韩中关系正在不断发展。中方认为实现韩中关系可持续发展的方案是什么？为推动朝鲜半岛核问题政治解决进程，中方会采取哪些措施？,今年共有600多名中外记者参加了两会外长记者会，王毅外长回答了21个问题，由于时间关系，不可能回答所有现场提问，相信你能够理解。,郭嘉昆
t20260309_11871477.html,澎湃新闻记者,据报道，联合国秘书长发言人称，古特雷斯秘书长谴责6日联黎部队遇袭事件，3名加纳籍维和人员受伤。联合国人员和设施安全不容侵犯，将追究肇事方责任。加纳政府称，袭击违反国际法、构成战争罪。呼吁立即进行全面、公正、透明调查。中方对此有何评论？,中方强烈谴责针对联黎部队的袭击，并向伤员表示慰问。任何蓄意攻击联合国维和人员的行为都严重违反国际人道法和安理会第1701号决议，绝对不能接受，必须立即停止。中方敦促当事方立即采取措施推动局势降温，保障联合国维和人员安全。,郭嘉昆
t20260309_11871477.html,彭博社记者,上周末，台湾“行政院长”卓荣泰赴日本观看台湾与捷克的棒球比赛。卓应询称此访是私人而非官方性质。中方是否接受这一解释？对他此次日本之行有何进一步评论？,你提到的这个人心怀鬼胎，偷偷摸摸、鬼鬼祟祟地跑到日本搞谋“独”挑衅的小动作，这种见不得人的勾当和伎俩令人不齿。,郭嘉昆
t20260309_11871477.html,今日俄罗斯记者,据报道，爱沙尼亚外长近期谈及俄罗斯总统普京时称，普京的朋友要么在天堂、要么在地狱、要么在监狱里，只剩下少数几个。这一言论引发了一些关注和争议。中方对此有何评论？,中国始终本着相互尊重、平等互利的原则同包括俄罗斯在内的世界各国发展友好合作关系。希望爱方客观理性看待中俄关系，不要发表不负责任的言论。,郭嘉昆
t20260309_11871477.html,法新社记者,台湾方面称过去10天，绕岛飞行的大陆军机大幅减少。发言人能否解释原因？,这不是外交问题。,郭嘉昆
t20260309_11871477.html,乌通社记者,王毅外长昨天表示，对于重大国际和地区事务，中俄之间战略协作最密，其中就包括捍卫国际规则秩序问题。有关表态是否意味着中方支持俄罗斯在乌克兰问题上的立场和行动？,中方在乌克兰危机问题上的立场一贯、明确，根本遵循就是习近平主席提出的“四个应该”，中方还发布了《关于政治解决乌克兰危机的中国立场》文件，相信你对此十分清楚。,郭嘉昆
t20260309_11871477.html,路透社记者,美国总统特朗普上周六在佛罗里达州接待了十几位拉美和加勒比国家领导人，白宫称之为“美洲之盾”峰会。特朗普并未特别提及中国，但警告称，美不会允许“敌对外国势力”在西半球包括全球重要货运通道巴拿马运河获得立足之地。中方将如何维护在拉美的众多战略伙伴关系，并保护在该地区的资产和投资？,拉美和加勒比国家都是主权独立国家，有权自主选择发展道路和合作伙伴。中方一贯秉持相互尊重、平等互利、开放包容、合作共赢原则同拉美和加勒比国家开展各领域交流合作。中拉合作没有地缘算计，不针对第三方，也不应受到第三方干扰和影响。,郭嘉昆
t20260309_11871477.html,彭博社记者,上周，澳大利亚军方称，一架澳海军直升机在黄海上空飞行时遭遇一架中国海军直升机不安全拦截。中国政府是否接受澳政府关于此次拦截行为不安全的说法？澳政府称该行为发生在国际水域上空，中国政府是否承认事发的黄海海域属于国际水域，其他国家是否有权自由飞越或航行？,中方主管部门已就相关问题作出了回应。,郭嘉昆
t20260309_11871477.html,法新社记者,伊朗宣布已任命新任最高领袖，特朗普总统称其可能不会任职太久，以色列则称将打击任何伊新任领导人。发言人对此有何评论？,中方反对以任何借口干涉他国内政。伊朗的主权安全和领土完整应当得到尊重。中方呼吁立即停止军事行动，尽快重回对话谈判，避免紧张局势进一步升级。,郭嘉昆
t20260310_11872097.html,中新社记者,我们注意到，外交部近日向中东地区滞留中国旅客发布有关航班信息，建议他们抓紧时间回国，能否介绍接返工作最新进展？,连日来，外交部会同中国民航局安排国内航司大幅增加运力，紧急赴中东地区接返中国滞留旅客。有关驻外使领馆推动外方对中方航班执飞提供便利，及时发布安全提醒和航班计划，加强对滞留旅客关照疏导。经各方共同努力，已有一万余名中国旅客自阿联酋、阿曼、沙特等国安全有序返回。,郭嘉昆
t20260310_11872097.html,阿拉比电视网记者,近期中东地区局势紧张，市场担忧冲突可能长期化，并影响海湾地区能源生产与出口通道稳定。中国在能源上对中东地区依赖度较高，外界关注中国能源供应安全问题。有观点认为，地缘博弈正在影响全球能源格局与产业链稳定。中方如何看待当前地缘冲突对全球能源安全的冲击？面对外部环境不确定性上升，中方将如何统筹发展与安全，保障国家能源安全和长远发展利益？,我们对当前中东局势持续紧张深感担忧。各方应当立即停止军事行动，避免局势进一步升级，防止地区局势动荡对全球经济发展造成更大影响。,郭嘉昆
t20260310_11872097.html,阿纳多卢通讯社记者,王毅外长在上周末举行的记者会上就近期中东地区发生的冲突表示，这是一场本不应发生的战争。他昨天在与科威特和巴林外长的通话中表示，海湾国家和伊朗的主权、安全和领土完整都应得到尊重。在当前形势下，中方认为下一步应该怎么做才能停止冲突？比如，中方是否会直接向发起冲突的美国呼吁，要求其停止战争、重回谈判轨道？,中方对当前中东地区紧张局势深表关切。近日，中方密集开展斡旋工作。王毅外长分别同多国外长通电话，就地区局势深入交换意见。在两会外长记者会上，王毅外长强调，正确和妥善解决伊朗及中东相关的问题，应该坚持尊重国家主权、不得滥用武力、坚持不干涉内政、政治解决热点问题、大国要发挥建设性作用、善意运用实力等基本原则。中国政府中东问题特使翟隽正在中东地区穿梭访问。,郭嘉昆
t20260310_11872097.html,沙特东方电视台记者,伊朗持续对沙特发动袭击，目标包括民用基础设施和石油设施，这将给沙特和伊朗在北京达成的和解协议带来什么影响？能否提供中国政府中东问题特使访问中东的最新情况？,关于第一个问题，沙伊和解难能可贵，是所有地区国家共同的战略资产，值得倍加珍惜。,郭嘉昆
t20260310_11872097.html,阿纳多卢通讯社记者,你刚才提到，中国政府中东问题特使翟隽正在中东地区进行访问，通过外交努力在地区国家间斡旋，推动解决危机。能否介绍一下此次外交努力的范畴，是仅限于伊朗与海湾国家之间，还是会涉及美国和以色列？在访问沙特之后，他接下来还将访问哪些国家？能否介绍他的具体日程？是否有可能就石油出口安全通过霍尔木兹海峡达成安排？能源安全问题是否在特使的议程之中？,刚才我已经介绍了中国政府中东问题特使翟隽正在地区进行穿梭访问，发挥中方斡旋作用。我们的工作重点就是推动立即停止军事冲突，推动有关各方重回谈判轨道。关于翟隽特使访问相关信息，我们会及时发布，你可以保持关注。,郭嘉昆
t20260310_11872097.html,阿纳多卢通讯社记者,美国总统特朗普称，他心中已有其他人选准备接替伊朗新任最高领袖穆杰塔巴·哈梅内伊。中方对此有何评论？,选举新任最高领袖是伊朗基于本国宪法作出的决定。不干涉内政是国际关系的基本准则。,郭嘉昆
t20260310_11872097.html,彭博社记者,台湾当局正考虑首次通过发行债券来资助在伙伴国进行海外投资。这是该“民主政体”为对抗大陆的外交孤立而采取的行动。外交部对此有何评论？,民进党当局惯于打着经贸、投资等各种幌子在国际上从事“台独”分裂活动，拓展所谓“国际空间”，用心险恶，注定失败。民进党当局的卑鄙伎俩，根本改变不了台湾是中国领土一部分的历史和法理事实，也撼动不了国际社会坚持一个中国原则的稳固格局，更阻挡不了实现祖国完全统一的历史进程。,郭嘉昆
t20260310_11872097.html,法新社记者,昨天中国交通运输部约谈了航运企业马士基集团和地中海航运公司。能否介绍讨论了哪些内容？是否讨论了霍尔木兹海峡有关问题？,中方主管部门已经发布了消息，具体问题建议你向中方主管部门进行询问。,郭嘉昆
t20260310_11872097.html,阿纳多卢通讯社记者,昨天，美国总统特朗普称，如果伊朗采取任何行动阻止霍尔木兹海峡的石油运输，将实施20倍于以往的打击。与此同时，伊朗指责美国和以色列的袭击导致该地区航运中断。国际社会担心在该问题上可能会陷入僵局。中国大量进口石油要经过该海峡，如果在该问题上出现僵局，中方将采取何种行动？,刚才我已经回答了有关问题。霍尔木兹海峡及其附近水域是重要的国际货物和能源贸易通道，维护这一地区安全稳定符合国际社会共同利益。当务之急是有关各方立即停止军事行动，防止紧张事态进一步升级蔓延，防止地区局势动荡对全球经济发展造成更大影响。,郭嘉昆
t20260310_11872097.html,法新社记者,一些旅行社和票务公司称，从北京到平壤的火车线路将于周四开通。发言人能否证实此事并提供详细信息？,中朝是友好近邻，保持常态化客运列车运营对促进双方人员往来便利化具有重要意义。中方支持双方主管部门加强沟通，为双边人员往来创造更加便利的条件。,郭嘉昆
t20260311_11872831.html,总台央视记者,我们注意到，王毅外长过去两天先后同科威特、巴林、巴基斯坦、卡塔尔四国外长通电话，就伊朗局势交换意见。但同时，地区紧张持续加剧，战火升级外溢风险增多。发言人能否进一步介绍中方立场和推动局势缓和降温的努力？如何看待局势下步发展？,近日，王毅外长持续就伊朗局势展开外交斡旋，再次同地区国家外长通话沟通，致力于劝和止战，缓局降温。,郭嘉昆
t20260311_11872831.html,深圳卫视记者,据报道，日前，联合国人权理事会特别机制16位专家发表联合新闻稿，严重关切日本剥夺“慰安妇”受害者寻求真相、正义和获得赔偿的权利，呼吁日本正式道歉、充分赔偿，并在教科书中保护相关历史记录。中方对此有何评论？,强征“慰安妇”是日本军国主义犯下的严重罪行，是对相关受害者权利的严重践踏，铁证如山，不容否认。联合国人权机制就此明确发声，再次表达对日本军国主义罪行的谴责和愤慨，显示国际社会捍卫公平正义的决心。,郭嘉昆
t20260311_11872831.html,法新社记者,据报道，中远集团已暂停在巴拿马运河巴尔博亚港的业务。今年早些时候，巴拿马最高法院裁定长江和记公司关于该港口的合同无效。发言人能否确认此事并介绍原因？,我不了解你提到的有关情况，请向中方主管部门进行了解。,郭嘉昆
t20260311_11872831.html,彭博社记者,美国战争部正将“萨德”防空系统的部分装备从韩国转移至中东地区。中方对此有何评论？未来是否会反对美方将这些装备重新部署到韩国？,我们注意到有关报道。中方反对美方在韩国部署“萨德”反导系统的立场没有变化。,郭嘉昆
t20260311_11872831.html,印度报业托拉斯记者,印度政府昨天放宽了对来自周边国家直接投资的限制，包括来自中国的直接投资。这一决定的背景是中印关系经历了五年僵局后开始缓和。发言人对此怎么看？,建议向中方主管部门进行询问。,郭嘉昆
t20260311_11872831.html,法新社记者,美国称击中了在霍尔木兹海峡布雷的伊朗船只。发言人对霍尔木兹海峡可能被布设水雷有何评论？中国是否与伊朗或其他方面就保持海峡畅通进行过对话？,我们对当前中东局势持续紧张深感忧虑。当务之急是有关各方立即停止军事行动，尽快重回对话谈判轨道，避免局势进一步升级恶化。,郭嘉昆
t20260311_11872831.html,印度报业托拉斯记者,中方外交斡旋行动，是仅针对海湾国家吗？还是也包括以色列和美国，以实现停火止战或暂时停火？中方是否与美方也进行了接触？,我刚才已经介绍了中方斡旋努力。相信你也注意到，王毅外长不久前同以色列外长通了电话。中国政府中东问题特使此刻正在地区进行穿梭访问。我们的目的就是推动立即停火止战，推动各方重回对话谈判轨道，避免局势进一步升级。中方将继续同包括冲突当事方在内的有关各方保持沟通。,郭嘉昆
t20260312_11873576.html,路透社记者,美国贸易代表格里尔称，特朗普政府周三宣布，将对包括中国在内的16个主要贸易伙伴工业“产能过剩”情况启动两项新的贸易调查。该调查可能导致美出台新的关税措施。外交部对此项调查有何评论？美贸易代表称中国汽车行业“产能过剩”且亏损企业数量不断增加。外交部对此有何评论？,中方在处理中美经贸问题上的立场是一贯、明确的，反对各种形式的单边关税措施。关税战、贸易战不符合任何一方利益，双方应在平等、尊重、互惠基础上协商解决有关问题。所谓“产能过剩”是一个伪命题，中方反对以此为借口进行政治操弄。,郭嘉昆
t20260312_11873576.html,法新社记者,中朝之间的列车今天恢复运营，这对中朝关系意味着什么？,我们此前已经回答了相关问题。中朝是友好近邻，保持常态化客运列车运营对促进双方人员往来便利化具有重要意义。中方支持双方主管部门加强沟通，为双边人员往来创造更加便利的条件。,郭嘉昆
t20260312_11873576.html,路透社记者,自战事爆发以来，至少16艘船只和油轮遭到伊朗袭击。是否有悬挂中国国旗的民用和商业船只在霍尔木兹海峡及附近海域遭到无人机或炮弹袭击？目前该水域有多少艘悬挂中国国旗的船只？,霍尔木兹海峡及其附近水域是重要的国际货物和能源贸易通道，维护这一地区安全稳定符合国际社会共同利益。中方敦促各方立即停止军事行动，避免紧张事态进一步升级，防止地区局势动荡对全球经济发展造成更大影响。,郭嘉昆
t20260312_11873576.html,彭博社记者,一名伊朗军事顾问称，有国家在分享美国军事行动的情报，但没有点名是哪些国家。中方是否在向伊朗提供美军情报？发言人能否介绍更多信息？,我不了解你提到的有关情况。中方立场是一贯、明确的，我们敦促各方立即停止军事行动，避免紧张事态进一步升级。,郭嘉昆
t20260312_11873576.html,法新社记者,美国总统特朗普计划于几周后访华，发言人能否介绍中方准备工作进展？,中美就两国元首互动保持着沟通。关于你提到的具体问题，我目前没有可以提供的信息。,郭嘉昆
t20260312_11873576.html,彭博社记者,船舶追踪系统显示，一些中国船只正在霍尔木兹海峡附近活动。中方是否在与伊朗谈判，以确保中国船只安全通过该海峡？,我刚才已经回答了相关问题。,郭嘉昆
t20260312_11873576.html,法新社记者,据报道，由于中东地区战事持续，霍尔木兹海峡交通中断，中国炼油厂已被要求暂停石油出口。中方对此有何评论？,我不了解你提到的情况，具体问题建议向中方主管部门询问。,郭嘉昆
t20260313_11874556.html,中新社记者,中方刚刚发布了举行中越外交、国防、公安“3＋3”战略对话机制首次部长级会议和双边合作指导委员会第十七次会议的消息。发言人能否介绍两场会议的有关安排和中方期待？中方如何看待当前中越关系？,中越是社会主义友好邻邦和具有战略意义的命运共同体。在两党两国最高领导人的关心推动下，中越建立外交、国防、公安“3＋3”战略对话机制并明确为部长级，这是双方各自在全球建立的首个“3＋3”机制，充分体现两党两国关系的战略性和高水平。中越双边合作指导委员会自2006年成立以来，切实加强统筹协调，为推动两国全面战略合作提质升级发挥了重要作用。,郭嘉昆
t20260313_11874556.html,总台央视记者,全国两会胜利闭幕，“十五五”成为国际媒体关注今年全国两会的热词。有评论认为，中国的精准施策为市场提供了稳定预期，是成熟经济体的典范；“十五五”将为全球南方提供有益借鉴，中国将成为支撑全球经济增长的稳定力量，为动荡世界注入确定性。发言人对此有何评论？,一年一度的全国两会举世瞩目，各国期待透过两会读懂中国，更好理解中国之路、中国之治、中国之理。,郭嘉昆
t20260313_11874556.html,沙特东方电视台记者,中国已通过“十五五”规划纲要，将采取什么策略应对当前国际形势下地缘冲突带来的挑战？,当今世界进入新的动荡变革期，地缘冲突和热点问题交织叠加，全球冲突数量达到二战结束以来新高。面对共同挑战，习近平主席提出的共同、综合、合作、可持续安全观为我们指明了解决问题之道。中方始终认为，武力不是解决问题的办法，兵戎相见只会增添新的仇恨。只有坚持主权平等、公平正义、团结协作、行动导向，才能携手建设一个共同安全、普遍安全的世界。,郭嘉昆
t20260313_11874556.html,彭博社记者,据报道，一份美国大规模对台军售方案已准备就绪，等待特朗普总统批准，他可能在结束访华后签署。发言人对此有何评论？,中方坚决反对美国向中国台湾地区出售武器的立场是一贯、明确的。美方应切实恪守一个中国原则和中美三个联合公报特别是“八·一七”公报规定，停止对台军售，以实际行动维护中美关系稳定发展，以及台海和平稳定。,郭嘉昆
t20260313_11874556.html,法新社记者,中国国务院副总理何立峰和美国财政部长贝森特计划于本周末在巴黎举行经贸磋商。发言人能否介绍双方讨论内容和中方期待？,中方已经发布了第6轮中美经贸磋商的消息，你可以查阅。具体问题建议向中方主管部门询问。,郭嘉昆
t20260313_11874556.html,《北京青年报》记者,2月28日以来，美国和以色列对伊朗实施军事打击，有媒体报道称，伊朗霍尔木兹甘省沙贾雷·塔耶贝小学遭袭，导致160余名女童在空袭中遇难。中方是否考虑就此向伊方提供人道主义援助？,中方谴责一切无差别袭击平民和非军事目标的行为，袭击学校、伤害儿童更严重违背国际人道法，突破人类道德良知底线。我们对伊朗霍尔木兹甘省沙贾雷·塔耶贝小学遇难学生表示深切哀悼，向遇难学生家属致以诚挚慰问。中国红十字会决定向伊朗红新月会提供20万美元紧急人道主义援助，专门用于慰问和抚恤遇难学生家长。中方愿继续本着人道主义精神向伊方提供必要帮助，支持伊朗人民渡过难关。,郭嘉昆
t20260313_11874556.html,新华社记者,据报道，美国政府相关人士透露，美国政府希望中方从人道主义考虑释放黎智英。作为交换条件之一，美方愿考虑放宽就涉港问题对华实施的一些制裁措施。中方对此有何评论？,黎智英是一系列重大反中乱港事件的主要策划者和参与者，其行为严重冲击“一国两制”原则底线，严重危害国家安全，严重破坏香港繁荣稳定和市民福祉，理应受到法律的严惩。,郭嘉昆
t20260313_11874556.html,沙特东方电视台记者,沙特方面表示，已拦截70多架伊朗无人机，这些无人机针对的目标是向亚洲市场供应石油的谢拜油田。中方对针对此类设施的持续袭击有何评论？,中方对当前中东局势持续紧张深感担忧，认为各国主权、安全和领土完整都应得到尊重，不容侵犯，谴责一切无差别袭击平民和非军事目标的行为。各方应立即停止军事行动，尽快重回对话谈判，防止局势轮番升级，避免战火外溢蔓延。,郭嘉昆
t20260313_11874556.html,路透社记者,据报道，印度已请求中国政府发放尿素出口配额，以帮助印度弥补因霍尔木兹海峡关闭而短缺的尿素供应。鉴于近期两国外交关系有所改善，中方是否会认真考虑这一请求？,建议向中方主管部门询问。,郭嘉昆
t20260313_11874556.html,共同社记者,据报道，美国特朗普政府12日称，将就“强迫劳动”问题启动新的贸易调查，调查对象包括中国。中方对此有何评论？,中方在处理中美经贸问题上的立场是一贯、明确的，反对各种形式的单边关税措施。关税战、贸易战不符合任何一方利益，双方应在平等、尊重、互惠基础上协商解决有关问题。所谓“强迫劳动”完全是美方炮制的谎言，中方反对以此为借口进行政治操弄。,郭嘉昆
t20260313_11874556.html,彭博社记者,美国、日本和欧盟将在未来几周宣布一项计划，为达成关键矿产领域的贸易协定奠定基础。中方此前曾威胁要对此类关键矿产联盟采取报复措施。外交部对此有何评论？,维护开放、包容、普惠的国际贸易环境符合各国共同利益。各方都有责任为维护关键矿产全球产供链稳定与安全发挥建设性作用。同时我们反对任何国家以“小圈子”规则破坏国际经贸秩序。,郭嘉昆
t20260316_11875472.html,总台央视记者,3月15日，哈萨克斯坦举行新宪法全民公投，请问中方对此有何评论？,哈萨克斯坦顺利举行新宪法全民公投，中方对此表示祝贺。作为友好邻邦和永久全面战略伙伴，中方乐见哈方保持国家长治久安、社会发展繁荣。相信在托卡耶夫总统的领导下，哈萨克斯坦将在国家建设事业上取得新的更大成就，建设“公正哈萨克斯坦”的宏伟目标将顺利实现。,林剑
t20260316_11875472.html,阿纳多卢通讯社记者,美国总统特朗普表示，他正同七国商谈组建霍尔木兹海峡护航联盟，最早将于本周宣布。特朗普还在社交媒体发文表示，希望因霍尔木兹海峡被封锁受到影响的中国、法国、日本、韩国、英国等国派遣舰船前往该海域，让海峡免受威胁。中方对此有何评论？美方是否就霍尔木兹海峡护航联盟一事向中方提出请求？,霍尔木兹海峡及其附近水域近期局势紧张，冲击国际货物和能源贸易通道，破坏地区和世界和平稳定。中方再次呼吁各方立即停止军事行动，避免紧张事态进一步升级，防止地区局势动荡对全球经济发展造成更大影响。,林剑
t20260316_11875472.html,埃菲社记者,有媒体报道称，美国国务卿鲁比奥可能在本月晚些时候随特朗普总统一同访华。由于鲁比奥自2020年起受到中方制裁，中方制裁会否影响鲁比奥访华？,中方制裁措施针对的是鲁比奥先生担任联邦参议员期间的涉华言行。,林剑
t20260316_11875472.html,韩联社记者,据报道，中国国航北京至平壤航班将从3月30日起恢复运行。请问中方能否证实？,有关部门已就此发布了信息。中朝是友好近邻，恢复客运航班是便利两国人民友好交往的积极举措。,林剑
t20260316_11875472.html,卡塔尔阿拉比电视网记者,美国总统特朗普称希望中国能帮助确保霍尔木兹海峡安全。中方对此有何回应？,我刚才已经回答了这个问题。中方的态度很明确，我们再次呼吁各方立即停止军事行动，避免紧张事态进一步升级，防止地区局势动荡对全球经济发展造成更大影响。我们也就当前局势同各方保持沟通，致力于推动局势缓和降温。,林剑
t20260316_11875472.html,阿纳多卢通讯社记者,对于特朗普总统提议组建霍尔木兹海峡护航联盟，澳大利亚政府表示不会派遣舰队。日本首相表示还未收到美方请求。韩国政府表示正仔细研究如何回复美方。请问，美方是否要求中方向海峡附近海域派遣舰船？如果中方收到美方请求，准备如何回复？,中方就当前局势同各方保持着沟通，致力于推动局势缓和降温。,林剑
t20260316_11875472.html,法新社记者,我们注意到，王毅外长上周五同阿富汗外长穆塔基通电话，提到外交部阿富汗事务特使正在阿巴两国之间穿梭斡旋。发言人能否介绍更多细节，包括特使同阿巴两方会见的具体日期？,阿富汗、巴基斯坦是搬不走的邻居，两国间出现一些问题只能通过对话协商解决。当务之急是避免战事扩大，两国尽早回到谈判桌。,林剑
t20260316_11875472.html,英国广播公司记者,发言人能否介绍中美巴黎经贸磋商最新进展？,具体信息建议询问中方主管部门。,林剑
t20260316_11875472.html,路透社记者,据本社报道，受伊朗局势影响，越南担忧航空燃油供应问题并准备削减部分航班。王毅外长此刻正访问越南并会见了越南外长。两国外长是否谈及能源安全问题？,中东局势冲击全球能源安全。有关国家应当立即停止军事行动，防止地区动荡对全球经济发展造成更大影响。中方愿同包括越南在内的各国加强协调配合，共同应对能源安全问题。,林剑
t20260316_11875472.html,英国广播公司记者,分析人士称，当前伊朗局势正严重消耗中国战略石油储备。如果战争持续下去，中方是否担心石油供应问题？战争将对中国石油供应产生什么重大影响？,关于伊朗局势，我已经清楚阐明中方立场。你提到的具体问题，建议询问中方主管部门。,林剑
t20260317_11876240.html,《环球时报》记者,此前有媒体表示，特朗普称如果中国不在霍尔木兹海峡护航问题上提供协助，他将推迟访华。对美方的表态，中方有何回应？,我们注意到美方已就媒体的不实报道公开作出澄清，表示有关报道是完全错误的，强调访问与霍尔木兹海峡通航问题无关。,林剑
t20260317_11876240.html,彭博社记者,特朗普总统本人表示，因对伊朗战事需要，希望将访华推迟1个月左右，并向中方提出了推迟中美元首会晤的请求。发言人能否证实？中方是否收到美方请求？能否提供更多细节？,中美双方就特朗普总统访华事保持着沟通。,林剑
t20260317_11876240.html,美国全国广播公司记者,美国官员什么时候首次向中方提出中美元首会晤可能推迟？特朗普访华可能重新安排到什么时间？,中美双方就特朗普总统访华时间等问题保持着沟通，我目前没有可以进一步提供的信息。,林剑
t20260317_11876240.html,总台CGTN记者,联合国难民署近日表示，本轮中东地区危机构成“重大人道主义紧急事件”，受影响地区难民已达2500万人。伊朗大量无辜平民伤亡，黎巴嫩约80万人流离失所，约旦、伊拉克等国受到波及。在此背景下，中方是否考虑向有关国家提供人道主义援助？,中国始终践行人类命运共同体理念，秉持国际主义和人道主义精神。当前战事对伊朗等地区国家人民造成深重人道主义灾难，中方对此表示同情，向相关国家人民表示慰问。,林剑
t20260317_11876240.html,中新社记者,据报道，埃塞俄比亚南部近日强降雨引发泥石流和山体滑坡，已造成至少100人遇难，约60人失踪，近3500人流离失所。埃塞俄比亚政府宣布3月14至16日为哀悼日，全国降半旗。请问中方对此有何评论？,埃塞俄比亚强降雨引发泥石流和山体滑坡导致重大人员伤亡和财产损失，中方对遇难民众表示深切哀悼，向遇难民众家属表示诚挚慰问。相信在埃塞俄比亚政府领导下，灾区人民一定能够早日战胜灾害，重建家园。中方愿根据埃方需要，为灾区人民及灾后重建提供力所能及的帮助。,林剑
t20260317_11876240.html,美国全国广播公司记者,你刚才提到，中美双方就特朗普总统访华时间等问题保持着沟通。请问双方正在讨论哪些访华日期？,目前我没有可以进一步提供的信息。,林剑
t20260317_11876240.html,法新社记者,昨晚巴基斯坦对阿富汗首都喀布尔发动空袭。中方对此有何评论？是否仍在两国间开展斡旋工作？,阿富汗和巴基斯坦是搬不走的邻居，对话谈判是解决两国间问题的唯一有效途径。中方希望双方保持冷静克制，尽早面对面交流，尽快实现停火，通过对话解决矛盾分歧。中方已敦促阿巴两国确保中方人员、项目和机构安全，将继续通过自身渠道为缓局降温、两国改善关系发挥建设性作用。,林剑
t20260317_11876240.html,日本广播协会记者,美国总统特朗普日前表示，已请求包括中国在内的有关国家派遣舰船前往霍尔木兹海峡。请问中方是否收到这一请求，对此有何回应？（路透社亦问及）,昨天我们已就相关问题作出回应，没有进一步补充的信息。,林剑
t20260317_11876240.html,法新社记者,欧盟昨天以对欧盟成员国发动网络攻击为由，对两家中国公司和一家伊朗公司实施制裁。外交部对此有何评论？,中方坚决反对欧方非法单边制裁中国实体，敦促欧方纠正错误做法，以负责任和建设性态度与中方共同维护网络空间和平、稳定与繁荣。,林剑
t20260318_11876825.html,凤凰卫视记者,近日，赖清德出席活动时称，日本殖民台湾是为了推动“东亚共荣圈”。这一言论引发岛内强烈不满，发言人对此有何评论？,赖清德当局公然用侵略者的谎言美化日本侵略殖民统治，这是对历史的严重亵渎和对民族的可耻背叛。日本曾对中国台湾实施长达半个世纪的殖民统治，血腥镇压台湾同胞反抗，大肆掠夺各类资源，对台湾经济、文化、民生等造成严重破坏。这段刻骨铭心的血泪史不容遗忘，不容歪曲。,林剑
t20260318_11876825.html,路透社记者,美国总统特朗普已确认推迟访华。中方是否同意这一安排？会否推动中美元首会晤开展更多实质性讨论？,元首外交对中美关系发挥着不可替代的战略引领作用，中美双方将继续就特朗普总统访华事保持沟通。,林剑
t20260319_11877656.html,总台央视记者,据报道，伊朗最高国家安全委员会秘书拉里贾尼在以色列袭击中遇难。以色列防长卡茨称，他同内塔尼亚胡总理共同决定，授权以军无需批准即可击杀任何伊朗官员。请问中方对此有何评论？,中方对这一说法感到震惊，我们一贯反对在国际关系中使用武力，杀害伊朗国家领导人和攻击平民目标的行径更不可接受。当前中东地区战火延烧，紧张局势升级外溢。尽快停火止战是国际社会普遍愿望。中方敦促当事方立即停止军事行动，防止将地区局势推向不可收拾的地步。,林剑
t20260319_11877656.html,韩联社记者,因不满韩国电子入境申报上标记的“中国台湾”字样，台湾方面表示将把部分出入境文件上的韩国改为“南韩”。对此中方有何评论？,台湾是中国领土不可分割的一部分，一个中国原则是国际关系基本准则和国际社会普遍共识。我们相信韩方将继续坚持中韩建交联合公报既已明确的一个中国原则，并据此妥处台湾问题。,林剑
t20260319_11877656.html,埃菲社记者,据报道，对于悬挂巴拿马国旗船只进入中国港口，中方近期加强了检查，有观点认为这与巴方取消中资企业参与巴拿马运河港口运营合同有关。请问中方对此有何评论？,我不了解你提到的有关情况，建议你向中方主管部门询问。,林剑
t20260319_11877656.html,《北京日报》记者,3月19日，泰国国会下议院选举自豪泰党党首、现任总理阿努廷为新任泰国总理。中方对此有何评论？对中泰关系有何期待？,中方对阿努廷先生连任泰国总理表示祝贺。相信在阿努廷总理领导下，泰国国家建设事业将取得新的更大成就。,林剑
t20260319_11877656.html,路透社记者,美国情报部门在年度全球威胁评估报告中指出，中国目前没有计划于2027年“进攻台湾”，而是寻求在不使用武力的情况下“控制台湾”。中方对此及这份报告有何评论？,台湾问题是中国内政，解决台湾问题完全是中国人自己的事，不容任何外部势力干涉。美方应恪守一个中国原则和中美三个联合公报，在台湾问题上谨言慎行。同时，美方有关机构和人士应摒弃意识形态偏见和冷战零和思维，端正对华认知，停止炒作“中国威胁论”。,林剑
t20260319_11877656.html,新华社记者,我们注意到，近期中国政府中东问题特使翟隽访问中东多国。能否介绍翟隽特使此次访问有关情况？,当前中东地区战火延烧，紧张局势升级外溢。为推动局势降温、劝和止战，中国政府中东问题特使翟隽近期赴中东多国穿梭访问，同沙特、阿联酋、巴林、科威特、埃及外长和海合会、阿盟秘书长会晤，并同卡塔尔外交部国务大臣通电话，就地区局势进行深入沟通。,林剑
t20260319_11877656.html,《中国日报》记者,巴基斯坦同阿富汗冲突已延宕3周。据报道，巴阿双方已应沙特、卡塔尔和土耳其等伊斯兰国家请求，同意在开斋节期间，于3月18日午夜至23日午夜临时停火。中方对此有何评论？,中方欢迎巴基斯坦、阿富汗同意临时停火。希望两国保持冷静克制，尽快恢复和谈，及早实现全面持久停火，通过对话妥处矛盾分歧，共同维护两国和本地区和平稳定。中方赞赏有关伊斯兰国家为此所作努力，一直通过自身渠道调解阿巴冲突，愿继续为此发挥建设性作用。,林剑
t20260319_11877656.html,路透社记者,美国情报部门在年度全球威胁评估报告称，日本首相高市早苗关于假设中国“攻台”的表态，标志着日本在涉台问题上的立场发生“重大改变”。日本政府对此表示反对，并称日方在判断“存亡危机事态”上的立场没有改变。中方对此有何评论？,日本首相高市早苗涉台谬论公然干涉中国内政，表达企图武装介入台湾问题的野心，对中国发出武力威胁，中方已多次阐明严正立场。有关报告表明，国际社会越来越清醒认识到高市言论的恶劣性质和影响，对日方主动挑衅滋事的危险动向保持警惕。日方只靠一句“立场未变”难以自圆其说，无法取信亚洲邻国和国际社会。我们敦促日方反思纠错、改弦更张，以实际行动践行中日四个政治文件和自身承诺，并恪守日本宪法中的和平主义条款，不要在错误的道路上越走越远。,林剑
t20260319_11877656.html,路透社记者,据报道，菲律宾农业部长昨天表示，中国已向菲律宾保证不会限制对菲化肥出口。中国驻菲大使同菲能源部长会面时也商谈了能源安全问题。发言人能否提供更多细节？菲方是否提出希中方助其加强能源安全？是否谈及石油供应问题？此外，在能源供应问题上，中方能否作出类似保障化肥供应的承诺？,中东局势冲击全球能源安全，有关国家应当立即停止军事行动，防止地区动荡对全球经济发展造成更大影响。中方愿同东南亚国家加强协调配合，共同应对能源安全问题。,林剑
t20260319_11877656.html,路透社记者,追问关于能源安全的问题，中国是否同其他东南亚国家也进行过类似讨论？是否有东南亚国家提出希望中国帮助其确保能源安全？,我刚刚已经作了回应。中方愿同东南亚国家加强协调配合，共同应对能源安全问题。,林剑
t20260320_11878245.html,《人民日报》记者,中方刚刚发布韩正副主席访问肯尼亚、南非、塞舌尔的消息。发言人能否介绍一下此访背景、活动安排和中方期待？,中国和肯尼亚是新时代命运共同体，和南非是新时代全方位战略合作伙伴，和塞舌尔是战略伙伴。近年来，特别是2024年中非合作论坛北京峰会召开后，在习近平主席同三国领导人战略引领下，中肯、中南、中塞关系取得长足发展，中国同三国政治互信不断巩固，各领域务实合作成果丰硕，人文交流日益密切，在地区和国际事务中始终保持良好沟通和协调。,林剑
t20260320_11878245.html,路透社记者,据报道，下周中国军方将同欧盟、北约方面举行会谈。中方对会谈有何期待？,这个问题建议询问中方主管部门。,林剑
t20260320_11878245.html,中新社记者,3月19日，尼泊尔选举委员会向总统鲍德尔提交3月5日联邦议会众议院选举综合报告。根据尼方正式公布的选举结果，民族独立党在275个议席中赢得182席，成为众议院第一大党。请问中方对此有何评论？,中方祝贺尼方完成联邦议会众议院选举，祝贺民族独立党成为尼泊尔众议院第一大党。中方支持尼方走符合本国国情的发展道路，希望尼方顺利推进国家政治议程。,林剑
t20260320_11878245.html,印度报业托拉斯记者,印度已任命维克拉姆·多雷斯瓦米先生为新任驻华大使。他经验丰富，熟悉涉华事务。外交部对这一任命有何评论？,使节是国与国之间发展友好合作关系的重要桥梁。中方对印度新任驻华大使魏嘉盟表示欢迎，愿为他来华履职提供便利，期待他就任后为推动中印关系持续改善发展发挥积极作用。,林剑
t20260320_11878245.html,共同社记者,据报道，在日美领导人会谈中，双方确认了维护台湾海峡和平稳定的重要性。中方对此有何评论？,台湾是中国领土不可分割的一部分，台湾问题纯属中国内政，解决台湾问题是中国人自己的事。要想维护台海和平稳定，就应旗帜鲜明反对“台独”分裂。中方捍卫国家主权和领土完整的决心坚定不移。,林剑
t20260320_11878245.html,印尼安塔拉通讯社记者,今明两天，广大穆斯林将欢庆开斋节，这标志斋月的结束。外交部对世界特别是中东地区被冲突所困的穆斯林群体想要传递什么信息？,当前中东冲突还在升级、战事仍在扩大，不仅冲击地区和平稳定，更直接影响国际能源、金融、贸易和航运，损害各国共同利益。历史和现实反复告诉世人，武力不是解决问题的办法，兵戎相见只会增添新的仇恨。当事方应尽快按下军事行动“停止键”，避免事态进一步恶化。中方将继续为停火止战奔走斡旋，早日还中东和平与稳定。,林剑
t20260320_11878245.html,深圳卫视记者,近日，第51届日内瓦国际发明展在瑞士闭幕，来自35个国家和地区的1000多个发明项目展示了不同领域、不同行业的创新成果，中国代表团斩获90项金奖。国际媒体关注中国将创新和科技自立自强置于“十五五”规划新发展蓝图的核心位置，称之为“赢得未来的计划”。发言人对此怎么看？,当前，全球科技创新空前活跃，成为提高生产效率、提升供给能力、激发潜在增长的关键拉动力。中国“十五五”规划纲要就“加快高水平科技自立自强，引领发展新质生产力”作出专门部署，将为促进高质量发展、实现中国式现代化提供源源不断的新动能。,林剑
t20260320_11878245.html,法新社记者,美国财长贝森特昨天表示，美方可能对在途伊朗石油解除制裁。外交部对当前全球石油市场形势有何看法？对美国可能解除对伊朗石油制裁有何评论？,中方一贯反对非法单边制裁。我们对当前中东局势持续紧张深感担忧。各方应当立即停止军事行动，避免局势进一步升级，防止地区局势动荡对全球经济发展造成更大影响。能源安全对世界经济至关重要，各方都有责任确保能源供应稳定畅通。,林剑
t20260320_11878245.html,法新社记者,据报道，因违规向中国提供英伟达人工智能芯片，美国公司超微电脑三名员工在美受到指控。外交部对此案有何评论？,我不了解你提到的情况。,林剑
t20260320_11878245.html,日本电视网记者,今早日美领导人举行会谈。日本首相高市早苗称，日方对同中方对话一贯持开放态度。发言人对此有何评论？,中方已多次就此阐明严正立场。真正的对话应建立在尊重对方、恪守共识的基础上。如果是一边声称对话、一边在搞对抗，任何人都不会接受这样的“对话”。日方如果真心想改善中日关系，就应恪守中日四个政治文件和自身所作承诺，尽早撤回错误涉台言论，认真反思纠偏，以实际行动维护中日关系政治基础。,林剑
t20260323_11879269.html,总台央视记者,本周是2026年“澜湄周”。发言人能否介绍今年“澜湄周”活动亮点？对澜湄合作未来发展有何期待？,今天是澜湄合作首次领导人会议召开10周年纪念日。10年来，在习近平主席和湄公河国家领导人共同引领下，中国同湄公河国家实现双边命运共同体建设全覆盖，贸易额突破5000亿美元，较10年前增长150％。“丰收澜湄”“甘泉行动”等上千个“小而美”的惠民项目落地见效。六国携手推进“平安澜湄行动”，有力维护地区安全。今天，庆祝澜湄合作首次领导人会议召开10周年招待会将在北京举行，中共中央政治局委员、外交部长王毅将出席，并同各界朋友共话澜湄合作未来。,林剑
t20260323_11879269.html,中阿卫视记者,据报道，日本网友对高市早苗访美视频的评价以负面为主，集中批评其夸张神态、谄媚姿态有损国家尊严，甚至直言视频“像AI生成般糟糕”。中方对此有何评论？,我们注意到一些日本媒体、专家和民众对高市此次访美的观点，包括被当面提及日本偷袭珍珠港、在参观总统星光大道时的反应等。对于日本网民对此访的各种非议，我不予评论。美日发展双边关系应有利于地区和平稳定，不应针对第三国或损害他国利益。,林剑
t20260323_11879269.html,《北京日报》记者,据报道，韩国大田一处汽车零部件制造厂发生火灾，目前已有14人遇难，60人受伤。中方对此有何评论？,我们注意到韩国大田日前发生火灾并造成多名人员伤亡。我们向遇难者表示深切哀悼，向遇难者家属致以诚挚慰问，祝愿伤者早日康复。,林剑
t20260323_11879269.html,法新社记者,美国总统特朗普周六向伊朗发出48小时最后通牒，要求其在格林尼治时间今晚11时44分前恢复霍尔木兹海峡通行，否则将摧毁伊朗的发电厂。外交部对此有何回应？,当前，中东战火仍在蔓延外溢。如果战事持续扩大，局势再度升级，整个地区将陷入不可收拾的局面。武力只会导致恶性循环。中方强烈呼吁当事方立即停止军事行动，回归对话谈判，不要让这场本就不该开始的战争再继续下去。,林剑
t20260323_11879269.html,路透社记者,中方是否已与菲律宾、老挝、越南等东南亚国家讨论化肥供应问题？如何帮助这些国家解决化肥短缺问题？是否已开始向其额外输送化肥？,中东局势冲击全球能源和贸易安全，有关国家应当立即停止军事行动，防止地区动荡对全球经济发展造成更大影响。关于你提到的具体问题，建议向中方主管部门了解。,林剑
t20260323_11879269.html,路透社记者,中方要求伊朗维护在伊公民和机构安全，是否专门提出要确保中国船只和运往中国的石油安全通行？,中方再次呼吁各方立即停止军事行动，避免紧张事态进一步升级，防止地区局势动荡对全球经济发展造成更大影响。我们也就当前局势同各方保持沟通，致力于推动局势缓和降温。,林剑
t20260323_11879269.html,路透社记者,外交部上周表示愿同东南亚国家共同应对能源安全问题。中方打算采取什么措施？是否同地区国家商讨了此事？,建议向中方主管部门了解。,林剑
t20260323_11879269.html,路透社记者,中国驻印度使馆周六表示，中国国航将恢复北京和新德里之间的直航航班。请问具体将于何时恢复？,中印就促进双方合作和人员往来保持着沟通。你提到的具体问题，建议向中方主管部门了解。,林剑
t20260323_11879269.html,彭博社记者,越南官员上周末称，反对中国在西沙群岛进行填海作业。外交部对此有何回应？,西沙群岛是中国固有领土，不存在任何争议。中国在自己的领土上开展必要建设，是为了改善岛上居民的居住和生活条件，服务地方经济发展。,林剑
t20260324_11880190.html,法新社记者,美国总统特朗普宣布，为了给谈判留出空间，将推迟对伊朗电力设施打击5天，并表示美国政府方面正同一位身份未公开的伊朗高级官员进行沟通。中方对此有何评论？中方对美方应同伊方哪位官员谈判持何看法？,战事延宕不符合任何一方利益，停火对话是唯一出路。中方对当前局势不断升级外溢、冲击地区和国际和平稳定深感担忧，呼吁相关各方立即停火止战，尽快回到和平对话的轨道上来。,林剑
t20260324_11880190.html,路透社记者,欧盟与澳大利亚今天签署一项贸易协议。欧盟委员会主席冯德莱恩谈及该协议时表示，欧盟与澳大利亚在关键矿产领域的合作伙伴关系至关重要，双方都不能过度依赖任何供应方。冯德莱恩还称，不应接受中国靠出口拉动的增长模式和过剩产能。中方对此有何回应？,国际贸易本质上是市场双向选择的过程，对合作双方都有利。欧盟的对外贸易也一直是顺差。中国生产的优质、创新产品，丰富了全球供给，促进了世界贸易扩张和产业发展。我们从不刻意追求顺差。事实上，在华的欧洲企业近40％的货物出口量返销欧洲，这部分贸易的顺差在中方，利润却在投资方。中国不仅愿做“世界工厂”，更愿做“世界市场”。我们锚定高质量发展和高水平对外开放，积极实施扩大内需战略，通过进博会、服贸会等平台扩大进口外国优质产品，加速释放消费潜力，持续给世界经济提供新动能。,林剑
t20260324_11880190.html,法新社记者,台湾方面称，由于主办方喀麦隆在签发给台湾代表团的材料中将其标注为中国的一个省，台方将首次缺席世贸组织高级别会议。发言人对此有何评论？,世界上只有一个中国，台湾是中国领土不可分割的一部分。在中国台湾地区参与国际组织活动问题上，中方立场是一贯的、明确的，即必须按照一个中国原则来处理。一个中国原则是中国台湾地区参与世贸组织的政治前提。民进党当局借参会问题进行政治操弄，手段极其卑鄙，其谋“独”挑衅图谋注定失败，只会自取其辱。,林剑
t20260324_11880190.html,路透社记者,据路透社获悉，日本政府正在审议的年度外交报告草案拟将日中关系定位从“最重要的双边关系之一”降级为“重要邻国”，保留“战略互惠”表述。中方对此有何评论？,中日关系当前局面的根源在于日本首相高市早苗发表涉台谬论，激起中国人民的公愤，挑战战后国际秩序的红线。日方如果真心想改善和发展中日关系，就应恪守中日四个政治文件和自身所作承诺，尽早撤回错误涉台言论，认真反思纠偏，以实际行动维护中日关系政治基础。,林剑
t20260324_11880190.html,法新社记者,西班牙首相府周一表示，桑切斯首相将于4月13日至15日对华进行正式访问。中方能否证实？对此访有何期待？,中国和西班牙是全面战略伙伴，近年来双边关系保持良好发展势头。关于你提到的访问，目前我没有可以提供的信息，请你继续保持关注。,林剑
t20260324_11880190.html,《环球时报》记者,今日上午在东京，一名日本自卫队人员闯入中国驻日本使馆。请问发言人能否进一步介绍情况？,3月24日上午，一名自称为日本自卫队现役官员的不法之徒翻墙强行闯入中国驻日本大使馆。此人承认自身行为非法，威胁要以“神的名义”杀死中国外交人员。,林剑
t20260325_11880819.html,中阿卫视记者,关于日本自卫队人员冲闯中国驻日使馆事件的最新进展是什么？中方对此有何进一步表态？,中国驻日使馆正与日本警方协调后续处置事宜，这一不法之徒已移交日本警方。日本警方查证并公开的信息显示，此人为日本陆上自卫队现役官员，职位是三等陆尉，携带刃长达18厘米的刀具翻墙闯入中国驻日本使馆。中方已在北京和东京向日方严正交涉、表达强烈不满，指出该事件严重威胁使馆人员安全，扰乱使馆安宁、损害使馆尊严，表明日方未能切实履行《维也纳外交关系公约》义务，未能尽到保护使馆及外交代表不可侵犯的特殊责任。我们再次敦促日方立即彻查事件、严惩不法分子，给中方一个负责任的交代。,林剑
t20260325_11880819.html,总台央视记者,王毅外长昨天应约同伊朗外长阿拉格齐通话。我们注意到阿拉格齐外长表示伊方期待中方为促和止战继续发挥积极作用。请问中方下步将为劝和促谈作出怎样努力？,伊朗战事外溢影响持续扩散，严重冲击中东和世界和平稳定。立即停火止战是地区国家人民的普遍期待和国际社会的共同呼声。王毅外长昨天在同伊朗外长阿拉格齐通话中强调，中方的原则立场是，所有地区热点问题都应通过对话谈判解决，而不应使用武力。谈起来总比打下去好。希望各方抓住一切和平机会和窗口，尽快启动和谈进程。,林剑
t20260325_11880819.html,法新社记者,据美媒报道，特朗普总统向伊朗提出“和平方案”，对结束战争持乐观态度。伊朗称将允许“非敌对国家”油轮通过霍尔木兹海峡。中方对上述最新情况有何回应？,中方对中东局势持续紧张、冲击地区和国际和平稳定深感担忧。停火止战是当务之急，对话谈判是破局之路。我们支持一切有利于缓局降温、恢复对话的努力。,林剑
t20260325_11880819.html,路透社记者,外交部能否证实，自伊朗宣布允许“非敌对国家”船只通过霍尔木兹海峡后，是否有中方船只顺利通行？,维护中东地区和平稳定和航道畅通安全，符合国际社会共同利益。中方一直同各方保持沟通，致力于推动局势缓和降温。当务之急是各方负起自己应当承担的责任，立即停止军事行动，避免紧张事态继续恶化升级，防止局势动荡对全球经济发展造成更大影响。,林剑
t20260325_11880819.html,深圳卫视记者,据报道，日本文部科学省3月24日对2027年度起使用的高中教科书进行审定，部分教科书使用日军“慰安妇”和强征劳工问题“不存在强制”表述，固化钓鱼岛是日本“固有领土”的表述。请问中方对此有何评论？,在教科书审定上通过玩弄文字游戏模糊史实，淡化和逃避历史罪责，是日方否认和歪曲自身侵略历史的惯用伎俩。中方对此强烈不满、坚决反对，已向日方提出严正交涉。,林剑
t20260325_11880819.html,法新社记者,周二，一位已退休的香港警务人员在伦敦出庭时否认为中国从事间谍活动，称从未协助中国在英国开展“影子警务”。该65岁人士名为袁松彪，被指控在2023年12月至2024年5月期间“协助外国情报机构”。外交部对此有何评论？,中方已多次就此案阐明立场。我要强调的是，我们坚决反对以所谓“外国干预”为借口搞政治操弄。,林剑
t20260325_11880819.html,路透社记者,上周，发言人称中方愿与面临能源短缺的地区国家加强配合。中方能否介绍这方面的进展？是否已采取相关举措？东南亚多国不得不缩短工作时长，以应对能源短缺，中方能提供什么帮助？,当前中东局势冲击全球能源安全、产供链畅通和国际贸易秩序。有关国家应当立即停止军事行动，防止地区形势动荡对全球经济发展造成更大影响。中方愿同国际社会加强协调配合，共同应对能源安全问题。,林剑
t20260325_11880819.html,委内瑞拉南方电视台记者,美国对委内瑞拉发动空袭侵略，导致百余人死亡，还绑架了马杜罗总统夫妇。随着3月26日听证会临近，中方认为从合法性、主权和国际法角度而言，应当如何看待这场针对委内瑞拉总统夫妇的司法审判？中方与国际社会正采取哪些具体措施，确保被美国作为人质的总统夫妇获释？,美国强行控制一国元首明显违反《联合国宪章》宗旨和原则，违反国际法和国际关系基本准则，中方坚决反对。我们支持委内瑞拉维护自身主权、尊严和合法权利。,林剑
t20260325_11880819.html,日本电视网记者,据报道，两名日本公民1月因持有毒品在广州被捕。外交部是否了解此事，对此有何评论？,我不了解你提到的情况。,林剑
t20260325_11880819.html,路透社记者,日方有否向中方保证类似此次冲闯的事件不会再发生？此事是否会加深中日关系的裂痕？,这一事件再次反映出日本国内极右翼思潮和势力十分猖獗，“新型军国主义”成势为患，也暴露日本政府在历史、台湾等涉及中日关系重大核心问题上的错误政策流毒深重，日方对自卫队人员失管失教，未能履行对中国使领馆和外交人员的安保责任。至于日方将采取什么措施妥善处理此次事件，如何从根源上确保类似事件不再发生，建议你直接问日本方面，包括中方在内的国际社会都在拭目以待。,林剑
t20260325_11880819.html,共同社记者,据日本媒体报道，闯入中国大使馆的自卫队员称其目的是与中国大使交谈，这与中方的表述不符。中方对日方的说明有何评论？,你见过未经允许持刀进入使馆同大使交谈的先例吗？该不法分子为自卫队的官员，携带刃长达18厘米的刀具非法翻墙闯入中国使馆，这是日本警方已经查证的事实，其威胁要以“神的名义”杀死中国外交人员也是不争的事实。日方必须对事件进行全面严肃彻查。,林剑
t20260325_11880819.html,埃菲社记者,中方对将于本周四在喀麦隆举行的世贸组织部长级会议有何期待？中方已决定不再寻求新的特殊和差别待遇，对世贸组织改革的前景怎么看？,当前国际经贸秩序遭遇严重挑战，单边主义、保护主义抬头，多边贸易体制受到严重冲击。世贸组织时隔10年再次在非洲举办部长级会议，具有特殊重要意义。中方坚定支持喀麦隆办好本届世贸组织部长级会议。,林剑
t20260325_11880819.html,委内瑞拉南方电视台记者,美国对古巴持续实施能源封锁，按国际法属于对古巴人民的集体惩罚，目的是引发政权更迭。中方认为这种做法是否合法？中方正采取哪些措施支持古巴、维护古巴主权、为古巴人民提供必要资源保障？,美国对古巴实施60多年全面封锁和非法制裁，给古巴人民造成深重灾难。中方坚决反对美方滥施单边制裁，坚定支持古巴走符合本国国情的发展道路，维护国家主权和安全、反对外来干涉。我们敦促美方立即取消对古巴封锁制裁，停止以任何借口对古巴施压。这也是国际社会的普遍呼声。,林剑
t20260325_11880819.html,埃菲社记者,近日，巴基斯坦以及土耳其、埃及表示愿在美国、以色列、伊朗之间充当调停方。巴基斯坦提出可将其首都伊斯兰堡作为和谈举办地。外交部对此有何评论，是否掌握更多信息？,停火止战是当务之急，对话谈判是破局之路。我们支持一切有利于缓局降温、恢复对话的努力。,林剑
t20260325_11880819.html,埃菲社记者,美国政府有关部门决定禁止进口所有外国制造的路由器。此举被视为美方禁止进口中国电子设备的新举措。发言人对此有何评论？,我们一贯反对美方泛化国家安全概念、针对别国企业采取歧视性做法。美方应为各国企业提供公平、透明、非歧视的营商环境。,林剑
t20260326_11881537.html,澎湃新闻记者,日前，博鳌亚洲论坛年会发布报告指出，全球人工智能发展重心从欧美向亚洲转移，中国已形成全链条成熟度与规模化落地能力。我们也注意到，今年以来中国人工智能领域亮点频现，Seedance2.0视频生成模型以“电影级”效果风靡全球，MiniMax全模态大模型广受好评。发言人如何评价中国人工智能发展现状和对世界的贡献？,我们注意到了有关报告。短短几年内，人工智能在中国从展会走进寻常百姓家，赋能千行百业。当前中国已是全球人工智能专利最大拥有国，核心产业的规模超1.2万亿人民币，企业数量超过6200家，成为全球智能化转型的重要引擎。今年的《政府工作报告》首次提出“打造智能经济新形态”，为培育智能新模式、壮大增长新动能指明了前进方向。,林剑
t20260326_11881537.html,共同社记者,美国总统特朗普宣布，他将于5月14日至15日对中国进行国事访问，在北京与习近平主席举行会晤。中方能否确认相关日程安排？,元首外交对中美关系发挥着不可替代的战略引领作用。中美双方就特朗普总统访华事保持着沟通。,林剑
t20260326_11881537.html,今日俄罗斯记者,据美国五角大楼称，一个由美国主导的制造协作集团正寻求在菲律宾设立新的弹药生产线。据称此举是为了帮助美国盟友在可能有需求的区域附近生产和维护军事装备。中方对此有何评论？在这一背景下，中方如何看待相关举措对印太地区安全稳定的影响？中方是否会采取相应举措来维护自身安全利益？,中方一贯认为，国家间开展军事安全合作不应针对第三方或损害第三方利益，不应损害地区和平稳定。亚太是世界发展繁荣最重要的动力源和稳定器，美方及其盟友应切实尊重地区国家的共同愿望，多做有利于和平稳定的事，不要把集团对抗、冲突战乱引入亚太。相关国家如果甘当“火药桶”“弹药库”，最终也只会反噬自身。中方将坚定捍卫国家领土主权和安全利益，维护自身的正当权益。,林剑
t20260326_11881537.html,法新社记者,据《金融时报》昨日报道，中国政府禁止人工智能企业Manus两名高管离境。中方能否证实并解释禁止离境的原因？,我不了解你提到的有关情况，建议向中方主管部门询问。,林剑
t20260326_11881537.html,法新社记者,特朗普总统称美国寻求同伊朗达成协议，而伊方否认正与美方谈判。中方是否了解伊美接触情况？是否正推动伊方同美方谈起来？,中方已多次强调，战事延宕不符合任何一方利益。这场战争再打下去只会带来更多的伤亡和无谓的损失，导致局势进一步外溢。当务之急是积极劝和促谈，抓住和平机会，推动战火平息。我们支持一切有利于缓局降温的努力。各方都应同向而行，为开启真正有意义、有诚意的和谈创造条件。中方愿为此继续发挥建设性作用。,林剑
t20260326_11881537.html,彭博社记者,英国政府以国家安全为由，拒绝中企明阳智能在苏格兰建风力涡轮机厂。外交部对此有何评论？,中英经贸、绿色合作的本质是互利共赢，不应受到泛政治化、泛安全化冲击。希望英方为包括中国企业在内的各国企业提供公平、公正、非歧视的营商和投资环境。,林剑
t20260327_11882425.html,总台CGTN记者,近日，中国外交部、文化和旅游部与巴西外交部、文化部和旅游部共同发布了关于2026“中巴文化年”的联合公告。请问发言人对此有何评论，可否介绍更多情况？,中国和巴西是携手构建更公正世界和更可持续星球的命运共同体。举办2026“中巴文化年”是两国元首就加强中巴命运共同体建设达成的重要共识，也是继2024年庆祝中巴建交50周年系列活动后又一重点人文交流项目。双方将在文化年框架下开展舞台表演、视觉艺术、音乐、非物质文化遗产等一系列文化活动。具体可向两国文化主管部门作进一步了解。,林剑
t20260327_11882425.html,《环球时报》记者,日本防卫大臣在27日的记者会上表示，作为实力组织的自卫队，维持纪律极为重要。本应遵守法律与纪律的自卫官却侵入中国大使馆内，因涉嫌入侵建筑物而被逮捕，对此深感遗憾。同时有日本媒体报道称，该人员没有伤人意图。请问此事件有何最新进展？,越来越多的事实已经浮出水面，该不法分子为自卫队的少尉官员，选择使馆通勤时间携带长达31厘米的锋利刀具非法翻墙闯入中国使馆，并长时间潜伏在树丛中。我们不禁要问，他长时间潜伏是在等什么人？打算做什么？日方迄今对此完全没有说明。,林剑
t20260327_11882425.html,中新社记者,3月26日，英国智库与中国（深圳）综合开发研究院联合发布第39期《全球金融中心指数》报告，香港继续蝉联全球第三、亚太区第一，整体评分进一步上升。请问外交部对此有何评论？,我们也注意到有关报告，这是国际社会对香港独特地位和优势以及“一国两制”发展前景投下的又一张信任票。,林剑
t20260327_11882425.html,法新社记者,美国官员昨天称，中芯国际向伊朗军方输送芯片制造工具。外交部对此有何评论？,我不了解你提到的情况。我可以告诉你的是，最近个别媒体热衷发布一些似是而非的消息，我们核实后发现都是假消息。,林剑
t20260327_11882425.html,总台央视记者,据了解，近日一名中国博士后在遭美方执法人员约谈盘问后，于次日不幸自杀身亡。外交部对此有何评论？,我们对这一悲剧深感痛心，已向美方提出严正交涉。中国驻美使领馆已第一时间同当事人的家属取得联系，并为家属善后提供积极协助。,林剑
t20260327_11882425.html,巴西《圣保罗页报》记者,巴西总统卢拉周四在参观一家工厂时提到宠物消费，表示“这在中国可能不是个问题”。这一言论引发关注。中方对此有何评论？,我们注意到，卢拉总统在出席有关活动时强调，中国是巴西最好的伙伴，两国关系蓬勃发展，他对此充满信心。刚才我也介绍了2026“中巴文化年”的有关情况。相信这也为巴西记者朋友们在华更好开展新闻报道，增进两国民众的相互了解和促进中巴友好事业提供了有利契机，也期待你为此发挥更多积极作用。,林剑
t20260327_11882425.html,法新社记者,美方昨天称，巴拿马取消长江和记在巴拿马运河港口的运营合同后，中方开始扣押悬挂巴拿马国旗的集装箱船只，作为对巴方的反制。发言人能否证实？对此有何回应？,中方在巴拿马有关港口问题上的立场是明确的。美方一再说三道四只能暴露自身霸占运河的图谋。你提到的具体情况建议向中方主管部门询问。,林剑
t20260327_11882425.html,《北京青年报》记者,据报道，尼泊尔新总理巴伦德拉·沙阿27日宣誓就职。中方对此有何评论？,中方对此表示祝贺。作为传统友好邻邦，中方将一如既往支持尼泊尔维护独立、主权和领土完整，支持尼泊尔实现团结稳定、发展繁荣，愿同尼泊尔新政府共同努力，赓续传统友谊，深化务实合作，推动中尼面向发展与繁荣的世代友好的战略合作伙伴关系不断向前发展。,林剑
t20260327_11882425.html,法新社记者,美国联邦调查局称，一名涉嫌本月初在佛罗里达州某军事基地安放爆炸装置的男子已逃往中国。发言人对此有何评论？另外关于特朗普总统访华，发言人是否掌握更多信息？日期是否定在5月14日至15日？,我不了解你提到的情况。关于第二个问题，中美双方就特朗普总统访华事保持着沟通。,林剑
t20260330_11883715.html,总台华语环球节目中心记者,今天上午，外交部网站公布了对日本国会众议员古屋圭司采取反制措施的决定，发言人能否进一步介绍有关情况？,台湾问题是中国核心利益中的核心，是不可逾越的红线。中方已就日本国会众议员古屋圭司窜访中国台湾地区向日方提出严正交涉。在日本领导人发表涉台谬论后，中方多次阐明严正立场，但古屋圭司仍不收敛、不收手、不知止，执意同“台独”分裂势力持续勾连滋事，严重干涉中国内政，严重侵害中方主权和核心利益。针对古屋圭司的恶劣行径，依据《中华人民共和国反外国制裁法》，中方发布外交部令，公布反制措施，对其加以惩戒，以儆效尤。中方还将视情对其采取其他一切必要的惩治措施。,毛宁
t20260330_11883715.html,阿纳多卢通讯社记者,周末，在以色列对黎巴嫩南部发动的炮击中，一名联合国维和人员遇难，另一人受重伤。联合国秘书长对此表示强烈谴责。中方对此有何评论？,中方强烈谴责针对联黎部队的袭击，对遇难者表示哀悼，并向伤者表示慰问。任何蓄意攻击联合国维和人员的行为都严重违反国际人道法和安理会第1701号决议，绝对不能接受，必须立即停止。中方敦促当事方推动局势降温，采取切实措施保障联合国维和人员安全。,毛宁
t20260330_11883715.html,中新社记者,海南自由贸易港上周迎来封关满100天。100天来，这个世界上“最年轻的自贸港”封关运作实现高标准开局，得到各方积极评价。发言人能否介绍更多情况？对此有何评论？,海南自由贸易港是引领全球开放合作、驱动创新发展的重要平台。从顺利开局到蓬勃发展，海南自贸港交出了一份亮眼的百日答卷。封关以来，海南以制度型开放为牵引，以大通道带动大开放、以大开放促进大发展，成为国内国际双循环的重要经济枢纽和创新合作平台。随着零关税、低税率等政策落地，海南的人流量、货流量和企业数量迅猛增长。免签入境旅客同比增长54.2％；外贸进出口同比增长32.9％；新增外资企业737家，同比增长超三成。,毛宁
t20260330_11883715.html,巴西《晚报》记者,日本驻巴西大使近日接受采访称，日方愿缓和与中国因台湾问题导致的外交紧张，并稳定两国关系。中方是否愿就此与日方开启对话？,台湾问题是中国内政，一个中国原则是中日关系的政治基础。对话应当建立在尊重对方、恪守共识的基础上，不能一边要求对话、一边损害对方的核心利益。日方应反思纠错，恪守中日四个政治文件和自身所作承诺，以实际行动展现对话诚意。,毛宁
t20260330_11883715.html,《环球时报》记者,据报道，3月24日至27日，外交部举办了“弘扬多边主义，促进军控外交”国际研讨会暨退役核设施参访活动，能否进一步介绍活动情况？,3月24日至27日，外交部在北京举办了“弘扬多边主义，促进军控外交”国际研讨会暨退役核设施参访活动。出席研讨会的外方代表走访了中国核工业企业，并赴重庆参观考察了中国的退役核设施。这是中方推动落实全球治理倡议、全球安全倡议，在军控领域支持发挥联合国作用、维护国际军控体系的一次重要外交活动。,毛宁
t20260330_11883715.html,阿纳多卢通讯社记者,巴基斯坦外长达尔周末在伊斯兰堡与土耳其、埃及和沙特的高级外交官会晤后，提出可在巴举行美伊会谈，以结束中东地区持续冲突。他称美伊均对巴方促成会谈表达了信心。中方对冲突方举行磋商的可能性持何立场？,中方支持一切有利于缓局降温、恢复对话的努力，呼吁各方尽快启动和谈进程。我们赞赏巴基斯坦为推动局势缓和所做努力，支持巴方继续发挥斡旋者作用，愿同包括巴方在内的有关各方加强沟通协调，共同促和止战，维护地区和平稳定。,毛宁
t20260330_11883715.html,法新社记者,中国国际航空公司已恢复飞往朝鲜的航班。中国游客何时能恢复赴朝旅游？,有关部门已就此发布了信息。中朝是友好近邻，恢复客运航班有助于便利两国人民的友好交往。,毛宁
t20260330_11883715.html,路透社记者,七国集团外长上周举行会议，讨论伊朗和地区局势，并发表声明敦促立即停止针对平民和民用基础设施的袭击，但未提及停火。外交部对此有何评论？,军事手段无法解决根本问题，战事延宕、冲突升级不符合任何一方利益。中方反对袭击平民和民用设施，再次呼吁立即停止军事行动，尽快启动和谈进程，防止出现更大的人道灾难。,毛宁
t20260330_11883715.html,阿纳多卢通讯社记者,美国总统特朗普称，在结束对伊朗的军事行动后，古巴会是“下一个目标”，古巴很快会失败。中方对此有何评论？,中方一贯主张尊重各国主权和领土完整，反对以任何借口侵犯他国主权、干涉他国内政。中方坚定支持古巴维护主权和安全、反对外来干涉。,毛宁
t20260330_11883715.html,法新社记者,特朗普称，可能很快会与伊朗达成协议结束中东冲突，同时他不排除开展地面行动和进行更多打击，包括对发电站发动袭击。外交部对此有何评论？,中方已经多次强调，战事延宕不符合任何一方利益。只有谈起来，才能避免更多伤亡和损失，才能防止战事蔓延扩大。我们再次呼吁各方拿出诚意，抓住一切和平的机会和窗口，尽快启动和谈进程，尽早结束这场本不该发生的战争。,毛宁
t20260330_11883715.html,路透社记者,特朗普周日晚表示，对于一艘在古巴海岸附近的俄罗斯油轮向古巴运送石油事，他觉得“没问题”。他说，“如果现在有哪个国家想向古巴输送石油，不管是不是俄罗斯，我都没意见。”古巴是否已向中国寻求石油援助？中方是否愿向古巴提供协助？,中方敦促美方立即停止对古巴的封锁制裁和任何形式的胁迫施压。我们将继续以自己的方式为古方提供力所能及的帮助。,毛宁
t20260330_11883715.html,路透社记者,四名美国参议员正在台湾访问，考虑到特朗普即将访华，中方如何看待此访？今天上午，中方宣布对一名日本议员实施制裁，中方是否会同样制裁这四名美国参议员？,中方一贯坚决反对美台官方往来，已向美方提出严正交涉。美方应当恪守一个中国原则和中美三个联合公报，慎重妥善处理台湾问题，停止任何形式的美台官方往来，停止向“台独”分裂势力发出任何错误信号，以实际行动维护中美关系大局和台海和平稳定。中方在涉台问题上的立场是一贯的、明确的，将采取必要措施坚定维护自身主权和领土完整。,毛宁
t20260330_11883715.html,彭博社记者,据了解，过去一周，中国向能源紧缺的东南亚国家出口了柴油等燃料，这是否意味着中方在危机期间对这些经济体提供支持？能否介绍向其他国家提供支持的计划？,你的具体问题，我没有可以提供的信息，建议向中方主管部门和企业了解。受中东局势影响，全球能源、化肥等大宗商品市场面临供应短缺，对许多国家都造成了冲击。中方愿同各方保持沟通，共同维护全球能源安全。但要从根本上解决问题，首先应当做的是停止军事行动。,毛宁
t20260331_11884120.html,澎湃新闻记者,中方发布了巴基斯坦副总理兼外长达尔来华的消息，这是达尔副总理兼外长3个月内再次来华，请问此次来华是否同近期伊朗局势有关？,中国和巴基斯坦是相互信任、相互支持的全天候战略合作伙伴，两国在重大国际地区问题上立场相近、沟通紧密。相信两国外长将就伊朗局势等共同关心的国际地区问题加强战略沟通协调，共同发出和平正义之声，为劝和止战、维护地区和平稳定作出新的努力。,毛宁
t20260331_11884120.html,阿纳多卢通讯社记者,外交部已宣布巴基斯坦副总理兼外长达尔今天来华。上周末，巴基斯坦、土耳其、埃及和沙特的高级外交官在伊斯兰堡会晤，讨论推动美伊和谈以结束中东地区持续冲突，并探讨巴方可能发挥的斡旋作用。发言人可否介绍达尔外长来华情况，包括与王毅外长的会谈重点？,巴基斯坦副总理兼外长达尔将于今天来华。我刚才介绍了有关情况，相信两国外长将就伊朗局势等共同关心的国际地区问题进行交流。具体情况我们会适时发布消息，你可以保持关注。,毛宁
t20260331_11884120.html,总台央视记者,据报道，持刀闯入中国驻日本大使馆的自卫队官员已被日本警方送检，请问中方对此有何评论？,此次事件暴露出日本右翼思想和扭曲历史观流毒之深、为害之大。据报道，日本防卫大学每年有集体参拜靖国神社的“惯例”。2024年前海上自卫队高官居然出任靖国神社宫司，这是首次由退役自卫队将领出任靖国神社最高职位。自卫队长期邀请极端仇华的极右翼分子参与教学，培训教材中充斥着歪曲美化二战侵略历史的内容。,毛宁
t20260331_11884120.html,伊朗声像组织记者,伊朗文化遗产、旅游和手工业部报告显示，自2月28日战争开始以来，以色列和美国已袭击超过130处历史遗址和古迹并造成广泛破坏，其中许多被列入联合国教科文组织相关名录。历史遗产对于中国和伊朗这样具有悠久历史的古老文明十分重要，这些袭击历史古迹的行径与中方提出的全球文明倡议背道而驰。请问中方对这些行为持何立场？,世界文化遗产是全人类的宝贵财富。中方对伊朗文物古迹在战争中遭受破坏深感痛惜，敦促交战各方特别是美国和以色列立即全面停止军事行动，尽快启动对话谈判，尽早结束这场本不应该发生的战争。,毛宁
t20260331_11884120.html,《北京日报》记者,据报道，美国、以色列近日在军事行动中袭击了阿拉克重水厂、洪达卜重水堆、阿尔达坎黄饼加工厂、布什尔核电站等，美军正在为武力夺取、转移伊朗浓缩铀库存进行演练。另外，伊朗向即将举行的《不扩散核武器条约》第十一次审议大会提交关于禁止攻击和平核设施和科学家的工作文件，强调武力攻击核设施违反多项国际法文件。请问中方对此有何评价？,武装攻击接受国际原子能机构保障监督的和平核设施，违反联合国宪章宗旨、国际法和国际原子能机构规约，严重冲击《不扩散核武器条约》权威，削弱维护国际核不扩散体系的努力，可能给地区和平安全与稳定带来严重后果。中方对此坚决反对，主张通过政治外交手段和平解决伊朗核问题，呼吁各方保持冷静克制，避免紧张局势进一步升级。,毛宁
t20260331_11884120.html,印尼安塔拉通讯社记者,联合国驻黎巴嫩临时部队连续两天遭袭，两名印度尼西亚籍维和人员在袭击中身亡，另有两人受伤。中国在联合国维和行动中发挥着重要作用，这一事件是否引发对维和人员安全的严重关切？可以采取哪些措施更好保障他们的安全？,我们对印尼维和人员遇袭身亡表示哀悼。蓄意攻击联合国维和人员严重违反国际人道法和安理会第1701号决议，绝对不能接受。当事方应尽快停火止战，采取切实措施保障联合国维和人员安全。中方也愿为推动局势降温、恢复中东和平稳定发挥建设性作用。,毛宁
t20260331_11884120.html,法新社记者,船舶追踪数据显示，两艘中远海运集团的货轮已顺利通过霍尔木兹海峡离开波斯湾。外交部是否收到伊朗方面的进一步保证，确保中国船只安全或能够通过霍尔木兹海峡？,经同有关方面协调，近日中方有3艘船舶过航霍尔木兹海峡，我们对有关方面提供的协助表示感谢。霍尔木兹海峡及其附近水域是重要的国际货物和能源贸易通道。中方呼吁尽快停火止战，恢复海湾和平稳定。,毛宁
t20260331_11884120.html,彭博社记者,欧洲议会议员代表团宣布将于3月31日至4月2日赴北京、上海访问，这是8年来欧洲议会代表团首次访华。中方对此有何评论？,立法机构交往是中欧关系的重要组成。据我们了解，应中国全国人大常委会法制工作委员会邀请，欧洲议会内部市场和消费者保护委员会代表团从今天开始访华。相信此访将推动中欧立法机构交流合作，增进欧洲议会对华了解和认知，促进中欧关系健康稳定发展。,毛宁
t20260401_11885126.html,总台CGTN记者,中共中央政治局委员、外交部长王毅昨天同来华的巴基斯坦副总理兼外长达尔会谈，中巴双方在会后发表了关于恢复海湾和中东地区和平稳定的五点倡议。发言人能否介绍中巴双方发表这份倡议的考虑？中方期待这份倡议取得怎样的效果？,昨天，中共中央政治局委员、外交部长王毅同巴基斯坦副总理兼外长达尔举行会谈，就海湾和中东地区局势深入交换意见并达成重要共识。中巴双方在会后发表了关于恢复海湾和中东地区和平稳定的五点倡议，主要内容概括起来就是“一停二谈三确保”，即立即停止敌对行动，尽快开启和谈，确保非军事目标安全、确保航道安全、确保联合国宪章的首要地位。,毛宁
t20260401_11885126.html,韩联社记者,据报道，韩国政府从30日起放宽中国人多次往返签证申请条件，并进一步延长签证有效期。中方对此有何评论？,中韩两国持续提升人员往来便利化水平，有利于两国民众增进彼此了解和交流。,毛宁
t20260401_11885126.html,法新社记者,王毅外长和巴基斯坦外长昨天会谈时是否讨论了阿富汗和巴基斯坦之间的边境冲突？外交部能否介绍相关细节？,关于王毅外长和巴基斯坦副总理兼外长达尔会谈的情况，中方已经发布了消息，你可以查阅。我没有更多信息可以补充。,毛宁
t20260401_11885126.html,新华社记者,今年3月，中国相继举办了中国发展高层论坛2026年年会与博鳌亚洲论坛2026年年会。媒体高度关注，认为两场论坛是观察中国市场的重要窗口。发言人对此有何评论？,上个月，中国发展高层论坛和博鳌亚洲论坛先后在北京和海南举行，两场论坛都释放了同一个重要信息，那就是世界动荡不安，但中国将始终稳定前行。,毛宁
t20260401_11885126.html,英国广播公司记者,中巴提出上述和平倡议，这显然需要相关方倾听并改变其行动。要想停战就得停止敌对行动，特别是美国和以色列方面。发言人认为这有多大可能性？,局势持续紧张、战事外溢不符合任何一方利益，当务之急是停火止战、启动和谈。中、巴提出的倡议符合各方共同利益。我们愿同包括巴基斯坦在内的各方共同努力，克服困难，排除干扰，尽快平息战火，创造和平的机会，打开和谈之窗。,毛宁
t20260401_11885126.html,湖北广电记者,3月31日，日本防卫大臣小泉进次郎宣布在熊本县和静冈县部署了具备“对敌基地攻击能力”远程导弹，并称日本面临战后最复杂安全环境，须构筑防区外防卫能力。请问中方对此有何评论？,中方对日方上述动向严重关切。日方打着“防卫”“反击”的幌子，部署进攻性武器，远远超出“自卫”和“专守防卫”范畴，严重违背《开罗宣言》《波茨坦公告》《日本投降书》等具有国际法效力文件的规定，严重违背日本宪法和国内既有规范。这再次反映出日本右翼势力正在推动安保政策朝着进攻性、扩张性的方向转变，日本的“新型军国主义”正在威胁地区和平稳定。国际社会应对此高度警惕。我们也注意到，很多日本团体和民众明确表达了反对意见。,毛宁
t20260401_11885126.html,法新社记者,据报道，陈志犯罪集团核心骨干成员李雄今天从柬埔寨被引渡回中国，并被采取强制措施。外交部对此有何评论？,打击网赌电诈犯罪是国际社会的共同责任。一段时间以来，中方同柬埔寨等国积极合作，打击跨境电信网络诈骗犯罪，取得显著成效。我们愿继续同包括柬埔寨在内的周边国家加大执法合作力度，维护人民生命财产安全和地区国家交往合作秩序。,毛宁
t20260401_11885126.html,《北京青年报》记者,据报道，近日，美国财政部颁发“通用许可证”，授权同意在委内瑞拉矿产领域签订投资和运营合同。该部称，此举将帮助委经济重回正轨并惠及美、委人民。该“通用许可证”将中国、俄罗斯、朝鲜、古巴、伊朗排除在外。中方对此有何评论？,中方坚决反对美方通过操弄所谓“通用许可证”对中委合作设限。中方在委内瑞拉的合法权益必须得到保护。美方要做的是立即取消对委内瑞拉的非法单边制裁，而不是通过操弄所谓“通用许可证”，美化其损害包括委内瑞拉在内有关各方合法权益的行径。,毛宁
t20260401_11885126.html,法新社记者,菲律宾计划为南沙群岛的100多个岛礁地物重命名，菲中船只多次在该区域发生冲突。菲方称重命名是为了巩固主权。中方对此有何评论？,中国对南沙群岛及其附近海域拥有无可争辩的主权。菲律宾超越自身领土范围非法划设所谓“卡拉延岛群”、对中国南沙群岛相关岛礁进行所谓命名，侵犯中国领土主权，违反《联合国宪章》及相关国际法。中方坚决反对菲律宾损害中国主权和权益，将采取必要措施，坚定捍卫自身在南海的领土主权和海洋权益。,毛宁
t20260402_11886005.html,法新社记者,美国总统特朗普称，对伊朗的猛烈打击还将持续2至3周，如伊不与美谈判达成解决方案，将打击伊能源设施。中方对此有何评论？,军事手段无法从根本上解决问题，冲突升级不符合任何一方利益。我们再次敦促当事方立即停止军事行动，尽快启动和谈进程，通过对话谈判解决问题，避免对世界经济和全球能源安全造成更严重的冲击。,毛宁
t20260402_11886005.html,阿纳多卢通讯社记者,美国总统特朗普就伊朗战争发表全国讲话时称，“那些经由霍尔木兹海峡获取石油的国家应直接前往海峡，将其据为己有。伊朗已遭重创，好好用（海峡）吧”。中方对此有何评论？,霍尔木兹海峡通航受阻的根源是美国和以色列对伊朗非法军事行动。只有停火止战，实现海湾地区和平稳定，才能从根本上维护国际航道安全畅通。各方应共同努力，推动局势降温，防止地区局势动荡对全球经济和能源安全造成更大影响。,毛宁
t20260402_11886005.html,伊朗声像组织记者,伊朗科学部报告显示，自美国和以色列对伊朗发动军事打击以来，包括伊朗科学与工业大学、伊斯法罕理工大学、伊玛目侯赛因大学在内的20所伊朗高校及学生宿舍遭袭，一些大学教授成为暗杀目标。中方对此有何评论？,中方反对袭击平民和民用设施，袭击学校更严重违反国际人道法。我们再次呼吁立即停止军事行动，尽快重启对话谈判，避免出现更大的人道灾难。,毛宁
t20260402_11886005.html,深圳卫视记者,近日，2026中关村论坛年会发布《国家创新指数报告2025》，显示中国国家创新指数综合排名上升至世界第9位，是近十余年来进步最快的国家。发言人对此有何评论？,中国政府始终将科技创新置于国家发展全局的核心位置。“十四五”期间，中国在新能源汽车、人工智能大模型、量子、生物学等领域取得一系列标志性原创成果，有力推动高质量发展，成为世界创新重要一极。中国的科技创新坚持在开放中合作。上周中国宣布向各国开放天眼、“奋斗者”号载人潜水器等十大重大科研基础设施，将自主研发的国之重器转化为普惠全球的公共产品，以实际行动证明，科技创新的真正价值不在于垄断优势，而在于让更多人享受到技术进步带来的便利。,毛宁
t20260402_11886005.html,美联社记者,第一个问题，新西兰与库克群岛今天签署了一项防务安全协议，实质上架空了此前库克群岛与中国达成的协议，中方对此有何评论？第二个问题，发言人可否确认阿富汗和巴基斯坦正在中国举行会谈，旨在实现停火？,关于第一个问题，库克群岛是中国在南太平洋地区的重要合作伙伴。两国建交以来，始终相互尊重、平等相待、共同发展。我们愿同库方深化务实合作，不断增进两国人民福祉。,毛宁
t20260402_11886005.html,路透社记者,本社本周曾报道，中国将燃料出口禁令期限延长至4月，但正考虑对一些提出援助请求的国家给予少量豁免，包括斯里兰卡、孟加拉国和越南等。外交部是否正同这些国家讨论燃料援助事宜？可否介绍更多情况？,具体问题请向主管部门了解。当前全球能源市场面临短缺的根源在于中东局势紧张。当务之急是立即停止军事行动，防止对全球经济造成更大影响。,毛宁
t20260402_11886005.html,印度报业托拉斯记者,追问阿富汗和巴基斯坦会谈的问题，发言人能否确认双方在乌鲁木齐会谈？,我没有可以提供的信息。,毛宁
t20260402_11886005.html,法新社记者,本周英国将主持国际会议，几十个国家将参与讨论霍尔木兹海峡通行问题。中方计划如何参与相关合作？,尽快实现停火止战，恢复霍尔木兹海峡及其附近水域的和平稳定，是国际社会的共同愿望，各方都应为此作出努力。中方也愿继续发挥建设性作用。,毛宁
t20260402_11886005.html,彭博社记者,中方是否就中巴关于中东和平的五点倡议向伊朗进行了通报？,中国和巴基斯坦发表的五点倡议是公开的倡议，也是开放的倡议，相信各方都注意到了。,毛宁
t20260402_11886005.html,印度报业托拉斯记者,关于日前举行的中巴外长会谈，有消息称伊朗向中方传递信息，寻求中国为停火提供安全担保，一些智库还对此作出回应。伊朗是否已请求中方提供担保？,关于中巴两国外长会谈的情况，我们已经发布了消息，你可以查阅。伊朗战事爆发以来，中方一直积极致力于促和止战。我们支持一切有利于和平的努力，愿同各方加强沟通协调，推动中东地区恢复和平稳定。,毛宁
t20260402_11886005.html,法新社记者,还是关于阿巴在乌鲁木齐的会谈，巴方官员称，会谈是应中方请求举行的。发言人可否介绍中方为何提出这一请求？,我目前没有可以提供的信息。,毛宁
t20260402_11886005.html,彭博社记者,中方是否考虑参与旨在确保石油安全穿越霍尔木兹海峡的国际合作？是否愿代表亚洲邻国参与相关对话或合作？,霍尔木兹海峡及其附近水域是非常重要的国际货物和能源贸易通道，各方都很关注海峡能否尽快恢复稳定、实现通航，关键是要停止军事行动。,毛宁
t20260403_11886540.html,中阿卫视记者,以色列议会近日通过一项可对巴勒斯坦人处以死刑的法案。阿联酋等国对此表示强烈谴责，称这些做法正在巩固一种种族隔离制度。中方对此有何评论？（阿纳多卢通讯社亦问及）,中方注意到有关法案。任何立法都应符合罪刑法定、公平公正等法律原则，不应基于种族、宗教、国籍或政治见解等区别对待。巴勒斯坦人民的合法权利应当得到尊重和保护，有关方面应当停止加剧紧张、激化矛盾的行为。,毛宁
t20260403_11886540.html,中阿卫视记者,昨天，美国总统特朗普在社交媒体上发布视频称，美方发动空袭摧毁了一座伊朗民用桥梁，此举意在迫使伊谈判。伊外交部长称，摧毁民用基础设施不会使伊屈服。中方对此有何评论？,美国和以色列对伊朗发动军事行动未经联合国安理会授权，违反国际法。中方反对袭击民用设施。有关方应当立即停火，回到政治外交解决轨道，避免出现更大的人道灾难。,毛宁
t20260403_11886540.html,路透社记者,外交部能否就阿富汗和巴基斯坦在乌鲁木齐举行的和谈提供更多信息？中方会否提供保障以防止双方再次发生冲突？阿方是否就巴方要求作出承诺，包括切断与反巴武装分子的关系、以可核实方式证明不再向武装分子提供支持和庇护？,巴阿冲突再度升温以来，中国一直在以自己的方式斡旋劝促，多渠道多层级同双方保持密切沟通，为对话创造条件、提供平台。巴基斯坦和阿富汗都重视和欢迎中方的斡旋，愿意坐下来再次商谈，这是好事。商谈的进程正在平稳地落实、推进之中，三方对具体操作模式包括新闻报道也有共识和约定。如有进一步消息，我们会适时发布。,毛宁
t20260403_11886540.html,《中国日报》记者,4月3日，缅甸联邦议会选举敏昂莱为新任总统。中方对此有何评论？,中方祝贺敏昂莱先生当选缅甸总统。,毛宁
t20260403_11886540.html,《人民日报》记者,世界数据组织本周成立。这一全球数据领域专业性组织落户中国北京引发媒体和业界高度关注。发言人对此有何评论？,世界正在加速迈入智能时代，数据作为核心生产要素和创新引擎的战略价值日益显现。同时，全球数据发展失衡、规则碎片化，数字红利分配不均。世界数据组织以“弥合数据鸿沟、释放数据价值、繁荣数字经济”为宗旨，为深化国际合作、完善数据治理提供了有益平台。习近平主席专门向世界数据组织成立致贺信，体现了对这一组织的高度重视和殷切期望。,毛宁
t20260403_11886540.html,法新社记者,发言人能否确认是中方提议阿富汗和巴基斯坦进行和谈？为何选择乌鲁木齐作为谈判地点？中方代表团是否在场？,我刚刚介绍了有关情况，如有进一步消息，我们会及时发布。,毛宁
t20260403_11886540.html,彭博社记者,美国国务卿指责中方在巴拿马取消与长江和记的合同后纠缠并扣留巴籍货船。外交部对此有何评论？,美方有关言论完全是无中生有、颠倒黑白。美方一再说三道四，只能暴露自身霸占运河的图谋。究竟是谁公然通过单边霸凌和胁迫破坏巴拿马运河中立地位、破坏全球供应链稳定，公道自在人心。中方在巴拿马有关港口问题上的立场是明确的，将坚定维护自身正当权益。,毛宁
t20260403_11886540.html,法新社记者,美国移民官员最近遣返了一名涉嫌毒品走私贩运的中国公民。中国公安部表示，这是近年来中美首次开展此类合作。外交部是否了解此事？能否介绍此次遣返的细节？,具体问题建议向中方主管部门了解。我可以告诉你的是，中美双方本着平等、尊重和互惠的精神，在禁毒、执法等领域保持着沟通与合作，取得了显著成效。,毛宁
t20260407_11887644.html,中阿卫视记者,美国总统特朗普威胁伊朗称，达成停火协议最后期限是4月7日20时，否则伊朗整个国家可能在一夜之间被彻底击溃。请问中方有何评论？,伊朗战事延宕造成重大人员伤亡和损失，冲击地区国家安全稳定，影响世界经济和能源安全，中方对此深感关切和担忧。战事延宕、冲突升级不符合任何一方利益。各方都应为缓和局势、推动和谈发挥建设性作用。,毛宁
t20260407_11887644.html,北京广播电视台记者,据报道，日本政府本月拟正式修改“防卫装备转移三原则”，内容包括：不再仅限出口非战斗用途防卫装备，原则允许出口杀伤性武器；就向冲突中国家出口武器设立例外规定，保留出口空间；不再需要提前向国会报告，仅事后通知。中方对此有何评论？,中方对此严重关切。很多国际学者和日本有识之士对相关动向深感担忧，认为这标志着战后日本武器出口政策的根本转向，严重违背《开罗宣言》《波茨坦公告》《日本投降书》等具有国际法效力文件的规定，严重违背日本宪法和国内既有规范，破坏战后防范日本军国主义死灰复燃的制度性保障。我也注意到，此前日本政府进行的民调显示，大多数日本民众反对放宽武器出口限制。,毛宁
t20260407_11887644.html,俄新社记者,此前，俄罗斯《消息报》援引俄外交部消息报道称，中国已通知俄罗斯，愿意将对俄公民免签政策延长一年。外交部能否证实这一消息？,中方高度重视中俄人员往来，欢迎更多俄罗斯朋友利用免签政策到中国走一走看一看，感受中国之美。,毛宁
t20260407_11887644.html,总台CGTN记者,目前伊朗战事延宕，双方袭打不断。霍尔木兹海峡封锁引发各方担忧，推动停火、保障航道安全的呼声高涨。过去几天，美伊相互示强，也有消息称双方可能达成停火协议。中方对当前局势怎么看？,当前，中东局势仍在恶化，战事还在升级，冲击世界经济和能源安全，国际社会深感担忧。,毛宁
t20260407_11887644.html,路透社记者,伊朗拒绝了美国关于立即停火及随后达成更广泛协议的提议，该提议由美方通过巴基斯坦向伊方提出。伊朗还拒绝解除对霍尔木兹海峡的封锁。中国是否支持该停火提议？能否直接同伊朗接触并讨论该提议？发言人刚才提到王毅外长已先后同各方进行了26次通话。在当前局势下，中国会否加强外交幹旋？,尽快停火止战、重启对话，是国际社会的共同愿望。中方欢迎一切有利于和平的努力，支持巴基斯坦积极开展斡旋。希望有关方面抓住和平机会，通过对话弥合分歧，尽快平息战火。中方也愿意为此发挥建设性作用。,毛宁
t20260407_11887644.html,《环球时报》记者,日前，美国媒体刊发美前驻华大使伯恩斯对中方在伊朗局势和委内瑞拉问题上立场的看法。中方对此有何回应？,中方注意到有关表态。伊朗局势和委内瑞拉问题的来龙去脉、是非曲直十分清楚，中方立场也是明确的。伯恩斯无视问题根源，拿中国说事，用美方那套霸权思维歪曲抹黑中国和平公正立场，恶意挑拨中国同有关国家关系，是别有用心。,毛宁
t20260407_11887644.html,印度报业托拉斯记者,关于由中方斡旋的巴基斯坦和阿富汗乌鲁木齐会谈，发言人能否介绍最新信息？会谈是否还在进行中？,上周我介绍了有关情况。中方积极斡旋促谈，巴基斯坦和阿富汗都重视和欢迎中方的斡旋，愿意坐下来商谈。目前商谈的进程还在平稳落实和推进。如有进一步消息，我们会适时发布，你可以保持关注。,毛宁
t20260407_11887644.html,印度报业托拉斯记者,巴林在联合国安理会提出涉美伊冲突的决议草案，中方对该决议持何立场？决议是否将于今天投票？,当前伊朗战事仍在外溢，当务之急是积极劝和促谈，推动战火平息。中方认为，联合国安理会的行动应有助于缓和局势，止战复谈，而不能为非法战争行为背书，更不能火上浇油。作为安理会常任理事国和负责任大国，中方愿为平息战火、恢复和平、实现地区持久稳定发挥建设性作用。,毛宁
t20260407_11887644.html,法新社记者,中国国民党主席郑丽文于特朗普访华一个月前访问大陆，有消息称中美元首会面时将讨论美对台军售问题。习近平主席会否同郑丽文会面？会否谈及对台军售？,台湾问题是中国内政。两岸关系不是外交问题。中方反对美台军事联系的立场是一贯和明确的。,毛宁
t20260408_11888456.html,总台央视记者,中方刚刚发布了西班牙首相桑切斯将访华的消息，能否介绍此访有关安排？对此访有何期待？,此访是桑切斯首相四年内第四次访华，也是继去年西班牙国王、首相同年访华以来，中国同西班牙在较短时间内又一次重要高层交往。访问期间，习近平主席将同他会见，李强总理、赵乐际委员长将分别同他会谈、会见，就双边关系和共同关心的问题深入交换意见。,毛宁
t20260408_11888456.html,英国天空新闻频道记者,美国总统特朗普称，他认为中国推动了伊朗同美就停火协议进行谈判。发言人能否证实中国参与推动各方开展谈判？关于条款内容的表述存在较大差异，特别是停火是否涵盖黎巴嫩、伊朗向美方提出的10点提案中是否包含铀浓缩等。中方能否透露具体的停火条款？停火协议是否还未真正执行就已经不作数？,伊朗战事爆发以来，中方一直积极致力于促和止战。王毅外长同相关国家外长先后26次通话，中国政府中东问题特使赴中东海湾地区穿梭访问，中国同巴基斯坦共同提出关于恢复海湾和中东地区和平稳定的五点倡议。作为负责任大国，中方将继续发挥建设性作用，为恢复海湾和中东地区和平安宁作出积极贡献。,毛宁
t20260408_11888456.html,《中国日报》记者,发言人能否介绍王毅外长访问朝鲜有关安排？中方对此访有何期待？,中朝两国是山水相连的传统友好邻邦。维护好、巩固好、发展好中朝关系始终是中国党和政府坚定不移的战略方针。王毅外长此访是中朝双方落实两党两国最高领导人共识，推动双边关系发展的重要举措。中方愿同朝方一道，加强战略沟通，密切交往合作，推动中朝传统友好合作关系不断向前发展。,毛宁
t20260408_11888456.html,俄罗斯卫星通讯社记者,此前有报道称，伊朗计划对每艘经过霍尔木兹海峡的船只收取通行费，并将收入与阿曼分成。中方对此持何立场？鉴于中方同各方保持着沟通，外交部能否证实该收费模式适用于刚刚促成的停火安排？,霍尔木兹海峡是重要的国际货物和能源贸易通道，维护这一地区安全稳定和畅通符合国际社会共同利益。希望各方共同努力，推动海峡早日恢复正常通行。,毛宁
t20260408_11888456.html,中新社记者,据了解，近日巴基斯坦和阿富汗代表团在乌鲁木齐同中方代表团进行了会晤。发言人能否证实？如何评价？,根据此前中共中央政治局委员、外交部长王毅同巴基斯坦副总理兼外长达尔、阿富汗外长穆塔基互动达成的共识，4月1日至7日，中阿巴三方代表在新疆乌鲁木齐连续一周举行非正式会晤。三方代表团由外交、防务、安全等跨部门代表组成。会晤讨论坦诚务实，气氛良好，体现了问题导向、效果导向和行动导向。,毛宁
t20260408_11888456.html,湖北广电记者,据报道，联合国安理会7日表决巴林提出的涉霍尔木兹海峡决议草案。中国、俄罗斯投了反对票，行使否决权，该草案未获通过。但中国、俄罗斯常驻联合国代表表示，两国就当前中东局势及海上安全提出新的安理会决议草案，发言人能否介绍有关情况？,关于安理会刚刚表决的霍尔木兹海峡问题决议草案，中国常驻联合国代表已经在解释性发言中阐明了中方立场。中方主张，海湾国家的主权、安全和领土完整应得到充分尊重，航道以及能源基础设施安全应得到保障。霍尔木兹海峡通航受阻的根本原因是美国和以色列对伊朗的非法军事行动。解决霍尔木兹海峡通航问题的根本之策是尽快停火止战。安理会的行动应着眼于缓局降温，不能给未经授权的军事行动披上合法外衣，不能给使用武力开通行证，更不能火上浇油，导致冲突升级。中方的投票立场客观公正，经得起历史的检验。,毛宁
t20260408_11888456.html,《纽约时报》记者,中国在过去几天是否向伊朗提出同意停火协议的具体要求？,我刚才已经介绍了中方所做工作。我们一直在积极劝和促谈，推动平息战火。,毛宁
t20260408_11888456.html,阿纳多卢通讯社记者,中方对美伊停火有何评论？美伊停火安排与中方在危机期间所呼吁的内容有相似之处，包括为期两周的停火、开放霍尔木兹海峡等。我们知道巴基斯坦发挥了斡旋作用，中方是否直接参与同某一方接触并提出建议？,中方对有关方面宣布达成停火安排表示欢迎，支持巴基斯坦等国所作斡旋努力。中方一贯主张尽快停火止战，通过政治外交途径化解争端，最终实现中东海湾地区的长治久安。中方为此作出了积极努力。,毛宁
t20260408_11888456.html,英国天空新闻频道记者,虽然美伊达成停火安排并同意暂时重开霍尔木兹海峡，但中东局势引发的能源危机对亚洲造成严重冲击并可能持续一段时间。据称中国一直通过持续进口受制裁的伊朗石油并使用难以追踪交易的“影子船队”加以掩盖，从而在能源危机中受影响较小。中方是否否认利用“茶壶”炼油厂处理受制裁的伊朗石油？中方对此类贸易可能延宕能源危机有何回应？,世界经济和能源安全受到冲击的根源在于伊朗战事。中方一贯坚决反对缺乏国际法依据、没有联合国安理会授权的非法单边制裁。,毛宁
t20260408_11888456.html,韩联社记者,第一个问题，朝鲜7日至8日连续两天发射了弹道导弹，此举违反了联合国安理会决议。中方对此有何评论？第二个问题，朝鲜劳动党中央委员会部长金与正6日表示，针对韩国总统李在明对“无人机进入朝鲜领空”事件表示遗憾，金正恩国务委员长评价其态度“坦率而大方”。7日，朝鲜外务省第一副相张金哲重申了对韩国的敌对路线。中方对此有何评论？,关于第一个问题，我们注意到有关方对发射物的界定存在不同看法。,毛宁
t20260408_11888456.html,美联社记者,第一个问题，关于伊朗战事，发言人能否透露中方为危机解决所做的幕后工作？发言人可能不便透露过多细节，但能否告诉我们中方为何倾向于保持在幕后，而非公开所作的努力？第二个问题，关于巴基斯坦和阿富汗的和谈，三方是否已同意在中国再次会晤？,关于第一个问题，我们已经多次介绍了中方所作努力。中方一贯主张通过政治外交渠道化解争端，为此同各方保持着沟通，将继续为缓和局势、全面止战作出努力。,毛宁
t20260408_11888456.html,《纽约时报》记者,伊朗驻华大使刚刚向中方请求获得安全担保，中方对此持何立场？会否考虑向伊提供担保？,我们希望各方能够通过对话谈判妥善化解争端。中方也将同各方保持沟通，继续为缓和局势、平息战火作出努力。,毛宁
t20260408_11888456.html,英国广播公司记者,中方是否为确保和平提出了具体提议？例如向该地区派船或以任何方式发挥作用？,我没有可以提供的信息。,毛宁
t20260408_11888456.html,埃菲社记者,据报道，巴西政府在对中国汽车制造商比亚迪的一个项目进行检查后，将该公司列入一个与奴役劳动条件有关的企业名单中。中方对此案有何看法？,中国政府高度重视保障劳动者合法权益，一贯要求中资企业依法依规经营。,毛宁
t20260408_11888456.html,路透社记者,美国贸易代表格里尔称，美国已经能够获取中方的稀土，但美国仍在努力达成多边协议以增加替代供应。美方是否应该对中方重新限制输美稀土感到担忧？,具体问题建议向中方主管部门了解。中美经贸关系的本质是互利共赢的，双方应共同落实好两国元首达成的重要共识，为中美经贸合作提供更多稳定性。,毛宁
t20260408_11888456.html,英国广播公司记者,美国密歇根大学一位中国研究人员死亡。他身亡前显然曾被美国官方盘问。中国政府是否对此有关切？中方期待此案得到怎样的处理？,此前中方已就这一不幸事件表明立场。我想再次强调，中方敦促美方彻查此案，向受害者家属和中方作出负责任交代，停止针对在美中国学者学生的歧视性执法。中方将继续采取必要措施，坚定维护中国公民的正当合法权益。,毛宁
t20260408_11888456.html,美联社记者,据报道，越南最高领导人苏林计划访华。发言人能否介绍相关信息？,我目前没有可以提供的信息。,毛宁
t20260409_11889143.html,中阿卫视记者,当地时间4月8日，以色列10分钟内对黎巴嫩100多处目标发动了大规模空袭，造成至少254人死亡，1165人受伤，大部分是平民。黎巴嫩宣布9日为全国哀悼日。伊朗称此次行为违反了停火安排，并关闭了霍尔木兹海峡。请问中方有何评论？,黎巴嫩主权和安全不应受到侵犯，平民的生命和财产安全必须得到保障。中方呼吁有关方面保持冷静克制，推动地区局势降温。,毛宁
t20260409_11889143.html,深圳卫视记者,日前，希腊前财政部长、经济学家亚尼斯·瓦鲁法基斯在报业辛迪加网站刊文称，为了掩盖自身失败，西方编造出“中国依靠欺骗手段走向繁荣”的虚假叙事，应以更客观的视角看待中国经济成功的原因。发言人对此有何回应？,我也看了这篇文章，确实有理有据、客观理性，推荐大家都看一看。,毛宁
t20260409_11889143.html,中阿卫视记者,近日，一名摩洛哥留学生在杭州金沙湖畔勇救落水女子，事迹温暖全网。请问中方如何评价这一跨国善举？中方对于促进中外青年友好、外国友人在华融入有怎样的看法与期待？,我也关注到了这个消息。这位摩洛哥留学生挺身而出、见义勇为，令人感动。善良没有国界，我们为他点赞。我想这也是中外青年友好生动鲜活的例证。,毛宁
t20260409_11889143.html,法新社记者,第一个问题，白宫方面昨天称，美方过去数日与中方就伊朗战事举行会谈，中方可否证实并介绍会谈内容？第二个问题，中方认为停火安排是否包括黎巴嫩？,关于第一个问题，战事爆发以来，中方同各方保持着沟通，积极劝和阻战。,毛宁
t20260409_11889143.html,俄罗斯卫星通讯社记者,伊朗议长昨天表示停火并同美国就结束战争进行谈判是“不合理的”，他指责美国多次违反停火安排，并谈及黎巴嫩的形势。外交部对此有何评论？,希望有关方面抓住和平机会，通过对话协商弥合分歧，推动海湾和中东地区早日恢复和平稳定。,毛宁
t20260409_11889143.html,越南之声记者,根据越中双方今天发布的消息，越共中央总书记、国家主席苏林将于本月14日到17日对中国进行国事访问。能否介绍一下苏林访华行程？中方对此访有何期待？中方如何评价越中两国关系近期的发展？,应中共中央总书记、国家主席习近平邀请，越共中央总书记、国家主席苏林将于4月14日至17日对中国进行国事访问。习近平总书记、国家主席将同苏林总书记、国家主席会谈，李强总理、赵乐际委员长、王沪宁政协主席将分别同他会见。,毛宁
t20260409_11889143.html,法新社记者,王毅外长目前正在朝鲜访问，可否介绍他将与朝方谈及哪些议题？是否会提及重启赴朝旅游事？,昨天我介绍了王毅外长访问朝鲜的有关安排，相信双方将讨论共同关心的问题。如果有进一步消息，我们会及时发布，你可以保持关注。,毛宁
t20260409_11889143.html,彭博社记者,第一个问题，特朗普总统在“真实社交”平台发帖称，美国将对向伊朗供武国家的输美商品征收50％关税，即刻生效。中方对此有何评论？第二个问题，据报道，巴基斯坦官员表示，伊朗方面本不愿参与谈判，但中方协助说服了他们。巴基斯坦是斡旋方，但中方发挥了担保方的作用，承诺在未来的谈判过程中伊朗官员不会遭到暗杀。中方对此有何评论？,关于第一个问题，中方的立场非常明确，关税战没有赢家。,毛宁
t20260409_11889143.html,法新社记者,美国联邦通信委员会称，计划对一项提议进行投票表决，如获通过，将禁止在中国实验室对在美国使用的电子设备进行测试。外交部对此有何评论？,中方坚决反对美方泛化国家安全概念。这种做法严重阻碍中美企业正常经贸往来，不符合包括美国企业和消费者在内的各方利益。中方将继续坚定维护自身正当合法权益。,毛宁
t20260410_11889948.html,总台央视记者,据报道，日前美国国会众议院“中国特设委”在其网站设置所谓“吹哨人”举报邮箱，鼓噪美国学者、科研人员和高校教职工举报与中国国防和工业基础相关实体的科研合作。中方对此有何评论？,由此可见，这个所谓的特设委打压遏制中国已经到了疯狂程度。近年来，美方泛化国家安全概念，蓄意破坏中美正常科技交流合作，大肆迫害中国学生学者。这种做法只会削弱美国创新活力，搬起石头砸自己的脚。,毛宁
t20260410_11889948.html,日本电视网记者,今天是王毅外长访问朝鲜的第二天，他会否同金正恩国务委员长会面？外交部能否提供关于此访的更多消息？,王毅外长正在朝鲜访问，中方已经发布了消息稿。有进一步消息，我们会及时发布，你可以保持关注。,毛宁
t20260410_11889948.html,阿纳多卢通讯社记者,虽然美伊已达成停火安排，但以色列仍持续袭击黎巴嫩。巴基斯坦作为调解方表示，停火将涵盖包括黎巴嫩在内的所有冲突区域。违反停火安排的行为给美伊接下来的谈判带来不确定性，因为伊朗表示在实现黎巴嫩停火前不会参与和谈。中方对此有何评论？,停火安排应当有利于平息地区战火，恢复和平稳定。我们呼吁有关方面通过政治外交途径化解争端，保持冷静克制，推动地区局势降温。,毛宁
t20260410_11889948.html,澎湃新闻记者,《海洋生物多样性协定》已于今年1月生效。中国提名厦门申办《协定》秘书处。有媒体分析认为，美国尚未批准《协定》，且正在削减支持联合国的预算，中国借机扩大海洋治理领域的影响力。中方对此有何回应？,多边主义的核心在于世界上的事情大家商量着办，共同应对挑战，共享机遇繁荣，而不是你进我退、零和博弈。《海洋生物多样性协定》的缔结和生效是多边主义的胜利，是全球海洋治理的重要里程碑。全面有效实施《协定》攸关人类福祉。中国始终坚持真正的多边主义，重视对海洋的保护和可持续利用，愿为全球海洋治理作出新的贡献。,毛宁
t20260410_11889948.html,白俄罗斯国家广播电视公司记者,中方如何评价当前中国同白俄罗斯之间的关系？两国经济关系是否与政治关系相匹配？,中国和白俄罗斯是全天候全面战略伙伴。近年来，在两国元首战略引领下，两国关系健康稳定发展，各领域合作持续深化。去年，双边贸易额达88.6亿美元，同比增长5.5％。我们愿同白俄罗斯一道，以两国元首重要共识为根本遵循，推动两国关系持续向前发展。,毛宁
t20260410_11889948.html,日本广播协会记者,日本政府今天发布年度文件《外交蓝皮书》，有关中国的表述从去年的“最重要双边关系之一”下调为“重要邻国”。中方对此有何评论？,中日关系当前局面的根源在于日本首相高市早苗发表涉台谬论，背信弃义损害中日关系政治基础，挑战战后国际秩序。日方应当恪守中日四个政治文件和自身所作承诺，反思纠错，以实际行动维护中日关系政治基础。,毛宁
t20260410_11889948.html,拉通社记者,国际社会对古巴的声援不断壮大，美国国会议员近期发声反对封锁政策，呼吁改善同古巴的关系，希阻止并公开反对美国对古巴采取任何军事行动。中方对此有何评论？,我们注意到近期一些美国议员访问古巴，反对美国对古巴的敌对政策。美国政府应倾听正义呼声，立即停止对古巴的封锁制裁和任何形式的胁迫施压。中方愿同国际社会一道，坚定支持古巴维护国家主权和安全、反对外来干涉。,毛宁
t20260413_11890974.html,今日俄罗斯记者,当地时间4月12日，美国总统特朗普下令对霍尔木兹海峡实施封锁，并称将对与伊朗进行能源贸易的国家采取措施。特朗普在采访中呼吁中国购买美国和委内瑞拉石油。请问中方对此有何评论？如何看待霍尔木兹海峡安全和相关能源问题？,霍尔木兹海峡是重要的国际货物和能源贸易通道，维护该地区的安全稳定和畅通符合国际社会共同利益。海峡通航受阻的根源在于伊朗战事，解决这一问题的出路是尽快停火止战。各方应保持冷静和克制，中方愿继续发挥积极建设性作用。,郭嘉昆
t20260413_11890974.html,新华社记者,外交部刚刚宣布俄罗斯外长拉夫罗夫将于明天访华。中方如何评价当前中俄关系？能否介绍拉夫罗夫外长此访有关安排？,中俄是新时代全面战略协作伙伴。近年来，两国不断深化永久睦邻友好，拓展全面战略协作，坚持互利合作共赢，在国际和地区事务中保持密切沟通协调，为推动平等有序的世界多极化、改革完善全球治理、维护国际公平正义作出重要贡献。,郭嘉昆
t20260413_11890974.html,《环球时报》记者,据报道，4月12日，匈牙利举行新一届国会选举。目前，蒂萨党主席毛焦尔已宣布胜选，青民盟主席欧尔班已承认败选并向毛焦尔表示祝贺。中方对此有何评论？对中匈关系未来发展有何期待？,毛焦尔先生领导的蒂萨党在匈牙利新一届国会选举中获胜，中方对此表示祝贺。,郭嘉昆
t20260413_11890974.html,总台央视记者,近日，中美“乒乓外交”55周年纪念大会暨中美青少年体育交流系列活动在北京举行，习近平主席致贺信。发言人能否介绍此次活动的意义？对当前中美关系发展有何启示？,55年前，“乒乓外交”打破隔阂的坚冰，开启了中美交往的大门，有力推动两国人民彼此了解。55年后，“乒乓情缘”代代相传、与时俱进，从乒乓球拓展到了篮球、橄榄球以及新兴的匹克球等运动，还延伸至更多领域，“鼓岭缘”中美青少年合唱周就汇聚了众多青春之歌，唱响友谊乐章，在社交平台广为流传。无论是球场对垒，还是以歌会友、学术交流，都传递着两国青年对中美和平共处的期盼与信念。正如习近平主席在贺信中提到的，中美关系的根基由人民浇筑，未来靠青年创造。我们期待两国各界人士特别是青年加强交流，让“乒乓外交”精神在新时代焕发新生，共同书写中美友好的新篇章，为推动中美关系稳定、健康、可持续发展注入新动力。,郭嘉昆
t20260413_11890974.html,路透社记者,外交部能否介绍阿联酋阿布扎比王储访华的情况？是否会就中东局势提出新倡议？,此次访华是哈立德王储首次对中国进行访问。访问期间，习近平主席将同哈立德王储会见，李强总理将同哈立德王储会谈，就双边关系和共同关心的问题交换意见。,郭嘉昆
t20260413_11890974.html,法新社记者,上周末，美国和伊朗在伊斯兰堡举行谈判但未能达成协议。美方指责伊方拒绝放弃核项目，而伊方指责美方提出“极端要求”。中方对此次谈判未能达成协议有何评论？,美伊双方在巴基斯坦开启谈判，是朝有利于局势缓和方向迈出的一步。中方希望相关方恪守临时停火安排，坚持通过政治外交途径化解争端，避免重燃战火，为早日恢复海湾地区和平安宁创造条件。,郭嘉昆
t20260413_11890974.html,路透社记者,美国总统特朗普称教皇在外交政策方面帮不上忙。外交部对此有何评论？,我们注意到有关报道。,郭嘉昆
t20260413_11890974.html,深圳卫视记者,此前，巴西劳工部发布信息称将包括比亚迪在内的巴西境内多家企业和个人雇主列入涉“奴役劳动”名单。近日，巴劳工法院裁定针对比亚迪的上述认定程序不合法，巴劳工部已宣布将比亚迪移出相关名单。中方对此有何看法？,正如我们多次强调的，中国政府高度重视保障劳动者合法权益，一贯要求中资企业依法依规经营。中方愿继续同巴方一道，本着平等互利、合作共赢的原则，持续加强各领域交流合作。,郭嘉昆
t20260413_11890974.html,俄新社记者,美国总统特朗普周日称，如果发现中国向伊朗提供武器，美将对华加征50％关税。中方对此有何评论？,中方的立场非常明确，关税战没有赢家。,郭嘉昆
t20260413_11890974.html,彭博社记者,菲律宾国家安全委员会在新闻发布会上称，实验室分析证实，2025年2月和10月从仁爱礁附近中国船只上获取的瓶子中含有氰化物。外交部对此有何评论？第二个问题，中方对美国拟封锁霍尔木兹海峡持何立场？第三个问题，有报道称，中国计划向伊朗运送武器并已提供两用技术和零部件。中方对此有何回应？,关于第一个问题，仁爱礁是中国南沙群岛的一部分，是中国领土。菲方船只非法“坐滩”仁爱礁，严重损害仁爱礁生态环境，已经被有关报告所证实。菲方非法侵扰正常捕鱼的中国渔船，抢夺渔民生活物资，还自导自演所谓“氰化物闹剧”，完全不具有可信度，不值一驳。,郭嘉昆
t20260414_11891610.html,凤凰卫视记者,据报道，美军中央司令部宣布自北京时间13日晚10时起，封锁所有抵离伊朗港口和沿海地区船只。伊朗议长卡利巴夫强调伊方不会向任何威胁屈服，伊斯兰革命卫队警告军事舰艇不得驶近霍尔木兹海峡。据相关监测机构追踪数据显示，13日晚开始霍尔木兹海峡商业航运停摆。请问中方对此有何评论？,在相关方业已达成临时停火安排情况下，美方加码军事部署，采取定向封锁行动，只会激化矛盾，加剧局势紧张，破坏本就脆弱的停火局面，并进一步冲击海峡通行安全。这是危险和不负责任的行为。中方认为，只有实现全面停火止战，才能从根本上为缓和海峡局势创造条件。中方敦促各方恪守停火安排，聚焦对话和谈大方向，以实际行动推动地区局势缓和，尽早恢复海峡通行正常。,郭嘉昆
t20260414_11891610.html,新华社记者,中方发布了莫桑比克总统查波将访华的消息，能否介绍此访安排和中方期待？中方如何看待当前中莫关系？,此访是查波总统就任以来首次访华。访问期间，习近平主席将为查波总统举行欢迎仪式和欢迎宴会，两国元首将举行会谈。李强总理、赵乐际委员长将分别会见查波总统。查波总统还将赴湖南、青海参访。,郭嘉昆
t20260414_11891610.html,法新社记者,美国副总统万斯昨天接受采访称，现在轮到伊朗采取下一步行动以重启会谈。中方对此有何评论？在中方看来，下一步应采取什么行动才能解决冲突？,当前停火局面十分脆弱，地区局势处于关键阶段。当务之急是全力避免战端重启，保持来之不易停火势头。相关方应恪守临时停火安排，坚持通过政治外交途径化解争端。中方将与国际社会一道，继续劝和促谈，为中东地区早日恢复和平稳定作出努力。,郭嘉昆
t20260414_11891610.html,《中国日报》记者,4月10日，中国民政部公布了第六批藏南地区公开使用地名。12日，印度外交部发言人称反对中方为所谓“阿鲁纳恰尔邦”的地点命名，认为此举不利于双边关系稳定。中方对此有何回应？,藏南地区是中国领土，中方从不承认印度非法设立的所谓“阿鲁纳恰尔邦”。中国政府对藏南地区部分地名进行标准化处理，完全是中方主权范围内的事。,郭嘉昆
t20260414_11891610.html,澎湃新闻记者,据报道，美军计划在菲律宾达沃地区新建军事燃料库。有评论认为，美方此举旨在强化在西太平洋的燃料补给和后勤保障能力，是美国所谓“印太”防务战略、巩固“第一岛链”作战体系的重要一环，可能为潜在冲突做准备。中方对此有何评论？,当前，世界变乱交织，单边主义、军事霸凌给世界造成深重灾难。亚太地区总体发展稳定的局面来之不易，不允许任何人破坏。个别国家到处设军事基地、囤军火燃料、作实战准备，推高地区军事对抗风险，已经引起地区国家的高度警惕。如果有的地区成员不计后果拉域外国家给自己撑腰，只会引火烧身、反噬自身。我们奉劝有关国家切实尊重地区国家求和平、谋发展、促稳定的共同愿望，多做有利于地区和平稳定的事，而不是相反。,郭嘉昆
t20260414_11891610.html,《人民日报》记者,近日有媒体报道称中国向伊朗提供军事支持，美国总统特朗普表示如果发现中国向伊朗提供武器，美国将对华加征50％关税。中方对此有何评论？,中方在军品出口方面一贯采取审慎、负责的态度，根据本国出口管制法律法规及承担的国际义务，实施严格管控。有关报道纯属捏造。如果美方执意以此为借口对华加征关税，中方必将坚决反制。,郭嘉昆
t20260414_11891610.html,中新社记者,今天下午，韩国外交部发言人表示，韩国政府通过1992年韩中建交联合声明及此后韩中共同声明，持续确认了尊重只有一个中国，台湾是中国的一部分的中方立场，强调尊重这样的一个中国的立场没有改变。此次电子入境书相关措施只是为了增进访问国便利，简化出入境管理系统，统一纸质电子入境书格式的行政和技术措施。此前，据韩媒报道，韩国外交部官员称，韩方决定删除韩电子入境申报系统中的“前一出发地”和“下一目的地”选项，旨在简化出入境手续、统一电子版与纸质版入境申报内容及样式。有韩媒称，此前，台湾当局对韩国在该选项中将台湾地区标注为“中国台湾”表达了不满。中方对此有何评论？,我们愿重申，中韩建交联合公报明确规定，大韩民国政府承认中华人民共和国政府为中国的唯一合法政府，并尊重中方只有一个中国、台湾是中国的一部分之立场。李在明总统今年年初接受中国媒体专访以及对中国进行国事访问时，都明确表示尊重一个中国的立场。,郭嘉昆
t20260415_11892411.html,总台央视记者,西班牙首相桑切斯访华引发各界关注。中方如何评价此访？对中西关系下步发展有何期待？,4月11日至15日，西班牙首相桑切斯应邀对华进行正式访问，这是他4年来第四次访华，中方给予热情友好接待，访问取得圆满成功。访问期间，习近平主席、李强总理、赵乐际委员长分别同桑切斯首相会见、会谈，两国领导人深入友好交流，达成新的重要共识，传递了中西加强沟通、巩固互信、紧密合作的明确信号。访问成果主要体现在3个方面：,郭嘉昆
t20260415_11892411.html,今日俄罗斯记者,俄罗斯外长拉夫罗夫刚刚结束访华。请问中方如何评价拉夫罗夫外长此访？,关于此次访问，我们已经发布消息稿，你可以查阅。我们想强调，中俄双方将顺应时代大势，全面落实两国元首达成的重要共识，坚定推动中俄全面战略协作伙伴关系和各领域互利合作迈上更高水平。,郭嘉昆
t20260415_11892411.html,新华社记者,据报道，美方表示，与伊朗会谈“可能未来两天内”在巴基斯坦举行。中方对此有何评论？对下轮谈判持何看法？中方是否将继续发挥斡旋作用？,中方欢迎一切有助于停火止战的努力，赞赏巴基斯坦促成美伊临时停火并发挥了公正平衡的斡旋作用。当务之急是全力避免战端重启，保持来之不易的停火势头，坚持通过政治外交途径解决争端。,郭嘉昆
t20260415_11892411.html,《卫报》记者,美国财政部长贝森特称，在中东危机中中国是一个不可靠伙伴。昨天，中方表示将坚决反制美对华加征关税。这些言论是否会影响特朗普即将访华的行程？,关于伊朗局势，中方已多次表明严正立场。,郭嘉昆
t20260415_11892411.html,《环球时报》记者,据报道，日本冲绳县与那国町町长13日与日本防卫大臣小泉进次郎会面，表示同意防卫省在与那国町部署防空导弹部队的计划。请问中方对此有何评论？,中方对有关动向高度关切。日方打着“防御”“反击”的幌子，在毗邻中国的有关地区加强导弹等一系列进攻性武器装备部署，实际上是打造军事对抗的前沿要塞，威胁地区和平稳定。在日本右翼势力的推动下，日本安保政策朝着进攻性、扩张性、危险性的方向转变，远超“自卫”和“专守防卫”范畴，也是对日方自诩“和平国家”的讽刺。,郭嘉昆
t20260415_11892411.html,法新社记者,俄罗斯外长拉夫罗夫在访华期间表示，俄方可以帮助中国和其他国家弥补因霍尔木兹海峡被封锁造成的能源短缺。发言人对此有何回应？能否对中俄能源合作提供更多细节？,关于霍尔木兹海峡问题，我们已经多次阐明中方立场。中俄始终在相互尊重，互利共赢基础上，开展包括能源在内的各领域务实合作。,郭嘉昆
t20260415_11892411.html,《北京日报》记者,今天是第十一个“4·15”全民国家安全教育日。我们注意到，今年“4·15”主题是“统筹发展和安全　护航‘十五五’新征程”。请问发言人，面对愈加变乱交织的国际安全形势，外交工作如何更好维护国家安全，促进世界和平安宁？,国之大者，安全为要。2014年4月15日，习近平总书记创造性提出总体国家安全观，为新时代国家安全工作提供了根本遵循和行动指南。12年来，全国各地以“4·15”全民国家安全教育日为契机开展形式多样的宣教活动，生动诠释国家安全一切为了人民、一切依靠人民，汇聚起人人尽责共护国家安全的强大力量。,郭嘉昆
t20260415_11892411.html,湖北广电记者,据报道，国际货币基金组织（IMF）最新报告认为，中东战事延宕可能导致全球经济衰退。报告将今年世界经济增长预期下调0.2个百分点。据联合国机构估算，战事预计导致全球饥饿人口新增4500万，多达3200万人可能陷入贫困。部分太平洋岛国因能源危机已宣布紧急状态。发言人对此有何评论？,IMF报告再次证明这场战事不仅造成巨大人员伤亡和损失，而且产生严重外溢影响，拖累全球经济增长和民生改善。这场战争本就不应发生，更不能让国际社会尤其是最不发达国家承担代价，为战争埋单。当务之急是全力避免战端重启，尽快恢复霍尔木兹海峡通行和海湾地区和平稳定，防止对全球经济和能源安全造成更大冲击，甚至引发人道主义危机。,郭嘉昆
t20260415_11892411.html,深圳卫视记者,近日，古巴国家主席迪亚斯－卡内尔在接受美国媒体采访时表示，古巴始终愿在尊重、平等和不设条件前提下同美开展对话，坚决拒绝美国要求其辞职等政治要价。古不对美国构成威胁，美国没有任何理由诉诸军事侵略。13日，美国再次对古发出威胁，称美可能在伊朗问题结束后处理古巴。中方对此有何评论？,中方坚决反对胁迫外交，将坚定支持古巴维护国家主权、反对外来干涉。,郭嘉昆
t20260416_11893136.html,《北京青年报》记者,第17个联合国中文日（4月20日）即将到来，今年的主题是“翰墨和鸣　华章同赋”，联合国总部和全球各国文化机构纷纷举办形式多样的庆祝活动，社交媒体上“成为中国人”风潮助推“中文热”持续升温。发言人对此有何评论？,今年是中文列为联合国官方语言80周年。中国驻外机构与联合国秘书处在纽约、日内瓦、维也纳等地，举办一系列精彩纷呈的庆祝活动。作为世界上最古老的语言之一，中文绵延古今、跨越山海，传承着“和而不同”“和谐共生”的东方智慧，见证了联合国80多年来承载的和平梦想。文字是文明的载体。每一种文明都是人类社会的共同财富，不可或缺，值得珍惜、尊重和保护。,郭嘉昆
t20260416_11893136.html,今日俄罗斯记者,美国总统特朗普近日接受采访称，他与中方就伊朗局势进行了沟通。发言人能否证实？第二个问题，特朗普称其访华计划不会受到伊朗冲突的影响。但同时，美国正对伊朗港口实施海上封锁，影响到包括驶往中国的船只。中方是否认为这会影响中美元首会晤？,第一个问题，关于伊朗局势，中方已多次表明严正立场。你提到的具体问题，我没有可以提供的信息。,郭嘉昆
t20260416_11893136.html,路透社记者,美方昨天表示中方可能不会停止购买伊朗石油，而美方将制裁伊朗石油买家。发言人对此有何评论？,中方一贯反对没有国际法依据、未经联合国安理会授权的非法单边制裁。,郭嘉昆
t20260416_11893136.html,法新社记者,斯里兰卡海关部门表示，今日有9名中国公民在机场因企图走私可能用于网络诈骗活动的通讯设备而被逮捕。外交部能否提供更多信息？对此有何评论？,我不了解你提到的具体情况。中国政府一贯要求海外中国公民遵守当地法律法规，不从事任何形式的违法犯罪活动。中方愿同有关国家开展国际合作，共同打击包括网络诈骗在内的犯罪活动。,郭嘉昆
t20260417_11894119.html,总台央视记者,据了解，近期新西兰空军1架军机多次抵近中国周边空域活动，不少民航航班受到影响。中方对此有何评论？,近期，新西兰空军1架P－8A反潜巡逻机持续在黄海、东海海空域抵近侦察滋扰，损害中方安全利益，增加误解误判风险，也对相关空域民航飞行秩序造成严重干扰。中方已作出坚决有力应对，并向新方提出严正交涉。,郭嘉昆
t20260417_11894119.html,中阿卫视记者,中国驻日本使馆接连遭到恐怖威胁。闯馆事件仅一周后，一名自称应急预备自卫官的人通过网络发出恐怖威胁视频，对使馆称其安装了远距离遥控炸弹。近期日本针对中国人歧视性案件也显著增加。请问中方对此有何回应？,近年来，针对中国驻日外交机构的滋扰和挑衅不断，近期更是出现自卫队现役官员持刀闯馆等一系列严重恶性事件。这些事件接踵而至，性质影响恶劣，暴露出当前日本存在的诸多深层问题，包括日本国内右翼思潮和势力猖獗，客观理性的声音受到压制；日本政府在历史、台湾等涉及中日关系重大核心问题上的错误政策流毒深重；正确的历史教育严重缺失，错误史观大行其道；日本安保政策朝着进攻性、扩张性、危险性方向转变；日方对自卫队失管失控，自卫队内部失管失教。,郭嘉昆
t20260417_11894119.html,委内瑞拉南方电视台记者,美国政府近期宣布放松对委内瑞拉公共银行体系的制裁措施，但同时继续禁止俄罗斯、伊朗、朝鲜和古巴相关联实体及中国控制的公司与委方进行交易。中方对该举措持何立场？这对中委金融和经济合作可能产生什么影响？,中方一贯反对缺乏国际法依据、未经联合国安理会授权的非法单边制裁，反对滥施“长臂管辖”。中国和委内瑞拉的合作受到国际法和两国法律保护，中国在委合法权益必须得到保障。,郭嘉昆
t20260417_11894119.html,《环球时报》记者,今天一艘日本自卫队舰艇进入台湾海峡，中方对此有何评论？,日本自卫队舰艇进入台湾海峡活动，中国军队已依法依规处置。日本首相高市早苗发表涉台错误言论，已经给中日关系带来严重冲击。日方派自卫队舰艇进入台湾海峡耀武扬威、蓄意挑衅，是错上加错，再次暴露日方一些人企图武力介入台海、破坏台海和平稳定的危险图谋。此举严重损害中日关系政治基础，严重威胁中国主权和安全。中方对此坚决反对，已向日方提出强烈抗议。,郭嘉昆
t20260417_11894119.html,委内瑞拉南方电视台记者,4月19日，一些国家将纪念古巴在“猪湾事件”中取得胜利，并谴责美国对古实施封锁。中国不仅在口头上声援古巴，还提供了具体支持，包括能源援助和食品安全保障。据报道，本周美战争部正为对古采取军事行动做准备。中国政府对这一针对古巴人民的威胁持何立场？,中方一贯坚决反对使用武力侵犯别国主权安全，坚定支持古巴维护国家主权、反对外来干涉。,郭嘉昆
t20260417_11894119.html,路透社记者,当前全球燃料供应遭到冲击，太平洋岛国是最依赖能源进口的地区之一。中方是否已经或计划向其提供能源援助？是否有太平洋岛国主动寻求中方帮助？,受中东局势影响，全球燃料供应出现危机。这场战争本就不应发生，当务之急是全力避免战端重启，防止局势动荡对全球能源安全造成更大冲击。中方愿同各方保持沟通，共同维护全球能源安全。,郭嘉昆
t20260417_11894119.html,法新社记者,美国为结束与伊朗冲突，促成黎巴嫩与以色列达成为期10天的停火协议，协议于今日生效。但黎军方对违反停火协议的行为已多次发出警告。中方对停火协议有何评论？,中方欢迎一切有助于停火止战的努力。希望相关方以负责任态度保持停火和谈判势头，通过政治外交途径化解争端。,郭嘉昆
t20260417_11894119.html,法新社记者,印尼外交部发言人昨天表示，印尼正考虑一项提案，允许美国军机飞越其领空。外交部如何看待该提案以及美国与印尼间的军事联系？,《东盟宪章》和《东南亚友好合作条约》明确规定成员国以加强地区和平安全与繁荣为共同责任，不参加任何威胁成员国主权、领土完整的政策或活动，包括其领土的使用。印尼方面也表示，将在尊重主权、互信互利基础上同各国开展防务合作。我们一贯认为，国家间的防务安全合作不应针对第三方或损害第三方利益，不应影响地区和平稳定。,郭嘉昆
t20260420_11895519.html,总台央视记者,今年4月27日至5月22日将召开《不扩散核武器条约》第十一次审议大会，请问中方是否将提交履约国家报告？对审议大会有什么期待？,4月17日，中国政府向《不扩散核武器条约》第十一次审议大会提交履约国家报告。这是中方采取的最新自愿透明举措，旨在增进互信，为审议大会营造良好氛围。,郭嘉昆
t20260420_11895519.html,中阿卫视记者,3.6万日本民众19日下午在国会周围集会，强烈抗议高市早苗政府的修宪企图，抗议者们手举写有“反对战争”“不许破坏宪法第九条”“高市下台”等字样的标语，呼吁守护和平宪法。发言人对此有何评论？,我们也注意到日本修宪动向在日本国内、亚洲邻国和国际社会已引起越来越多的质疑和反对。日本军国主义曾对中国和亚洲各国人民犯下残暴罪行，也给日本人民带来深重灾难。正因如此，日本修宪问题事关战后国际秩序和日本走向，一直受到国际社会和亚洲邻国高度关注。然而，日方至今未能深刻彻底反思侵略历史，一些势力还妄图美化、洗白侵略罪行，推动日本加速“再军事化”，导致“新型军国主义”成势为患，威胁地区和平稳定。国际社会对此应当高度警惕。,郭嘉昆
t20260420_11895519.html,路透社记者,美国扣押了一艘自中国出发的伊朗货轮，伊朗表示将对“美军的武装海盗行径”进行报复，不会参加第二轮谈判，而伊美停火安排将于明天到期。中方对美方扣押船只有何评论？货轮装载了什么物品？对停火安排面临破裂有何评论？,关于你提到的第一个问题，霍尔木兹海峡局势敏感复杂。我们对美方强制截停有关船只表示关切，希望有关方以负责任的态度恪守停火约定，避免激化矛盾、加剧局势紧张，为海峡通行恢复正常提供必要条件。,郭嘉昆
t20260420_11895519.html,中阿卫视记者,近日，伊朗军方在霍尔木兹海峡对悬挂印度国旗的船只开火，引发对海上安全的担忧。中方如何看待该升级事态？将采取哪些措施保障自身在该海峡的航运和能源利益？,刚才我已经就海峡问题表明了中方立场。我们想再次强调，霍尔木兹海峡是国际通行海峡，保持海峡通行畅通，符合地区国家和国际社会共同利益。中方希望各方共同避免海峡局势进一步恶化，愿同国际社会一道，为推动缓局降温继续作出应有的努力。,郭嘉昆
t20260420_11895519.html,法新社记者,美国和菲律宾今天起在菲开展年度军演，约一万名美军士兵参与，日本自卫队也将参加。考虑到中国同菲律宾和日本关系近来较为紧张，请问中方对此次军演持何立场？,单边主义和军事霸凌已经给世界带来深重灾难。亚太地区最需要的是和平安宁，最不需要的是引入外部力量制造分裂对抗。国与国之间开展军事安全合作，不应该损害地区国家间的相互理解与信任，不应该破坏地区和平与稳定，不应该针对第三方或损害第三方利益。我们想提醒有关国家，一味在安全上相互捆绑，只会引火烧身、反噬自身。,郭嘉昆
t20260420_11895519.html,印度报业托拉斯记者,发言人刚才就美军在霍尔木兹海峡对船只开火表示关切，而伊朗对经过海峡的印度船只开火。一名伊朗高级指挥官接受采访称，伊朗不会放弃对霍尔木兹海峡的控制权。鉴于该海峡是国际水道，伊方行为对中国乃至国际社会都将造成影响。中方对此怎么看？尤其是对伊朗向印度船只开火有何评论？,我刚才回答了相关问题。霍尔木兹海峡是国际通行海峡，维护这一地区的和平稳定与畅通，符合地区国家和国际社会共同利益。我们希望相关方以负责任的态度恪守停火约定，避免激化矛盾、加剧局势紧张，为海峡通行恢复正常提供必要条件。,郭嘉昆
t20260420_11895519.html,中阿卫视记者,4月19日，2026北京亦庄人形机器人半程马拉松举行，现场出席的外国记者特别多，对机器人产业发展感到震惊并予以高度评价。发言人对此有何评论？,在座很多媒体和记者朋友到现场进行了采访。通过大家的报道，这场别开生面的赛事引发了越来越多的关注。对比去年，今年参赛的人形机器人取得了长足的进步，这是中国科技创新和新质生产力发展的一个缩影。,郭嘉昆
t20260420_11895519.html,路透社记者,上周，日本自卫队“雷”号驱逐舰过航台湾海峡前往参加“肩并肩”年度军演。中方对日方今年积极参与该军演有何评论？,关于日本自卫队舰艇过航台湾海峡事，中方已经表明了严正立场。关于你提到的问题，我们想强调，二战时日本曾对包括菲律宾在内的东南亚国家进行侵略和殖民统治，负有严重历史罪责。日本应该认真反省侵略历史，在军事安全领域谨言慎行，而不是到处炫耀武力、破坏地区稳定。,郭嘉昆
t20260421_11896396.html,中新社记者,中方刚刚发布了王毅外长访问柬埔寨、泰国、缅甸的消息。发言人能否介绍中方对此访有何期待？,柬埔寨、泰国、缅甸均为中国友好邻邦。在习近平主席和三国领导人战略引领下，中国同三国命运共同体建设不断走深走实，为各自国家发展注入强劲动力。,郭嘉昆
t20260421_11896396.html,新华社记者,发言人能否介绍中柬外长、防长“2＋2”战略对话机制首次会议有关安排？将讨论哪些议题？,2025年4月习近平主席访问柬埔寨期间，同柬方领导人就建立中柬外长、防长“2＋2”战略对话机制达成共识，充分彰显两国关系的高水平和战略性。,郭嘉昆
t20260421_11896396.html,日本电视台记者,日本政府今天对“防卫装备转移三原则”作出修改，允许出口武器，并表示此举将加强日本同伙伴国家的安全合作。中方对此有何评论？,中方对此严重关切。当年日本军国主义大肆侵略扩张，对中国及亚洲邻国犯下滔天罪行。正是基于日本的侵略历史，为了防范日本军国主义死灰复燃，《开罗宣言》《波茨坦公告》和《日本投降书》等一系列具有充分国际法效力的文件明确规定，日本应完全解除武装，不得维持能使其重新武装的产业。日本宪法对本国军力、交战权、战争权也作出严格限制，战后日本还确立了“专守防卫”等限制军力发展和武器出口的严格规范。1976年日本政府发表对武器出口的统一见解，明确表示日本作为和平国家，慎重处理武器出口。,郭嘉昆
t20260421_11896396.html,《北京日报》记者,近日，美国国务院发布2026年“香港政策法报告”，污蔑抹黑香港民主自由法治状况。中方对此有何评论？,美方再度发布充斥谎言和谬论的所谓“报告”，对香港事务说三道四、指手画脚，中方对此强烈不满、坚决反对，已向美方提出严正交涉。,郭嘉昆
t20260421_11896396.html,总台央视记者,我们注意到，昨天习近平主席与沙特王储兼首相通话，就当前中东和海湾局势进行了沟通。有评论认为，伊朗战事爆发以来，中方不断加大外交努力，推动停火止战。请问中方如何看待局势下步发展？中方将如何继续劝和促谈，为局势降温发挥作用？,伊朗战事是国际社会面临的最紧迫挑战之一。日前，习近平主席就维护和促进中东和平稳定提出四点主张：一是坚持和平共处，中方支持地区国家改善关系，推动构建共同、综合、合作、可持续的中东和海湾地区安全架构；二是坚持国家主权，中东海湾国家主权、安全和领土完整应该得到切实尊重；三是坚持国际法治，维护以联合国为核心的国际体系、以国际法为基础的国际秩序、以联合国宪章宗旨和原则为基础的国际关系基本准则，不能让世界倒回丛林法则；四是坚持统筹发展和安全，中方愿同地区国家分享中国式现代化机遇，各方也应为中东海湾国家发展营造良好环境。四点主张充分体现了中方促和止战、倡导对话化解分歧的一贯立场和积极努力，为走出冲突、实现和平提供了中国方案，赢得地区国家和国际社会越来越多的认同和支持。,郭嘉昆
t20260421_11896396.html,法新社记者,追问关于中东局势的问题，伊朗和美国之间的停火安排将于明天到期，目前尚不清楚双方会否在巴基斯坦恢复谈判。中方希望向伊朗、美国传递什么信息？,刚才我回答了相关问题。当前地区形势正处在战和转换的关键阶段，和平窗口既已打开，就应为尽早结束战争创造有利条件。中方支持相关方保持停火和谈判势头，将继续为推动局势缓和，实现中东地区的持久和平稳定发挥建设性作用。,郭嘉昆
t20260421_11896396.html,彭博社记者,美国前常驻联合国代表黑利称，美国上周末拦截的悬挂伊朗船旗的货轮自中国出发，且装载用于制造导弹的化学品。外交部对此有何评论？,据我了解，这是一艘外籍集装箱船。中方反对任何恶意关联和炒作。,郭嘉昆
t20260421_11896396.html,共同社记者,据报道，日本靖国神社举行春季例行大祭，日本首相高市早苗以“总理大臣”名义供奉了名为“真榊”的祭品。中方对此有何看法？,中方坚决反对、严厉谴责日方有关靖国神社的消极动向，已向日方提出严正交涉、强烈抗议。,郭嘉昆
t20260421_11896396.html,澎湃新闻记者,4月20日，联合国亚太经社会第82届年会在泰国曼谷举行。中国代表团出席了此次会议，并宣布中方愿在上海承办2027年年会。发言人能否介绍一下相关情况？,亚太经社会是联合国在亚太地区最重要的综合性经济社会发展组织，肩负推动亚太开放、包容、可持续发展的重要使命。,郭嘉昆
t20260421_11896396.html,《北京青年报》记者,近期，巴西、墨西哥、西班牙三国发表联合声明呼吁缓解古巴局势，重申应尊重人权、领土完整、主权平等及和平解决冲突原则。俄副外长访古并表示不会抛弃古巴，欧洲多国举行集会声援古巴，美国一些非政府组织呼吁取消对古制裁。此外，据媒体报道，美国务院代表近日访古并与古巴官员会面，呼吁古巴实现“民主和经济自由”，提出解除贸易封锁、提供Starlink卫星通信支持等交换条件。中方对此有何评论？,近期不少国家和美国国内各界人士纷纷表示，反对美方对古巴封锁。美国政府应该倾听正义呼声，立即停止对古巴的封锁制裁和任何形式的胁迫施压。中方愿同各方一道，坚定支持古巴维护国家主权和安全、反对外来干涉。,郭嘉昆
t20260422_11897449.html,《环球时报》记者,据报道，继昨天向靖国神社供奉祭品后，今天日本首相高市早苗再次供奉祭祀费。成长战略担当大臣城内实、自民党总务会长有村治子和多名国会议员前往参拜。请问中方对此有何评论？,我们昨天已阐明中方的严正立场。日方涉靖国神社一系列消极动向公然挑衅国际正义，粗暴践踏人类良知。中方对上述恶行十分愤慨、严厉谴责。,郭嘉昆
t20260422_11897449.html,《中国日报》记者,4月26日是世界知识产权日，本周也是全国知识产权宣传周。近年来，中国在人工智能、量子科技、载人航天等新兴领域不断取得突破，“中国创造”的热度正在赶超“中国制造”。但仍有个别国家质疑中国在关键领域存在侵犯知识产权、“窃取”尖端技术的行为，并以此为由出台各类针对中国的禁令。发言人对此有何评论？,保护知识产权就是保护创新，为高质量发展保驾护航。中国已经成为世界知识产权大国，国际专利申请量多年排名第一。中国持续深化知识产权保护，建成81个国家级知识产权保护中心、50家快速维权中心，99个海外知识产权纠纷应对指导工作平台，知识产权保护社会满意度稳步提升。越来越多的跨国企业来华布局研发中心，在华发明专利有效量逐年增长。中国不仅是“世界工厂”，也在成长为“全球创新实验室”。所谓“窃取”知识产权完全是子虚乌有。,郭嘉昆
t20260422_11897449.html,法新社记者,美国总统特朗普周二宣布延长同伊朗达成的停火安排。中方对此有何评论？中方的外交努力是否在其中发挥了作用？,当前地区局势处于战和转换的关键阶段，当务之急仍是全力避免战端重启。中方支持相关方继续坚持通过政治外交途径化解争端，实现全面、持久停火止战，维护好中东和海湾地区和平稳定。中方愿根据习近平主席四点主张精神，同国际社会一道为此发挥积极建设性作用。,郭嘉昆
t20260422_11897449.html,路透社记者,台湾方面表示，由于塞舌尔、毛里求斯、马达加斯加取消了飞行许可，赖清德不得不取消对斯威士兰的访问，并称三国受到中国大陆的“经济胁迫”。中方对此有何回应？是否曾就飞行许可问题同这三个国家或其他非洲国家进行接触？,非洲除斯威士兰外53国均同中国建交，并同非盟一道通过2024年中非合作论坛《北京宣言》，多次表示坚定奉行一个中国原则，重申世界上只有一个中国，台湾是中国领土不可分割的一部分，中华人民共和国政府是代表全中国的唯一合法政府，坚定支持中国政府为实现国家统一所作的一切努力。有关国家坚持一个中国原则，完全符合国际法和国际关系基本准则，中方表示高度赞赏。事实十分清楚，世界上早已不存在所谓“中华民国总统”，任何人以这种身份招摇撞骗，都是逆历史潮流而动，只会自取其辱。一个中国原则是人心所向、大势所趋、大义所在，任何人都无法阻挡中国终将统一的历史潮流。“台独”势力的分裂图谋只是螳臂当车，必将自取灭亡。,郭嘉昆
t20260422_11897449.html,路透社记者,美国总统特朗普接受采访时称，美方拦截的伊朗货轮可能载有“来自中国的礼物”，并称他认为同中方“有共识”。中方对此有何评论？自中国出发的悬挂伊朗国旗货轮装载什么物品？,中方已多次表明有关立场。我们愿重申，作为负责任大国，中国一贯模范履行应尽的国际义务。,郭嘉昆
t20260423_11898539.html,《人民日报》记者,当前中东局势外溢影响更加明显，各国民生发展受到严重冲击。我们注意到，中方刚刚主办了全球共享发展行动论坛第三届高级别会议，会议发布了《共创未来行动计划成果清单》。请问发言人能否介绍更多情况？在当前背景下，主办论坛有何特殊意义？,今年是习近平主席提出全球发展倡议5周年。5年来，全球发展倡议从中国主张扩大为国际共识，从合作理念拓展到丰富实践，为联合国2030年可持续发展议程提供了生机与活力。全球发展倡议得到联合国等国际组织和100多个国家的响应和支持，80多国加入了“全球发展倡议之友小组”，近百个国家、地区和国际组织同中方签署了倡议合作文件。全球发展倡议迄今开展了1800多个合作项目，为发展中国家培训各类人才超过20万名，推动全球发展事业迈出了新步伐、取得了新成效。,郭嘉昆
t20260423_11898539.html,彭博社记者,美国国务院批评中国施加影响迫使非洲三国取消了赖清德访问的飞行许可。外交部对此有何回应？,世界上只有一个中国，台湾是中国领土不可分割的一部分，一个中国原则是国际关系基本准则和国际社会普遍共识，是人心所向、大势所趋、大义所在。美方对中方捍卫国家主权和领土完整的正当行动指手画脚，对有关国家维护一个中国原则的正义之举横加指责，完全是混淆是非、颠倒黑白，中方坚决反对，绝不接受。中方敦促美方恪守一个中国原则和中美三个联合公报，停止借台湾问题干涉中国内政，停止助台巩固所谓“邦交”，停止向“台独”分裂势力发出错误信号。,郭嘉昆
t20260423_11898539.html,CGTN记者,世界旅游及旅行理事会发布最新数据显示，中国旅游业经济产值去年增长9.9％，是全球增速的两倍多，并预测中国有望在2030年前成为世界第一大旅游经济体。我们注意到，越来越多来华外国游客正在改变旅行方式，从“观光打卡”升级为“深度沉浸”、从“体验中国”转向“融入中国”。请问发言人对此有何评论？,这些年，“中国游”话题热度不减，“买家秀”好评不断。“一部手机游中国”的便利、在崇山峻岭中日行千里的快捷、放心游览夜景的安全，都给外国游客留下了深刻记忆。最新数据显示，今年一季度免签入境外国人次再次上涨，同比增幅近30％。,郭嘉昆
t20260424_11899403.html,中新社记者,今天是第11个中国航天日，恰逢中国航天事业创建70周年。面对当前太空竞争已从技术比拼进入规则主导、联盟构建的“竞赛2.0阶段”，作为航天大国，中方将如何推动更具包容性的太空合作？未来会否在航天领域继续扩大对国际伙伴的开放？,探索浩瀚宇宙是全人类的共同梦想，也是中国航天人的不懈追求。经过70年接续奋斗，中国航天事业从无到有、自力更生，实现了从人造卫星、载人航天到深空探测的历史性跨越，取得了历史性成就。中国始终坚持在平等互利、和平利用、包容发展基础上，深入开展外空领域国际合作：在非洲，中国与多国签署航天合作协议，10幅非洲青少年画作登上“天宫”空间站；在南美，中国—巴西地球资源卫星守护着热带雨林；在亚洲，巴基斯坦航天员通过选拔，有望与中国航天员并肩飞往空间站。,郭嘉昆
t20260424_11899403.html,总台CGTN记者,我们注意到，近一个月，日本“新型军国主义”恶苗以惊人速度滋长：自卫队现役官员持刀擅闯中国驻日使馆，驱逐舰穿行台湾海峡，自卫队首次正式参与美菲联合军演，内阁大幅松绑武器出口限制，高市早苗连续两天向靖国神社供奉祭品和祭祀费。近期一项面向全球网民开展的民调显示，有82.5％的受访者认为日本右翼势力谋求“再军事化”的做法与二战前日本军国主义扩张逻辑高度相似，会将日本再次引向极其危险的道路。发言人对此有何评论？,这再次表明，日本“新型军国主义”成势为患是不争的事实，构成现实的威胁。,郭嘉昆
t20260424_11899403.html,英国广播公司记者,为何参与英国健康研究的50万名患者的敏感医疗信息会在中国的网上出售？中国政府将采取什么举措确保此类事件不再发生？,中国政府一贯依法保护个人信息权益，规范个人信息处理活动。,郭嘉昆
t20260424_11899403.html,今日俄罗斯记者,芬兰外长近日表示，中国与俄罗斯的密切关系是中欧达成贸易协议的“否决因素”。中方对此有何回应？会否为了推进同欧盟的贸易谈判而减少同俄罗斯的往来？,中欧经贸关系的本质是互利共赢。双方在相互尊重基础上，加强对话协商、深化经贸合作符合中欧共同利益，也是双方企业和民众的普遍期待。我们希望芬方理性、客观看待中国同其他国家正常发展关系，秉持开放心态，不要将经贸问题政治化、泛安全化。,郭嘉昆
t20260424_11899403.html,彭博社记者,白宫指责中国大规模“窃取”美国人工智能产业的知识产权，外交部对此有何评论？,美方有关说法毫无根据，是对中国人工智能产业发展成就的污蔑抹黑，中方对此坚决反对。我们敦促美方尊重事实、摒弃偏见，停止对华科技遏压，多做有利于两国科技交流与合作的事。,郭嘉昆
t20260424_11899403.html,彭博社记者,据报道，“平平”和“福双”两只大熊猫将从成都出发前往美国亚特兰大。发言人能否证实？大熊猫将何时出发？考虑到中美元首预计将举行会晤，此举对中美关系意味着什么？,大熊猫是中国的“国宝”，也是世界人民友谊的使者和桥梁。我们相信，新一轮中美大熊猫保护合作将为促进大熊猫健康福祉，提高大熊猫等濒危物种保护能力，推进全球生物多样性保护和增进中美人民友谊作出新的贡献。,郭嘉昆
t20260424_11899403.html,总台央视记者,关于特朗普称美方拦截的伊朗货轮上可能载有“来自中国的礼物”一事，发言人是否有进一步回应？是否了解这艘货轮运载的物品信息？,中方反对任何缺乏事实依据的指责和关联。国家间正常的国际贸易不应受到干扰和破坏。,郭嘉昆
t20260427_11900828.html,总台华语环球节目中心记者,中方刚刚发布澳大利亚外长黄英贤访华消息。发言人能否介绍此访背景和中方期待？,在两国领导人战略引领下，中澳全面战略伙伴关系保持向好发展势头。黄英贤外长访华期间，王毅外长将同她共同主持第八轮中澳外交与战略对话，就中澳关系及双方共同关心的国际、地区问题深入交换意见。,林剑
t20260427_11900828.html,路透社记者,中方对昨天的白宫枪击事件有何评论？,中方关注这起枪击事件，我们一贯反对和谴责非法暴力行为。,林剑
t20260427_11900828.html,彭博社记者,上周五，美国以涉伊朗业务为由，制裁中国一家大型民营炼油厂。外交部对此有何评论？,中方一贯反对缺乏国际法依据的非法单边制裁，敦促美方停止滥施制裁和“长臂管辖”的错误做法。中方将坚决维护本国企业的合法权益。,林剑
t20260427_11900828.html,《北京日报》记者,中方刚发布了比利时副首相兼外交大臣普雷沃访华消息，如何评价当前中比关系？中方对此访有何期待？,中比是全方位友好合作伙伴。近年来，双方高层交往频繁，在贸易投资、航运物流、生物医药等领域合作稳步推进，成效显著，切实造福两国人民。,林剑
t20260427_11900828.html,中新社记者,据报道，巴基斯坦总统扎尔达里正在访华。发言人能否介绍日程安排？,今年是中巴建交75周年，中巴关系保持高水平的良好发展势头。巴基斯坦总统扎尔达里于4月25日至5月1日来华，访问湖南省和海南省。中方愿同巴方一道，推动两国各层级、各地方友好交流合作，共同致力于构建更加紧密的中巴命运共同体。,林剑
t20260428_11901650.html,中阿卫视记者,日本首相高市早苗在会议上声称，修订“安保三文件”是左右国家命运的重要工作，要以俄乌及中东局势为教训，推进应对“新型作战方式”以及为“长期战争”做好准备，推进海上安保能力、网络安全和经济安全保障。请问发言人对此有何评论？,近期高市政权大力发展军工产业，现在又公然宣称为“长期战争”做准备。历史上日本曾挑起战争、侵略他国，现在又在渲染所谓“紧张局势”，是不是要重蹈历史覆辙、在“再军事化”道路上狂飙突进、再次成为东亚“祸源”？,林剑
t20260428_11901650.html,总台央视记者,28日，日本自民党保守派团体“保守团结会”成员及参政党的166名国会、地方议员参拜靖国神社。中方对此有何评论？,所谓靖国神社是日本军国主义发动侵略战争的精神工具和象征，是事实上的“战犯神社”。日方涉所谓靖国神社一系列消极动向公然严重践踏历史正义和人类良知，挑战二战胜利成果与战后国际秩序。中方对此强烈愤慨，严厉谴责。,林剑
t20260428_11901650.html,法新社记者,中方叫停了Meta公司收购人工智能公司Manus。据报道，中方在监管审查后还对两名联合创始人采取了限制出境措施。外交部对此有何评论？能否就限制出境事提供更多信息？,具体问题请向中方主管部门了解。我想强调，中国政府依法依规对外商投资进行审查并作出有关决定。,林剑
t20260428_11901650.html,新华社记者,近日多家外媒报道，越来越多中国茶饮、火锅、运动等品牌开启新一轮出海热潮。报道认为，中国企业不仅把产品销售到海外，而且以技术、设计、供应链效率、本地化服务等赢得外国民众青睐，致力于打造具有全球辨识度的品牌。发言人对此有何评论？,近年来，中国品牌凭借卓越品质、创新科技和兼具文化温度的设计，在全球市场广获认可。它们为各国消费者带来了更加丰富、优质的选择，也成为各国民众观察中国、感知中国的鲜活载体。,林剑
t20260428_11901650.html,法新社记者,巴布亚新几内亚总理昨天抵达中国。此访聚焦矿物和农业贸易。请问中方能否提供更多信息？,目前我没有可以提供的信息，你可以继续保持关注。,林剑
t20260429_11902540.html,《中国日报》记者,中国将于今年5月1日起对53个非洲建交国全面实施零关税举措。我们注意到，非洲各界对此高度关注，非方领导人及媒体给予高度评价，认为这是中非合作的又一里程碑。请问发言人对此有何回应？,中方注意到非方对零关税举措的热切期待和积极反馈。零关税是中国主动扩大单边开放的重要举措，展现了中国愿意承担更多的国际义务，坚定扩大高水平对外开放。此举是中方践行真实亲诚对非政策理念和正确义利观的具象化体现，是中非携手共筑新时代全天候中非命运共同体的生动实践，在中非关系和国际关系史上具有划时代意义。,林剑
t20260429_11902540.html,朝日新闻记者,据我们了解，日本首相高市早苗将于本周末访问越南期间提出新版“自由开放印太”构想。请问中方对此有何评论？,国与国交往不应针对第三方或损害第三方利益。日方打着“自由开放”的幌子，实际上做的却是挑动阵营对抗、打造“小圈子”。这种做法与地区国家和国际社会求和平、谋发展、促合作的共同愿景背道而驰，不得人心。,林剑
t20260429_11902540.html,《人民日报》记者,今天是《禁止化学武器公约》生效29周年纪念日。根据公约规定，日本应于2007年内完成遗弃在华化学武器销毁，但目前销毁计划已多次逾期。禁止化学武器组织总干事阿里亚斯曾表示，“只有全部日遗化武完成销毁，‘无化武世界’才会到来”。请问发言人对此有何评论？,日本遗弃在华化学武器是日本军国主义侵华战争期间犯下的严重罪行之一，直到今天仍在危害中国人民生命财产安全和生态安全。全面销毁日遗化武是日方应尽的国际义务。中方一直敦促日方按照《禁止化学武器公约》和中日政府备忘录规定，早日全面彻底销毁日遗化武。,林剑
t20260429_11902540.html,法新社记者,本周二，针对巴拿马同中国因运河港口问题产生争端，美国与玻利维亚、哥斯达黎加等地区国家联合发声支持巴，称中方做法公然将海上贸易政治化，是对各国的威胁。中方对此有何评论？,有关言论完全是无中生有、颠倒黑白。谁长期霸占巴拿马运河、武装入侵巴拿马、肆意践踏巴拿马主权和尊严？谁在觊觎巴拿马运河、妄图将本应永久中立的国际航道变成自家水渠、蔑视地区国家主权？答案不言自明。将港口问题泛政治化、泛安全化的是美国，惺惺作态、四处造谣抹黑的还是美国。中方主管部门依法依规对船舶进行正常检查。中方在巴拿马有关港口问题上的立场是明确的，将坚定维护自身正当权益。我们也奉劝有关国家不要被别有用心的势力蒙蔽和利用。,林剑
t20260429_11902540.html,埃菲社记者,美国国务卿鲁比奥称古巴允许美国的“对手”利用古巴靠近美国的地理条件来开展情报活动，并警告称美方不会容忍这种情况。鉴于中国同古巴的关系，中方是否认为这些言论是在影射中国？对此有何回应？,中国与古巴的合作正大光明。炮制借口、造谣抹黑不能成为美方对古巴野蛮封锁、非法制裁的理由，不能掩盖美方严重侵犯古巴生存权、发展权，违反国际关系基本准则的事实。中方将坚定支持古巴维护国家主权和安全，敦促美方立即终止对古巴的封锁制裁和任何形式的胁迫施压。,林剑
t20260429_11902540.html,《北京青年报》记者,据报道，4月27日，柬埔寨副首相兼外交大臣布拉索昆与泰国副总理兼外长西哈萨在文莱出席东盟相关会议期间举行双边会晤，就柬泰边境形势及双边关系交换意见。中方对此有何评论？,柬泰两国外长日前再次举行会晤，强调要坚持通过和平方式、双边机制妥善解决分歧，中方对此表示赞赏。王毅外长上周访问柬、泰，同双方分别就柬泰边境争端深入沟通。柬、泰均明确表示，将切实落实去年12月中柬泰三方抚仙会晤共识、坚持对话协商妥处争端，感谢中方斡旋努力，期待中方持续发挥建设性作用。,林剑
t20260429_11902540.html,法新社记者,澳大利亚外长黄英贤正在访华，将同王毅外长举行会谈。中方对此访有何期待？,关于澳大利亚外长黄英贤访华的情况，我们会适时发布消息，请你保持关注。,林剑
t20260429_11902540.html,澎湃新闻记者,我们注意到，中国常驻维也纳代表团昨日宣布维也纳“全球治理之友小组”正式成立。发言人能否进一步介绍有关情况？,4月28日，中方在维也纳联合国总部成功举办全球治理倡议主题活动暨维也纳“全球治理之友小组”启动仪式，包括小组创始成员国在内的40余国常驻代表，联合国工业发展组织、联合国贸易法委员会等国际组织代表、国际智库专家等出席活动。活动现场气氛热烈，各方踊跃发言，高度认同和支持习近平主席提出的全球治理倡议，高度赞赏中国在支持联合国事业、倡导多边主义、维护公平正义、改革完善全球治理体系中发挥的重要引领作用，期待通过小组在维也纳多边平台加强沟通协调，凝聚更广泛共识，为维护多边主义、推进全球治理体系建设和改革作出新贡献。,林剑
t20260429_11902540.html,路透社记者,据报道，中国拟于五月批准更多燃油出口，但出口量仍低于去年平均水平。外交部是否收到亚洲等地国家对华燃油需求？中方是否计划增加对贸易伙伴出口燃油？,受中东局势影响，全球能源市场面临供应短缺，对许多国家造成冲击。要从根本上解决问题，关键在于全力避免战端重启，推动实现全面、持久停火止战，防止地区局势进一步动荡对全球经济发展造成更大影响。中方愿同各方继续保持沟通，共同维护全球能源安全和产供链稳定。,林剑
t20260429_11902540.html,路透社记者,据报道，美国上周要求多家芯片设备公司停止向中国第二大芯片制造商华虹公司出口设备，中方对此有何评论？,中方已多次表明在美输华芯片问题上的原则立场，希望美方以实际行动维护全球产供链稳定畅通。,林剑
t20260430_11903286.html,《环球时报》记者,据报道，日本已敲定修改自卫队“官阶”名称的方案，并计划于年内向国会提交相关修订草案。新的更名方案将恢复二战结束前日本军队的“大将”“大佐”等称谓。报道还称，日本政府高官评价此举旨在“营造具有荣誉感的工作环境”，以吸引和留住人才。发言人对此有何评论？,二战结束后，日本作为战败国，军队被解散，军事机构被撤销。1954年日本自卫队成立时，废弃了旧军队中的称谓，采用数字序列衔级名称等新制度。日本国内普遍认为自卫队采用“去军事化”的衔级名称意在切断与旧军队历史联系，体现“和平宪法”精神。可以看出，衔级名称对日本而言并非技术问题。,林剑
t20260430_11903286.html,法新社记者,上周末，王毅外长会见了缅甸总统敏昂莱。请问双方是否谈及被监禁的前缅甸领导人昂山素季？,关于王毅外长访问缅甸的情况，我们已经发布了消息。昂山素季女士是中国的老朋友，我们一直关心她的情况。作为友好邻邦，中方支持缅甸走符合本国国情的发展道路，支持缅甸各方实现更广泛、更牢固、更持久的和平和解。,林剑
t20260430_11903286.html,湖北广电记者,据报道，日本跨党派思考人权外交议员联盟在国会内召开会议，讨论赖清德窜访非洲受阻问题并整理形成提案，拟向日政府提交。提案指出，各国的外交独立性不能因为任何胁迫而被损害，要求日本政府为保护台湾民众同民主伙伴自由交流的环境发挥积极作用。请问中方对此有何评论？,世界上只有一个中国，台湾是中国领土不可分割的一部分。一个中国原则是国际社会普遍共识。有关国家以实际行动践行一个中国原则、反对“台独”分裂活动，完全符合国际法和国际关系基本准则，中方表示高度赞赏。,林剑
t20260430_11903286.html,中新社记者,中国将担任联合国安理会5月轮值主席，请问中方将如何行使职责并发挥作用？,中国将于5月1日起担任联合国安理会轮值主席。当前，国际形势变乱交织，地缘冲突此起彼伏。安理会肩负维护国际和平与安全的首要责任，作用备受关注。中方高度重视担任轮值主席工作，将本着负责任、建设性态度，推动安理会加强团结合作，保持公正开放，立足务实行动，促推政治解决，切实履行好联合国宪章赋予的职责。我们也期待国际社会支持中方履职，配合安理会推进5月议程上的各项任务，共同践行真正的多边主义，为和平与发展事业作出更大贡献。,林剑
t20260506_11905572.html,中阿卫视记者,据报道，今天日本88式导弹首次在“肩并肩”军演中发射。这是日本首次在境外发射进攻型导弹。请问中方有何评论？,日本曾对包括菲律宾在内的东南亚国家进行侵略和殖民统治，负有严重历史罪责。在东京审判开庭80周年这一特殊年份，曾经的侵略者不仅未能深刻反省历史罪行，反而打着所谓“安全合作”幌子向海外派遣军事力量，发射进攻型导弹。这一动向再次说明，日本右翼势力正在推动日本加速“再军事化”进程，不断突破“专守防卫”和国际法、国内法相关规制，一些政策和行动已经远远超出了“自卫”范畴。历史教育的严重欠账、历史观的根本性错误，叠加强军备战的战略图谋，日本“新型军国主义”成势为患，威胁地区和平稳定。我们敦促日方深刻反省军国主义侵略历史，在军事安全领域恪守承诺、谨言慎行。,林剑
t20260506_11905572.html,《中国日报》记者,我们注意到，日前赖清德乘坐斯威士兰飞机偷窜斯，妄谈“外交自主”，却被国际社会和岛内民众讽刺“像个小偷”，“是国际大笑话”。发言人对此有何回应？,日前，赖清德罔顾各方普遍反对，去程偷偷摸摸钻进外机，串通斯威士兰瞒报机上人员信息，靠“骗”溜入。返程，有关国家拒绝飞越，赖清德又偷飞强闯，令人不齿。一去一返、一骗一闯，赖清德无视有关国家领空和主权，冒天下之大不韪，十分危险和疯狂。赖清德“偷渡式”窜访恰恰证明“台独”分裂行径见不得光，不容于国际社会，都不过是丑闻和闹剧。,林剑
t20260506_11905572.html,法新社记者,王毅外长和伊朗外长今天在北京举行会谈。双方讨论了哪些议题？王毅外长是否敦促伊朗允许船只安全通过霍尔木兹海峡？外交部能否介绍更多信息？,今天，中共中央政治局委员、外交部长王毅同来访的伊朗外长阿拉格齐举行会谈，双方就双边关系和共同关心的国际和地区问题交换了意见。我们会尽快发布消息，你可以保持关注。,林剑
t20260506_11905572.html,北京广电记者,我们注意到，最新统计显示，刚刚过去的“五一”假期，中国全社会跨区域人员流动量预计超15亿人次，日均超3亿人次，比去年同期日均增长4％，酒店团购销售额同比增长86％，电影票房突破7.5亿元。其中入境游迎来爆发式增长，越来越多的游客选择来华入境游。有观点认为，中国“五一”假日经济的亮眼表现正是中国经济整体强劲的缩影。请问发言人对此有何评论？,今年“五一”假期，相信在座不少中外记者朋友们都到中国各地去旅游休闲，感受火热的假日经济。你刚才提到的这些数据，反映出中国经济发展的强劲韧性与内需市场的巨大潜力。我们也注意到，越来越多的外国游客选择利用“五一”假期打卡中国深度游，沉浸式体验“中国式安全感”和中国人民“小时光”，这也体现了中方坚持高水平对外开放、便利中外人员往来政策举措的吸引力。中国开放的大门将越开越大，“流动中国”的繁荣热度跨越国境，必将为全球经济带来更多活力和积极预期。,林剑
t20260506_11905572.html,今日俄罗斯记者,第一个问题，美国总统特朗普最近称，习近平主席“非常令人尊敬”，并称中方并未挑战美方的行动，已向中方提议将船只派往美国，实际上是在暗示中国购买美国而非伊朗石油。中方如何回应该言论？会否考虑这一提议？第二个问题，美国财长贝森特最近要求中国支持美国主导的在霍尔木兹海峡的军事行动，还批评中国阻碍联合国的倡议。鉴于美国长期以来单方面军事干预以及随意绕过联合国采取行动的历史，外交部对此有何回应？,第一个问题，中美双方就特朗普总统访华事保持着沟通。关于伊朗局势，中方已经多次阐明了立场。对于中国能源政策的具体问题，建议向中方主管部门询问。,林剑
t20260506_11905572.html,湖北广电记者,据报道，近日安提瓜和巴布达大选结果揭晓，安巴工党赢得众议院17个席位的15席，现任总理、工党领袖布朗连任总理。请问中方对此有何评论？,中方对布朗总理获得连任表示祝贺。安提瓜和巴布达是中国在加勒比地区的好朋友、好伙伴。中方愿同安方一道努力，继续深化各领域务实合作，推动两国友好关系迈上新台阶，更好造福两国人民。,林剑
t20260506_11905572.html,美联社记者,美国一直要求中国向伊朗施加更多压力，以结束战争并开放霍尔木兹海峡。发言人对此有何评论？,霍尔木兹海峡局势持续紧张，只有尽早实现全面止战，才能为缓解海峡局势紧张创造必要条件。海峡沿岸国的主权安全和领土完整应得到尊重，地区国家的合理关切应得到重视，国际社会的正当利益也应得到维护。,林剑
t20260506_11905572.html,彭博社记者,你刚才提到中美正就特朗普总统的访问保持沟通。能否介绍更多细节，比如访问的时间？,你可以继续保持关注。,林剑
t20260506_11905572.html,《纽约时报》记者,美国昨晚决定暂停在霍尔木兹海峡为船只护航。中方是否就此与美方进行了协调，以便为今天中国和伊朗的会谈取得进展创造机会？,我刚才已经阐明了中方立场。中方在海峡局势问题上立场非常明确，希望相关各方能够审慎行事，避免局势升级，通过对话化解争端，早日恢复海峡和平安宁。中方也将继续为推动海峡局势降温作出努力。,林剑
t20260506_11905572.html,路透社记者,关于台湾地区领导人赖清德从斯威士兰返台的路线。根据我们看到的飞行路线，他返台的航程非常漫长。中方是否与马达加斯加、毛里求斯等国接触，就赖的航班飞越领空事提出要求？此外，我们注意到，赖返程途中曾飞越印度尼西亚、马来西亚、菲律宾、文莱和澳大利亚。中方是否在赖返台前后与这些国家有过接触？是否已召见相关国家大使讨论此事？,是否开放领空属于各国主权。有关国家坚持一个中国原则，拒绝向外窜的赖清德发放飞行许可，这一正义之举完全符合国际法和国际关系基本准则，更加说明一个中国原则是大势所趋，“台独”分裂行径不得人心。,林剑
t20260506_11905572.html,法新社记者,第48届东盟峰会将于本周在菲律宾举行。中方是否派遣代表团？将由谁代表出席？,按照惯例，东盟峰会是由东盟国家的领导人出席的会议，不包括东盟的对话伙伴。,林剑
t20260506_11905572.html,乌通社记者,第一个问题，乌克兰总统泽连斯基称，乌将自6日起停火，并期待俄罗斯采取对等行动。乌认为人的生命比任何纪念活动都更加宝贵。中方对此有何评论？第二个问题，去年春天，两名为俄作战的中国公民被乌俘虏。他们已被关押一年，乌方只能将他们移交给俄方，但俄对此不感兴趣。中国政府是否正采取措施寻求乌方释放他们？,在乌克兰危机问题上，中方的立场清晰、明确，我们支持一切致力于和平的努力。希望有关各方继续通过对话谈判解决危机。,林剑
t20260506_11905572.html,《纽约时报》记者,中方是否向伊朗提出停止袭击运载其他海湾国家出口货物的船只？,只有尽早实现全面止战，才能为缓解霍尔木兹海峡局势紧张创造必要条件。我们的立场很明确，海峡沿岸国的主权安全和领土完整应得到尊重，地区国家的合理关切应得到重视，国际社会的正当利益也应得到维护。,林剑
t20260506_11905572.html,彭博社记者,外交部发布王毅外长与伊朗外长的会谈消息稿，其中提到中方愿为恢复中东地区的和平安宁发挥更大的作用。发言人可否阐述一下中方将如何发挥更大作用？,在同伊朗外长阿拉格齐的会谈中，王毅外长强调，自战事发生以来，中方一直积极劝和促谈。习近平主席郑重提出维护和促进中东和平稳定的四点主张，得到国际社会积极响应。当前地区局势正处于战和转换的关键节点。中方认为，全面止战刻不容缓，重启战端更不可取，坚持谈判尤为重要。中方支持伊方维护国家主权和安全，赞赏伊方愿通过外交途径寻求政治解决。关于海峡问题，国际社会对恢复海峡正常安全通行有共同关切，中方希望当事方尽快回应国际社会的强烈呼声。中方主张海湾和中东国家应当把命运掌握在自己手里，鼓励伊朗和更多海湾国家开展对话，实现睦邻友好，支持由地区国家建立共同参与、维护共同利益、实现共同发展的地区和平与安全架构。,林剑
t20260506_11905572.html,中阿卫视记者,近日，英国政府以向俄罗斯供应无人机部件等军事物资为由，宣布对一些国家实体及个人实施制裁，其中包括两家中国实体。请问中方对此有何回应？,中方一贯反对没有国际法依据、未经联合国安理会授权的非法单边制裁，对英方有关做法强烈不满，已提出严正交涉。在乌克兰危机问题上，中方一直致力于劝和促谈，严格管控军民两用物项出口。中俄两国的正常交往合作不应受到干扰和影响。中方将采取必要措施，坚决维护自身正当合法权益。,林剑
t20260506_11905572.html,俄新社记者,针对中国商务部发布禁令阻断美国以参与伊朗石油交易为由制裁5家中国炼油企业一事，美国国务卿鲁比奥昨天称，如果不遵守制裁，将面临次级制裁。中方对此有何回应？,中方主管部门已就此阐明了立场。我要强调，中国政府一贯反对缺乏国际法依据、未经联合国安理会授权的非法单边制裁。有关措施是依法实施《阻断外国法律与措施不当域外适用办法》的具体行动。中方将密切关注有关国家法律与措施不当域外适用的情况，依法坚决维护中国公民和企业的正当权益。,林剑
t20260507_11906358.html,总台央视记者,中美元首会晤在即，外界猜测台湾问题是中方首要关切议题。发言人对此有何评论？,台湾问题是中国核心利益中的核心，是中美关系政治基础中的基础。恪守一个中国原则和中美三个联合公报，恪守美国历届政府在台湾问题上所作承诺，是美方应尽的国际义务，也是中美关系稳定、健康、可持续发展的必要前提。中方维护国家统一和领土完整的决心坚定不移。“台独”分裂与台海和平水火不容。维护台海和平稳定，就必须旗帜鲜明反对“台独”。,林剑
t20260507_11906358.html,东京电视台记者,去年11月7日，日本首相高市早苗在国会答问时称，“如果中国（对台湾）出动军舰并使用武力，会构成日本的存立危机事态”。这一发言已过半年。中方对此有何评论？,中方已多次阐明相关严正立场。当前中日关系面临严重困难，根源在于日本首相高市早苗发表错误涉台言论，责任完全在日方。真正的交流与对话应建立在尊重对方、恪守共识的基础上。日方如果真心想改善中日关系，就应恪守中日四个政治文件和自身所作承诺，撤回错误言论，以实际行动维护中日关系政治基础。我们敦促日本执政当局正视问题根源，反思纠错，为中日正常交流创造必要条件。,林剑
t20260507_11906358.html,委内瑞拉南方电视台记者,本周，美国非法轰炸并入侵委内瑞拉已满4个月。此次行动导致100多人死亡，对委民用和军事设施造成破坏，马杜罗总统夫妇目前仍被扣押在纽约。此后，委人民多次走上街头要求释放其领导人。中国政府对事态发展持何立场？,四个月前，美国悍然对委内瑞拉实施军事打击，并强行控制马杜罗总统夫妇，这种霸权行径严重违反国际法、侵犯委内瑞拉主权、威胁拉美和加勒比地区和平稳定，中方坚决反对。我们将一如既往支持委内瑞拉维护自身主权、尊严和合法权利。,林剑
t20260507_11906358.html,法新社记者,王毅外长和美国参议员戴安斯今天在北京会谈。中方是否就美国和伊朗达成持久和平协议提出任何建议？昨天王毅外长与伊朗外长会谈时表示伊朗有和平利用核能的权利，在今天的会谈中中方是否重申此事？中方是否敦促美方从霍尔木兹海峡撤回军舰？是否对下周特朗普总统访华提出期待？,关于王毅外长会见美国参议员戴安斯先生，我们会发布相关消息稿，请你继续保持关注。,林剑
t20260507_11906358.html,埃菲社记者,巴拉圭总统圣地亚哥·培尼亚正率商界代表团访问台湾，重申加强双方关系发展。中方对此有何回应？,一个中国原则是国际关系基本准则和国际社会普遍共识。世界上已有183个国家在此原则基础上与中国建立外交关系。我们奉劝巴拉圭当局早日站到历史正确一边，作出承认一个中国原则、同台湾当局断绝所谓“外交关系”的正确抉择。,林剑
t20260507_11906358.html,中阿卫视记者,据报道，近期阿联酋富查伊拉石油工业区等设施以及试图通过霍尔木兹海峡的油轮等相继受到伊朗袭击。中方如何看待此事？,中方对阿联酋遭受袭击深表关切，对加剧地区局势紧张的行为坚决反对。中方始终认为，中东海湾国家主权、安全和领土完整应当得到切实尊重，平民和非军事目标应当得到保护。当务之急是立即、全面停火止战，防止战火进一步蔓延。,林剑
t20260507_11906358.html,委内瑞拉南方电视台记者,近期，美国宣布了一系列新措施，扩大对古巴的制裁，进一步收紧经济限制，将目标对准古巴经济关键领域。这些行动是美国长期以来对古巴人民实施胁迫和集体惩罚的延续，目标是引发政权更迭。中国如何评价针对古巴的新一轮制裁？,对于美方出台有关行政令，中方日前已表明立场。我愿重申，美国不断升级对古巴的非法单边制裁，严重侵犯古巴人民生存权、发展权，严重违反国际关系基本准则。中方坚定支持古巴维护国家主权和安全，坚决反对干涉古巴内政，敦促美方立即终止对古巴的封锁制裁和任何形式的胁迫施压。,林剑
t20260507_11906358.html,中阿卫视记者,法国国民议会6日以141票赞成、0票反对的投票结果，审议通过一项旨在简化非法所获他国文物归还程序的法律草案。请问中方对此有何看法？是否与法方协商追索文物？是否会向其他持有中国文物的国家进行追索？,我们注意到有关报道。中方赞赏法方推动流失文物返还原属国的责任担当，期待法案能够早日完成立法程序，也期待与法国在此领域开展合作。中法在防止文物走私、促进流失文物返还领域有多次成功合作实践。我们愿同包括法方在内的有关各方一道，继续通过对话合作推动流失文物保护与返还，促进各国民心相通和文明交流互鉴。,林剑
t20260507_11906358.html,澎湃新闻记者,日本近期全国范围内爆发的示威活动吸引了公众广泛关注。日本全国各地有数以万计的人参与抗议活动，仅东京一地就有约5万人聚集在一起，反对政府计划修改和平宪法涉及宣布放弃战争的第九条。在此背景下，中国政府如何看待日本国内这些事态的发展，尤其是公众对修宪的反对态度？,我们注意到日本国内有关动向，越来越多的日本民众发声抗议高市政府修宪企图，这反映出日本右翼势力推动修宪、加速“再军事化”不得人心，已引起包括日本民众在内全世界爱好和平人民的高度警惕和强烈反对。,林剑
t20260507_11906358.html,委内瑞拉南方电视台记者,今年是中巴文化年。巴西文化部长梅内塞斯近期访华以加强双边文化关系，文旅部长孙业礼与其正式会晤。目前，两国正在文化年框架下开展一系列活动，包括艺术家与文化机构开展的交流。中国政府如何看待文化外交在深化中巴关系方面发挥的作用？中方对中巴文化年有何期待？,在2026“中巴文化年”框架下，一系列丰富多彩的文化活动正在两国举办。正如中巴文化年标识所示，当牡丹花遇上黄花风铃木，汇聚的是中巴两国人民相知相亲，迸发的是中巴命运共同体蓬勃活力。中方愿同巴方一道，以办好两国文化年为契机，共同推进中巴关系发展和人类文明交流互鉴。,林剑
t20260507_11906358.html,朝日新闻记者,目前日中之间的交流变得越来越少，中国是否希望恢复中日之间的人员往来？,我刚才已经明确指出，中日关系当前面临严重困难，根源在于日本首相高市早苗发表的错误涉台言论，责任完全在日方。日方如果真心想改善中日关系，就应恪守中日四个政治文件和所作承诺，撤回错误言论，以实际行动维护中日关系政治基础，为中日正常交流交往创造必要条件。,林剑
t20260507_11906358.html,路透社记者,《华尔街日报》报道称，中美正考虑在下周两国元首会晤期间启动关于人工智能的正式讨论。美方牵头人是财长贝森特。中方将由谁牵头？,中美双方就特朗普总统访华事保持着沟通。关于你提到的具体问题，我目前没有可以提供的信息。,林剑
t20260508_11907163.html,总台央视记者,在东京审判开庭80周年纪念日之际，《远东国际军事法庭庭审记录·全译本》在中国首发，有关庭审记录是东京审判的核心历史文献，完整记载了法庭长达两年多的全部审理过程。参与东京审判的美国副检察官萨顿的亲笔日记也首次披露。请问中方对此有何评论？,东京审判历经818次开庭，419名证人出庭，证据总数4336件，英文庭审记录近5万页，揭露日本军国主义在亚洲多国犯下的战争暴行，判定日本军国主义发动侵略战争，把法西斯战犯永远钉在人类历史的耻辱柱上。庭审记录全译本的出版和萨顿日记的披露再次说明，日本军国主义侵略罪行罄竹难书、铁证如山。,林剑
t20260508_11907163.html,英国广播公司记者,昨天两名英国籍香港公民被判有罪，罪名是为中国情报机构工作，从事间谍活动。中方对此有何回应？,中方已多次就有关案件表明原则立场。英方以“莫须有”罪名抓捕和起诉在英中国公民，滥用法律、操弄司法程序定罪，公然为反中乱港分子站台，对中方进行无理指控和污蔑抹黑，是典型的政治闹剧。中方对此予以强烈谴责和坚决反对，已向英方提出严正交涉。,林剑
t20260508_11907163.html,挪威国家广播电视台记者,昨天，挪威警方逮捕了一名中国籍女子，她被指控从事间谍活动。中方对此有何回应？,我不了解你提到的具体情况。中方坚决反对任何对中方的无端指责和恶意抹黑。相信挪威方面将切实保障中国公民合法权益。,林剑
t20260508_11907163.html,中阿卫视记者,中方如何评价伊朗外长阿拉格齐在当前时机访华的重要性？特别是在地区局势紧张和美国施压背景下，同时又临近美国总统特朗普即将访华之际。,当前海湾和中东局势正处于战和转换的关键节点。中方同包括伊朗在内的各方保持沟通，出发点很明确，就是缓局降温、止战促和。中方将继续秉持习近平主席四点主张精神，以支持中东地区国家构建“四个共同家园”为目标，为启动和谈继续提供助力，为恢复中东地区和平安宁发挥更大作用。,林剑
t20260508_11907163.html,深圳卫视记者,日前，美国《时代》周刊发布了“2026年最具影响力的10家人工智能公司”榜单，中国有3家企业入选。有观点称这充分体现了中国AI产业和技术发展的成就。发言人对此有何回应？,在许多人工智能相关评选中，中国企业和产品都榜上有名，包括多款消费级AI应用和自主研发的开源大模型。相信在座各位记者朋友们也都使用过。中国在AI的规模应用、全栈布局和开源生态方面具有优势，这是科技自主创新与发展进步的直接体现。,林剑
t20260508_11907163.html,总台CGTN记者,我们注意到，近期一些西方媒体和智库炒作“中国冲击2.0”，称中国在新能源、人工智能等高技术领域快速发展，并依赖国外市场吸收过剩产能，挤占发达国家市场份额，对全球经济造成比传统制造业时代“更严重的冲击”。同时也有外媒评论称，有关论调忽视中国工业生态体系正在发生的真实创新，中国出口恰恰是全球经济在动荡前行中所需的助推力，比以往更加不可或缺。发言人对此有何评论？,从“世界工厂”到“世界市场”和“创新高地”，中国发展靠的是创新驱动的真本事，给世界带来的是实实在在的合作机遇与空间。以传统“老三样”为代表的中国优质产品，稳定了全球产供链，降低了各国消费者生活成本，缓解了世界通胀压力。以“新三样”为代表的中国绿色产能，弥补了全球绿色发展的供需缺口，促进了世界能源转型和低碳发展。以“新新三样”为代表的中国高科技产品，打破了高端技术的壁垒与垄断，让更多国家民众用得上、用得起新兴技术。,林剑
t20260508_11907163.html,路透社记者,据财新报道，周一，一艘大型中国成品油船在霍尔木兹海峡入口附近遇袭。据报道，该船船身标有“中国船东及船员”字样，甲板起火。中方能否分享更多信息？中方正采取哪些行动确保在该地区运营的中国船只和船员安全？,根据目前掌握的情况，相关遇袭船只系马绍尔群岛籍，船上有中国籍船员。截至目前，该船只未报告有船员伤亡的情况。霍尔木兹海峡是用于国际航行的海峡，中方对大量船只和船员受战事影响被困海峡深表关切，认为尽早恢复海峡通行畅通、维护民用船只和船员安全，符合地区国家和国际社会共同利益。中方呼吁各方采取切实举措，避免海峡局势恶化。中方愿同国际社会一道，为止战促谈、推动海峡局势降温继续作出努力。,林剑
t20260508_11907163.html,日本广播协会记者,美国总统特朗普日前表示，中美首脑会晤会按计划举行。中方预计将在何时正式发布相关消息？中方对本次首脑会晤有何期待？双方会重点讨论哪些议题？,中美双方就特朗普总统访华事保持着沟通。我目前没有可以进一步提供的信息。,林剑
t20260508_11907163.html,中阿卫视记者,美国、以色列、伊朗战事发生以来，中方同伊朗、美国及域内外其他有关国家密切沟通。日前，伊朗外长阿拉格齐访华。请问中方同以色列有没有高层级沟通和交往？如有，能否介绍相关情况？,当前中东局势处于战和转换的关键阶段，中方同包括以色列在内的有关各方保持不同层级的沟通和交往，包括你所说的高层级。中方支持各方通过政治外交途径化解矛盾和争端，实现全面、持久停火止战，维护中东和海湾地区和平稳定。中方愿根据习近平主席提出的关于维护和促进中东地区和平稳定的四点主张精神，同国际社会一道，继续为此发挥积极和建设性作用。,林剑
t20260508_11907163.html,《北京日报》记者,据报道，欧盟中国商会和毕马威会计师事务所发布联合报告称，欧盟正推进出台《网络安全法》，禁止中国企业参与欧关键基础设施建设。该法案并要求在未来五年中拆除和替换大量中国硬件等，总耗资将超过3678亿欧元。中方对此有何评论？,日前，中方主管部门就欧盟《网络安全法》修订案等向欧方提交了评估意见，表达了中方严正关切和正式立场，希望欧方认真对待。中方正密切关注欧方有关立法动向，愿与欧方就此进行对话沟通。希望欧方全面、客观、积极看待中欧经贸关系，遵守世贸组织规则和市场原则，停止损人不利己的做法。如欧方执意成法，歧视性对待中国企业，中方将采取坚决措施，维护中国企业合法权益。,林剑
t20260508_11907163.html,彭博社记者,洪都拉斯新任总统称，政府需重新审查其前任与中国达成的协议。他并称，华为设备也在审查之列，洪正同美方就使用思科技术进行讨论。外交部对此有何评论？,相关报道移花接木、挑拨是非，与事实不符，严重违背新闻职业道德。我要强调的是，世界上只有一个中国，台湾是中国领土不可分割的一部分，中华人民共和国政府是代表全中国的唯一合法政府。一个中国原则是国际社会普遍共识和国际关系基本准则，也是中洪发展关系、开展合作的政治基础和前提条件，容不得半点含糊。中洪建交以来，双方本着相互尊重、平等协商的原则开展各领域务实合作，互利双赢、成果显著，造福两国人民，也得到两国人民的广泛拥护。事实证明，坚持一个中国原则是顺应历史发展大势、契合时代进步潮流的正确决定，符合洪都拉斯国家和人民根本利益。“台独”势力妄图分裂国家，不得人心，注定是绝路死路。,林剑
t20260508_11907163.html,总台国广记者,俄罗斯将于5月9日在莫斯科举行胜利日阅兵式，克里姆林宫此前宣布将有外国宾客出席此次阅兵式。能否提供有关今年中国将派谁代表出席的相关信息？,据我了解，中国驻俄罗斯使馆代表将应邀出席。,林剑
t20260508_11907163.html,路透社记者,追问有关遇袭油轮的问题。中国是否关切此事？是否掌握关于事件如何发生的更多细节？是否已向伊朗提及此事？与伊方讨论的结果如何？,我刚才已经提到，中方对大量船只和船员受战事影响被困霍尔木兹海峡深表关切。我们认为尽早恢复海峡通行畅通、维护民用船只和船员安全，符合地区国家和国际社会共同利益。中方也将继续同国际社会一道，为止战促谈、推动海峡局势降温作出努力。 我昨天回答过这个问题。我愿重申，一个中国原则是国际关系基本准则和国际社会普遍共识。世界上已有183个国家在此原则基础上与中国建立外交关系。我们奉劝巴拉圭当局早日站到历史正确一边，作出承认一个中国原则、同台湾当局断绝所谓“外交关系”的正确抉择。,林剑
t20260511_11908352.html,总台央视记者,中方已经发布美国总统特朗普来华进行国事访问的消息。能否进一步介绍此访具体安排和中方期待？,应国家主席习近平邀请，特朗普总统即将对中国进行国事访问。这是中美两国元首继去年10月釜山之后再次面对面会晤，也是美国总统时隔9年再次访华。习近平主席将同特朗普总统就事关中美关系以及世界和平与发展的重大问题深入交换意见。,郭嘉昆
t20260511_11908352.html,凤凰卫视记者,据了解，第79届世界卫生大会将于5月18日开幕，台湾方面迄今没有收到与会邀请。请问中国政府对此有何评论？,世界上只有一个中国，台湾是中国领土不可分割的一部分，中华人民共和国政府是代表全中国的唯一合法政府。在中国台湾地区参与国际组织，包括世界卫生组织活动问题上，中方立场是一贯的、明确的，即必须按照一个中国原则来处理，这也是联合国大会第2758号决议和世界卫生大会25.1号决议确认的根本原则。,郭嘉昆
t20260511_11908352.html,乌通社记者,俄罗斯总统助理乌沙科夫上周表示，在乌克兰从顿巴斯地区撤军前，美俄乌三方谈判毫无意义。中乌双方不断呼吁通过谈判解决冲突，中方如何评论俄方拒绝谈判的表态？,中方在乌克兰问题上的立场是一贯的、明确的。,郭嘉昆
t20260511_11908352.html,法新社记者,中美将在韩国首尔举行新一轮经贸磋商，外交部能否介绍更多细节？双方将就特朗普总统访华准备工作讨论哪些问题？,中方主管部门已就此发布了消息。具体情况建议向其进行询问。,郭嘉昆
t20260511_11908352.html,法新社记者,美国国务院上周五以涉嫌为伊朗相关军事行动提供便利为由，对三家中国企业实施制裁，称其向伊方提供卫星图像，助伊对美发动袭击。在特朗普总统本周访华背景下，中方对美方此次制裁有何评论？,中方坚决反对没有国际法依据、未经联合国安理会授权的非法单边制裁。我们一贯要求中国企业依法依规开展业务，将坚定维护本国企业的正当权益。,郭嘉昆
t20260511_11908352.html,印尼安塔拉通讯社记者,东盟峰会于上周闭幕，会议呼吁制定具有法律约束力的“南海行为准则”，该准则需符合包括《联合国海洋法公约》在内的国际法。菲律宾总统马科斯在新闻发布会上表示，“准则”将在年内达成。外交部对此有何评论？,制定“南海行为准则”是落实《南海各方行为宣言》的重要举措，也是中国和东盟国家的重要共识，有利于各方更好管控分歧，促进合作，维护南海和平稳定。目前中方正同东盟国家就“准则”案文保持密切磋商，希望各方坚定目标，聚焦共识，排除干扰，争取早日达成“准则”。,郭嘉昆
t20260511_11908352.html,新华社记者,俄罗斯总统普京在“5·9”胜利日庆典结束后的记者会上表示，俄中战略协作已成为遏制冲突、维护全球战略稳定的关键支柱。中方对此有何评论？,中俄是新时代全面战略协作伙伴。近年来，在习近平主席和普京总统的战略引领下，中俄关系保持高水平发展，为变乱交织的世界注入强大稳定性。,郭嘉昆
t20260511_11908352.html,彭博社记者,据报道，特朗普总统拟就中国对伊朗政策向中方施压。外交部对此有何评论？,关于伊朗局势，中方立场是一贯的，将继续为停火止战、劝和促谈发挥积极作用。,郭嘉昆
t20260512_11909048.html,《环球时报》记者,据报道，巴拉圭总统培尼亚5月7日至10日窜台，8日在台北与赖清德举行会晤并签署多份“合作协议”。培妄称支持台“参与国际多边体系”，“国际社会应承认台湾”“台方不需要担心‘邦谊’生变”。“台巴友谊”体现在为巴拉圭人民带来的具体项目、投资和机遇中。中方对此有何评论？,中方坚决反对、强烈谴责巴方有关行径。世界上只有一个中国，台湾是中国领土不可分割的一部分，一个中国原则是国际关系基本准则和国际社会普遍共识。长期以来，巴拉圭各界朋友不断发出发展对华关系的强烈呼声，根据巴拉圭国内民调显示，近九成巴拉圭民众支持中巴建交，这充分说明同中国建交符合巴拉圭人民根本和长远利益，与台湾当局沆瀣一气不得人心。巴方有关政治人物不仅对此充耳不闻，还冒天下之大不韪公然窜台为赖清德之流站台，甘当“台独”分裂势力的棋子，其究竟是为了巴拉圭人民的利益还是另有所图，相信明眼人都能看清。,郭嘉昆
t20260512_11909048.html,法新社记者,本周一，美国财政部以涉嫌自伊朗购买石油为由，对12家与伊朗有关联的个人和实体实施制裁，其中包括4家香港企业。中方对此有何回应？,中方坚决反对没有国际法依据、未经联合国安理会授权的非法单边制裁，将坚定维护本国企业的正当合法权益。,郭嘉昆
t20260512_11909048.html,路透社记者,美国总统特朗普昨日表示，将同中方讨论美对台军售和黎智英案。中方是否准备同美方讨论上述议题？,特朗普总统访华期间，两国元首将就事关中美关系以及世界和平与发展的重大问题深入交换意见。,郭嘉昆
t20260512_11909048.html,路透社记者,美国上周五宣布对涉嫌向伊朗军工产业提供支持的企业实施制裁。随后美财政部昨日又以帮助将伊朗石油运往中国为由对相关企业实施制裁。美方这两轮制裁涉及中国内地和香港的实体。考虑到特朗普总统本周即将访华，中方对美方制裁有何回应？会否采取报复性措施？,我刚才已经回答了相关问题。我们坚决反对没有国际法依据、未经联合国安理会授权的非法单边制裁，将采取坚定措施维护本国企业和公民的正当权益。对于伊朗战事，当务之急是全力避免战端重启，而不是恶意关联、抹黑中国。,郭嘉昆
t20260512_11909048.html,路透社记者,本社从消息人士处获悉，白宫正寻求中方就购买美国大豆及其他农产品作出更大规模承诺。市场预计中国将购买更多谷物和肉类，但购买大豆的规模不会超过此前承诺。外交部对此有何评论？,中美经贸关系的本质是互利共赢。双方应该共同落实好两国元首达成的重要共识，为中美经贸合作与世界经济注入更多稳定性。具体问题建议向中方主管部门询问。,郭嘉昆
t20260512_11909048.html,深圳卫视记者,日本首相高市早苗去年11月发表涉台言论至今，始终拒绝撤回。我们注意到，中方持续加大对日本“新型军国主义”的批评。与此同时，高市早苗和日本各层级官员一方面密集访问多个国家，解释日方“和平”立场。另一方面放宽出口杀伤性武器，放风推进修改和平宪法、修订安保三文件。而第三方国家似乎并不愿在中日之间选边站队，倾向于置身事外。请问中方如何看待相关国家的这种“中立态度”？,日本军国主义曾给亚太人民带来深重灾难。亚太各国当前的繁荣发展，得益于二战后国际秩序奠定的和平基础。不容忽视的现实是，日本右翼势力正在以实际的路线和行动加速破坏这一秩序、瓦解这一基础。日本“再军事化”这头“灰犀牛”正奔袭而来。很多国际专家学者和媒体都指出日本已经抛弃和平主义，正在经历战后最危险的军事安全政策转向，威胁地区和世界和平稳定。历史不能忘记，现实更不能无视，亚太各国应擦亮眼睛，共同抵制日本“新型军国主义”的妄动，共同维护赖以生存与发展的和平秩序。,郭嘉昆
t20260512_11909048.html,中阿卫视记者,以色列总理内塔尼亚胡在接受采访时表示，中国向伊朗提供了一定的支持，包括导弹零部件，他对此并不喜欢。请问中方对此有何评论？,中方已经多次表明立场。作为负责任大国，中国一贯严格履行应尽的国际义务，致力于止战促和，推动局势降温。我们反对没有事实依据的无端指责。,郭嘉昆
t20260512_11909048.html,法新社记者,如果特朗普总统在本周同中国领导人的会谈中要求释放黎智英，中方是否会考虑？,黎智英是反中乱港事件的主要策划者和参与者。香港事务属于中国内政，中国中央政府坚定支持香港司法机关依法履职尽责。,郭嘉昆
t20260513_11909783.html,《中国日报》记者,去年5月13日，习近平主席出席中拉论坛第四届部长级会议开幕式并发表重要讲话，宣布中拉携手启动共建命运共同体团结、发展、文明、和平、民心五大工程。去年12月，中方发布第三份对拉政策文件，提出推进五大工程落地见效的具体政策主张。请问发言人能否介绍一年来五大工程取得了哪些进展？,习近平主席宣布中拉携手启动共建命运共同体五大工程后，中拉各领域合作取得积极进展，给双方人民带来了实实在在的福祉。,郭嘉昆
t20260513_11909783.html,法新社记者,中美代表团今天在韩国举行新一轮经贸磋商，同时特朗普总统即将抵华访问。外交部能否介绍此次磋商的具体情况？,关于中美经贸磋商的相关情况，建议向中方主管部门进行询问。,郭嘉昆
t20260513_11909783.html,总台CGTN记者,自从高市政府宣布推动修宪以来，日本各界出现大量反对声音，甚至出现几十年来规模最大的反战抗议活动。“恐惧”“担忧”“警惕”“愤怒”成为受访民众的高频词。媒体评论称，修改宪法第9条将撼动日本“和平国家”的自我认同，引发社会撕裂。发言人对此有何评论？,历史是一面镜子。20世纪上半叶，日本民众亲眼目睹自己的国家一步步走向军国主义、沦为战争机器，饱尝战争恶果，最懂得日本承诺永不再战的意义。如今，高市政府却企图抛弃和平主义，背弃战后国际社会接纳日本的根本前提，撕毁日本民众世代珍视的“和平国家”共识。,郭嘉昆
t20260513_11909783.html,法新社记者,特朗普在来华飞机上表示，将向中国领导人提出让中方对随团访问的美企保持“开放”，随行美企高管来自英伟达、波音等。中方对此有何评论？,元首外交对中美关系具有不可替代的战略引领作用。中方欢迎特朗普总统对中国进行国事访问。访问期间，两国元首将就事关中美关系以及世界和平与发展的重大问题深入交换意见。中方愿同美方一道，秉持平等、尊重、互惠的精神，扩大合作，管控分歧，为变乱交织的世界注入更多的稳定性和确定性。,郭嘉昆
t20260513_11909783.html,巴西劳动者电视台记者,中方本周表示，中美两国元首将就事关世界和平与发展的重大问题深入交换意见。中国外交部也呼吁美方立即停止对古巴的封锁和胁迫，认为美侵犯古巴人民的生存权、发展权，美对古巴进行军事干预的可能性仍未排除。此外，委内瑞拉总统马杜罗在美国被扣押逾4个月，中方强烈谴责美方强行控制马杜罗及其夫人的行为。中方会否在特朗普访华期间向其提出这些议题？,正如我刚才所说，特朗普总统访华期间，两国元首将就事关中美关系以及世界和平与发展的重大问题深入交换意见。中方在古巴和委内瑞拉问题上的立场是一贯的、明确的，没有改变。,郭嘉昆
t20260513_11909783.html,凤凰卫视记者,据报道，赖清德以预录视频方式，参加丹麦非政府组织举办的2026年“哥本哈根民主峰会”并发言，称台湾人民有权利与世界进行交流，也不会因为面对外部压力退缩，并称台湾是“主权独立国家”。请问外交部对此有何评论？,所谓“哥本哈根民主峰会”充满意识形态偏见，执意邀请“台独”分子大放厥词，严重违反一个中国原则，我们对此坚决反对。中方敦促有关方面切实恪守一个中国原则，不为“台独”势力提供舞台。,郭嘉昆
t20260514_11910530.html,沙特东方电视台记者,中美元首会晤是否谈及中东局势？在伊朗局势和霍尔木兹海峡重开问题上有何进展？（《纽约时报》亦问及）,今天上午习近平主席同特朗普总统举行会谈，两国元首就中东局势等重大国际和地区问题交换了意见，中方已经发布了有关消息，你可以查阅。关于霍尔木兹海峡问题，中方的立场是一贯的、明确的。,郭嘉昆
t20260514_11910530.html,《纽约时报》记者,中美是否就美对华出口牛肉达成采购协议？,在上午的中美元首会谈中，习近平主席指出，双方要拓展经贸、农业等领域交流合作。中方已经发布了消息，你可以查阅。,郭嘉昆
t20260514_11910530.html,澎湃新闻记者,中方将于今年5月18日至19日在上海举办亚太经合组织（APEC）第二次高官会。目前会期临近，能否进一步介绍会议筹备情况？有何预期成果？,APEC高官会是为领导人会议准备成果的主渠道，每年举办四到五次。作为2026年APEC东道主，中方将于5月18日至19日在上海举办APEC第二次高官会。本次会议将对今年APEC合作进行年中盘点，汇聚早期收获，为下半年各场活动和领导人会议成果做好铺垫。,郭嘉昆
t20260514_11910530.html,路透社记者,关于中美元首会晤，习近平主席指出，将构建“中美建设性战略稳定关系”作为中美关系新定位，为未来3年乃至更长时间的中美关系提供战略指引。发言人能否作进一步介绍？此外，习近平主席还表示，台湾问题处理不好，中美关系将被推向十分危险的境地。这是在警告美方可能会爆发战争吗？,关于第一个问题，今天上午，习近平主席同特朗普总统举行会谈，双方将构建“中美建设性战略稳定关系”作为中美关系新定位，为未来3年乃至更长时间的中美关系提供战略指引。“建设性战略稳定”应该是合作为主的积极稳定、竞争有度的良性稳定、分歧可控的常态稳定、和平可期的持久稳定。中方愿同美方一道，将中美关系新定位转化为相向而行的行动，共同推动中美关系稳定、健康、可持续发展。,郭嘉昆
t20260514_11910530.html,《纽约时报》记者,中美元首会晤是否谈及美对台军售问题？,中方反对美国向中国台湾地区出售武器的立场是一贯、明确的。,郭嘉昆
t20260514_11910530.html,俄新社记者,此前，俄罗斯宣布成功试射“萨尔马特”洲际弹道导弹。普京总统指出，“萨尔马特”的特性使其能够突破所有现有和未来可能出现的反导防御系统。外交部对此有何评论？,我们注意到有关报道。,郭嘉昆
t20260514_11910530.html,法新社记者,美国国务卿鲁比奥随特朗普总统访华，今天上午还参加了同习近平主席的会谈。鲁比奥在2020年担任参议员期间，因批评中国人权状况被中方制裁。中方对鲁比奥的制裁是否已经解除？中方如何看待鲁比奥随团访华？,中方有关制裁措施是针对鲁比奥先生担任联邦参议员期间的涉华言行。,郭嘉昆
t20260514_11910530.html,巴西《环球报》记者,在印度新德里举行的金砖国家外长会截至目前未能达成联合声明，中方期待会议达成什么成果？中方为何没有派高级别代表赴印参会？此外，伊朗外长也出席了金砖国家外长会，中方期待金砖在应对当前危机方面发挥什么作用？（《印度教徒报》亦问及）,由于日程原因，中国驻印度大使徐飞洪代表王毅外长出席此次金砖国家外长会。,郭嘉昆
t20260514_11910530.html,《纽约时报》记者,在中美元首会晤中，埃里克·特朗普发挥了什么作用？,关于两国元首会谈的情况，中方已经发布了消息。至于美方随行人员的情况，建议你向美方了解。,郭嘉昆
t20260515_11911293.html,深圳卫视记者,据报道，5月15日所罗门群岛反对党领袖威尔当选所新任总理。中方对此有何评论？对中所关系有何期待？,中方祝贺威尔先生当选所罗门群岛总理。中方愿同所罗门群岛新一届政府携手拓展两国各领域务实合作，持续深化中所相互尊重、共同发展的全面战略伙伴关系，推动构建新时代中所命运共同体取得新的进展。,郭嘉昆
t20260515_11911293.html,《纽约时报》记者,特朗普总统表示，中方同意购买200架波音飞机。中方对此持何立场？,中美经贸关系的本质是互利共赢。双方应共同落实好两国元首达成的重要共识，为中美经贸合作与世界经济注入更多稳定性。,郭嘉昆
t20260515_11911293.html,朝日电视台记者,此次中美元首会谈是否在人工智能合作方面取得成果？中国今后将如何同美国开展人工智能领域合作？,中方始终主张各方共同推动人工智能开放、包容、普惠、向善发展。,郭嘉昆
t20260515_11911293.html,总台央视记者,据报道，近日巴哈马举行大选，现任总理、进步自由党领袖戴维斯获得连任。请问中方对此有何评论？,中方对戴维斯总理成功连任表示祝贺。巴哈马是中国在加勒比地区的重要合作伙伴，中巴关系持续稳定发展。中方愿与巴方共同努力，不断增进政治互信，加强两国各领域互利友好合作，更好造福两国人民。,郭嘉昆
t20260515_11911293.html,路透社记者,据消息人士透露，英国外交大臣库珀将访华。外交部能否证实？中方对此访有何期待？,中英同为联合国安理会常任理事国和世界主要经济体，发展长期稳定的全面战略伙伴关系是两国领导人达成的重要共识。中方愿同英方保持密切交往和对话，共同推动友好交流和互利合作持续发展。关于你提到的访问，目前我们没有可以提供的信息。,郭嘉昆
t20260515_11911293.html,《纽约时报》记者,特朗普总统访华期间，中美是否就加强农业领域合作达成协议？,访问期间，中美双方就保持经贸关系稳定、拓展各领域务实合作、妥善解决彼此关切达成重要共识。中方愿同美方一道，落实好两国元首重要共识，本着平等、尊重、互惠原则，不断拉长合作清单，实现互利共赢。,郭嘉昆
t20260515_11911293.html,法新社记者,中美元首会晤期间，中方是否同意将购买更多美国石油？,中方愿同各方共同维护全球能源安全和产供链稳定，当务之急是推动海湾和中东地区恢复和平稳定。,郭嘉昆
t20260515_11911293.html,路透社记者,特朗普总统亲切称中国领导人为“朋友”，引发全球媒体关注。中美元首将于今年再次会面，中方如何描述两国元首间的关系？,元首外交对中美关系具有不可替代的战略引领作用。两国元首保持良好的沟通互动，有利于引领中美关系稳定、健康、可持续发展。中美双方就两国元首年内互动安排保持着沟通。,郭嘉昆
t20260515_11911293.html,日本广播协会记者,发言人能否证实俄罗斯总统普京将访华？,中俄双方一直就筹备两国元首会晤保持着密切沟通，将适时发布消息。,郭嘉昆
t20260515_11911293.html,《北京日报》记者,据报道，纽埃议会5月14日选举现任总理塔格拉吉为新任总理。中方对此有何评论？对中纽关系有何期待？,中方对塔格拉吉总理成功连任表示祝贺。中方高度重视中纽关系发展，愿同纽埃新一届政府共同努力，增进政治互信，拓展交流合作，推动两国相互尊重、共同发展的全面战略伙伴关系迈上新台阶，更好惠及两国人民。,郭嘉昆
t20260515_11911293.html,《纽约时报》记者,中美双方是否就稀土供应达成了新共识？,关于中美元首会晤的情况，中方已经发布了消息。中方一贯致力于维护全球产供链稳定与安全。,郭嘉昆
t20260515_11911293.html,彭博社记者,特朗普总统在社交媒体发帖表示，中国领导人似乎将美视作“衰落国家”，这指的是拜登及其他总统执政时期，而非特朗普政府时期。中方是否认为现在的美国是“衰落国家”？,特朗普总统希望让美国再次伟大，带领美国人民取得了重要发展成就。习近平主席带领中国人民致力于实现中华民族伟大复兴。中美双方可以通过加强合作，促进各自的发展振兴。,郭嘉昆
t20260515_11911293.html,法新社记者,白宫方面表示，此次中美元首会晤期间，中方已同意帮助重开霍尔木兹海峡。请问中方能否证实？,中方在伊朗局势上的立场十分明确。这场战事已对包括伊朗在内的地区各国人民造成严重损失，外溢影响还在持续扩大，严重冲击世界经济发展、产供链畅通、国际贸易秩序和全球能源供应稳定，损害国际社会共同利益。这场本不该发生的战事没有任何进行下去的必要，早一点找到解决出路，对美伊双方有利，也对地区各国乃至整个世界有利。,郭嘉昆
t20260515_11911293.html,《纽约时报》记者,中美元首会晤是否谈及美对华半导体出口管制问题？,中方已多次表明在美输华芯片问题上的原则立场。,郭嘉昆
t20260515_11911293.html,法新社记者,中美元首会晤是否谈及人权问题？是否谈及释放黎智英等？,关于中美元首会晤，中方已发布了消息。关于黎智英案，中方此前已经多次阐明立场。黎智英是反中乱港事件的主要策划者和参与者。香港事务属于中国内政，中国中央政府坚定支持香港司法机关依法履职尽责。,郭嘉昆
t20260515_11911293.html,《纽约时报》记者,海关总署网站昨天早上更新的消息显示，600家美国肉类加工厂获准对华出口牛肉，但在昨天晚上约400家美国肉类加工厂输华资质失效。中方对此有何回应？,在访问中，中美双方就保持经贸关系稳定达成重要共识。我们愿同美方一道，落实好两国元首重要共识，本着平等、尊重、互惠原则，不断拉长合作清单，实现互利共赢。具体问题建议向中方主管部门询问。,郭嘉昆
t20260518_11912522.html,中新社记者,中方前天发布了普京总统将对中国进行国事访问的消息，能否具体介绍此访有关安排？中方对普京总统此访有什么期待？中方如何评价当前中俄关系？,这将是普京总统第25次到访中国。访问期间，两国元首将就双边关系、各领域合作以及共同关心的国际地区问题交换意见。,郭嘉昆
t20260518_11912522.html,中阿卫视记者,在美国总统特朗普回国途中，日本首相高市早苗迫不及待与其通电话，以重申同盟关系的重要性。日本将收集中美互动的相关信息，包括可能对日本产生的影响，并作出妥善应对。请问发言人对此如何评论？,特朗普总统访华期间，两国元首就共同关心的地区问题深入交换意见。80多年前，中国、美国等同盟国并肩作战，携手击败日本军国主义和法西斯势力，缔造了二战后国际秩序，为亚太地区和平发展奠定了基础。当前，日本右翼势力妄图挑战这一秩序，动摇亚太和平基石，引起国际社会高度警惕。日方最应当做的是尽早纠正涉台错误言行，停止“再军事化”的狂飙突进，回到睦邻友好、和平发展的正道上来，以实际行动取信于亚洲邻国和国际社会。,郭嘉昆
t20260518_11912522.html,总台央视记者,白宫发布了特朗普总统访华的事实清单，介绍此访的有关成果，请问中方对此有何评论？,特朗普总统访华期间，两国元首同意将“中美建设性战略稳定关系”作为两国关系的新定位，就下阶段高层交往和外交、经贸、两军、执法等各领域对话合作作出规划，就共同关心的国际和地区热点问题深入交换意见。中方表明了在伊朗、朝鲜半岛核等问题上的一贯立场，要求美方正视有关各方的合理关切，坚持通过对话谈判和平解决问题。,郭嘉昆
t20260518_11912522.html,法新社记者,周日，挪威警察安全局以从事间谍活动为由逮捕了一名中国男子。几周前，一名中国女子也因类似嫌疑被捕。中方对此有何评论？,我不了解你提到的具体情况。中方坚决反对任何对中方的无理指责和恶意抹黑。相信挪威方面将切实保障中国公民的合法权益。,郭嘉昆
t20260518_11912522.html,总台华语环球节目中心记者,据报道，5月17日，美国白宫在中美元首会晤的事实清单中表示，两国元首确认了实现朝鲜无核化的共同目标。中方能否证实上述情况？（韩联社亦问及）,中方在半岛问题上的立场和政策保持连续性、稳定性，一贯以自己的方式为推动半岛问题政治解决进程发挥建设性作用。我们始终致力于推动有关方正视半岛问题的症结和根源，坚持政治解决大方向，为缓和紧张局势、维护地区和平稳定作出建设性努力。,郭嘉昆
t20260518_11912522.html,白俄罗斯国家广播电视公司记者,几天前，美国视频服务网站YouTube突然封禁白俄罗斯国际广播电台的数个频道，且未给出任何理由，这并非近几个月来该网站首次封禁白俄罗斯官方媒体。中方对此有何评论？,我不了解你提到的情况。中方将继续为白俄罗斯的媒体正常采访报道活动提供便利。,郭嘉昆
t20260518_11912522.html,新华社记者,首届“杰出外交使者奖章”颁授仪式今天上午在北京举行，王毅外长出席并致辞。发言人能否介绍外交部设立这一奖项有何考虑？,我们向八位“杰出外交使者奖章”获得者表示热烈祝贺！他们都是知华友华的好朋友，是双边关系的建设者、读懂中国的先行者、民心相通的引领者、互利共赢的实践者。设立这一奖项的初衷，就是希望表达中方的赞赏和感谢。,郭嘉昆
t20260518_11912522.html,路透社记者,有媒体报道林佳龙已抵达日内瓦，参与世卫大会同期举行的活动。中方是否已就台方此举同瑞士沟通？,我们此前已经阐明了中方严正立场。世界上只有一个中国，台湾是中国领土不可分割的一部分，中华人民共和国政府是代表全中国的唯一合法政府。世界卫生组织等国际组织处理涉台问题必须按照一个中国原则来处理，这也是联合国大会第2758号决议和世界卫生大会25.1号决议确认的根本原则。中方一贯坚决反对建交国同中国台湾地区开展任何形式的官方往来，坚决反对为“台独”分裂活动提供平台。台湾当局派人四处“蹭会”刷存在感，无异于跳梁小丑，只能是自取其辱，注定失败。,郭嘉昆
t20260518_11912522.html,深圳卫视记者,美国总统特朗普在15日播出的媒体专访中表示，美国对台政策没有改变，他不希望有人“独立”，不希望有人说“美国支持我们，所以我们独立吧”；美方无意寻求战争，希望两岸保持冷静。对此，台湾当局称，“中华民国”是“主权独立的民主国家”，将持续与美深化合作，确保台海安全稳定不受威胁破坏。发言人对此有何评论？,我们注意到特朗普总统的表态。台湾是中国领土不可分割的一部分，从来不是一个国家，今后也绝无可能。“台独”与台海和平水火不容。“倚外谋独”是死路一条，两岸统一才是光明大道。民进党当局应该认清大势，面对现实，悬崖勒马。,郭嘉昆
t20260518_11912522.html,法新社记者,上周日，台湾“领导人”赖清德要求美国继续向台出售武器，称台湾永远不会沦为交易的筹码。他还称美对台军售是维护区域和平稳定的要素。外交部对此有何评论？,中方坚决反对美国向中国台湾地区出售武器的立场是一贯的、明确的。,郭嘉昆
t20260518_11912522.html,凤凰卫视记者,据报道，5月17日晚，赖清德在社交媒体发文，回应美国总统特朗普在结束访华后有关美国不支持台湾走向“独立”的表态，赖妄称“台湾是台海及区域和平稳定现状的‘维护者’”，“中华民国台湾是一个主权独立的民主国家”，“没有‘台独’问题”。中方对此有何评论？,赖清德此番表演欲盖弥彰，再次暴露其顽固坚持推行“台独”分裂的本质和意图。,郭嘉昆
t20260518_11912522.html,日本广播协会记者,普京总统访华期间，双方是否会提及特朗普总统访华的情况？如果提及，将涉及哪些方面？,刚才我们已经介绍了普京总统访华的相关安排。访问期间，中俄两国元首将就双边关系、各领域合作以及共同关心的国际地区问题交换意见。我们会及时发布信息，请大家保持关注。,郭嘉昆
t20260518_11912522.html,法新社记者,周一，澳大利亚要求一家名为北方矿业的稀土公司的中国股东出售其股份，称此举是为了防止该行业受到外部影响。中方对此有何评论？,我不了解具体情况。我们想强调的是，中方一贯反对泛化国家安全概念，干扰正常投资活动。澳方应当切实尊重中国投资者的正当权益，为外国投资提供公正、透明、非歧视的营商环境。,郭嘉昆
t20260519_11913599.html,深圳卫视记者,近日，中俄友好、和平与发展委员会双方教育理事会面向两国18－35岁青年开展了“中俄青年友好与文化交流调查问卷”活动。日前，中国人民大学全球民意调查中心就此举行调查报告新闻发布会表示，逾八成中俄青年认为中俄关系友好。中方对此如何评价？,我们注意到有关报道。这份调查结果反映了两国友好民意，特别是青年一代希望进一步加强交流的积极意愿，也体现了中俄关系的高水平。俄罗斯总统普京将于今日开始对中国的国事访问。我们相信，在习近平主席和普京总统战略引领下，中俄世代友好将更加深入人心，两国青年也将携手汇聚青春力量，为中俄新时代全面战略协作伙伴关系注入活力。,郭嘉昆
t20260519_11913599.html,总台央视记者,据报道，中美两国元首会晤时，就人工智能监管问题进行了交流，同意开展对话合作。中方对此有何评论？,作为两个人工智能大国，中美双方应该携手促进人工智能发展和治理，推动人工智能更好服务人类文明进步和国际社会共同福祉。特朗普总统访华期间，两国元首就人工智能问题进行了建设性交流，同意开展人工智能政府间对话。,郭嘉昆
t20260519_11913599.html,中阿卫视记者,5月17日，一架无人机袭击了巴拉卡核电站相关配套基础设施，击中了主厂区外的一座变电站。中方对于针对和平核能设施的袭击行为持何种立场？特别是从国际法、民用基础设施保护以及国际公约规定的核安全义务角度，中方有何表态？（今日俄罗斯亦问及）,中方对阿联酋核电站相关设施遭受袭击深表关切，反对武装攻击和平核设施。中方始终认为，中东海湾各国主权、安全和领土完整都应得到切实尊重，平民和非军事目标应当得到保护。当务之急是立即、全面停火止战，防止战火进一步蔓延。,郭嘉昆
t20260519_11913599.html,《北京日报》记者,第79届世界卫生大会再次作出不将涉台提案列入大会议程的决定。这是世卫大会连续第10年拒绝所谓涉台提案。发言人有何进一步评论？,世界卫生大会连续第10年拒绝所谓涉台提案，充分表明国际社会支持一个中国原则的格局牢不可破，联大第2758号决议的权威不容置疑。十年十败，民进党当局固守“台独”分裂立场注定失败，这出谋“独”挑衅的政治闹剧可以休矣。中国终将实现完全统一，台湾必将回归祖国怀抱。,郭嘉昆
t20260519_11913599.html,法新社记者,昨天，乌克兰方面称一架俄罗斯无人机击中了一艘位于黑海的中国货轮。请问中方对此有何评论？,我们注意到有关报道。根据目前掌握的情况，相关船只系马绍尔群岛籍，船上有中国籍船员。中国驻乌克兰使馆已与中国船员取得联系，确认无人员伤亡。,郭嘉昆
t20260519_11913599.html,《环球时报》记者,今年是东京审判开庭80周年，也是纽伦堡审判结束80周年。同为二战战败国，日本和德国在执行审判结果、反省历史罪责、开展国民教育等方面的做法和效果却截然不同。近期德国上线纳粹历史查询工具，访问量达数百万次，再次引发反思纳粹罪行的讨论。而日本国内否定东京审判甚至企图翻案的声音甚嚣尘上。有日本民众感叹，自己可能是最后一批还记得东京审判的人了。中方对此如何看待？,面对正义的审判，有的国家真诚反思、公开道歉，全面清算法西斯，广泛开展反纳粹教育，形成严禁纳粹宣传、严惩否认历史罪责的法律体系，赢得了世界的尊重。而日本政府极力回避，淡化对殖民侵略表示反省和道歉的“村山谈话”“河野谈话”，纵容右翼势力公然美化战争罪行，妄图挑战东京审判定论，为侵略历史翻案。战败80多年来，日本没有彻底清算军国主义遗毒，而是将发动侵略战争的二战战犯供奉在靖国神社这个事实上的“战犯神社”，多任首相及政要前往参拜或供奉祭品、祭祀费。日本也没有在教科书中全面客观反映侵略历史、树立永不再战的导向，而是打造所谓“受害者”人设，宣扬错误二战史观。这些错误言行是在挑战二战胜利成果和战后国际秩序。,郭嘉昆
t20260519_11913599.html,《北京青年报》记者,据报道，18日，古巴国家主席迪亚斯—卡内尔在社交媒体发帖称，古巴面临来自美国这一超级大国的军事侵略威胁，而威胁本身已构成国际犯罪，若落实将引发流血冲突并破坏地区和平。古巴对包括美国在内的任何国家均无侵略意图，但遭受着美方多维侵略，拥有绝对合法的自卫权。同日，美国财政部将9名古巴官员和古巴情报机构列入新一轮制裁名单。中方对此有何评论？,中方一贯反对没有国际法依据的非法单边制裁，坚定支持古巴维护国家主权和安全，敦促美方立即停止对古巴的封锁和任何形式的胁迫施压，停止侵犯古巴人民的生存权、发展权。,郭嘉昆
t20260519_11913599.html,日本广播协会记者,上周美国总统特朗普访问了中国，本周俄罗斯总统也将访问中国。这种元首外交的时间安排有何考量？此外，中国希望通过这一系列的外交活动，向世界传递怎样的信息？,中方欢迎普京总统对华进行国事访问。中俄是新时代全面战略协作伙伴。普京总统此访期间，两国元首将就双边关系、各领域合作以及共同关心的国际地区问题交换意见。关于你提到的美国总统访问情况，中方已经发布了消息。,郭嘉昆
t20260519_11913599.html,澎湃新闻记者,据报道，今年以来中非合作取得积极进展，前4个月双边贸易同期首次突破8000亿元。非洲特色好物进入中国消费市场，中国优质产品也在赋能非洲发展建设。非洲多国人士将中非合作称为拉动非洲发展的“加速器”。也有媒体人士呼吁斯威士兰尽早与中国建交，不要一再错失发展机遇。请问发言人如何看待这一现象？,在中非合作论坛和共建“一带一路”框架下，中非全方位合作蓬勃发展，助力非洲各国工业化和农业现代化进程，也给非洲人民带来了实实在在的好处。今年5月1日起，中方对53个非洲建交国全面实施零关税，中国大市场向非洲敞开大门。我们真诚希望所有非洲国家都能成为中非合作“全家福”中的一员，搭乘中国发展快车，融入中非友好，实现中非共同现代化。,郭嘉昆
t20260519_11913599.html,彭博社记者,菲律宾总统马科斯称，菲律宾可能因为地理位置邻近而被迫卷入台海冲突。他称“菲律宾身不由己，因为离台湾太近，而且有大约20万菲律宾人在台湾生活和工作。”外交部对此有何评论？,中方注意到菲方领导人重申奉行一个中国政策，不干涉中国内政。需要强调的是，“侨民众多”“地理邻近”不是一国干涉他国内政和染指他国主权事务的借口。希望菲方履行承诺、言行一致，以实际行动恪守一个中国原则。,郭嘉昆
t20260519_11913599.html,彭博社记者,据《金融时报》报道，在中美元首会晤期间，中方称普京总统可能会后悔对乌克兰发起军事行动。中方对此有何评论？,关于中美元首会晤情况，中方已经发布了消息。你提到的有关消息与事实不符，纯属无中生有。,郭嘉昆
t20260520_11914508.html,总台央视记者,普京总统访华期间，中俄双方在便利人员往来领域取得了什么新的成果？,为持续便利中俄人员往来，中方决定将对俄罗斯免签政策延长至2027年12月31日。俄罗斯持普通护照人员来华经商、旅游观光、探亲访友、交流访问、过境不超过30天，可免办签证入境。,郭嘉昆
t20260520_11914508.html,法新社记者,习近平主席今日在北京同俄罗斯总统普京会谈。外交部能否进一步介绍情况？双方是否谈及乌克兰危机问题？,今天上午，习近平主席为应邀来华进行国事访问的俄罗斯总统普京举行欢迎仪式，两国元首先后举行小范围、大范围会谈，就一系列重大问题进行战略沟通，一致同意《中俄睦邻友好合作条约》继续延期。,郭嘉昆
t20260520_11914508.html,《中国日报》记者,据了解，2026年亚太经合组织（APEC）第二次高官会昨天在上海结束。能否介绍一下会议情况和主要成果？,5月11日至19日，2026年亚太经合组织（APEC）第二次高官会及相关会议在上海举行。外交部副部长马朝旭出席高官会开幕式并致辞。本次会议承前启后，对今年APEC合作进行了年中盘点，汇总了早期收获，为11月领导人会议酝酿和积累成果。会议期间共举办近40场活动和会议，涉及贸易投资、经济技术合作、妇女、电信、食品安全等多个领域。来自各成员经济体以及APEC秘书处、观察员、工商咨询理事会等1000余位代表与会。与会各方高度赞赏中方担任东道主以来推进APEC合作取得的积极进展，表示将继续支持中方办会，共同推动APEC“中国年”取得丰硕成果。,郭嘉昆
t20260520_11914508.html,《人民日报》记者,中方刚发布了塞尔维亚总统武契奇访华消息。中方能否介绍此访有关安排？如何看待当前中塞关系？对此访有何期待？,塞尔维亚是第一个同中国共同构建新时代命运共同体的欧洲国家，是中国在东南欧地区的重要伙伴。在两国领导人战略引领下，近年来中塞关系高水平运行。双方坚定支持彼此核心利益和重大关切，政治互信稳固，合作成果丰硕，多边协作紧密，人员往来热络。武契奇总统同习近平主席保持密切交往，这是武契奇总统首次对中国进行国事访问。访问期间，习近平主席和李强总理将分别会见武契奇总统，就双边关系和共同关心的国际和地区问题交换意见。中方愿同塞方一道，以武契奇总统访华为契机，铸牢铁杆友谊，拓展互利合作，丰富人文交流，密切多边协调，推动新时代中塞命运共同体建设取得更多实际成果，造福两国人民。,郭嘉昆
t20260520_11914508.html,总台CGTN记者,据报道，捷克总理巴比什近日在捷媒发表评论文章，重申捷政府将坚定奉行一个中国政策，并积极推进对华关系正常化。请问中方对此有何评论？,中捷两国传统友谊深厚。相互尊重、平等相待、互利共赢始终是两国关系发展的重要原则。保持健康稳定的双边关系符合两国根本利益和两国人民共同愿望。巴比什总理上任后多次表达希望改善中捷关系，并重申捷克政府坚定奉行一个中国政策，中方对此高度赞赏。中方愿同捷方一道，增进政治互信，全方位开展对话合作，推动中捷关系尽早重返健康稳定发展轨道。,郭嘉昆
t20260520_11914508.html,共同社记者,昨天在上海发生一起日本人被刺伤事件，外交部对此有何回应？是否能公布更多详细内容？,5月19日，上海一餐厅内发生一起精神障碍患者持刀伤人案，1名中国公民和2名日本公民受伤，伤员已及时送医救治。犯罪嫌疑人已被警方抓获，案件正在进一步侦办中。此案为治安个案，中方主管部门将依法处理。,郭嘉昆
t20260520_11914508.html,埃菲社记者,西班牙副首相约兰达·迪亚斯周一到周三访问了中国。此访取得了哪些具体成果？中方如何评价现阶段的中西关系？,5月17至20日，西班牙第二副首相兼劳动与社会经济大臣迪亚斯访华，在京出席2026年全球贸易投资促进峰会并赴上海参访。韩正副主席、谌贻琴国务委员分别同她会见，达成很多重要共识。迪亚斯副首相此访是继桑切斯首相4月访华以来，中西又一重要高层交往，进一步深化了两国在贸易投资、劳动、社会保障等领域交往合作。中方愿同西班牙一道，推动中西全面战略伙伴关系取得更多成果，为两国人民带来更多福祉。,郭嘉昆
t20260520_11914508.html,日本广播协会记者,关于昨天在上海的伤人事件，这次事件是否为故意针对日本人的袭击？,中方有关部门已经发布了通报，这是一起治安个案。经核查，伤人者系精神障碍患者，中方有关部门正在依法调查和处置。我还要强调的是，个别媒体和人士不应进行无端炒作和关联。,郭嘉昆
t20260520_11914508.html,路透社记者,白宫表示，中方同意从今年至2028年每年采购价值170亿美元的美国农产品，且不包括大豆。外交部能否证实中国在中美元首会晤时作出了这一承诺？,中方主管部门已介绍了中美经贸磋商的初步成果。中美元首在特朗普总统访华期间深入讨论了中美经贸关系，为两国经贸合作明确了方向，提供了保障。双方将按照两国元首确定的共识方向，尽快锁定成果，共同做好落实，为下一步的中美经贸合作与世界经济注入更多确定性和稳定性。具体问题建议向中方主管部门询问。,郭嘉昆
t20260520_11914508.html,朝日新闻记者,赖清德今日表示，希望从美国获得武器，并称如果有机会同特朗普总统通话，将有责任表达台湾社会的声音；他同时再次表示“台湾是一个独立的主权国家”。中方对此有何评论？,台湾是中国领土不可分割的一部分，从来不是一个国家，今后也绝无可能。赖清德当局千方百计蹭热度、刷存在已经形成条件反射，“麻烦制造者”“和平破坏者”的嘴脸一再暴露。“台独”与台海和平水火不容。“倚外谋独”“以武谋独”最终只是痴心妄想。中方反对美国向中国台湾地区出售武器的立场是一贯、明确的。美方应恪守一个中国原则和中美三个联合公报，以实际行动维护中美关系大局和台海和平稳定。,郭嘉昆
t20260520_11914508.html,法新社记者,赖清德今天发表演讲，称“台湾未来不能由‘境外势力’决定，也不能被恐惧、分裂或短期利益绑架”。中方对此有何评论？,世界上只有一个中国，台湾是中国领土不可分割的一部分，中华人民共和国政府是代表全中国的唯一合法政府。两岸同属一个中国，这是台海真实的现状。“台独”与台海和平水火不容。“台独”分裂势力是台海现状的最大破坏者，是台海和平稳定的最大乱源。要维护台海和平稳定，就必须坚持一个中国原则，坚决反对“台独”分裂。近来，世界上绝大多数国家领导人和政要纷纷通过各种方式重申恪守一个中国原则的坚定立场。事实表明，反对“台独”分裂，支持中国统一是国际社会人心所向、大势所趋。,郭嘉昆
t20260520_11914508.html,埃菲社记者,昨天，西班牙法院针对前首相萨帕特罗的调查提到关于影响力行动的指控，其中涉及同中国和委内瑞拉有关联的企业。中方对此有何评论？,关于你提到的案件，我不了解具体情况。中国政府一贯要求中国企业依法依规经营，同时坚决反对任何人对中国企业造谣抹黑。,郭嘉昆
t20260520_11914508.html,彭博社记者,请问中方采取了哪些措施来应对中部非洲地区的埃博拉疫情？如何确保中国公民的健康不受影响？,中非开启外交关系70年来，双方历来相互支持，相互帮助。从抗击埃博拉疫情，到与新冠病毒作斗争，中国始终同非洲站在一起，风雨同舟。中方高度关注刚果（金）和乌干达爆发埃博拉疫情，将同有关国家保持密切沟通，视疫情发展和非方需要，同国际社会一道提供力所能及的帮助，助力相关国家早日战胜疫情。,郭嘉昆
t20260521_11915149.html,总台央视记者,俄罗斯总统普京对中国的国事访问已经结束。中方对此访有何评价？,俄罗斯总统普京访华期间，习近平主席同他举行了深入友好、富有成果的会谈。两国元首就推进中俄新时代全面战略协作伙伴关系达成新的重要共识，共同签署关于进一步加强全面战略协作、深化睦邻友好合作的联合声明，见证签署经贸、教育、科技等领域20项合作文件。两国还发表了关于倡导世界多极化和新型国际关系的联合声明，并达成了其他领域20项合作文件。,郭嘉昆
t20260521_11915149.html,拉通社记者,古巴政府强烈反对美国起诉古巴领袖劳尔·卡斯特罗。中方对此有何评论？,中方一贯坚决反对没有国际法依据、未经联合国安理会授权的非法单边制裁，反对滥用司法手段，反对外部势力以任何借口对古巴施压。美方应停止对古巴挥舞制裁大棒、司法大棒，停止动辄以武力相威胁。中方坚定支持古巴维护国家主权和民族尊严、反对外来干涉。,郭嘉昆
t20260521_11915149.html,巴通社记者,发言人刚刚宣布了夏巴兹总理将于本周六访华的消息，能否介绍此访有关安排？中方如何评价现阶段中巴关系？中方希望此访有何成果？巴基斯坦是世界上最早承认中华人民共和国的国家之一。中巴1951年5月21日正式建交。今年是中巴建交75周年。中方对双边关系中的这一里程碑有何评价？,正如你所说，今天是中国与巴基斯坦建交75周年纪念日。习近平主席和扎尔达里总统、李强总理和夏巴兹总理分别就此互致贺电。年初以来，双方还举行了丰富多彩的纪念活动。,郭嘉昆
t20260521_11915149.html,路透社记者,普京总统访华期间，中国和俄罗斯是否在“西伯利亚力量2号”天然气管道建设方面取得了进展？,在两国元首战略引领下，中俄在能源等各领域开展密切合作。中方愿同俄方继续本着相互尊重、互利共赢原则，不断深化两国务实合作。,郭嘉昆
t20260521_11915149.html,法新社记者,据韩国媒体报道，中国领导人可能访问朝鲜。中方能否证实？对此有何评论？（韩联社亦问及）,中朝是社会主义友好邻邦，两党两国长期保持着友好交往的传统。这符合中朝两国利益，也有利于地区和平稳定。关于你提到的问题，我目前没有可以提供的信息。,郭嘉昆
t20260521_11915149.html,韩联社记者,中美元首会晤后，美方发布消息称两国元首确认实现朝鲜无核化的共同目标。但昨天中俄元首会晤的消息中没有关于无核化的内容。中方对此有何评论？,关于中美、中俄元首会晤的情况，我们均已发布了消息。中方在半岛问题上的立场和政策保持连续性、稳定性，将以自己的方式为推动半岛问题政治解决进程发挥建设性作用。,郭嘉昆
t20260521_11915149.html,法新社记者,美国总统特朗普周三表示，他将就对台军售问题同赖清德进行沟通，赖清德周四表示乐意与特朗普总统通话。外交部对此有何评论？,中方坚决反对美国同中国台湾地区开展官方往来，坚决反对美国向台湾出售武器，这一立场是一贯、明确、坚定的。中方敦促美方落实好中美元首会晤重要共识，兑现所作承诺和表态，慎之又慎处理台湾问题，停止向“台独”分裂势力发出错误信号，以实际行动维护台海和平稳定和中美关系稳定发展态势。,郭嘉昆
t20260521_11915149.html,路透社记者,摩尔多瓦外交部长将于本周访华。上次摩尔多瓦外长访华是2018年。中国为何时隔多年后加强与摩尔多瓦的外交接触？,中国和摩尔多瓦是传统友好伙伴。近年来，中摩友好合作关系稳定发展，两国各领域合作扎实推进。我们相信波普绍伊副总理兼外长对中国的正式访问将有利于增进中摩互信与合作。,郭嘉昆
t20260521_11915149.html,法新社记者,巴基斯坦总理夏巴兹访华期间，双方是否会谈及伊朗问题？,夏巴兹总理访华期间，中巴领导人将就双边关系和共同关心的问题深入交换意见。关于伊朗问题，我们已经多次阐明立场。中方支持巴基斯坦为促和止战发挥公正平衡的斡旋作用。中方将根据习近平主席四点主张精神，同包括巴方在内的国际社会一道，为早日恢复中东地区和平稳定作出积极贡献。,郭嘉昆
t20260521_11915149.html,彭博社记者,据《金融时报》报道，有知情人士称，中方向美方暗示，在特朗普总统决定是否批准140亿美元对台军售前，不会同意美国国防部负责政策制定的副部长访华。发言人对此有何回应？,中方反对美国向中国台湾地区出售武器的立场是一贯、明确的。关于你提到的具体问题，请向中国国防部询问。,郭嘉昆
t20260522_11916126.html,总台央视记者,发言人能否介绍举办联合国安理会高级别会议的设想，中方希望推动会议发出什么信息？,当今世界，百年变局加速演进，变革动荡相互交织，战争冲突此起彼伏，以联合国为核心的国际体系面临前所未有的冲击和挑战。作为联合国安理会5月轮值主席，中国倡议召开的此次安理会高级别会议，将聚焦联合国宪章的时代价值、遵守和践行宪章宗旨和原则、加强联合国及其安理会权威与效能等国际社会普遍关心的问题。会议由王毅外长主持，向联合国全体会员国开放，多国外长及高级别代表已经确认出席，联合国秘书长古特雷斯将与会通报。,郭嘉昆
t20260522_11916126.html,总台CGTN记者,5月20日，中俄两国发布《关于倡导世界多极化和新型国际关系的联合声明》，系统阐述倡导平等有序的世界多极化、构建新型国际关系的四点主张，是对“国际关系向何处去”这一时代命题的明确回答。一份CGTN全球民调显示，新型国际关系所倡导的相互尊重、公平正义、合作共赢理念已成为广泛的国际共识，受访者反对将世界划分为相互对抗的地区和阵营，强调必须建设更为团结的国际社会，尊重彼此根本利益，平等相待，互利合作。请问中方对此有何评论？,当前，百年变局加速演进，国际形势变乱交织。霸权主义、单边主义沉渣泛起，严重冲击以联合国为核心的国际体系和以国际法为基础的国际秩序，世界面临倒退回丛林法则的风险。作为联合国安理会常任理事国和负责任世界大国，中俄携手捍卫联合国权威和国际公平正义责无旁贷、义不容辞。这份声明阐述了中俄对当前国际形势的共同立场和主张，表明双方将在推动构建多极世界、加强全球治理方面进一步深化战略协作，发出时代强音，为世界和平与发展注入更多稳定性和正能量。,郭嘉昆
t20260522_11916126.html,法新社记者,美国海军代理部长周四称，美方已暂停对台军售以确保有充足弹药用于对伊朗的军事行动。台湾当局周五称，没有消息表明美方计划调整这批军售。外交部对此有何评论？,中方坚决反对美国向中国台湾地区出售武器的立场一贯、明确、坚定。,郭嘉昆
t20260522_11916126.html,《人民日报》记者,发言人能否介绍王毅外长出席“全球治理之友小组”会议的考虑？,去年9月，习近平主席郑重提出全球治理倡议，为构建更加公正合理的全球治理体系贡献中国方案，迅速得到近160个国家和国际组织支持响应。去年12月至今，短短五个月时间里，“全球治理之友小组”从无到有，在纽约、日内瓦和维也纳相继落地，成员不断壮大，影响力和凝聚力持续提升。这充分表明，全球治理倡议站在时代前沿，契合各国需求，是大势所趋、人心所向。,郭嘉昆
t20260522_11916126.html,总台华语环球节目中心记者,发言人昨天介绍了俄罗斯总统普京访华成果。我们注意到，中俄两国元首共同签署并发表关于进一步加强全面战略协作、深化睦邻友好合作的联合声明。能否介绍此次联合声明有何重要意义？,今年是中俄战略协作伙伴关系建立30周年、《中俄睦邻友好合作条约》签署25周年。此次联合声明重点突出这“两个周年”的主题，几乎涵盖了两国合作的所有领域，是两国元首会晤达成的最重要的政治成果文件。,郭嘉昆
t20260522_11916126.html,新华社记者,发言人能否进一步介绍王毅外长访问加拿大背景情况、主要活动和中方期待？,当前，中加关系实现转圜并持续向好发展，双方正推动构建新型战略伙伴关系。,郭嘉昆
t20260522_11916126.html,法新社记者,台湾检察官正在调查三名据称违反美国出口管制规定向大陆走私英伟达人工智能芯片的人员。外交部有何评论？,这不是一个外交问题，我不了解相关情况。,郭嘉昆
t20260522_11916126.html,《北京日报》记者,据报道，日本自民党提出建议草案，要求提升防卫费目标，援引了部分国防开支占GDP比重为3－3.5％的国家作为参考，而日本去年才刚刚突破2％。与此同时，日本主要军工企业防卫相关业务销售收入近年也大幅增长。请问中方对此有何评论？,最新数据显示，日本2025年国防开支增长9.7％，数额和GDP占比均创历史新高，进口武器量五年内增长76％。在军费连续14年增长的基础上，日本右翼势力仍在鼓噪提高防卫费。这再次表明，日本正一层层揭下其所谓“和平国家”的伪装，一步步踏上“新型军国主义”的歧途。,郭嘉昆
t20260522_11916126.html,中新社记者,今年5月1日起，中国对53个非洲建交国全面实施零关税举措，非洲各界反响热烈，多国政要高度评价。非盟委员会主席优素福表示，习近平主席允许非洲产品以零关税进入中国市场的决定恰逢其时，感谢中方这一充满兄弟情谊的做法。南非、肯尼亚、塞拉利昂、塞舌尔等国总统坚定支持并期待本国用好零关税政策。发言人能否介绍零关税举措目前的实施情况？,中国是全球首个对所有非洲建交国实现单方面、全覆盖零关税的主要经济体。我们用实际行动践行了习近平主席对非方领导人的庄严承诺。政策落地20多天来，来自非洲的多批货物在中国各地口岸顺利通关。5月1日零时，24吨南非鲜苹果成为首批零关税进口的享惠货物；肯尼亚牛油果、埃及鲜橙、摩洛哥生石膏、尼日利亚牛骨粒、南非葡萄酒和药品原材料等一大批非洲优质特色产品零关税入境中国，摆上各地商超，进入百姓生活。零关税举措不仅丰富了中国的市场供应、降低了中非贸易成本，也有力提振了非洲生产销售商的信心。,郭嘉昆
t20260522_11916126.html,《环球时报》记者,据报道，美军计划6月至9月在日本鹿儿岛县鹿屋航空基地部署“堤丰”中导系统，用于美日联合演习。演习结束后，“堤丰”中导系统将转移至驻日美军基地。请问中方对此有何评论？,我们注意到有关报道。中方坚决反对美国在亚洲国家部署中导系统，并已多次就有关问题表明关切。“堤丰”中导系统是战略进攻性武器，损害他国正当安全利益，威胁地区战略安全，加剧军事对抗和军备竞赛风险，对于地区和平稳定有百害而无一利。长期以来，包括日本在内的亚洲多国民众反对声音不绝于耳。中方敦促美方、日方正视地区国家呼声，纠正错误做法，以实际行动为地区和平稳定发挥正面作用。,郭嘉昆
t20260525_11917239.html,《北京青年报》记者,近日，扎根毛乌素沙地治沙造林的全国劳动模范殷玉珍，通过网络寻找当年曾提供捐助的美国友人“赛考斯”。时隔多年，两人得以在“线上重逢”，网友纷纷为跨越国界的善举和情谊点赞。请问发言人对此有何评论？,20多年前，在中国任教的美国教师萨科尔斯基筹集5000美元，帮助殷玉珍夫妇治沙造林，如今这笔善款已经化作了5万多棵大树。这段跨国情谊，是中美民间友好交往的生动缩影。正如习近平主席指出，中美关系的故事是由人民书写的。相信两国人民将续写更多友好故事，不断为中美关系注入源头活水。,毛宁
t20260525_11917239.html,法新社记者,美国和伊朗似乎已接近达成协议以结束中东战事。中方是否正发挥外交作用促成该协议，希望协议包括哪些成果？,中方在伊朗局势上的立场十分明确。这是一场本就不该发生的战事，没有任何进行下去的必要。早一点找到解决出路，对美伊双方有利，也对地区各国和整个世界有利。,毛宁
t20260525_11917239.html,总台CGTN记者,5月22日，《不扩散核武器条约》第十一次审议大会在纽约联合国总部闭幕，媒体报道称因美国、伊朗分歧，审议大会最终未能通过成果文件。中方对此有何评论？,本次《不扩散核武器条约》审议大会是在全球战略平衡与稳定遭到严重破坏，多边军控进程日益政治化、阵营化、碎片化的背景下进行的，最终未能就成果文件达成一致，中方对此感到遗憾。,毛宁
t20260525_11917239.html,路透社记者,据报道，中美元首两周前会晤时谈及日本和日本“再军事化”。报称，当谈到对日本首相高市早苗的批评时，特朗普为日方和高市作了辩白。中美元首会晤是否谈及日本，重点谈了什么？,关于中美元首会晤的情况，中方已经发布了消息。你提到的报道内容与中方掌握的情况不符。对于中日关系，中方的立场是明确的。,毛宁
t20260525_11917239.html,中新社记者,据报道，5月24日，巴基斯坦俾路支省一列客运列车遭爆炸袭击，造成重大人员伤亡。“俾路支解放武装”宣称对袭击负责。巴基斯坦总理夏巴兹强烈谴责此次袭击事件，强调将坚定不移打击恐怖主义。请问中方对此有何评论？,中方注意到有关报道，强烈谴责此次恐怖袭击事件，对遇难者表示深切哀悼，向伤者和遇难者家属致以诚挚慰问。,毛宁
t20260525_11917239.html,德新社记者,德国联邦议院一个跨党派代表团正在台湾访问。有代表团成员称，台湾是德重要伙伴。代表团还将会见赖清德。外交部对此有何评论？,世界上只有一个中国，台湾是中国领土不可分割的一部分。中方一贯坚决反对建交国与中国台湾地区进行任何形式的官方交往。一个中国原则是公认的国际关系准则和国际社会普遍共识，也是中德关系的政治基础。我们敦促德方有关人士恪守一个中国原则，停止向“台独”分裂势力发出错误信号。民进党当局“倚外谋独”注定失败。,毛宁
t20260525_11917239.html,路透社记者,根据中国海关数据，中方已至少4个月未向日本出口几种重稀土和其他材料。这恰好与中日涉台争端时间重合。中方可否确认是为回应日本首相高市早苗涉台言论而暂停对日出口？,具体情况建议向中方主管部门了解。我想指出的是，中方依法依规禁止对日本军事用户、军事用途出口两用物项，目的是制止日本“再军事化”和拥核企图。,毛宁
t20260525_11917239.html,法新社记者,巴基斯坦总理正在访华。此访期间，双方会否讨论伊朗和中东战事？,巴基斯坦总理夏巴兹正在中国访问，有关情况我们会及时发布消息，你可以保持关注。,毛宁
t20260525_11917239.html,法新社记者,塞尔维亚总统也正在中国访问，习近平主席将与其会见。双方将讨论哪些议题？中方对此访有何期待？,中塞两国领导人将就共同关心的问题交换意见。相关消息我们会及时发布。,毛宁
t20260525_11917239.html,法新社记者,有报道称中国领导人近期将访问朝鲜。中方能否确认？访问是什么时间？,中国和朝鲜是社会主义友好邻邦，两党两国长期保持着友好交往的传统。这符合中朝两国利益，也有利于地区和平稳定。关于你的具体问题，我目前没有可以提供的信息。,毛宁
t20260525_11917239.html,法新社记者,台湾当局称，中国大陆上周在从黄海到南海的海域部署了100余艘舰艇。台方提供的地图显示，有些舰艇位于韩国、日本和菲律宾附近。发言人对此有何回应？,“台独”分裂分子的言论不值一评。但我可以告诉你，中国军队开展活动一贯符合国际法和国际惯例。中国始终是维护地区和平稳定的建设性力量。,毛宁
t20260526_11918234.html,新华社记者,5月25日，塞尔维亚总统武契奇正在中国进行国事访问。发言人能否进一步介绍相关情况？对中塞关系未来发展有何展望？,应习近平主席邀请，塞尔维亚总统武契奇正在对中国进行国事访问。今年是中塞建立全面战略伙伴关系10周年，武契奇总统此时访华具有重要意义。,毛宁
t20260526_11918234.html,彭博社记者,阿拉伯卫星电视台在X平台发布报道，援引匿名消息人士称，在与美国达成停火协议前，伊朗正寻求从中国获得担保。伊朗是否已请求中方协助将高浓缩铀转移至中国？如果报道属实，中方是否愿意接受伊朗的高浓缩铀？,自从美以伊战事发生以来，中方同包括伊朗在内的相关各方保持紧密沟通，一直在为止战奔走、为促和努力。我们将秉持习近平主席四点主张精神，为早日恢复中东海湾地区的和平安宁继续发挥积极作用。,毛宁
t20260526_11918234.html,埃菲社记者,巴拿马外交部长称，王毅外长将于今日在纽约同他会见。当前，长江和记港口问题以及中国扣押巴拿马船只问题让中巴双边关系趋于紧张。中方希望通过此次会面实现什么目标？,如有相关消息，我们会及时发布。,毛宁
t20260526_11918234.html,澎湃新闻记者,我们注意到，巴基斯坦总理夏巴兹刚刚结束访华，发言人能否进一步介绍访问情况及此访主要成果和亮点？,巴基斯坦总理夏巴兹于5月23日至26日对中国进行正式访问。这是中巴建交75周年之际，两国间的一次重要高层交往，是对中巴特殊友好关系的巩固和提升。这次访问有三大亮点：,毛宁
t20260526_11918234.html,韩联社记者,据报道，朝鲜今天向西海方向发射一枚弹道导弹，此举违反了联合国安理会决议，中方对此有何评价？,我注意到有关方对发射物的界定存在不同看法。我没有新的评论。,毛宁
t20260526_11918234.html,乌通社记者,俄罗斯外交部称，俄军正准备对乌克兰首都发动大规模导弹和无人机袭击，并明确说其他国家在基辅的外交人员可能被袭击。中方如何评论俄方威胁升级冲突？会否从基辅撤回外交人员？,对于乌克兰危机，中方立场是一贯的、明确的。对话谈判是解决危机的唯一可行出路。中方呼吁当事各方共同推动局势尽快降温，为重启对话谈判积累条件。,毛宁
t20260526_11918234.html,彭博社记者,美国、日本、印度和澳大利亚在新德里举行的四方机制会议上启动一项印太地区海上监测活动，并宣布与斐济就港口基础设施进行合作的计划。外交部对上述动向有何评论？,关于“四边机制”，中方已多次阐明立场。国与国之间的合作应当有利于促进地区和平、稳定与繁荣，不应针对第三方。我们反对搞排他的“小圈子”，反对阵营对抗。,毛宁
t20260526_11918234.html,《中国日报》记者,近日，日本内阁官房长官木原稔表示，日本的“专守防卫”政策不变，中方关于日本“新型军国主义”的说法不成立；日本在战后作为“和平国家”所走过的道路不会发生改变。请问中方对此有何回应？,相比日本怎么说，更应该关注的是日本怎么做。,毛宁
t20260526_11918234.html,彭博社记者,西非国家几内亚称，自下月起限制铝土矿出口的计划接近完成。几内亚大部分铝土矿销往中国，而中国约75％的铝土矿进口来自几内亚。外交部对几内亚对此类矿产进行出口管制的做法有何评论？,我还不了解你提到的具体情况。作为原则，所有国家都有责任维护产供链的稳定。,毛宁
t20260526_11918234.html,法新社记者,美军称已对伊朗发动新一轮打击，目标是伊导弹发射基地以及据称试图布设水雷的船只。中方对此持何立场？,我们敦促相关方履行停火承诺，坚持以和平方式化解争端，继续通过对话谈判达成兼顾各方合理关切的解决方案，推动尽早恢复中东海湾地区的和平。,毛宁
t20260527_11918970.html,《人民日报》记者,昨天，王毅外长在纽约联合国总部主持召开安理会高级别会议，联合国秘书长古特雷斯和100多国代表出席。发言人能否进一步介绍情况？,当前国际形势正经历二战以来最复杂深刻变化，联合国宪章的宗旨遭到无视，国际关系的基本准则受到破坏，世界和平与安全岌岌可危。作为安理会本月轮值主席，中国倡议举行高级别会议，以“维护联合国宪章宗旨和原则，加强以联合国为核心的国际体系”为主题，100多国代表包括20多国外长和高级别代表专程出席。各方重温联合国建立的初心，进行热烈深入讨论，形成了重要共识。,毛宁
t20260527_11918970.html,拉通社记者,古巴外长罗德里格斯在联合国安理会谴责美国升级对古巴军事威胁，呼吁国际社会与古巴团结一致，恪守联合国宪章。中方作为会议主持方对此有何评论？,中方一贯主张尊重各国主权、领土完整，反对在国际关系中使用或威胁使用武力，反对以任何借口侵犯他国主权、干涉他国内政。各国都应当遵守国际法以及《联合国宪章》宗旨和原则。中方坚定支持古巴维护主权、安全、发展利益。,毛宁
t20260527_11918970.html,埃菲社记者,巴拿马方面称，在王毅外长与巴外长马丁内斯—阿查的会晤中，双方讨论了推进技术层面的海事合作并加强对话。外交部能否提供会晤的更多细节？双方谈及哪些具体的海事合作领域？,在纽约期间，王毅外长会见了巴拿马外长，相关情况已经发布了消息，我没有更多信息可以补充。,毛宁
t20260527_11918970.html,凤凰卫视记者,近日，神舟二十三号载人飞船发射取得圆满成功，航天员已顺利进驻中国空间站。此次执行任务的航天员中，首次出现了来自中国香港的载荷专家，受到世界各国高度关注。请问发言人对此有何评论？,神舟二十三号载人飞船成功发射，“天宫”迎来首位中国香港航天员，这不仅是中国载人航天事业的又一里程碑，也是全体香港同胞的共同荣耀，是“一国两制”实践结出的硕果，显示了“一国两制”的强大生命力和显著优越性。,毛宁
t20260527_11918970.html,路透社记者,一名68岁的中国男子乘坐橡皮艇于周一深夜抵达韩国西海岸某郡后被扣留。据《纽约时报》报道，此人之前曾试图离开中国但均被遣返。韩方是否就此案与中方接触？中方是否寻求遣返此人？,我不了解你提到的情况。,毛宁
t20260527_11918970.html,路透社记者,有7人在老挝因寻金进入洞穴，后因洪水被困。中方是否已经或正派遣洞穴潜水专家前往老挝参与救援？,据初步了解，被困人员不是中国企业员工。我们关注他们的安危，希望他们早日脱困。,毛宁
t20260527_11918970.html,法新社记者,昨天，“四边机制”成员美国、印度、日本和澳大利亚就东海和南海局势表达关切。虽未点名中国，但相关言论明显针对中国。中方是否已就此向相关国家提出抗议？,当前，南海和东海局势保持总体稳定。有关国家应停止介入中国周边涉海问题，切实尊重地区国家维护和平稳定的努力。拼凑小圈子、渲染紧张、挑动对抗，不得人心。,毛宁
t20260528_11919928.html,湖北广电记者,中方发布了巴西外长维埃拉访华的消息，请问中方如何看待当前中巴关系？发言人能否进一步介绍此访安排和中方期待？,中国和巴西分别是东西半球最大的发展中国家，同为金砖国家和全球南方重要成员，两国关系长期走在中国同发展中国家关系的前列。近年来，在两国元首战略引领下，中巴关系保持良好发展势头，两国命运共同体建设和发展战略对接进展顺利，各领域务实合作成果丰硕，两国关系彰显全球性、战略性和长远性影响。,毛宁
t20260528_11919928.html,韩联社记者,美日印澳“四边机制”日前强调了实现朝鲜无核化的意愿。朝鲜外务省官员近日称，朝鲜永远不会“无核化”。中方如何评价朝方这一立场？,关于“四边机制”，中方已经多次阐明立场。我们一贯反对搞排他性的“小圈子”，反对搞阵营对抗。在半岛问题上，中方的立场和政策保持着连续性、稳定性。,毛宁
t20260528_11919928.html,《环球时报》记者,据报道，近日，日本国会参议院表决通过设立“国家情报会议”和“国家情报局”的法案，意图在二战后首次构建国家级情报统合体系，以“国家情报会议”为核心、“国家情报局”为执行机构，负责统筹情报活动。中方对此有何评论？,我们对有关动向感到关切，也注意到这一动向在日本国内和国际上引起很多争议和质疑。日本国内有专家认为，此举可能模糊“国家安全”边界，被用于构建全方位备战体系。也有有识之士指出，此事不仅仅是日本内政，更涉及日本宪制以及内外安全政策走向等重大问题。历史上，日本情报机构曾经为日本全面推行军国主义、发动对外侵略战争铺路，对亚洲邻国和日本人民犯下罄竹难书的罪行。日本为政者应当深刻汲取历史教训，慎重行事。,毛宁
t20260528_11919928.html,法新社记者,在本周五欧盟专题会议举行前，欧委会工业委员对《金融时报》称，欧盟计划扩大工具箱以应对欧中贸易失衡问题，包括增加使用进口配额和关税手段来保护化学品、清洁技术等行业免受不公平竞争影响。中方对此有何评论？,国际贸易是双向选择，不存在强买强卖。中欧经贸关系本质是互利共赢的。中方从不刻意追求对欧洲的贸易顺差。如果只看货物贸易，不看服务贸易和投资收益；只看贸易数字，不看贸易结构和利润流向；只看从中国进口，而无视自身对出口设限，自然会得出贸易“不平衡”的片面结论。,毛宁
t20260528_11919928.html,今日俄罗斯记者,中国驻美国使馆今天在海外社交媒体账号发布了一张图片，称中国将依据本国法律对稀土金属实施出口管制。根据此前中美达成的协议，双方曾同意将这一管制措施暂停实施至2026年11月10日。中方为何决定提前启动这项管制？,据我了解，中国驻美国使馆转发了中美经贸磋商的初步成果。中美双方应当共同落实好两国元首达成的重要共识，维护中美经贸关系稳定发展的态势。,毛宁
t20260528_11919928.html,路透社记者,英国智库国际战略研究所发布评估报告称，如果美国和中国因台湾问题爆发重大冲突，可能升级至核战争级别，双方可能攻击对方的指挥和通信中心。中方对此有何评论？,台湾问题是中国内政。解决台湾问题是中国人自己的事，不容任何外部干涉。维护台海和平稳定，就必须旗帜鲜明反对“台独”。美方应当落实两国元首会晤达成的重要共识，慎之又慎处理台湾问题。,毛宁
t20260529_11921244.html,巴西《圣保罗页报》记者,昨天，美国总统特朗普将两个巴西犯罪组织认定为恐怖组织。这一决定遭到巴西政府反对，巴政府盟友和专家认为这是美对巴内政的干预。美国务卿鲁比奥称，这些组织多年来一直是巴执法部门的打击目标，美方致力于将其瓦解。中方对此有何评论？,我们注意到有关报道。中方一贯主张不干涉他国内政。,毛宁
t20260529_11921244.html,中新社记者,中方去年提出全球治理倡议后，国际社会反响积极。昨天，王毅外长在纽约联合国总部出席了“全球治理之友小组”会议。发言人能否进一步介绍情况？,当今国际形势变乱交织，各国呼唤公平正义、渴望团结合作、向往和平稳定。去年9月，习近平主席郑重提出全球治理倡议，迅速得到近160个国家和国际组织支持响应。“全球治理之友小组”在纽约、日内瓦、维也纳三地相继成立，小组成员围绕改革完善全球治理进行广泛讨论，就推进国际关系民主化、维护联合国宪章宗旨和原则、维护联合国核心地位、逐步缩小南北鸿沟、聚焦解决实际问题凝聚起五大共识。,毛宁
t20260529_11921244.html,法新社记者,欧盟委员会今天将举行会议，预计将出台措施保护欧洲产业免受中国竞争影响。在会议召开前，中方想向欧盟传递什么信息？,中欧经贸关系的本质是互利共赢的。中方从不刻意追求对欧洲的贸易顺差。保护主义只会损害欧洲消费者的利益，削弱欧洲产业的竞争力。希望欧方全面、客观看待中欧经贸关系，恪守自由贸易的承诺。中方密切关注有关动向，将采取必要措施维护自身的正当权益。,毛宁
t20260529_11921244.html,总台央视记者,我们注意到，习近平主席在复信参加“共航蔚蓝：中美青年友谊行”的两国学生时，宣布“5年5万”倡议提前两年半时间实现预期目标。发言人能否介绍相关情况？,日前，习近平主席复信参加“共航蔚蓝：中美青年友谊行”的两国学生，宣布自2023年11月提出“5年邀请5万名美国青少年来华交流学习”倡议以来，已有超过5万名美国青少年来华参访，提前两年半实现预期目标。在交往交流中，中美两国青少年双向奔赴，加深相互了解和理解，结下深厚友谊，书写了两国人民友好交流的崭新篇章。,毛宁
t20260529_11921244.html,新华社记者,5月28日至29日，上海交通大学与侵华日军南京大屠杀遇难同胞纪念馆举办纪念东京审判开庭80周年国际研讨会。来自中国以及日本、韩国、马来西亚、俄罗斯、德国、西班牙、澳大利亚、新西兰、巴西等国的专家学者围绕东京审判开展研讨。请问中方对此有何评论？,我们注意到有关报道。近期，中国、日本和国际社会围绕东京审判开庭80周年举行了一系列纪念活动。此次多国学者齐聚上海，再次就这一主题深入研讨，充分说明国际社会高度重视东京审判的重要价值，对东京审判所承载的人类良知、公平正义有着共同追求，在捍卫二战胜利成果、维护战后国际秩序、敦促日本避免重蹈军国主义覆辙方面有着共同关切。,毛宁
t20260529_11921244.html,路透社记者,据报道，一艘加拿大军舰过航台湾海峡。外交部能否证实此事？有何评论？,中方尊重各国依据国际法享有的航行权利，同时坚决反对任何国家以“航行自由”为名损害中国的主权和安全。,毛宁
t20260529_11921244.html,深圳卫视记者,据报道，日本政府近日公布的数据显示，受日本强化防卫能力方针的影响，防卫省的订单额在过去5年内增至3倍，占到2025年度政府公共需求订单的一半，这一数据格外引人注目。报道还指出，地对空导弹、飞机等武器装备订单增加推高了订单总额。请问中方对此有何评论？,我们高度关注有关报道。日本军工复合体被重新激活并迅速崛起，是日本加速“再军事化”的又一重大动向，引发日本国内和国际社会广泛担忧。,毛宁
t20260529_11921244.html,总台华语环球节目中心记者,5月28日，菲律宾总统访日期间，日菲发表联合声明宣布正式启动日菲间专属经济区和大陆架的划界谈判。中方对此有何评论？,日、菲宣布的拟划界海域位于中国台湾岛以东。根据中国国内法和包括《联合国海洋法公约》在内的国际法，中国在该海域拥有专属经济区和大陆架。日、菲擅自启动所谓海域划界谈判，严重侵害中方海洋权益，严重违反包括《联合国海洋法公约》在内的国际法和国际关系基本准则，中方对此强烈不满，坚决反对，已分别向日、菲提出严正交涉。,毛宁
t20260529_11921244.html,《北京日报》记者,我们注意到，海关总署宣布，自今年7月20日起，将对所有非洲建交国咖啡豆全面实现检疫准入。只要符合海关总署2026年第68号公告要求，非洲建交国的咖啡豆即可对华出口，成为获得区域一体准入的又一农产品。此举也受到非洲相关国家的热烈欢迎。请问发言人对此有何评论？,对53个非洲建交国全面实施零关税，为扩大非洲对华出口打开了全新的机遇之窗，体现了习近平主席提出的真实亲诚对非政策理念和正确义利观。我们乐见越来越多的非洲优质特色产品进入中国市场，将继续做好零关税的“后半篇文章”，通过升级“绿色通道”扩大非洲输华产品准入，让零关税红利更多惠及双方人民。,毛宁
t20260601_11922615.html,总台央视记者,王毅外长刚刚结束对加拿大的访问。发言人能否进一步介绍此访情况？,应加拿大外长阿南德邀请，王毅外长于5月28日至30日对加拿大进行正式访问。此访是中国外长时隔10年再次访加。访问期间，王毅外长会见卡尼总理，同阿南德外长举行会谈，并会见加拿大前总理克雷蒂安等友好人士，就推进中加新型战略伙伴关系及共同关心的国际和地区问题等坦诚、深入、建设性地交换意见，达成了许多共识和成果。,林剑
t20260601_11922615.html,法新社记者,昨天，日本防卫大臣在香格里拉对话会上隐晦地回应了中国，称日本将继续强化军力。尽管他并未直接提及中国，但他称有一个国家拥有庞大的核武器库和战略轰炸机，日本两者都没有，却被贴上“新型军国主义”标签。中方对此有何回应？,你提到的日本官员有关说辞毫无根据，在一系列历史、法理、事实和数字面前苍白无力，根本无法取信亚洲邻国和国际社会。,林剑
t20260601_11922615.html,今日俄罗斯记者,日本防卫省上周五宣布，将派遣4名自卫队人员前往北约“乌克兰安全援助与训练司令部”，以帮助日本吸取经验并加强自身防御能力。此外，日本防卫省还计划进一步开展与北约的防务合作。中方对此有何评价？这是否意味着日本军国主义思潮的复活？,我们对日方推进同北约合作的动向表示严重关切。日本大肆推进“再军事化”，同域外军事组织互动频繁，扩大自卫队活动范围，打造可以实战的作战体系。这是在突破日本宪法、国际法国内法规制和“专守防卫”等原则，挑战战后国际秩序，与日方自诩的“和平国家”形象背道而驰。日本“新型军国主义”成势为患，威胁地区和平稳定。国际社会必须高度警惕、坚决遏止。,林剑
t20260601_11922615.html,中新社记者,中方昨天发布了英国外交大臣库珀访华并举行第十一次中英战略对话的消息。发言人能否介绍此访具体情况和中方期待？,中英战略对话是中英双方重要的高级别对话机制。在变乱交织的国际形势下，中英作为联合国安理会常任理事国，加强战略沟通更具现实意义。此次对话期间，双方将围绕落实两国领导人重要共识、拓展务实合作以及国际和地区热点问题进行深入交流，共同推动中英长期稳定的全面战略伙伴关系深入发展，让合作成果更好惠及两国和世界。,林剑
t20260601_11922615.html,法新社记者,在缅甸北部掸邦发生的爆炸事件导致数十人丧生。控制该地区的武装称，采矿炸药意外爆炸导致了此次事故。今天有媒体报道称有中国公民遇难。外交部能否证实？这些人是否在当地从事采矿工作？,5月31日，缅甸掸邦南坎镇一处仓库发生爆炸事故，造成多人伤亡，1名中国公民受伤。中方对事故遇难者表示深切哀悼，向遇难者家属和伤者致以诚挚慰问。,林剑
t20260601_11922615.html,澎湃新闻记者,中国圆满完成了5月担任联合国安理会轮值主席的工作。这一个月，在中方协调推动下，联合国安理会举行了多场活动，王毅外长也参加了高级别公开辩论会。中方所作努力和工作受到国际社会肯定。发言人能否进一步介绍有关情况？在当前形势下，如何看待联合国特别是安理会作用？,在各方积极支持下，中方担任5月安理会轮值主席工作圆满结束。过去一个月，我们本着负责任、建设性态度，同安理会成员和广大会员国一道，聚焦重点问题，立足务实行动，积极履行联合国宪章赋予的职责。,林剑
t20260601_11922615.html,总台国广记者,近期，刚果（金）暴发新一轮埃博拉疫情。世界卫生组织和非洲疾控中心呼吁国际社会积极支持非洲抗疫。请问中方采取了哪些措施支持非方应对本轮埃博拉疫情？,中非是风雨同舟、患难与共的好兄弟，我们对当前刚果（金）暴发新一轮埃博拉疫情感同身受。王毅外长近日在纽约主持联合国安理会高级别会议时表示，在重大公共危机面前，中国千里驰援。继2015年全力支持西非三国抗击埃博拉疫情之后，中国将向近期暴发埃博拉疫情的刚果（金）等积极提供帮助。为此，中国政府决定向刚果（金）提供紧急人道主义援助，并专门派遣医疗专家组赴刚提供医疗服务和帮助。同时，在双边援助基础上，向非盟委员会提供援助并开展疫情防控合作，支持非洲疾控中心防控工作，共同提升非洲国家抗击疫情能力。,林剑
t20260601_11922615.html,朝日电视台记者,《纽约时报》称，他们的一名记者被中方驱逐出境。请问中国外交部对此有何评论？,《纽约时报》为台湾当局散布“台独”分裂谬论提供平台，并公然将中国台湾地区称为“国家”，严重违反一个中国原则和中美三个联合公报，向“台独”分裂势力发出严重错误信号，中方对此坚决反对。《纽约时报》理应纠正错误，而不是不知悔改，一意孤行。,林剑
t20260602_11923344.html,总台央视记者,中方发布了韩正副主席将赴俄罗斯出席第二十九届圣彼得堡国际经济论坛并访问白俄罗斯的消息。发言人能否介绍此访背景、活动安排和中方期待？,圣彼得堡国际经济论坛是探讨全球经济治理、凝聚国际合作共识的重要平台。本届论坛以“务实对话—通往稳定未来之路”为主题，具有重要现实意义。韩正副主席将出席论坛活动，并会见俄方有关领导人。中方期待与各方加强沟通，增进互信，践行多边主义，推动构建更加公正合理的全球治理体系。中方也愿与俄方一道，落实好两国元首5月会晤达成的重要共识，推动中俄新时代全面战略协作伙伴关系高水平发展。,毛宁
t20260602_11923344.html,深圳卫视记者,5月31日，针对外交部发言人日前关于日菲宣布启动海域划界谈判的表态，台湾当局外事主管部门发表言论称对日菲此举予以肯定，并质疑大陆对相关海域的主权权利。请问发言人对此有何评论？,针对日菲宣布启动海域划界谈判，中方已经阐明有关立场。我愿重申，此次日菲拟探讨划界的海域位于中国台湾岛以东。根据中国国内法和包括《联合国海洋法公约》在内的国际法，中方在上述海域拥有专属经济区和大陆架。根据《公约》，海岸相向或相邻国家间的专属经济区和大陆架界限应由有关国家本着公平原则以协议划定。涉及台湾以东海域划界谈判，必须有中方参与。日菲绕开中方擅自启动所谓海域划界谈判，严重违反包括《公约》在内的国际法和国际关系基本准则，严重侵害中方海洋权益，中方决不允许。,毛宁
t20260602_11923344.html,日本电视网记者,郑丽文正在访美，外交部对此有何评论？,关于中国台湾地区对外交往问题，应当按照一个中国原则处理。,毛宁
t20260602_11923344.html,《中国日报》记者,据报道，菲律宾防长特奥多罗在香格里拉对话会上称，中方曾向菲律宾提供化肥和燃料等物资，但未展现长期诚意，是包装和欺骗。不管如何粉饰对菲律宾的帮助都无济于事，不会改变马尼拉对中国的看法。他还称菲律宾在领土和政治上均面临中方严重威胁。中方对此有何评论？,这位菲律宾防长多次发表涉华谬论。你刚才提到他的有关最新表态再次表明，此人完全不顾菲民生福祉，完全没有任何知恩感恩之心，只有个人私利，甚至不惜拿民生问题搞政治作秀，严重损害中菲关系和双方互信，也完全不符合菲国家和人民利益。菲方应当认真反思，如果放任这样的人为所欲为，中方如何继续向菲提供物资和援助？最终买单的是谁？损害的又是谁的利益？,毛宁
t20260602_11923344.html,日本电视网记者,据报道，朝鲜方面似乎在为中国领导人的访问作准备。外交部能否提供相关信息？,我没有可以提供的信息。,毛宁
t20260602_11923344.html,新华社记者,日前，高市早苗在社交平台上发文称，在战后最严峻的安保环境下，为了防卫而提升威慑力、防范纷争于未然，正是修改“防卫装备转移三原则”的本质。近期美国防长赫格塞思公开欢迎日本修改“防卫装备转移三原则”，称支持日本扩大军事合作。国际上有声音认为，日本强化防卫能力是为了制衡和遏制中国。发言人对此有何评论？,炒作外部威胁，为扩军备战找借口，是日本军国主义的惯用手法。《波茨坦公告》等国际文件明确规定，日本须完全解除武装，不得维持能使其重新武装的产业，这是日本的国际法义务。然而，日本解禁杀伤性武器出口，强化军工产业，安保政策加速向进攻性转变，这一系列危险动向同二战前军国主义筹备发动战争的过程何其相似。历史上对军国主义的绥靖纵容教训惨痛。殷鉴不远，军国主义的“魔盒”一旦打开，没有任何人可以独善其身，终将养虎为患。,毛宁
t20260603_11924150.html,《人民日报》记者,缅甸外长丁貌瑞将访华，中方如何评价当前中缅关系？对此访有何期待？,中国和缅甸是传统友好邻邦和命运共同体。建交76年来，双方弘扬胞波情谊，秉持共同倡导的和平共处五项原则精神，同甘共苦，守望相助，持续深化全面战略合作，给两国人民带来实实在在的利益。,毛宁
t20260603_11924150.html,总台CGTN记者,中方6月1日批评日本防卫大臣小泉进次郎有关涉华言论后，日本防卫省发言人昨天在记者会上作出回应，称中方“反复提出不符合事实的主张”。发言人对此有何评论？,日本避重就轻、自欺欺人的所谓“事实”，完全是对“再军事化”的伪装。日本避而不谈军国主义侵略扩张罪行、自身背负的国际法义务，始终未能深刻反省历史，反而以“集体自卫权”包装海外派兵，以“发展反击能力”粉饰加强进攻性力量，以“装备技术合作”掩盖杀伤性武器出口，企图通过偷换概念，欺骗日本国内和国际社会。,毛宁
t20260603_11924150.html,法新社记者,所罗门群岛总理威尔周三称，将对2022年与中国签署的一项保密性安全协定进行审查。外交部对此有何评论？,中国同所罗门群岛是新时代相互尊重、共同发展的全面战略伙伴。我们愿同所罗门群岛新一届政府拓展各领域务实合作，更好造福两国人民。,毛宁
t20260603_11924150.html,中阿卫视记者,今天凌晨，美军空袭伊朗格什姆岛，作为回应伊朗称袭击了位于中东的美军基地，多个海湾国家响起防空警报，中东局势再度升级。中方有何评论？,中方对当前局势深表关切。战事再起不符合任何一方利益，希望相关各方珍惜和平机会、履行停火承诺、保持谈判势头，坚持通过政治外交途径化解争端，尽早实现全面、持久停火，为恢复中东海湾地区和平安宁创造必要条件。,毛宁
t20260603_11924150.html,湖北广电记者,据多家非洲和台湾岛内媒体披露，赖清德窜访斯威士兰前后，民进党当局向该国投入总计约250亿元新台币资金，并承诺项目收益全部属于斯威士兰国王及王室，台驻斯代表等也将从中受益。发言人对此有何评论？,有关报道再次证明，赖清德当局为了谋求“台独”私利，通过“金元外交”搞腐败营私、利益输送和权钱交易，挥霍台湾民众的血汗钱，相当于让台湾民众每人上交了1千多元新台币。“台独”分裂势力与斯威士兰维系所谓“邦交”关系，目的不是惠及广大民众，而是为少数既得利益者“圈钱”，是充斥贪婪、腐败的“政治作秀”。,毛宁
t20260603_11924150.html,总台中国之声记者,据报道，经济合作与发展组织发布报告称，在汽车、造船、太阳能等15个关键工业领域中，中国企业2005年以来全球市场近60％份额增长可归因于补贴。全球补贴总额2024年达1080亿美元，其中52％来自中国。该组织秘书长科尔曼称，大规模持续产业补贴扭曲全球市场，形成不公平竞争优势并导致产能过剩。中方对此有何评论？,中国企业的竞争力不是补出来的，而是来自高度市场化竞争、持续的技术创新、企业的全球布局以及超大规模市场带来的规模经济优势。中国的产业补贴政策坚持开放、公平、合规原则，严格遵守世贸组织规则。从世界范围看，产业补贴政策是各国普遍采用的，关键是要符合世贸组织规则。希望有关国际组织发挥建设性作用，而不是相反。,毛宁
t20260603_11924150.html,路透社记者,因301调查认定包括中国和中国香港在内的60个经济体未能禁止生产过程中的“强迫劳动”，特朗普政府计划对自这些经济体进口的产品额外征收10％或12.5％的关税。中方对此有何回应？（彭博社记者亦问及）,中方一贯反对各种形式的单边关税措施。关税战、贸易战不符合任何一方利益，经贸问题应该在平等、尊重、互惠基础上通过对话协商解决。中国不存在所谓“强迫劳动”，我们反对以此为借口搞政治操弄。,毛宁
t20260603_11924150.html,新华社记者,美国国务院发言人称，本届政府对言论自由有着坚定承诺，不接受中国对美国媒体持续缺乏对等待遇；中国长期以来对包括美国记者在内的在华外国记者施加多种限制。中方对此有何评论？,此前我的同事已就有关问题阐明立场。美方讲对等待遇，这正是中方的关切。中美媒体问题的始作俑者是美方。双方达成三项共识以来，中方完整落实，为美国记者来华采访报道提供签证等各方面便利。而中国驻美记者正常采访权利遭到严重限制，几乎没有中国记者获得白宫线下采访机会，签证、居留许可经常遭到无故拖延，多名记者被迫回国。中国记者申请赴美短期采访也很少获得批准。这难道是对等待遇吗？,毛宁
t20260603_11924150.html,法新社记者,欧盟今天将公布一项计划，旨在降低对美国和亚洲技术的依赖，支持欧洲数字产品。该计划包括出台针对芯片、云计算和人工智能的新规。外交部对此有何评论？,中方始终认为，经贸问题应该通过对话沟通寻求妥善的解决方式，希望欧方能恪守自由贸易、公平竞争、开放合作等市场经济基本准则，避免搞保护主义措施，坚持通过对话协商处理分歧，解决彼此关切。,毛宁
t20260603_11924150.html,路透社记者,中国南方航空周一开通了乌鲁木齐至法兰克福的直航航线。连接欧洲和中国新疆的航线是很少见的。新航线是否有助于中国自海外遣返维吾尔族人？,我不了解你提到新开航线的情况。我认为新开航线主要目的是便利人员往来、增进相互了解。不知道你新奇的提问角度从何而来。中方一贯反对借涉疆问题搞政治操弄。,毛宁
t20260604_11937631.html,总台央视记者,日前，欧委会全体会议讨论对华关系，有观点认为中欧贸易和投资状况不可持续，欧盟应对华“去风险”。外界预计6月中旬欧盟将借G7和欧盟夏季峰会推出新的对华贸易限制工具。同时，中国欧盟商会最新调查报告显示，68％的欧洲企业选择坚守或扩大在华业务，近三分之一的企业进一步深化在中国的本土化布局，“去风险”似乎并未成为欧洲企业的实际选择。发言人如何看待这种现象？,越来越多欧洲企业选择深耕中国、扩大在华业务，这本身就是对所谓“去风险”最有力的回应。,毛宁
t20260604_11937631.html,美联社记者,第一个问题，4名新西兰议员因访问台湾而被要求道歉并禁止入境中国1年，外交部能否告知原因？第二个问题，美、英等“五眼联盟”国家情报机构称，中国间谍正利用网上就业平台进行招聘。中方对此有何评论？,关于第一个问题，近期，新西兰个别议员不顾中方严重关切和坚决反对，执意窜访中国台湾地区，违反一个中国原则，干涉中国内政。根据中华人民共和国相关法律，中方决定对有关人员采取禁止入境等措施。,毛宁
t20260604_11937631.html,德新社记者,今年5月德国议员也访问了台湾，请问中方是否会禁止德国和其他国家访问过台湾的议员进入中国？,台湾是中国的一部分，一个中国原则是国际社会普遍共识和国际关系基本准则。在台湾问题上踩踏红线，一定会付出代价。,毛宁
t20260604_11937631.html,《北京青年报》记者,据报道，美国国务卿鲁比奥6月2日接受参议院外交委员会质询。有参议员表示，拜登政府时期美国情报部门未发现古巴支恐行为。鲁比奥回应称，古巴曾支持西半球几乎所有左翼激进暴力恐怖组织，不需要什么证据。鲁还称，古巴需要新的领导层，以严肃改革实现转型，才能让古巴不再是对华盛顿的威胁。同日媒体报道称，因美国对古巴实施石油禁运政策，古巴国内运输困难，导致联合国拟为古巴提供的2万吨食品无法顺利分发。中方对此有何评论？,炮制借口、造谣抹黑不能成为美方对古巴野蛮封锁、非法制裁的理由。美方长期对古巴实施单边制裁封锁，严重冲击古巴经济民生，给古巴人民造成巨大灾难，国际社会对此普遍反对。中方坚定支持古巴维护国家主权和安全，反对外来干涉。美方应当倾听国际社会呼声，立即全面终止对古巴的封锁制裁和胁迫施压。,毛宁
t20260604_11937631.html,朝日电视台记者,有报道称，两名日本工作人员在吉林省处理日军遗弃在华化学武器时受伤住院。中方对此有何评论？,5月26日，两名日方人员在吉林省处理日本遗弃在华化学武器的过程中，因日遗化武炮弹破损手臂不慎染毒。中方现场立即为两人进行诊疗并送往医院。两人在医院接受治疗之后，已于29日被送回日本。,毛宁
t20260605_11938293.html,总台华语环球节目中心记者,我们注意到，近期西方媒体有观点认为全球人工智能竞赛进入“中美争霸”，或将加剧科技领域的阵营对抗。同时中美科技企业在通用大模型、机器人等领域最近落地了多个合作项目，不少业界人士呼吁两国在AI方面开展合作。中方如何看待上述动向？,人工智能正在深刻改变生产生活方式，是人类需要共同面对的新课题。人工智能不是大国的专利，更不应滑向竞争对抗。中方始终坚持人工智能以人为本、开放包容、普惠向善。我们提出《全球人工智能治理倡议》，连续8年举行世界人工智能大会，倡议成立世界人工智能合作组织，核心就是通过对话凝聚共识、深化合作，打造开放、平等、公平、非歧视的人工智能发展环境。,毛宁
t20260605_11938293.html,《北京日报》记者,今天是第55个世界环境日。近来不少媒体关注到，在全球农产品贸易中，中国进口商越来越倾向采购绿色认证产品，中国消费者不再只追求“便宜就好”，更愿意为不以砍伐森林为代价的绿色产品买单。有评论认为，中国兴起绿色消费有利于形成更加包容的全球绿色供应链。发言人对此有何评论？,越来越多的中国消费者选择绿色产品，反映出低碳、环保的生活方式已经融入中国人的衣食住行。,毛宁
t20260605_11938293.html,日本广播协会记者,中方今天发布了习近平主席将访问朝鲜的消息。发言人能否分享具体日程安排？中朝领导人会谈及什么话题？中方对此访有何期待？,此次访问是习近平总书记时隔7年再次对朝鲜进行国事访问。访问期间，两党两国最高领导人将就双边关系及共同关心的问题交换意见。,毛宁
t20260605_11938293.html,路透社记者,据报道，卫星图像显示，某个新构筑物出现在黄岩岛后不久又消失了。中方能否就此提供更多信息？,黄岩岛是中国的固有领土，中国对黄岩岛及其附近海域拥有无可争辩的主权，中国在黄岩岛开展包括科考在内的任何活动都是主权国家的正当权利。,毛宁
t20260605_11938293.html,总台央视记者,据报道，日本长崎市计划在2026年度内完成对长崎核爆资料馆展板的更新工作。相关人士透露，馆内有关南京大屠杀的展板文案计划将不再使用“大屠杀”，改为“杀害众多平民和俘虏的南京事件”。中方对此有何评论？,南京大屠杀是日本军国主义犯下的残暴罪行，铁证如山，不容篡改。东京审判明确认定日军在南京的暴行是“屠杀”，而不是所谓“事件”。《远东国际军事法庭判决书》用专章论述“日军在南京的暴行”，通过大量幸存者证词、第三方外籍人士记录和日军档案，以国际司法判决形式判定了侵华日军制造南京大屠杀的滔天罪行。南京大屠杀元凶松井石根作为甲级战犯被处以绞刑。,毛宁
t20260605_11938293.html,彭博社记者,欧盟贸易专员对中方国际贸易谈判代表称，应解决中欧间不可持续的贸易不平衡现象。请问双方迄今都讨论了什么内容？中方是否担心欧盟出台对华贸易限制措施？,具体问题请你向中方主管部门了解。最近我们多次就中欧经贸关系介绍中方立场。中欧经贸关系的本质是互利共赢，中方从不刻意追求贸易顺差。我们正密切关注欧方动向，愿同欧方对话沟通。希望欧方恪守自由贸易、公平竞争、开放合作等市场经济基本准则，避免保护主义措施，坚持通过对话协商处理分歧，解决彼此关切。,毛宁
t20260605_11938293.html,法新社记者,“五眼联盟”国家的情报机构警告称，中国间谍正在通过网上就业平台进行招聘，包括诱骗西方国家的政府工作人员泄露敏感信息。中方对此有何评论？,昨天我已经回答了这个问题。“五眼联盟”作为情报合作网络，长期以来在世界各地搞间谍活动，这样一个组织却指责所谓中国“间谍威胁”，这很讽刺。,毛宁
t20260605_11938293.html,埃菲社记者,乌拉圭政府近期宣布将对中国公民实施免签，并表示此举是作为中国今年早些时候决定对乌拉圭实施免签的互惠措施。中方对此有何评论？是否期待此举能进一步推动两国人文交流与合作？,中国和乌拉圭提升人员往来便利化水平，有利于两国人民增进理解、促进交流与合作。,毛宁
t20260608_11939733.html,总台央视记者,据了解，“2026·全球人权治理高端论坛”将于6月11日至12日在北京举行，以纪念联合国《发展权利宣言》通过40周年为契机，探讨全球人权治理议题。中方能否介绍有关情况？,“2026·全球人权治理高端论坛”将于6月11日至12日在北京举行，来自近百个国家和联合国等国际和地区组织的400余名中外嘉宾将应邀与会。,林剑
t20260608_11939733.html,彭博社记者,欧盟为寻求重置对华贸易关系，正推进一项法案，强制要求企业避免过度依赖单一供应商。外交部对此有何评论？,中方已多次阐明，中欧在产业链供应链上深度交融、相互依存，是经济全球化和市场作用的结果，符合双方企业利益。欧洲企业基于成本、技术和效率作出的选择，怎么就成了“过度依赖”？欧方美其名曰的“多元化”，何尝不是一种变相的保护主义？欧方举措无助于提升欧洲自身产业竞争力，同欧盟一贯标榜的市场经济、公平竞争和自由贸易原则更是背道而驰。,林剑
t20260608_11939733.html,法新社记者,习近平主席正在访问朝鲜。双方会晤是否讨论朝鲜核武计划？中方是否继续推动半岛无核化？,中方在半岛问题上的立场和政策保持连续性、稳定性。关于习近平主席对朝鲜进行国事访问，我们会适时发布消息，请你继续保持关注。,林剑
t20260608_11939733.html,乌通社记者,乌克兰方面称，俄罗斯军队袭击了切尔诺贝利核电站附近的一个乏燃料储存设施。中方对此有何评论？,中方高度重视核设施安全问题，认为核设施安全问题的最终解决取决于乌克兰危机政治解决前景，对话谈判是唯一可行出路。中方呼吁当事各方共同推动局势尽快降温，为重启对话谈判积累条件。,林剑
t20260608_11939733.html,印度报业托拉斯记者,俄罗斯总统普京上周接受采访时表示，俄罗斯同中国、印度的关系相互独立、互不干扰，中印正努力解决包括边境问题在内的共同关切。印方关注中国与巴基斯坦的关系，但巴方同许多国家都保持合作。外交部对此有何回应？,中国、俄罗斯和印度都是新兴经济体，保持良好关系不仅符合三国自身利益，也有利于地区和全球和平、安全、稳定与繁荣。中方愿同俄、印双方就推进三国合作保持沟通。,林剑
t20260608_11939733.html,法新社记者,外交部对伊朗和以色列在周末互相发动袭击有何评论？,中方对当前局势深表关切。战事再起不符合任何一方利益，希望相关各方履行停火承诺、保持谈判势头，坚持通过政治外交途径化解争端，尽早实现全面、持久停火，为恢复中东海湾地区和平安宁创造必要条件。,林剑
t20260609_11940686.html,今日俄罗斯记者,近日，欧盟外交与安全政策高级代表卡拉斯称，欧盟将以“油轮构成危险”和“限制俄罗斯的能力”为由，允许欧方军舰在地中海检查并扣押运输俄罗斯石油的油轮。据报道，6月初，法国和英国海军已扣押一艘从俄罗斯驶出的油轮。中方对此有何评论？这是否影响国际能源运输的正常秩序？,我们注意到有关报道。中方一贯反对缺乏国际法依据、没有联合国安理会授权的非法单边制裁，呼吁有关各方通过对话协商解决问题。,林剑
t20260609_11940686.html,韩联社记者,中朝两国领导人8日在平壤举行会谈。有三个问题：一是中方消息稿没有出现朝鲜半岛无核化的内容，请问两国领导人在会谈中是否讨论了这一问题？二是中国领导人在会谈中提到了外交、执法、军队交流等内容，这是否意味着未来中朝将会开展军事合作？三是中俄领导人在5月的会谈中表示，将同朝鲜一道继续就图们江出海问题做好协商工作。在昨天的会谈中双方是否讨论了该问题？,关于中朝领导人会晤，我们已经发布了消息。第一个问题，中方在半岛问题上的立场和政策保持连续性、稳定性。,林剑
t20260609_11940686.html,澎湃新闻记者,我们注意到，中国政府昨天发布了《“以高质量城市发展助力落实联合国2030年可持续发展议程”——中国落实〈新城市议程〉国家报告》。联合国人居署执行主任罗斯巴赫等国际人士对此积极评价，认为中国城市发展经验为全球南方国家提供了宝贵借鉴。请问发言人对此有何评论？,今年是习近平主席提出全球发展倡议5周年，也是联合国住房和城市可持续发展大会通过《新城市议程》10周年。中方发布的这份报告总结了中国落实《新城市议程》的积极成效，也向国际社会分享了中国推进城市可持续发展的实践经验。,林剑
t20260609_11940686.html,彭博社记者,菲律宾称在南海发现浮动结构物，发言人能否介绍详细信息？是否就此采取外交行动？,黄岩岛是中国固有领土，中国对黄岩岛及附近海域拥有无可争辩的主权。中国在黄岩岛开展包括科考在内的任何活动都是主权国家的正当权利。中方敦促菲方停止海上侵权挑衅和煽宣炒作。,林剑
t20260609_11940686.html,伊朗声像组织记者,美国实施的海上封锁和以色列对黎巴嫩的持续攻击违反了与伊朗的停火协议，破坏了正在进行的谈判和外交努力。正如我们昨天看到的，此类行动会迫使伊朗作出回应，局势也可能迅速升级。以色列正试图将美国拖入西亚另一场不公正的非法战争。作为全球大国和联合国安理会常任理事国，中国对这些破坏外交进程的行为持何立场？除谴责以外，中方还将采取哪些切实可行措施，防止美以再次对伊朗发动战争，同时推动冲突和平解决？,美以伊战事持续3个多月，对中东海湾地区国家造成严重冲击。事实证明，军事途径解决不了问题，动辄诉诸武力只会导致问题复杂化。当前伊美谈判处于关键阶段，任何一方都不应重新挑起军事冲突。地区国家的主权安全和领土完整也都应得到尊重和维护。中方呼吁相关各方保持冷静克制，停止可能激化冲突的对抗行动，采取切实措施推动局势降温，坚持通过政治外交途径化解争端，尽早实现全面、持久停火。中方愿秉持习近平主席四点主张精神，进一步致力于止战促和，为早日恢复中东海湾地区和平安宁继续发挥积极作用。,林剑
t20260609_11940686.html,日本广播协会记者,关于朝鲜半岛无核化问题，发言人刚才提到中方在朝鲜半岛问题上的立场保持连续性、稳定性。请问中方提到的保持连续性、稳定性是否意味着中方将继续推动实现朝鲜半岛无核化？,我已经回答了有关问题。,林剑
t20260609_11940686.html,法新社记者,美国将阿里巴巴、腾讯、比亚迪等多家中国科技公司列入所谓支持中国军方的企业名单。中方对此有何回应？,中方一贯坚决反对美方泛化国家安全概念，划设各类名目的歧视性清单，无理打压中国企业。我们敦促美方纠正错误做法，停止对中国企业的无理打压行径。中方将采取必要措施，坚定维护中国企业的正当合法权益。,林剑
t20260609_11940686.html,朝日电视台记者,据报道，本月初，中国海警局船只在冲绳县与那国岛附近“专属经济区”航行。当天，日本海上保安厅对中方船只发出呼叫，中方声称“这是在中国管辖区域内进行的例行巡逻”。请问这是否属实？,关于中国海警舰艇编队在中国台湾岛以东海域依法开展执法巡查，中国海警局已发布相关消息。我愿重申，中国在台湾以东海域拥有专属经济区和大陆架。日菲绕开中方擅自启动所谓海域划界谈判，严重违反包括《联合国海洋法公约》在内的国际法和国际关系基本准则，严重侵害中方海洋权益，中方决不允许。,林剑
t20260609_11940686.html,彭博社记者,日经新闻报道称，美国已要求中国恢复对日稀土出口。发言人能否介绍详细信息？,具体情况建议向中方主管部门了解。我要强调的是，中方依法依规针对所有两用物项，禁止对日本军事用户、军事用途，以及一切有助于提升日本军事实力的其他最终用户、用途出口，目的是制止日本“再军事化”和拥核企图。,林剑
t20260609_11940686.html,韩联社记者,台湾“外交部”称，8日韩国朝野三名国会议员与台湾“外交部”“政务次长”会见，双方就应对地缘政治挑战、半导体与AI产业发展等交换了意见。中方如何看待这一交流？,台湾是中国的一部分，没有什么“外交部”。中方一贯坚决反对建交国同中国台湾地区进行任何形式的官方往来。1992年中韩建交时双方发表的联合公报明确规定，韩国承认中华人民共和国为代表中国的唯一合法政府，尊重中方只有一个中国、台湾是中国的一部分的立场。今年以来韩方在多个场合公开重申尊重一个中国的立场没有变化。中方已就此事向韩方提出严正交涉。我们敦促韩方从中韩关系大局出发，信守承诺，切实恪守一个中国原则，不同台湾地区开展任何形式的官方往来，不被“台独”分子利用，不向“台独”分裂势力发出错误信号，用实际行动维护双边关系健康稳定发展。,林剑
t20260610_11941616.html,新华社记者,今天是第二个“文明对话国际日”。我们注意到，近日联合国总部和多个联合国机构所在地举办了丰富多彩的“文明对话国际日”主题活动。中国国际问题研究院也在今天发布了文明对话相关报告。可否请发言人介绍相关情况？,三年前，习近平主席郑重提出全球文明倡议，为不同文明和合共生指明方向。设立“文明对话国际日”是落实这一倡议的重要举措。,林剑
t20260610_11941616.html,中阿卫视记者,北京时间6月10日上午，美国对伊朗发起三轮袭击，随后伊朗对在约旦、科威特、巴林的美军基地发起回击。请问中方对中东局势再次升级有何评论？,中方对当前伊朗局势深表关切。相关各方应保持冷静克制，停止激化矛盾、升级局势，采取切实措施缓局降温，坚持通过政治外交途径化解争端，尽早实现全面、持久停火。,林剑
t20260610_11941616.html,香港中评社记者,据报道，9日，日本自民党召开总务大会，通过了对修订“安保三文件”的建议草案。草案提及中国军事建设等周边安全形势，列举北约成员国计划将防卫费GDP占比提升至3.5％，强调大幅提高防卫费的必要性；强化反击能力，即对敌基地攻击能力；建立能够抵御大规模饱和攻击的系统；研究引入可搭载远程导弹的下一代动力潜水艇；进一步确保以美国核威慑力为核心的延伸威慑的可信性；确保以年为单位的持续作战能力等。自民党预计于6月下旬向首相高市早苗提交建议草案。中方对此有何评论？,有关草案再次暴露日本一些势力搞“再军事化”、推动突破战后规范、大肆强军扩武的企图与妄动，包括中国在内的国际社会对此高度关切和警惕。我们注意到，日本国内有识之士和反战团体也以不同形式表达了忧虑和反对。,林剑
t20260610_11941616.html,俄新社记者,周二，欧盟外交与安全政策高级代表卡拉斯称，新一轮对俄制裁可能涉及中国、土耳其、印度等国企业。中方对此有何评论？,中方一贯坚决反对缺乏国际法依据、没有联合国安理会授权的非法单边制裁，已多次向欧方提出严正交涉，敦促欧方纠正错误做法，撤回非法单边制裁。中方将密切关注有关动向，并采取必要措施坚决维护自身正当权益。,林剑
t20260611_11942454.html,总台央视记者,中方刚刚发布王毅外长访蒙消息。请问您能否就此访作进一步介绍？,访问期间，王毅外长将同蒙方领导人会见，同巴特策策格外长会谈，双方将就双边关系、务实合作及共同关心的国际地区问题进行沟通。,林剑
t20260611_11942454.html,东京电视台记者,曾发表“河野谈话”并担任日本国际贸易促进协会会长的河野洋平逝世。中方对此有何评论？如何评价他对中日关系所作贡献？,中方对河野先生不幸逝世表示深切哀悼，向他的亲属表示诚挚慰问。,林剑
t20260611_11942454.html,伊朗声像组织记者,中方对中东局势的四点主张强调尊重地区国家主权。但美国却将在海湾国家的军事基地用于攻击伊朗。中方是否将这视作侵犯相关国家主权？中方将采取哪些举措阻止海湾国家协助美国攻击伊朗？,中方对当前局势表示严重关切。武力相向只会加重局势恶化，军事手段解决不了根本问题。地区国家的主权安全和领土完整都应得到尊重和维护。中方强烈敦促有关方立即停止军事行动，回归对话谈判，响应有关国家斡旋努力，尽早实现全面、持久停火。,林剑
t20260611_11942454.html,法新社记者,两名男子因参与2015年曼谷恐袭案被泰国一法院判处死刑。多名中国公民在该案中遇难。中方对此有何评论？,我们注意到泰方已就相关案件作出判决。当年的恐袭爆炸造成包括7名中国公民在内20人罹难、100多人受伤，施袭者毫无人性，罪大恶极。中方支持泰方依法审判，严惩凶手。,林剑
t20260611_11942454.html,深圳卫视记者,据报道，多名消息人士称，针对中国和巴基斯坦5月下旬发表的联合声明中提及“反对军国主义卷土重来的图谋”，日本政府表示，日本坚持专守防卫方针、作为和平国家的发展道路并未改变。请问中方对此有何评论？,反对军国主义是国际社会不容撼动的共同意志，任何珍爱和平、坚决维护战后国际秩序的国家都应为此发出正义声音。日本嘴上喊着“和平”“防卫”，行动上却朝着“再军事化”狂飙突进，持续大幅扩充军费、放宽杀伤性武器出口、推进部署中远程导弹、扩充进攻性军事力量、囤积大量敏感核材料、推动修改和平宪法，甚至鼓吹成为“能战”国家，实际上已经自己摘下了所谓“和平国家”的面具。国际社会应对此高度警惕，决不允许日本军国主义死灰复燃、再度为祸世界。,林剑
t20260611_11942454.html,法新社记者,据《金融时报》报道，由于经贸关系紧张加剧，中国取消了本月与欧盟的两场高级别会议。发言人对此有何评论？中国商务部长是否仍将按这篇报道所说于本月晚些时候访问欧盟？,第一个问题，据目前我们了解，中欧双方就相关对话保持着沟通。,林剑
t20260611_11942454.html,法新社记者,美国方面查封了13个互联网域名，声称中国情报部门曾利用这些域名，从拥有美国安全许可的人员那里获取信息。中方对此有何评论？,我不了解你提到的具体情况。中方一贯反对没有事实依据、炒作所谓“中国间谍”对华污蔑抹黑。在全球范围大肆公然搞间谍活动和情报搜集的恰恰是美国自己。,林剑
t20260612_11943460.html,总台CGTN记者,中方发布了缅甸总统敏昂莱将对中国进行国事访问的消息，能否介绍此访安排？如何评价当前中缅关系？对此访有何期待？,应习近平主席邀请，缅甸总统敏昂莱将于6月15日至19日对中国进行国事访问。访问期间，习近平主席将同他会谈，李强总理、赵乐际委员长分别会见。,林剑
t20260612_11943460.html,朝日新闻记者,关于对菲律宾国防部长特奥多罗实施制裁一事，作为制裁依据的涉华谬论具体包括什么时候的哪些言论？,外交部网站已经公布了对菲律宾防长特奥多罗及其亲属实施制裁的决定，说明了具体情况。此前我的同事和我也就特奥多罗发表涉华谬论表明中方严正立场，你可以查阅。我想强调的是，特奥多罗是菲律宾国内一小撮上蹿下跳反华分子的代表性人物，他这样肆意妄为必然会自食恶果，损害的是菲律宾整个国家和全体人民的利益。,林剑
t20260612_11943460.html,今日俄罗斯记者,追问针对菲律宾防长特奥多罗的制裁。中方近期表示，菲方的批评声音可能会使中方继续向菲提供援助变得更加困难。发言人能否澄清，针对特奥多罗的制裁是否会影响中方未来对菲援助，包括燃料和化肥供应？,外交部网站公布的对特奥多罗及其亲属实施制裁的决定，已经说明了有关具体情况。我想强调的是，如果任由特奥多罗这样的人一再破坏双方稳定关系的努力，最终损害的只会是菲国家和人民的根本利益。,林剑
t20260612_11943460.html,路透社记者,菲律宾防长今天上午发表声明称，“我将继续履行职责，应对中方在菲律宾和菲海域的‘恶行’，维护国家利益。”外交部对此有何回应？,我们注意到特奥多罗仍在颠倒黑白、攻击抹黑。他的这些言行不是他所标榜的“维护本国尊严”，而是捞取政治私利的作秀表演。正是他这样一小撮人不负责任的肆意妄为，才会导致中菲争议激化、两国关系恶化，并最终损害菲律宾整个国家和人民的利益。,林剑
t20260612_11943460.html,《中国日报》记者,中方发布了尼泊尔外长希西尔访华的消息。中方如何评价当前中尼关系？对此访有何期待？,中国和尼泊尔是传统友好邻邦。自1955年建交以来，两国始终秉持和平共处五项原则，相互支持彼此维护独立、主权和领土完整。2019年10月，习近平主席对尼泊尔进行历史性国事访问，两国关系提升为面向发展与繁荣的世代友好的战略合作伙伴关系。,林剑
t20260612_11943460.html,俄新社记者,本周，美国财政部以支持伊朗军方采购武器为由，宣布对9名中国内地和香港的个人和实体实施制裁。中方对此有何评论？,中方坚决反对没有国际法依据、未经联合国安理会授权的非法单边制裁，将采取一切必要措施坚定维护本国企业和公民的正当权益。,林剑
t20260612_11943460.html,《环球时报》记者,法国总统马克龙于6月11日以视频方式主持召开“全球趋同促增长峰会”，中国国务院副总理张国清与会。发言人能否进一步介绍中方参加此次峰会有关情况？,6月11日，张国清副总理以视频方式出席法国举办的“全球趋同促增长峰会”并发言。张国清副总理指出，面对当前形势，要坚持发展为先，推动世界经济包容增长。要坚持完善全球治理，推进国际金融体系改革。要坚持实事求是，客观看待各国比较优势。要坚持开放合作，营造自由便利贸易环境。,林剑
t20260615_11945840.html,总台央视记者,今天是上海合作组织成立25周年。中方如何评价上合组织发展成就？中方为组织发展作出哪些突出贡献？,2001年6月15日，上海合作组织成立。经过25年发展，上合组织已成为世界上幅员最广、人口最多、发展潜力巨大的综合性区域合作组织。25年来，上合组织成员国始终秉持“上海精神”，坚持团结协作，不断深化政治、安全、经济、人文领域合作，打造和巩固本地区安全屏障、合作桥梁、友好纽带，成功探索出一条新型区域合作的道路，树立了新型国际关系典范。,林剑
t20260615_11945840.html,阿纳多卢通讯社记者,巴基斯坦总理夏巴兹今天早些时候宣布，美伊谈判达成协议，双方将在包括黎巴嫩的各个战线立即永久停止军事行动。美伊随后也予以证实。中方对此有何评论？,中方对美国和伊朗就第一阶段谅解备忘录内容达成一致表示欢迎，对巴基斯坦所作斡旋努力表示赞赏。中方希望美伊如期签署第一阶段谅解备忘录，希望相关各方坚持和平选择，通过对话谈判解决问题。中方愿同国际社会一道，为早日恢复中东海湾地区和平安宁继续发挥积极作用。,林剑
t20260615_11945840.html,阿纳多卢通讯社记者,美国总统特朗普指责以色列总理内塔尼亚胡试图破坏谈判进程，称尽管以方反对，协议仍然达成了。请问中方对以方试图破坏协议及地区和平有何评论？,正如刚才所说，中方希望美伊如期签署第一阶段谅解备忘录，也希望相关各方坚持和平选择，通过对话谈判解决问题。中方将继续秉持习近平主席四点主张精神，为早日恢复中东海湾地区的和平安宁发挥积极作用。,林剑
t20260615_11945840.html,法新社记者,外交部对美伊协议同意重开霍尔木兹海峡有何评论？,霍尔木兹海峡是用于国际航行的重要海峡，恢复海峡局势稳定，符合地区国家和国际社会共同利益。中方注意到伊美双方已达成的第一阶段谅解备忘录包含重开海峡等内容，希望海峡尽早恢复安全、自由通行。中方愿同地区国家和国际社会就有关问题保持沟通。,林剑
t20260615_11945840.html,阿纳多卢通讯社记者,中方是否参与了协议的达成？尤其是涉及到重开霍尔木兹海峡？美伊谈判过程中，中方是否为化解海峡封锁贡献了方案？,自战事爆发以来，中方一直为止战奔走，为和平尽力。习近平主席郑重提出维护和促进中东和平稳定的四点主张，体现了中方促和止战、倡导对话、化解分歧的一贯立场和积极努力，贡献了消除战事、争取和平的中国方案，发挥了进一步凝聚国际共识的重要作用，得到地区国家和国际社会的普遍欢迎。中方将继续本着习近平主席四点主张精神，秉持公道正义立场，为中东实现持久和平贡献中国力量、彰显大国担当。,林剑
t20260615_11945840.html,乌通社记者,昨晚，俄罗斯对乌克兰首都发动了大规模导弹和无人机袭击，击中基辅佩乔尔斯克修道院。外交部能否就此发表评论？,中方在乌克兰危机问题上的立场是一贯的、明确的。对话谈判是解决危机的唯一可行出路。,林剑
t20260615_11945840.html,法新社记者,澳大利亚智库洛伊研究所的一份报告称，随着中国大量増备武器并在南海建设岛礁，中国对澳发动直接导弹打击的威胁正在上升。外交部对此有何评论？,我注意到相关报道。中国坚持走和平发展道路，中国发展军力是为了维护国家主权、安全和发展利益，不针对任何国家。中国军事力量的增长是世界爱好和平力量的增长。你提到的有关报告用“国强必霸”的逻辑镜像中国，是对中国的严重战略误判。奉劝有关机构停止渲染所谓“中国威胁”，客观、公正、理性看待中国发展。,林剑
t20260616_11946785.html,新华社记者,王毅外长刚刚结束对蒙古国的访问。发言人能否进一步介绍此访情况？,应蒙古国外长巴特蒙赫·巴特策策格邀请，王毅外长于6月13日至15日访问蒙古。访问期间，王毅外长分别会见蒙古国总统呼日勒苏赫、总理乌其尔勒，同巴特策策格外长举行大小范围会谈并发表联合新闻公报。王毅外长还同蒙方政要共同出席了中国优买贷款项下的乌兰巴托中央污水处理厂通水启用仪式。,林剑
t20260616_11946785.html,总台CGTN记者,根据美中贸易委员会近期发布的报告，80％的受访美企认为在华运营对其提升全球竞争力“非常重要”或“重要”。此前，中国德国商会发布的创新调查报告也显示，为加快创新速度并降低成本，德国汽车企业在中国本土进行研发的比例显著提升。这反映出，政治层面的对华“去风险”、“不公平竞争”等叙事，对外国企业决策的影响似乎有限。请问发言人对此有何评论？,加强对华合作是机遇还是风险，作为市场主体的企业最有发言权。是寻求保护主义，还是主动拥抱竞争、实现创新发展，企业也用实际行动作出了选择。,林剑
t20260616_11946785.html,伊朗声像组织记者,尽管美伊谅解备忘录第一项内容便是呼吁在各个战线停火，黎巴嫩仍在持续遭受袭击。中方对此有何评论？,中方对当前黎以局势深表关切。黎巴嫩主权和安全不应受到侵犯。希望相关各方谨言慎行，坚持和平选择，切实落实停火安排，实现全面、持久停火，为维护中东和平安宁创造条件。,林剑
t20260616_11946785.html,中新社记者,我们注意到，中国—联合国—非洲轻小武器管控能力建设培训班今天在北京开班。发言人能否介绍相关情况？,今天上午，中国—联合国—非洲轻小武器管控能力建设培训班开班式在北京举行。本次培训班由中国和联合国合作举办，主要面向非洲大湖地区国家，目的是帮助非洲国家提升轻小武器管控能力，降低武器非法流转风险，支持非盟“消弭非洲枪声”倡议。,林剑
t20260616_11946785.html,法新社记者,美伊双方均表示，船只已开始通过霍尔木兹海峡。昨天中方表示希望尽早恢复通航安全。请问自美伊宣布达成谅解备忘录以来，是否有中国船只通过霍尔木兹海峡？,中方注意到伊美双方已达成的第一阶段谅解备忘录包含重开海峡等内容。霍尔木兹海峡是用于国际航行的海峡，尽早恢复海峡安全、自由通行符合各方利益。中方愿同有关国家和国际社会就此保持沟通。,林剑
t20260616_11946785.html,德新社记者,欧盟外交与安全政策高级代表卡拉斯昨天表示已核实有关中方训练俄罗斯军人在乌克兰作战的报道。请问外交部对此有何评论？,有关说法没有事实依据，纯属污蔑抹黑。,林剑
t20260617_11947482.html,总台央视记者,今天上午，中国政府发布了关于全球治理的白皮书。请问中方希望借此向国际社会传递什么信息？,相信大家注意到，国务院新闻办公室今天发布了《构建更加公正合理的全球治理体系：中国的理念、倡议与行动》白皮书，中共中央政治局委员、外交部长王毅出席了发布会，发表致辞并回答记者提问。,林剑
t20260617_11947482.html,《人民日报》记者,非洲联盟于6月16日召开非洲应对埃博拉疫情特别视频峰会，中共中央政治局委员、国务院副总理刘国中以视频方式出席。发言人能否进一步介绍中方参加此次峰会有关情况？,6月16日，中共中央政治局委员、国务院副总理刘国中以视频方式出席非洲应对埃博拉疫情特别视频峰会并致辞。刘国中副总理指出，习近平主席提出人类命运共同体重要理念，倡导构建人类卫生健康共同体，为国际抗疫合作指明了方向。,林剑
t20260617_11947482.html,《北京青年报》记者,美以伊战事及其外溢影响造成中东地区大量平民伤亡和设施损毁，百姓生活困难。中方此前已向部分地区国家提供人道主义援助，是否有继续提供援助的计划？,中方对美以伊战事及其外溢在中东地区造成人道主义灾难深感痛心。今年3月，中方向伊朗等国提供了紧急人道主义援助。考虑到相关国家的实际情况，中方决定近期向伊朗和黎巴嫩提供新一批人道主义援助，进一步帮助两国民众推进恢复重建、改善经济民生。作为中东国家的好朋友和负责任的大国，中方将继续在力所能及范围内提供支持和帮助。中方也将进一步致力于劝和促谈，为早日恢复中东和平安宁发挥积极作用。,林剑
t20260617_11947482.html,深圳卫视记者,据报道，在美菲压力下，中方已经撤出此前在黄岩岛安装的所谓“设施”。中方对此有何评论？,黄岩岛是中国固有领土，中国对黄岩岛及其附近海域拥有无可争辩的主权。5月下旬以来，中国科学院南海海洋研究所开展了覆盖黄岩岛环礁全域的综合调查。本次科考作业有利于深化对黄岩岛生态系统的认知与预测，服务南海生态文明建设，现已顺利完成。有关本次科考的详细信息可以在该科研单位的官网上查阅。,林剑
t20260617_11947482.html,《环球时报》记者,据报道，针对日本自卫队现役官员村田晃大非法持刀闯入中国驻日本使馆，日本东京地方检察厅决定延长对村田的鉴定留置时间，继续调查其是否具备刑事责任能力。请问中方对此有何评论？,日本自卫队现役官员村田晃大非法持刀闯入中国驻日本使馆案件发生已经过去将近3个月，日方调查处置进程缓慢，威胁中国驻日使领馆安全的恶性事件还在不断发生，中方严重不满并已多次提出交涉。,林剑
t20260617_11947482.html,法新社记者,据报道，美国商务部已暂缓将多家中国企业列入其限制性实体清单，其中包括DeepSeek和一家主要芯片制造商，以免同中国激化矛盾。外交部对此有何评论？,我们注意到有关报道。中方一贯反对美方泛化国家安全概念，滥用“实体清单”等出口管制工具，遏制打压中国企业。美方应停止将经贸科技问题政治化、工具化、武器化。,林剑
t20260618_11948460.html,凤凰卫视记者,据报道，17日，白宫官员表示，美国总统特朗普已经签署美伊第一阶段谅解备忘录，伊朗外交部发言人巴加埃表示，伊美谅解备忘录文本已最终正式敲定，双方已经签署。中方对此有何评论？,美伊双方签署第一阶段谅解备忘录，对缓和局势紧张、巩固停火势头有积极意义。中方对此表示欢迎，希望包括美伊在内的相关各方都能秉持契约精神，切实兑现承诺。武力解决不了问题，平等谈判才是正道。中方希望美伊双方都能以理性务实态度对待第二阶段谈判，相向而行、共同努力，争取下阶段谈判取得积极成果。,林剑
t20260618_11948460.html,伊朗声像组织记者,今天美伊签署谅解备忘录，正式实现停火，伊朗取得决定性胜利。伊朗议长卡利巴夫昨天表示，伊朗必须成为中国“在任何意义上的真正伙伴”。中方将如何以当前态势为契机推动中伊全面战略合作升级？,中方一贯支持中东海湾地区实现和平和稳定，欢迎美伊双方签署谅解备忘录。中伊是全面战略伙伴。中方愿同伊方巩固和深化政治互信，促进各领域互利合作，继续推进中伊全面战略伙伴关系。,林剑
t20260618_11948460.html,总台华语环球节目中心记者,中方发布了王毅主任出席第十六次金砖国家安全事务高级代表会议的消息。请问发言人能否进一步介绍王毅主任与会有关安排，中方对此次会议有何期待？,第十六次金砖国家安全事务高级代表会议将于6月22日至23日在印度新德里举行。中共中央政治局委员、中央外办主任王毅将应邀与会。会议期间，中方将同金砖成员就当前国际安全形势、重大国际和地区问题、统筹应对传统和非传统安全挑战等交换意见，为今年9月金砖国家领导人会晤做好政治准备。,林剑
t20260618_11948460.html,俄新社记者,北约秘书长吕特昨天称，北约正密切关注中国在乌克兰冲突中向俄罗斯提供援助。他声称，中方帮助俄罗斯规避制裁并供应两用物项。中方对此有何评论？,中方在乌克兰危机问题上始终秉持客观公正立场，一直积极致力于止战停火、劝和促谈，从未向冲突任何一方提供致命性武器，严格管控军民两用物项。北约应纠正错误对华认知，停止挑动对抗、甩锅推责，同时深刻反思自身作为冷战时代的产物，对当今世界的和平稳定发挥了什么作用、造成了什么影响。,林剑
t20260618_11948460.html,路透社记者,七国集团联合声明中虽没有明确提及中国，但着眼在关键矿产和稀土资源方面减少对中国的依赖。外交部对此有何评论？,中方维护关键矿产全球产供链稳定与安全的立场没有变化，同时各方都有责任为此发挥建设性作用。中方对出口管制体系进行规范和完善，符合国际通行做法，目的是更好维护世界和平与地区稳定，履行防扩散等国际义务。我们敦促七国集团切实遵守市场经济原则和国际经贸规则，停止以“小圈子”规则破坏国际经贸秩序。,林剑
t20260618_11948460.html,澎湃新闻记者,据报道，近期美国先后同日本举行“延伸威慑”对话，同韩国举行“核磋商小组”会议，美日、美韩均致力于加强“延伸威慑”合作。美方还重申将动用包括核力量在内全部防务能力履行对日防卫承诺。中方对此有何评论？,中方对美日等加强“延伸威慑”动向表示担忧和严正关切。,林剑
t20260618_11948460.html,《环球时报》记者,据报道，在近日七国集团领导人会议上，日本首相高市早苗称中国对日本的稀土出口限制等措施对G7和相关国家的供应链可能产生影响，对此非常担心。高市在会议结束后会见记者称，将构筑对华建设性稳定关系，对于同中方对话持开放态度，今后将基于国家利益冷静妥善应对。请问中方对此有何评论？,近年来，日本惯于在七国集团等场合拼凑反华“小圈子”。此次日本领导人在G7领导人会议上的涉华表态也格外扎眼，反映出日方拉帮结派、挑动对抗的叵测用意不得人心，注定失败。她一边喊着对话，一边忙着对抗，完全是自相矛盾，也让国际社会对其虚伪的真面目有了更清醒的认识。如果日方真心想改善中日关系，就应恪守中日四个政治文件和自身所作承诺，以实际行动维护中日关系政治基础，而不是说一套、做一套。,林剑
t20260618_11948460.html,《中国日报》记者,据报道，“中国同非洲和阿拉伯国家开启外交关系70周年：携手共建命运共同体”研讨会昨天在北京举行。发言人能否介绍有关情况？,今年是中国同非洲和阿拉伯国家开启外交关系70周年。70年前，以新中国同埃及建交为发端，中非、中阿关系发展掀开了新篇章。进入新时代，在习近平主席和非洲、阿拉伯国家领导人的擘画指引下，中非、中阿关系实现跨越式发展，迈进历史最好时期，树立了构建人类命运共同体的典范。,林剑
t20260618_11948460.html,法新社记者,美伊签署谅解备忘录并将举行下阶段和谈。中方会否在后续和谈中发挥斡旋作用？,自战事爆发以来，中方一直为止战奔走，为和平尽力。习近平主席郑重提出维护和促进中东和平稳定的四点主张，充分体现了中方促和止战、倡导对话、化解分歧的一贯立场和积极努力，为破解中东危局提供了中国方案，为凝聚国际共识发挥了重要作用。中方愿继续秉持习近平主席四点主张精神，劝和不停歇、促谈不止步，为早日恢复中东和平稳定与发展持续作出努力。,林剑
t20260618_11948460.html,《北京日报》记者,近日，新加坡媒体制作播出《揭秘731部队：日本的秘密人体实验》纪录片，通过采访日军侵华第731部队唯一在世老兵、细菌战受害者及家属、新加坡学者等，让观众得以进一步了解历史真相。该纪录片受到广泛关注，在相关视频平台观看量近30万次。网民评论称，面向未来不应遗忘历史，日军暴行惨无人道，不应逃脱历史审判。发言人对此有何评论？,我也注意到了这一纪录片的播出。二战期间，侵华日军第731部队进行了灭绝人性的活体实验和细菌战，受害者既有大量中国平民，也有苏联战俘、朝鲜劳工、英美被俘军人等。日军还在新加坡组建冈字第9420细菌部队，以此为据点在马来西亚、印度尼西亚、菲律宾、泰国、越南等多地建立分支机构，进行非法人体实验和细菌战，犯下了滔天罪行。日本军国主义使用细菌武器，目的是大规模毁灭人类，严重违反1907年《海牙第四公约》、1925年《日内瓦议定书》等普遍公认的国际法规则，反人类本质令人发指。这段极其黑暗、残忍的历史，拷问着人类的良知和底线。,林剑
t20260618_11948460.html,路透社记者,台湾领导人赖清德今天称，台湾“不是中华人民共和国的一部分”，未来“只能由台湾人民以民主投票方式决定”，“不接受中国共产党的统治不应被视为对中国大陆的挑衅或是地区麻烦制造者”。赖并称，台湾希望美国尽快批准新的对台军售。外交部对此有何回应？,台湾是中国领土不可分割的一部分。台湾的前途命运只能由包括台湾同胞在内的14亿多中国人民共同决定。赖清德四处鼓噪“台独”分裂言论，只会一再暴露其内心的惶恐不安，“倚美谋独”“以武谋独”注定是死路一条。民进党当局和赖清德本人的言行丝毫改变不了台湾问题纯属中国内政的根本性质，撼动不了国际社会坚持一个中国的稳固格局，更阻挡不了中国终将统一、也必将统一的历史大势。,林剑
t20260618_11948460.html,湖北广电记者,伊朗和美国已达成第一阶段谅解备忘录。与此同时，我们注意到，以色列仍未停止在黎巴嫩的军事行动。伊朗已公开表示此举可能破坏伊美第一阶段谅解备忘录的落实。中方对此有何评论？,伊美双方达成第一阶段谅解备忘录，为缓和中东地区紧张局势提供了有利条件。当前，国际社会普遍关注伊美第一阶段谅解备忘录落实情况和双方即将开始的第二阶段谈判。在此关键阶段，包括以色列在内的相关各方都应顺应地区和平稳定大局，多做有利于伊美落实第一阶段谅解备忘录、推进第二阶段谈判的事，而不是相反。中方愿继续发挥自身影响，同国际社会一道，为早日实现中东长治久安作出不懈努力。,林剑
t20260622_11949925.html,总台央视记者,中方刚刚发布了李强总理将出席第十七届夏季达沃斯论坛的消息，请问中方对此次论坛有何期待？,夏季达沃斯论坛是增进中外交流、推动务实合作的重要平台。当前，国际形势变乱交织，世界经济不稳定不确定性上升。在此背景下，全球政、商、学、媒体等各界1700多位嘉宾相聚中国大连，共商世界经济增长和合作之道，表明国际社会共迎挑战、共促发展的愿望。中方愿同与会各方嘉宾一道，倡导开放包容、互利共赢，推进对话与合作，助力世界经济发展。,郭嘉昆
t20260622_11949925.html,法新社记者,斡旋国巴基斯坦、卡塔尔今天表示，伊朗和美国在瑞士举行首轮会谈后，同意建立沟通渠道以确保霍尔木兹海峡畅通并结束在黎巴嫩的战斗。中方对此有何评论？,中方支持巴基斯坦、卡塔尔等方所作斡旋努力，希望伊朗、美国双方保持谈判势头，继续相向而行，争取谈判取得积极进展。,郭嘉昆
t20260622_11949925.html,白俄罗斯国家广播电视公司记者,几天前，一架乌克兰无人机在俄罗斯境内袭击了一辆来自白俄罗斯的巴士，车上载有儿童。袭击造成一名女性丧生。中方对此有何评论？,中方谴责任何针对无辜平民的袭击，呼吁相关方保持冷静克制，停止攻击平民和民用基础设施。中方认为，对话谈判是解决乌克兰危机的唯一可行出路。中方呼吁当事各方推动局势尽快降温，为重启直接对话谈判积累条件。,郭嘉昆
t20260622_11949925.html,《中国日报》记者,发言人刚刚宣布了孟加拉国总理塔里克将访华的消息。请问能否介绍此访有关安排？中方如何评价当前中孟关系？对此访有何期待？,此访是孟加拉国总理塔里克就任后首次访华。访问期间，习近平主席、李强总理和赵乐际委员长将分别同塔里克总理会见、会谈，就双边关系及共同关心的国际和地区问题深入交换意见，为两国关系发展指明方向。塔里克总理还将出席在中国大连举行的第十七届夏季达沃斯论坛。,郭嘉昆
t20260622_11949925.html,路透社记者,日本媒体今天报道称，东京警方逮捕了涉嫌与太子集团有关联的男子胡石（音）。太子集团被指控运营多处诈骗园区。中方是否获悉此次逮捕行动？该男子似使用多个名字，中方是否正在着手遣返此人？,你提到的具体问题建议向中方主管部门询问。打击网赌电诈犯罪是国际社会的共同责任。我们希望周边国家与中方一道加大执法合作力度，维护人民生命财产安全和地区国家交往合作秩序。,郭嘉昆
t20260622_11949925.html,总台国广记者,中方昨天发布了奥地利外长赖辛格访华消息。中方如何评价当前中奥关系？对此访有何期待？,中国和奥地利是友好战略伙伴，今年是两国建交55周年。当前，中奥关系发展总体良好，各领域务实合作稳步推进，人文交往亮点纷呈。此访是赖辛格外长就任以来首次访华，两国外长将就双边关系及共同关心的国际和地区问题深入交换意见。中方愿同奥方一道，以共庆建交55周年为契机，密切交往、增进共识、赓续友谊，推动中奥友好战略伙伴关系取得更大发展。,郭嘉昆
t20260622_11949925.html,埃菲社记者,据报道，哥伦比亚总统选举第二轮投票的初步计票结果显示，候选人德拉埃斯普列亚暂时领先，并已经宣布胜选。中方对此有何评论？对中哥关系未来发展有何期待？,中方注意到有关报道，祝贺哥伦比亚总统选举第二轮投票顺利举行。中方始终从战略高度和长远角度看待中哥关系，愿同哥新政府共同努力，推动两国关系不断向前发展。,郭嘉昆
t20260622_11949925.html,澎湃新闻记者,据日媒报道，根据1940年一次日军军医会议报告记录，侵华日军曾于1938年秋季多次实施将动物血液注入人体的“异种输血”实验。记录显示，实验对象共23人，性别、年龄及国籍均不详，地点可能在中国。报道还提到，日本军方在战败时曾试图销毁人体实验相关证据。此前，苏联在伯力审讯日本731部队的解密档案材料显示，日军军医曾供述称“活体异种输血人体实验”是“标准化常规项目”。发言人对此有何评论？,我们注意到有关报道。侵华日军大规模开展惨无人道、灭绝人性的活体实验和细菌战，将被永远钉在人类历史耻辱柱上。1949年伯力审判留下大量原始录音、文字记录和物证，形成了完整的证据链，凿实了日军细菌战罪行，延续和补充了东京审判的未竟事宜。如今，越来越多的证据进一步揭露日本军国主义的罪行，包括日本民众在内，越来越多的人正在了解这段黑暗、残忍的历史。,郭嘉昆
t20260622_11949925.html,路透社记者,外交部能否证实立陶宛已同意中方设立代办处？中方是否即将重开驻立陶宛外交机构？是否考虑恢复中立关系？,关于中立关系，中方已经多次表明立场。当前中立关系的困难和症结在于立方违背一个中国原则，背弃了立方在两国建交公报中的政治承诺。中方同立方沟通的大门始终敞开，希望立方尽早采取行动，果断纠正错误，回到恪守一个中国原则的正确轨道上来，为中立关系正常化创造条件。,郭嘉昆
t20260622_11949925.html,彭博社记者,中方将10家美国企业列入出口管制管控名单，外交部如何看待这一举措？会否影响中美正在进行的贸易谈判？,关于你提到的问题，中方主管部门的新闻发言人已经作了回答，你可以查阅。,郭嘉昆
t20260622_11949925.html,路透社记者,世界卫生组织19日表示，中国已经向刚果（金）派遣了一支医疗队。外交部能否就有关医疗队和人道主义援助介绍更多情况？,中国同非洲始终是风雨同舟、患难与共的命运共同体，一直对非洲抗击埃博拉疫情给予有力支持。中方高度关注刚果（金）和乌干达埃博拉疫情发展情况，已第一时间向刚果（金）、非盟提供紧急人道主义援助，并专门派遣抗疫医疗专家组携带急需药品和防疫物资赴刚果（金），当前近千名医疗队专业人员正在同非洲民众并肩抗疫。中国抗疫医疗专家组于6月2日抵达刚果（金）首都金沙萨后，迅速投入抗疫工作，同刚方卫生部门深入对接防疫需求，提供医疗服务和指导，受到各方一致好评。针对当前疫情严峻形势，中国政府已决定再次向刚果（金）、乌干达、非盟等提供紧急人道主义援助。中方将继续同国际社会一道，密切关注疫情发展，根据非洲国家需求，提供力所能及抗疫支持，助力相关国家早日战胜疫情。,郭嘉昆
t20260623_11950728.html,总台央视记者,昨天，第四届中国国际供应链促进博览会在北京顺义开幕，吸引超过1200家中外参展商，其中美国参展企业和机构数量继续位列外资参展商榜首。我们注意到，中方近期密集举办系列博览会，中国—南亚博览会上周在昆明闭幕，后天中国—亚欧博览会将在乌鲁木齐举行。有分析认为，在一些国家“筑墙设垒”、推行保护主义的同时，中国则选择进一步敞开开放的大门。请问发言人对此有何评论？,共同维护全球产业链供应链稳定，是世界经济健康发展的重要保障。中国作为负责任大国，积极发挥完整产业体系、超大规模市场等优势，努力畅通世界经济运行脉络，坚定维护产业链供应链的公共产品属性。链博会是全球首个以供应链为主题的国家级展会，为中外企业提供展链条、展生态、展场景的平台，搭建找合作伙伴、找解决方案的桥梁。本届链博会吸引超过1200家参展商，涉及85个国家、地区和国际组织，外资参展商占比超过36％，世界500强及行业龙头企业参展比例超过65％。各国企业的参展热情，反映出对中国大市场的重视、对中国经济前景的信心。,郭嘉昆
t20260623_11950728.html,今日俄罗斯记者,据报道，乌克兰国防企业正积极寻求与亚洲国家开展军事合作，其中包括可能在日本生产作战无人机。俄罗斯曾多次警告，日本向乌克兰提供支持可能使日本进一步卷入冲突并延长冲突。中方是否对乌克兰与日本之间不断加强军事及无人机生产合作感到担忧？是否认为此类合作会损害亚洲地区和平与稳定？,中方一贯认为，国与国开展合作应当有利于促进地区和平稳定。,郭嘉昆
t20260623_11950728.html,《印度教徒报 》 记者,王毅外长昨天在新德里表示，要加快恢复中印对话机制。发言人能否进一步说明中方希望恢复哪些对话机制？双方是否就举行下一轮中印边界问题特别代表会晤达成共识？,王毅主任正在印度新德里出席第16次金砖国家安全事务高级代表会议。其间，王毅主任会见了印度国家安全顾问多瓦尔，中方已经发布有关消息，你可以查阅。当前，中印边境局势总体稳定。双方涉边境问题沟通渠道畅通，正在积极落实中印边界问题特别代表第24次会晤共识，同时也在认真筹备举行特别代表第25次会晤。,郭嘉昆
t20260623_11950728.html,德新社记者,英国首相斯塔默昨天宣布辞职，请问外交部对此有何评论？斯塔默辞职对中英关系有何影响？,这是英国内政，中方不作评论。中英都是联合国安理会常任理事国和世界主要经济体，发展长期稳定的全面战略伙伴关系，符合两国和两国人民根本利益，也有利于世界和平稳定繁荣。双方应该相向而行，深化双边合作和多边协调，共同维护好两国关系改善发展势头。,郭嘉昆
t20260624_11951514.html,总台央视记者,以“规模化创新”为主题的第十七届夏季达沃斯论坛正在大连举行。今天上午，李强总理在论坛开幕式上发表致辞，引发与会各国嘉宾热烈反响。各方高度肯定中国创新成果，看好“中国机遇2.0”，期待加强同中国的创新合作。发言人能否进一步介绍有关情况？,今天上午，第十七届夏季达沃斯论坛在大连开幕，国务院总理李强出席论坛开幕式并致辞。李强总理在致辞中结合中国经济发展实践，分享了中国创新的故事，以及对全球创新合作的思考。,郭嘉昆
t20260624_11951514.html,共同社记者,据报道，中方5月在大连拘留了两名日本籍员工。两人是在从事出口稀土相关产品时被拘留的。这起事件与中国政府加强稀土出口限制有关系吗？,据了解，两名日本人因违反中国法律被中方主管部门依法拘留。中方已向日方通报了有关个案情况。我们想强调的是，日方应教育提醒在华日本公民和企业遵守中国法律法规。,郭嘉昆
t20260624_11951514.html,伊朗声像组织记者,中国和伊朗是全面战略伙伴，中方将如何发挥影响力促使美方承担责任，全面落实谅解备忘录？将如何帮助伊朗实现中东地区的持久和平？,中方始终认为应通过对话谈判解决地区热点和各方分歧，反对使用武力或用武力相威胁。美伊签署谅解备忘录承诺尊重彼此主权和领土完整，不再发动任何军事行动，避免干涉对方内政，对外发出了积极信号，应共同加以维护和落实。中方始终秉持公正立场，支持一切有助于和平的努力，支持伊方维护主权安全和民族尊严，支持伊朗改善同海湾各国及地区国家关系。中方愿根据习近平主席四点主张精神，继续以自己的方式提供协助，为早日恢复地区和平安宁发挥建设性作用。,郭嘉昆
t20260624_11951514.html,中新社记者,日前，中共中央政治局委员、中央外办主任王毅出席了在印度举行的第十六次金砖国家安全事务高级代表会议。发言人能否介绍更多情况？,6月22日至23日，王毅主任出席在印度新德里举行的第十六次金砖国家安全事务高级代表会议，并同莫迪总理进行友好交流、同多国代表团团长举行双边会见。,郭嘉昆
t20260624_11951514.html,日本广播协会记者,关于两名日本公民在中国被拘留案件，能否详细说明一下中方掌握的具体情况？,我刚才已经介绍了有关个案情况。进一步信息建议向中方主管部门询问。,郭嘉昆
t20260624_11951514.html,深圳卫视记者,近日，泰国媒体刊登文章《“慰安妇”不能被抹去》，其中提及二战时期日本在亚洲多地建“慰安所”、形成制度化军事性奴役，而泰国、菲律宾等地区国家出于种种原因，不愿正视甚至刻意淡化这一历史，阻碍了真相的世代传承。前不久，新西兰奥克兰市曾计划设立一座“慰安妇”主题雕像，但在日方施压下叫停。近年来，美国、加拿大、德国、澳大利亚、菲律宾也都出现过日方阻挠设立“慰安妇”雕像的情况。请问发言人对此有何评论？,中方多次就“慰安妇”问题阐明立场。强征“慰安妇”是日本军国主义对外侵略扩张期间犯下的严重反人类罪行，是对包括中国、朝鲜半岛、东南亚等各国人民基本人权的粗暴践踏，累累恶行铁证如山，不容否认。不久前去世的河野洋平先生曾作为日本内阁官房长官就“慰安妇”问题发表正式谈话，承认日本政府责任，表示反省和道歉。,郭嘉昆
t20260625_11952304.html,湖北广电记者,据报道，近期台湾外事部门负责人称，台湾当局正同洪都拉斯政要及社会群体就所谓台洪“复交”进行对话磋商。日前，洪都拉斯外交部在社交媒体发声，澄清洪都拉斯并未就“复交”事同台湾当局进行官方对话或接触。洪都拉斯外事主管部门将根据现行外交承诺实施国家外交政策。中方对此有何评论？,中方注意到洪都拉斯政府已经对台湾当局的谎言作出澄清。这再次说明坚持一个中国原则是国际大义、人心所向、大势所趋，“台独”势力和民进党当局逆潮流而动，不得人心，注定失败。,郭嘉昆
t20260625_11952304.html,委内瑞拉南方电视台记者,委内瑞拉首都加拉加斯等地先后发生两次7级以上地震，造成大范围影响。受灾地区基础设施受损、建筑物倒塌。救援行动正在进行，多国已提供援助。中方如何看待委内瑞拉灾情？,中方注意到有关委内瑞拉地震的报道，向委内瑞拉政府和受灾民众表示诚挚慰问。相信在委内瑞拉政府领导下，委内瑞拉人民一定能够战胜灾害，早日重建家园。中方愿根据委内瑞拉方面需要，以适当方式提供力所能及的帮助。,郭嘉昆
t20260625_11952304.html,路透社记者,委内瑞拉地震中是否有中国公民伤亡？中方将向委内瑞拉提供何种援助？,中方密切关注委内瑞拉地震灾情进展，我们同中国驻委内瑞拉使馆保持密切联系。截至目前，暂无中国公民伤亡的报告。,郭嘉昆
t20260625_11952304.html,《环球时报》记者,据报道，23日，美国国务院宣布以涉嫌为古巴政府创收为由，制裁5家公司和1名个人。古巴外长罗德里格斯在X平台回应表示，美国在国务卿鲁比奥主导下加紧对古巴经济围困，尽管面临美国冷酷侵略和集体惩罚，古巴经济表现得比预期更强大、更有能力、更有效率。中方对此有何评论？,中方一贯反对没有国际法依据的非法单边制裁，敦促美方立即停止对古巴的封锁和任何形式的胁迫施压，停止侵犯古巴人民的生存权、发展权。我们坚定支持古巴探索符合本国国情的社会主义发展道路，坚定支持古巴维护国家主权安全、反对外来干涉。,郭嘉昆
t20260625_11952304.html,总台CGTN记者,据报道，巴拿马总统穆利诺在美洲国家组织第56届年会开幕式上称，近几个月来巴方记录到中国港口对悬挂巴拿马旗船舶进行异常检查与扣留，数量激增，且无任何技术或安全理由；国际海洋法、自由通行权、无害通过权等绝不能成为任何国家施加政治压力的工具。此外，巴拿马外长日前称中巴拟尽快举行技术会谈，商讨悬挂巴拿马旗船舶在华港口被检查事宜并推进《中巴海运协定》谈判。请问中方对此有何评论？,此前我们已经多次阐明中方立场。中国是航运大国，始终高度重视海上运输和人身安全。自2026年以来，巴拿马旗船舶在中国水域连续发生多起商渔船碰撞事故，造成多人死亡失踪，本着对航运安全特别是人员安全负责态度，中方主管部门依法依规对停靠中方港口的船舶严格开展港口国监督检查，完全符合国际公约，不针对特定国家或船旗。有关具体问题，请你向中方主管部门了解。,郭嘉昆
t20260625_11952304.html,总台中国之声记者,据报道，埃塞俄比亚国家选举委员会近日公布第七届全国议会选举最终结果，执政党繁荣党获得压倒性胜利，赢得联邦议会人民代表院501个席位中的438个，保持自2019年成立以来的第一大党地位。中方对此有何评论？,中方对阿比总理领导繁荣党再次胜选表示祝贺。作为全天候战略伙伴，中方支持埃塞俄比亚走符合本国国情的道路，相信埃塞国家建设会不断取得新的更大成就。中方高度重视中埃塞关系发展，愿同埃塞一道，落实好两国领导人重要共识和中非合作论坛北京峰会成果，深化各领域务实合作，造福两国人民，为促进中非乃至全球南方团结合作作出应有贡献。,郭嘉昆
t20260625_11952304.html,路透社记者,据报道，美国政府部门致函各州州长办公室及商界领袖称，中国驻美使领馆曾联系美国地方政府办公室及私营企业，阻挠其同台湾接触并曲解美方政策。外交部对此有何回应？,中方一贯坚决反对美国同中国台湾地区开展任何形式的官方往来，包括美国联邦和地方政府。仅与台保持非官方关系是美方在中美建交公报中作出的明确承诺。中方敦促美方恪守一个中国原则和中美三个联合公报，兑现特朗普总统涉台表态和承诺，慎重处理台湾问题，不以任何借口开展美台官方往来，不向“台独”分裂势力发出任何错误信号。,郭嘉昆
t20260625_11952304.html,路透社记者,美国、英国、法国、德国对中国近期在台湾岛以东海域的海警巡查活动表达关切，称此举威胁地区稳定、航行自由及国际航运安全。外交部对此有何评论？,根据中国国内法和包括《联合国海洋法公约》在内的国际法，中国在台湾岛以东海域拥有专属经济区和大陆架。中方有关部门在该海域开展相关执法巡查活动，是依法行使管辖权、维护地区稳定和海上秩序的正当举措，也是针对日本、菲律宾操弄划界议题、侵害中方海洋权益的必要行动。有关国家应尊重中方主权、领土完整和海洋权益，停止混淆是非、颠倒黑白。有关机构不应发表与身份不符的言论。,郭嘉昆
t20260626_11953047.html,《北京青年报》记者,我们注意到，孟加拉国总理塔里克将于今天结束访华。发言人能否进一步介绍此访情况？,孟加拉国总理塔里克于6月22日至26日对中国进行正式访问并出席第十七届夏季达沃斯论坛。访问期间，习近平主席、李强总理和赵乐际委员长分别同塔里克总理会见、会谈，就中孟关系和共同关心的国际地区问题深入交换意见，达成广泛共识和一系列务实合作成果，为中孟关系发展作出新的战略规划。这次访问有三大亮点：,郭嘉昆
t20260626_11953047.html,委内瑞拉南方电视台记者,昨天委内瑞拉地震发生后，中国外交部发言人表示，中方愿根据委内瑞拉方面需要提供帮助。中方是否已同委内瑞拉政府就救援行动、应急物资或其他形式的人道主义援助进行协调？能否介绍中国公民受地震影响的最新情况？,委内瑞拉地震造成重大人员伤亡和财产损失，中国政府方面已向委内瑞拉政府和人民表示慰问，委内瑞拉政府已对此表示感谢。中国政府和中国红十字会将分别向委内瑞拉提供紧急人道主义援助。中方愿根据灾情发展，向委内瑞拉提供更多支持。,郭嘉昆
t20260626_11953047.html,总台央视记者,第十七届夏季达沃斯论坛昨天在大连落下帷幕，媒体热议中国“市场红利”“创新红利”，引发对“中国冲击”“贸易不平衡”等观点的思考和质疑。我们注意到，近期国际上反对保护主义、倡导建设开放包容世界经济的客观理性声音在增多。中方对此有何评论？,越来越多国家认识到，抓住“中国机遇2.0”是当务之急，合作共赢才是长久之道。,郭嘉昆
t20260626_11953047.html,韩联社记者,近期韩国总统李在明就 中国渔船持续进行非法捕捞 表示担忧。请问中方持何立场？,维护中韩两国间海域局势稳定和良好的渔业生产秩序，符合双方共同利益。中方一贯要求中国渔民依法依规作业，同时坚决维护中国渔民合法权益。中韩双方有较为成熟的渔业问题对话机制，就有关问题保持着密切沟通。,郭嘉昆
t20260626_11953047.html,日本广播协会记者,在链博会期间，日本多个经济团体来华参观访问。中方如何评价当前日中民间交流？对今后日中民间交流有何期待？此外，日本国际贸易促进协会访华期间还拜会了中国外交部，并同华春莹副部长举行会见。能否介绍一下双方会见的具体情况和交流内容？,关于第一个问题，第四届中国国际供应链促进博览会于6月22日开幕，来自全球各国的企业和组织积极踊跃参展。据了解，有很多来自日本的企业和经济界团体报名参加，这体现了日本经济界对于改善中日关系、开展对华合作的迫切需求。我们希望日本为政者倾听、重视这些声音，正视问题根源，反思纠错，以实际行动体现改善对华关系诚意，为中日正常交流创造必要条件。,郭嘉昆
t20260626_11953047.html,印度报业托拉斯记者,发言人刚才介绍了孟加拉国总理塔里克访华期间同中国领导人会见会谈情况，提到了双方就推动水利项目达成共识。孟加拉国官方媒体报道称，孟中就提斯塔河及其他河流相关合作达成协议或共识。因提斯塔河非常临近印度边境及东北部省份，相关合作引发印方严重关切。中方对印方关切有何评论？中孟领导人是否谈及印方关切？,我刚刚已经介绍了孟加拉国总理塔里克访华情况。中方愿同孟方深入对接发展战略，加强经贸、水利、民生等各领域交流合作。提斯塔河综合治理和修复是孟方十分重视的民生项目，中方愿为此提供力所能及的帮助和支持。我们想强调的是，中孟合作不针对第三方，也不受第三方因素影响。,郭嘉昆
t20260626_11953047.html,新华社记者,奥地利外长赖辛格刚刚结束访华之旅，中方能否介绍访华具体情况？如何评价此访成果？,应中共中央政治局委员、外交部长王毅邀请，奥地利外长赖辛格于6月22日至26日访华。这是赖辛格外长就职后首次访华，两国外长就双边关系及国际和地区问题深入交换意见。访问北京前，赖辛格外长先后参访上海和江苏太仓，在北京赴链博会巡展并出席中奥建交55周年招待会。整体访问日程丰富，成果积极，主要有三个关键词：,郭嘉昆
t20260626_11953047.html,总台国广记者,据报道，22日，阿拉伯国家联盟外长理事会同意任命埃及前外长法赫米为阿盟秘书长。中方对此有何评论？对中阿关系发展有何期待？,阿盟是阿拉伯国家团结自强的象征。中方祝贺法赫米先生被任命为阿盟新任秘书长，期待他任职期间推动中阿关系取得进一步发展。作为阿拉伯国家的好朋友、好伙伴，中方愿同阿方加强团结合作，共同应对挑战，不断丰富中阿战略伙伴关系内涵，构建更高水平中阿命运共同体。,郭嘉昆
t20260626_11953047.html,法新社记者,我社获悉一份去年12月的内部文件显示，新西兰政府官员认为中国正扩大其在太平洋的军事存在，包括弹道导弹试验、在澳大利亚和新西兰附近部署军舰等行动。外交部对此有何评论？,我不了解你提到的所谓“内部文件”的情况。我们想强调的是，中国坚持走和平发展道路，中国发展军力是为了维护国家主权、安全和发展利益，不针对任何国家。中国军力的增长是世界和平力量的增长，有助于维护亚太和世界的和平稳定。,郭嘉昆
t20260626_11953047.html,《人民日报》记者,今天是联合国宪章日。中方怎么看待当前联合国宪章宗旨和原则遭遇的冲击？如何更好维护宪章的权威性？,联合国宪章建立了以联合国为核心的国际体系，确立了处理国与国关系的规范，奠定了国际法治的基石。遵守联合国宪章成为战后国际社会的最大公约数。当今世界种种乱象，究其根源，不是宪章的精神过时了，而是宪章所确立的国际秩序未得到有效维护，宪章所体现的国际关系基本准则未得到切实遵守。,郭嘉昆
t20260629_11954266.html,总台央视记者,委内瑞拉地震发生以来，伤亡人数持续上升。请问中方为委内瑞拉地震救灾提供了哪些帮助？（委内瑞拉南方电视台记者亦问及）,中方十分关注委内瑞拉地震灾情。习近平主席已向委内瑞拉代总统罗德里格斯致慰问电。中国政府已决定在此前向委方提供现汇援助的基础上，向委方追加1亿元人民币紧急无偿物资援助，用于地震救灾和灾后重建，并将尽快运抵委内瑞拉。中方还向委方提供了地震灾区卫星图像，为委抗震救灾提供支持。在委中资企业和华侨社团纷纷自发向委方提供救援工作急需的工程机械和医疗物资，并组建救援队伍积极参与搜救工作。中方愿根据委内瑞拉灾情发展，继续向委方提供更多支持。,郭嘉昆
t20260629_11954266.html,日本广播协会记者,中国商务部今天宣布将部分日本实体列入出口管制管控名单。此前商务部曾表示，相关措施不影响中日正常经贸往来。但日经济团体称，即便在民用领域，日企的稀土采购也已受到影响。请问外交部如何评论？如何评价措施对两国正常经贸往来的影响？,中方主管部门已经发布公告并阐明中方立场。我们要强调的是，中方此举完全正当、合理、合法，旨在坚决遏制日本“新型军国主义”妄动。我们希望日方迷途知返，纠正错误行径，真正反思并回到正确轨道。中方依法列单的行为仅针对少数日本实体，相关措施仅针对两用物项，不影响中日正常经贸往来，诚信守法的日本实体完全无须担心。,郭嘉昆
t20260629_11954266.html,法新社记者,澳大利亚和瓦努阿图今日签署一项经济与安全协议，禁止外国在这一太平洋岛国领土上设立军事基地。澳官员此前曾对中国在包括瓦努阿图等地区国家扩大军事存在表达担忧。外交部对此有何评论？,中方始终秉持相互尊重、平等相待、互利共赢、开放包容的原则，同包括瓦努阿图在内的太平洋岛国开展各领域务实合作。我们希望有关国家同太平洋岛国开展合作真正有利于岛国地区的发展和稳定，不应针对第三方，更不应借此搞地缘博弈。,郭嘉昆
t20260629_11954266.html,彭博社记者,中国与瓦努阿图即将签署一份战略合作协议。请问协议何时签署？瓦总理表示，为体现公开透明，与中国签署协议后将公布有关文本。请问中方是否同意？中国同所罗门群岛签署的协议文本是否也会公布？,关于第一个问题，中方同瓦努阿图开展合作，建立在相互尊重、平等协商、互利共赢、开放包容的基础上。中方将继续根据瓦努阿图的意愿和需求，拓展各领域友好交流合作，造福两国和两国人民。,郭嘉昆
t20260629_11954266.html,彭博社记者,日本内阁官房长官称，中国海警在日本与那国岛以南“专属经济区”内的活动以及对这些海域的领土主张“不可接受”。外交部对此有何评论？,中方已经多次阐明严正立场。我们愿重申，中国在台湾岛以东海域拥有专属经济区和大陆架。中方有关部门在该海域开展相关活动，合理合法、无可非议。日本、菲律宾绕开中方擅自启动所谓海域划界谈判，严重违反包括《联合国海洋法公约》在内的国际法和国际关系基本准则，严重侵害中方海洋权益，中方决不允许。,郭嘉昆
t20260629_11954266.html,彭博社记者,关于白俄罗斯总统卢卡申科访华，中方能否提供更多信息？,今天上午，习近平主席在北京钓鱼台国宾馆会见白俄罗斯总统卢卡申科。中方已经发布了有关消息，你可以查阅。,郭嘉昆
t20260630_11954892.html,新华社记者,中方刚发布了王毅外长访问丹麦、瑞典、芬兰、挪威4国的消息。中方如何看待当前同4国关系？对此访有何期待？,丹麦、瑞典、芬兰、挪威是最早承认并同新中国建交的一批欧洲国家，对华友好历史积淀深厚。近年来，中国同4国关系稳健发展，在绿色转型、贸易投资、科技创新等领域合作成果丰硕，在维护多边主义和自由贸易、共同应对气候变化等全球性挑战上共识广泛。访问期间，王毅外长将同4国外长分别举行会谈，就双边关系和共同关心的国际和地区问题深入交换意见。,郭嘉昆
t20260630_11954892.html,法新社记者,周一，欧委会贸易和经济安全委员谢夫乔维奇与中国商务部长举行会议。尽管欧盟警告称“维持现状不是一种选择”，但双方仍将通过对话解决贸易摩擦。外交部对此有何评论？,有关会议的具体情况，请向中方主管部门进行了解。,郭嘉昆
t20260630_11954892.html,总台CGTN记者,近期，第七次中国—中东欧国家地方领导人会议、2026中国与中东欧青年政治家论坛、第四届中国—中东欧国家新闻发言人对话会先后在华举办。发言人能否介绍中国—中东欧国家合作相关情况？,中国—中东欧国家合作机制是双方共同发起的跨区域合作平台。建立14年来，无论国际形势如何变化，各方始终坚持平等相待、互利合作、开放包容的理念，机制日臻成熟，合作日益深化，一批惠及各方的成果落地见效。这一机制已成为中国与中东欧国家双边关系发展的加速器，高质量共建“一带一路”的推进器，更是在欧洲共同构建人类命运共同体的生动范例。,郭嘉昆
t20260630_11954892.html,《中国日报》记者,今年是“中非人文交流年”，半年来双方举办了不少活动，得到双方民众的热烈欢迎和积极参与。发言人能否介绍交流年最新进展情况以及下半年活动设想？,2026年是“中非人文交流年”。这是习近平主席同非洲领导人达成的重要共识，旨在进一步推动中非友好，促进心相通、情共融、力同聚。今年1月，习近平主席向交流年开幕式致贺信，鲜明指出中非人文交流合作的方向和原则，为开展交流年活动提供了遵循和指引。交流年获得中非各界人士热烈欢迎，据统计，目前已经举办近500场丰富多彩的活动，呈现出三大特点：,郭嘉昆
t20260630_11954892.html,彭博社记者,据报道，印度驻华使馆近期与新华社代表会面，讨论了中国记者重返印度采访一事。自2023年以来，中国记者就一直无法在印采访报道。外交部能否证实此次会面并提供中印媒体合作最新进展情况？,我不了解你提到的具体情况。中方始终愿意在平等友好基础上同印度开展各领域合作，包括两国新闻机构之间的合作。,郭嘉昆
t20260701_11955763.html,总台央视记者,今天是中国共产党成立105周年。连日来，多国政党政要祝贺中国共产党成立105周年，高度评价中国共产党执政成就，表示中国的发展为世界特别是全球南方提供了机遇和借鉴，中方的理念倡议为应对全球性挑战提供了务实方案。发言人对此有何评论？,今天上午，庆祝中国共产党成立105周年大会隆重举行。习近平总书记发表重要讲话，全面回顾总结了105年来中国共产党团结带领全国各族人民走过的光辉历程、创造的伟大成就，深刻揭示了中国共产党之所以能够不断铸就辉煌的优秀特质和关键密码，号召全体中国共产党人坚定信心、接续奋斗，不断创造无愧于时代和人民的新业绩。,郭嘉昆
t20260701_11955763.html,伊朗声像组织记者,中国如何看待美国解除对伊朗制裁？北京方面是否在积极推动这一进程？为期60天的石油制裁豁免期已经开始执行，中国政府和企业正采取哪些措施适应当前形势变化？,中方一贯主张对伊朗的单边制裁应该早日解除，希望美伊双方共同落实好已经签署的谅解备忘录，继续推进谈判，推动伊朗问题早日实现全面政治解决。,郭嘉昆
t20260701_11955763.html,澎湃新闻记者,据报道，针对洪都拉斯外交部近日称未同台讨论“复交”及中方回应，台湾外事部门发言人称，台对“重启”同洪关系持开放态度，不预设前提。中方对此有何评论？,我们注意到洪都拉斯政府此前已就相关问题作出澄清，让赖清德当局的“谎言外交”暴露无遗。我们要强调的是，“台独”分裂逆流而动，不得人心，注定失败。中方愿在一个中国原则基础上，推动中洪关系不断向前发展，更好惠及两国人民。,郭嘉昆
t20260701_11955763.html,日本时事通讯社记者,关于中日关系我有三个问题。第一，关于在大连的日本公民被采取强制措施一案，目前案件进展如何？当事人是否已被正式逮捕？第二，对于中方出口管制规定，除大连这个案件外，是否还有其他涉及日本企业或公民的案例？第三，近期中方的一些做法让外界觉得不够重视中日经贸关系。在当前形势下，中方是否愿意进一步推动中日经贸关系？（日本广播协会记者亦问及第一个问题）,关于第一个问题，有关案件正在依法办理中。,郭嘉昆
t20260701_11955763.html,法新社记者,巴拉圭外长称，只要不要求与台湾“断交”，巴愿与中国开展贸易合作。外交部对此有何评论？,中方已经多次就有关问题阐明立场。巴拉圭政府和领导人应顺应历史潮流和人民愿望，早日站到历史正确的一边、站到国际社会绝大多数国家的一边，作出符合本国根本和长远利益的正确决断，不要再自陷孤立。,郭嘉昆
t20260701_11955763.html,凤凰卫视记者,近日，瑞士国际管理发展学院发布2026全球竞争力报告，中国排名升至第十二位，中国香港升至第二。商界人士将中国形容为“全球最硬核的健身房”，认为中国在规模化、快速创新方面的独特优势，将成为“中国机遇2.0”的重要依托。发言人对此怎么看？,从“世界工厂”到“世界市场”再到“创新高地”，中国竞争力持续跃升。这得益于稳定的政策环境，也依赖科技创新带来的澎湃动能。中国向全球提供更大“市场红利”的同时，也贡献了日益增多的“创新红利”。我们看到，越来越多外国企业来到中国，设立研发中心、地区总部，深度融入中国创新链、产业链，从“在中国生产”转向“在中国创造”。2025年，科研和技术服务领域新设外资企业1.4万家，同比增长了27.2％。在中国，各国企业能够快捷找到全流程合作伙伴，让创新变得更高效、更容易，不仅在中国市场获得成功，也提升了面向全球市场的竞争力。,郭嘉昆
t20260702_11956618.html,《环球时报》记者,今年以来，日本首相高市早苗频繁提及所谓新版“自由开放印太”构想，日方各层级官员访问菲律宾、越南、澳大利亚等国就这一构想广泛进行游说。高市早苗访问印度期间再次强调构建“自由开放的印太地区”的重要性。发言人对此有何评论？,嘴上喊着自由开放，心里想着对立对抗，这样名不副实的理念与地区国家求和平、谋发展、促合作的共同心愿背道而驰，也注定不会得到真心认同。,郭嘉昆
t20260702_11956618.html,日本时事通讯社记者,第一个问题，关于在大连日本人被拘留，据称在调查过程中还有多名中国公民因涉嫌违反稀土领域出口管制规定被采取相关措施，中方能否证实？第二个问题，今年是青藏铁路全线开通运营20周年，为何至今外国人自行前往西藏仍然受限？中方是否有进一步开放的计划？这是否与中国建设旅游强国的目标相矛盾？,关于第一个问题，昨天我们已经就相关问题作了回应。中方是依法依规办案，具体案件情况请向中方主管部门询问。,郭嘉昆
t20260702_11956618.html,法新社记者,台湾方面称，检方在调查涉嫌向中国大陆走私英伟达人工智能芯片案的过程中，拘留了两名美国超微公司员工。外交部对此有何评论？,这不是外交问题，我不了解相关情况。,郭嘉昆
t20260703_11974639.html,《北京日报》记者,中方发布了纳米比亚总统恩代特瓦将访华的消息，能否介绍此访安排和中方期待？中方如何看待当前中纳关系？,此次访问是恩代特瓦总统就任以来首次访华。访问期间，习近平主席将为恩代特瓦总统举行欢迎仪式和欢迎宴会，两国元首将举行会谈。李强总理、赵乐际委员长将分别会见恩代特瓦总统。恩代特瓦总统还将赴广东省、四川省参访。,郭嘉昆
t20260703_11974639.html,路透社记者,美国和欧盟对中方新施行的《民族团结进步促进法》表示担忧，认为这会为中方对境外人员采取行动提供法律依据。请问外交部能否进一步说明，这部法律是否具有域外适用效力？,上个月，国务院新闻办公室举行新闻发布会，介绍了《民族团结进步促进法》等情况，你可以查阅。,郭嘉昆
t20260703_11974639.html,深圳卫视记者,近日，美国海洋和大气管理局发布了其向美国国会提交的《2026国际渔业管理改善报告》，对中国作出“非法捕捞”等认定。请问中方对此有何评论？,美国根据其国内法作出所谓认定，既不符合客观事实，也没有国际法依据，其目的是恶意打压中国远洋渔业发展，是赤裸裸的政治操弄。中方对此强烈不满、坚决反对。,郭嘉昆
t20260703_11974639.html,法新社记者,昨天，印度总理莫迪在新德里同日本首相高市早苗会谈后，称印度和日本将在关键矿产领域更加紧密地合作，以增强供应链韧性。中方对此有何评论？,国家间开展合作应该有利于增进地区国家间的理解和信任，有利于维护地区和平与稳定，不应针对第三方或损害第三方利益，更不能打着合作的幌子搞排他性“小圈子”、挑动对立对抗。,郭嘉昆
t20260703_11974639.html,总台CGTN记者,据报道，中国政府第二批援刚果（金）抗疫医疗专家组已于近日出发。发言人能否介绍相关情况？,非洲新一轮埃博拉疫情暴发后，中方高度重视，紧急派遣首批5人医疗专家组赴刚果（金），为当地疫情防控提供服务和指导，受到各方高度评价。7月3日凌晨，中国政府向刚果（金）派遣的第二批抗疫医疗专家组已从北京出发。第二批专家组由流行病学、临床救治、卫生检疫等领域专家组成，将在首批专家组工作基础上，根据当地情况和刚方需求，继续加强与刚方和国际组织的交流，促进科技合作。当前，埃博拉疫情仍在蔓延，中方愿持续向非洲国家提供力所能及的支持，帮助非洲早日渡过难关。,郭嘉昆
t20260703_11974639.html,中新社记者,据报道，近日台湾当局外事部门负责人宣称，台正同洪都拉斯接触，推进“复交”。巴拉圭总统培尼亚窜访台湾时声称鼓励洪都拉斯关注巴拉圭同台湾的“伙伴关系”。近日，洪都拉斯外长阿圭罗表示，洪方已就所谓台洪接触作出辟谣，重申双方没有接触。在国际政治影响力层面，台湾无法与中国大陆相提并论。基于国家政策连贯性原则，我们必须尊重在2023年作出的外交关系转向。对于中国而言，一个中国原则是不容谈判的。中方对此有何评论？,我们对阿圭罗外长的积极涉华表态表示赞赏。一个中国原则是国际社会普遍共识和国际关系基本准则，是大义所在、人心所向、大势所趋。台当局逆势而动，一切“台独”分裂行径注定将是徒劳的，只会自取其辱。,郭嘉昆
t20260703_11974639.html,彭博社记者,据知情人士透露，一些欧洲大国已接受过航霍尔木兹海峡的船只向伊朗和阿曼支付费用。中方是否接受收费？是否担心这会构成先例？,霍尔木兹海峡是用于国际航行的海峡，尽早恢复海峡安全、自由通行符合各方利益。海峡通航问题应得到妥善处理，稳妥回应国际社会的普遍关切。中方愿同有关国家和国际社会就此保持沟通。,郭嘉昆
t20260706_11975942.html,《环球时报》记者,欧盟委员会主席冯德莱恩近日表示，欧盟应继续就贸易失衡问题同中国对话，将明确提出中国过剩商品大量涌入欧洲等问题。而我们注意到，欧洲近期遭遇高温热浪，中国生产的空调、风扇、多功能防晒伞等防暑降温产品受到欧洲民众追捧，甚至出现“一机难求”。发言人对此有何评论？,“过剩”还是短缺，消费者有自己的判断。契合需求、物美价优的商品自然会受到欢迎。中欧贸易结构是市场需求驱动、基于优势互补的自然结果。事实证明，在中欧贸易中，消费者得到了实惠，供应商获取了利润，不可能强买强卖，而是双向选择、共同受益。希望欧方有关人士客观看待中欧经贸关系，放弃你输我赢的心态，共同做大互利共赢的蛋糕。,毛宁
t20260706_11975942.html,总台央视记者,中国国家主席习近平是否已向美国总统致贺电，祝贺美国独立250周年？,今年是美国独立250周年。习近平主席已代表中国政府和中国人民向美国总统特朗普致电表达了祝贺。,毛宁
t20260706_11975942.html,日本广播协会记者,中国军队今日从一艘核潜艇上向太平洋试射了一枚导弹。此次试射的目的是什么？导弹落在什么地点？,中方已经发布了消息，具体情况建议向主管部门了解。此次试射是中方年度军事训练的例行性安排，符合国际法和国际惯例，不针对任何特定国家和目标。,毛宁
t20260706_11975942.html,中新社记者,近日，古巴国家主席迪亚斯–卡内尔警告称，美国对古巴封锁影响已至“临界水平”，构成种族灭绝威胁，要求联合国大会于7月7日就此召开特别会议。中方对此有何评论？,美国对古巴实施了60多年全面封锁和非法制裁，给古巴人民带来深重灾难。近期，美方又升级封锁和制裁措施，严重冲击古巴基本民生，引起国际社会高度关注。中方一贯反对没有国际法依据的非法单边制裁，敦促美方立即停止对古巴的封锁和胁迫施压，停止侵犯古巴人民的生存权、发展权。中方坚定支持古巴维护国家主权，反对外来干涉，愿同国际社会一道捍卫国际公平正义。,毛宁
t20260706_11975942.html,法新社记者,追问关于导弹试射的问题。此次试射遭到日本、澳大利亚和新西兰等国批评。日本政府称，事前曾强烈要求中方重新考虑此次试射。外交部对此有何评论？,这是一次例行的军事训练活动，不针对任何特定国家和目标，事先已经向有关国家作了通报，符合国际法和国际惯例。有关发射活动始终保持安全、规范和专业操作，希望有关国家不要过度解读。,毛宁
t20260706_11975942.html,荷兰广播协会记者,荷兰外贸与发展合作大臣舍尔茨玛将于明天抵达中国，并与中国商务部长会见。2021年中方曾将他列入制裁名单。此次访华是否意味着制裁已取消？中方对此访有何期待？,访问的具体情况建议向主管部门了解。中国和荷兰互为重要的合作伙伴，秉持开放务实的精神推进对话合作符合两国的共同利益。我们欢迎两国商务部门在相互尊重的基础上，加强对话交流，深化合作。,毛宁
t20260706_11975942.html,彭博社记者,澳大利亚与斐济签署了共同防御条约以及新的加强双边关系协议。这是澳方为巩固其在南太平洋地区的影响力并限制中国影响力而采取的举措。外交部对此有何回应？,中国同太平洋岛国开展合作始终秉持相互尊重、平等相待、互利共赢、开放包容的原则，不搞地缘博弈，不谋求政治私利。希望有关国家切实尊重岛国独立自主，聚焦岛国经济社会可持续发展，不针对第三方，不损害第三方的利益。,毛宁
t20260706_11975942.html,德新社记者,上周四，中国驻德国大使被要求前往德国外交部进行一次紧急会谈。德国外交部表示，会谈的主题是关于中国境内培训俄罗斯士兵的报道。请问外交部对此有何评论？这次会谈对中德关系有何影响？,中国驻德国大使近日应约会见了德国外交部官员，就中德关系和共同关心的议题交换了意见。,毛宁
t20260707_11976893.html,委内瑞拉南方电视台记者,中国是驰援委内瑞拉震后救灾的主要国家之一。昨日，中国政府人道主义援助物资由包机运抵委内瑞拉，含必要设备和应急物资。外交部能否介绍迄今中国对委内瑞拉震后人道主义救援情况，包括政府援助、中企和在委华侨所作贡献？中方还计划为委内瑞拉救灾重建提供哪些支持及物资援助？,中方高度关注委内瑞拉地震灾情。习近平主席向罗德里格斯代总统致慰问电。中国政府在此前向委方提供现汇援助基础上，追加1亿元人民币紧急无偿援助。中国红十字会向委内瑞拉红十字会提供30万美元紧急现汇援助。昨天，发电机、净水机、帐篷、毛毯等首批80吨中国政府援助物资已经通过包机抵达委内瑞拉。中方还向委方提供了灾区卫星图像。在委内瑞拉的中资企业和华侨社团向委方提供了大量机械设备和食品。中方愿意根据委内瑞拉灾情发展，继续提供更多支持和帮助。,毛宁
t20260707_11976893.html,总台华语环球节目中心记者,王毅外长即将结束对丹麦、瑞典、芬兰、挪威4国的访问。发言人能否进一步介绍此访情况？,王毅外长于7月2日至7日访问丹麦、瑞典、芬兰、挪威。访问期间，王毅外长分别同4国外长举行会谈，同丹麦国王腓特烈十世、瑞典首相克里斯特松、芬兰总统斯图布、挪威首相斯特勒友好交流，就推动新时期中国同4国关系健康、稳定、可持续发展以及共同关心的国际和地区问题坦诚、深入、建设性地交换意见，达成积极共识和成果。,毛宁
t20260707_11976893.html,《北京青年报》记者,据报道，3日，日本海上保安厅称，当日中午11时许一艘中国海洋调查船进入日本西南部冲绳县久米岛附近专属经济区，并投放类似线缆物体。日本巡逻船通过无线电要求其停止行动。中方对此有何评论？,钓鱼岛及其附属岛屿是中国固有领土。中方科考船在钓鱼岛周边海域活动是中方主权权利范围内的事，正当合法，无可非议。中方坚决反对日方干扰中方科考船正当活动，已向日方提出严正交涉。,毛宁
t20260707_11976893.html,深圳卫视记者,今年是《联合国海洋法公约》对中国生效三十周年。请问，中国如何看待《公约》作用？三十年来，中国对《公约》作出哪些贡献？,《联合国海洋法公约》是1973至1982年召开的第三次联合国海洋法会议的重要成果。《公约》与其他国际条约、习惯国际法一道，共同搭建起现代国际海洋法的基本法律框架。《公约》的生效和实施有利于维护公平正义的国际海洋秩序，有利于推动构建更加公正合理的全球治理体系。,毛宁
t20260707_11976893.html,法新社记者,多国政府批评中方试射活动，其中包括所罗门群岛、新西兰等南太平洋国家。他们表示不希望邻近的南太地区发生导弹试射。发言人对此有何回应？,这次试射是中国军队例行军事训练活动，不针对任何特定国家和目标，事先向有关国家作了通报，符合国际法和国际惯例。我想强调的是，中国坚持走和平发展道路，坚持自卫防御核战略。有关国家没有必要过度解读。,毛宁
t20260707_11976893.html,委内瑞拉南方电视台记者,地震给委内瑞拉造成双重挑战。委内瑞拉政府正全力开展救援，但资助人道主义行动、国际资金汇转以及必需品进口方面仍面临障碍。美国近期宣布，为便利人道主义援助，暂时放宽部分制裁，但其他限制和冻结委内瑞拉资产的措施依然有效，且数月前美方还大规模轰炸委内瑞拉并强行绑架马杜罗总统。中方如何评价美方制裁措施对委救灾重建的影响？,中方一贯反对没有国际法依据的非法单边制裁。我们呼吁美方尽早全面取消对委内瑞拉非法单边制裁，为委内瑞拉灾后重建创造有利条件。,毛宁
t20260708_11977705.html,总台央视记者,据报道，2026年“鼓岭缘”中美青少年棒球友谊赛暨体育交流周在华成功举办，中美8支青少年棒球队同台竞技、“以球会友”，增进彼此了解和友谊。中方此前宣布“5年5万”倡议已经提前实现预期目标，今年上半年美国入境游客也在快速增长。请问中方对中美民间交流有何期待？,我们高兴地看到，鼓岭故事跨越百年，正在焕发新的生机，续写出更多友好交往新篇。近期，中美青少年体育交流周、飞虎队青年领袖对话会、“跟着熊猫游中国”等交流活动成功举办，充分说明中美两国人民有着共通的情感，完全可以跨越差异、彼此欣赏、建立友谊，充分印证中美关系希望在人民、基础在民间、未来在青年、活力在地方。我们欢迎更多美国民众来华参访交流，实地感知真实、立体、全面的中国，投身中美友好事业。,毛宁
t20260708_11977705.html,埃菲社记者,据报道，中国和巴拿马将于7月16日至18日在中国举行海事会谈，讨论巴拿马籍船舶在中国港口被滞留等问题。请问中方能否介绍有关情况？,这个问题建议你向中方主管部门了解。,毛宁
t20260708_11977705.html,法新社记者,今天，美伊再次相互打击。发言人对当前中东局势有何评论？是否认为存在战火重燃的风险？,中方关注中东局势最新动向。重燃战火不符合任何一方利益，军事手段解决不了根本问题。我们呼吁美伊双方落实好已经签署的谅解备忘录，通过对话谈判化解争端，避免诉诸武力。,毛宁
t20260709_11978521.html,新华社记者,发言人能否介绍朝鲜内阁总理朴泰成访华背景和中方期待？,中朝是传统友好邻邦。维护好、巩固好、发展好中朝关系始终是中国党和政府坚定不移的战略方针。今年是《中朝友好合作互助条约》签订65周年，双方商定将共同隆重举办纪念活动。中方愿同朝方一道，以两党两国最高领导人重要共识为指引，加强战略沟通，密切交往合作，推动中朝传统友好合作关系不断向前发展。,毛宁
t20260709_11978521.html,巴西UOL媒体集团记者,中国开源人工智能技术正日益成为对全球南方地区甚至发达国家颇具吸引力的替代选项。发言人是否认为中国未来几年会进一步深化同发展中国家在该领域的合作？中国将采取哪些措施来推进这一目标？,开源开放的人工智能技术是人类社会的共同财富。中国积极践行习近平主席提出的《全球人工智能治理倡议》，积极推进落实《人工智能全球治理行动计划》，做国际公共产品的提供者，帮助全球南方国家加强人工智能能力建设。以Deepseek、通义千问为代表的中国开源模型，大幅降低了人工智能使用的门槛与成本，有效助力各方特别是发展中国家在智能浪潮中平等受益。,毛宁
t20260709_11978521.html,总台CGTN记者,我们注意到，联合国人权理事会第62届会议日前在日内瓦闭幕。发言人能否介绍中方参与情况？,联合国人权理事会第62届会议于6月15日至7月8日在日内瓦举行。在本届理事会上，中国代表团以习近平主席提出的全球治理倡议为指引，践行王毅外长提出的“校正国际人权治理方向”等改革完善全球治理的重要主张，依托“全球治理之友小组”，代表67个国家作“人工智能促进无障碍”共同发言，倡导数字技术普惠向善，弥合全球数字鸿沟；代表近20个国家发言，共同反对个别国家滥施关税，呼吁保障全球产供链稳定，切实维护国际经贸秩序；积极发声呼吁有关国家保障移民群体合法权益，消除系统性种族歧视；同联合国妇女署等合办“北京＋30”主题活动，推动落实《北京宣言》，全方位宣介中国妇女权利保障成就。,毛宁
t20260709_11978521.html,法新社记者,台湾地区媒体报道称，中国近日进行的核潜艇远程导弹试射活动是从广东以南的海面发射的，而非自水下发射。外交部对此有何评论？,这个问题我们已经多次介绍立场，没有更多信息可以提供。,毛宁
t20260709_11978521.html,路透社记者,美国国务院批评中国试射活动，称通报美方太迟，且未充分提供详情，有违五核国标准做法。外交部对此有何回应？,正如中方多次强调，这次试射活动是年度军事训练例行安排，旨在验证有关武器系统的可靠性、安全性和有效性，符合国际法和国际惯例，不针对任何特定国家和目标。中方及时发布了相关信息，事先向美国等进行了通报，体现了中国军队的开放和透明。,毛宁
t20260709_11978521.html,《北京日报》记者,当地时间7月7日，联合国大会以压倒性多数决定继续就“必须终止美国对古巴的经济、商业和金融封锁”举行辩论，结果为136票赞成，30票弃权，美国等9国投下反对票。请问中方对此有何评论？,过去60多年来，美国对古巴封锁、制裁，近来还一再升级相关举措，制造能源危机，严重违反《联合国宪章》宗旨和原则等国际关系基本准则，严重侵犯古巴生存权和发展权，给古巴人民造成深重灾难。,毛宁
t20260709_11978521.html,法新社记者,近日，泰国有团体就湄公河支流重金属污染问题到中国驻泰使领馆前集会。中国驻泰使馆已作出回应，表示将同泰缅双方尽快启动联合调查。外交部有无进一步评论？,中方愿同泰国等湄公河国家加强水资源和生态环境保护合作，支持泰缅双方加强沟通协调，本着客观、科学、负责任的态度开展调查，通过友好协商解决问题。,毛宁
t20260709_11978521.html,奥地利电视台记者,本周北约峰会上，与会方就中国科技、军事行动和中俄关系提出了安全关切。中方对此有何评论？,北约的定位是区域性、防御性联盟，具有明确的职责范围和地理界限，不要总是拿中国说事。中国始终是世界的和平力量，从未威胁任何国家，更不会对欧洲—大西洋地区安全构成挑战。北约应当摒弃冷战思维，端正对华认知，停止渲染“中国威胁”。,毛宁
t20260709_11978521.html,彭博社记者,新西兰总理表示，新西兰将寻求加入澳大利亚和斐济本周签署的军事联盟协议。外交部对此有何评论？,中方始终认为，应当坚持共同安全、综合安全、合作安全。国与国之间的安全合作应当开放包容，真正有利于地区和平与稳定。,毛宁
t20260709_11978521.html,路透社记者,美国国务院表态称，支持西藏人民保护自身文化，并呼吁中方恢复与达赖的对话。中方对此有何评论？,西藏事务纯属中国内政，任何外国无权干涉。我们敦促美方恪守承认西藏是中国一部分、不支持“藏独”的承诺，停止利用涉藏问题干涉中国内政。,毛宁
t20260710_11979532.html,总台国广记者,中方刚刚发布所罗门群岛外交和外贸部长霍尼普维拉访华消息。发言人能否介绍此访背景和中方期待？,中国同所罗门群岛是新时代相互尊重、共同发展的全面战略伙伴。两国2019年建交以来，双边关系全方位快速发展，成为发展中国家平等相待、互利合作的典范。此次访问是霍尼普维拉先生就任外长以来首次正式访华。中方期待通过此访增进两国政治互信，深化互利合作，推动中所关系稳定发展，更好造福两国人民。,毛宁
t20260710_11979532.html,总台央视记者,据了解，中国政府抗疫医疗专家组日前抵达乌干达。发言人能否介绍相关情况？,非洲新一轮埃博拉疫情暴发后，中方高度重视，已经派遣2批抗疫医疗专家赴刚果（金）开展工作，受到各方高度评价。日前，应乌干达方面邀请，中国医疗专家组抵达乌干达首都坎帕拉，积极同当地卫生部门、医疗研究机构，以及世界卫生组织与非洲疾病预防控制中心组建的埃博拉“突发事件管理支持小组”开展交流，提供疫情防控服务和指导。中方愿意根据疫情发展和非方需要，持续提供力所能及的支持，助力非洲朋友早日战胜疫情。,毛宁
t20260710_11979532.html,路透社记者,本周末是“南海仲裁案裁决”出台十年。“裁决”认为，依据国际法，中国在南海的海洋主张无效。菲律宾今天表示将继续推动达成“南海行为准则”，以“裁决”作为“不可动摇”的基础。发言人对此有何评论？,中方已经多次阐明，“南海仲裁案”所谓“裁决”非法、无效、没有拘束力，中国不接受、不承认。我们也不会接受任何基于该“裁决”的主张和行动。,毛宁
t20260710_11979532.html,澎湃新闻记者,我们注意到，近期一些国际媒体刊文提出“中国挤压”概念，认为中国的制造业能力不仅冲击西方国家，还挤占了全球南方国家的工业化发展空间。请问发言人对此有何评论？,所谓“中国挤压”显然不符合事实，我想全球南方国家也不会认同这种说法。,毛宁
t20260710_11979532.html,俄新社记者,北约秘书长吕特本周早些时候表示，北约成员国应协调行动，共同防止俄罗斯和中国进一步巩固在北极地区的地位。中方对此有何评论？,北极涉及国际社会整体利益。中国在北极的活动旨在促进北极和平、稳定和可持续发展，符合国际法。各国依法在北极开展活动的权利和自由应当得到充分尊重。中方坚决反对翻炒“中国威胁”，在北极渲染紧张、制造对抗。,毛宁
t20260710_11979532.html,韩联社记者,朝鲜内阁总理朴泰成已抵达北京。《中朝友好合作互助条约》签订65周年将举行哪些纪念活动？,昨天我们发布了朝鲜内阁总理朴泰成访华的消息。今年是《中朝友好合作互助条约》签订65周年，中朝双方商定将共同隆重举办纪念活动。关于纪念活动的具体情况，我们会及时发布消息，你可以保持关注。,毛宁
t20260713_11980951.html,总台央视记者,中方发布了习近平主席将出席2026世界人工智能大会暨人工智能全球治理高级别会议开幕式的消息，能否进一步介绍大会整体情况？,2026世界人工智能大会暨人工智能全球治理高级别会议将于7月17日至20日在上海举行，主题是“智能伙伴　共创未来”。习近平主席将出席大会开幕式并发表主旨讲话，全面系统阐述中方对于人工智能发展和治理的政策立场和理念主张。中方已广泛邀请各国政府官员、产学研界人士及国际组织负责人来华共襄盛举。,林剑
t20260713_11980951.html,中新社记者,中方发布了泰国总理阿努廷将对中国进行正式访问的消息，能否介绍此访安排？如何评价当前中泰关系？对此访有何期待？,泰国总理阿努廷将应邀于7月16日至20日来华出席2026世界人工智能大会暨人工智能全球治理高级别会议并对中国进行正式访问，习近平主席将会见阿努廷总理，李强总理、赵乐际委员长将分别会谈会见。这是阿努廷总理就任后首次正式访华，充分体现了双方对发展中泰关系的高度重视。,林剑
t20260713_11980951.html,俄新社记者,伊朗同美国再次相互袭击。伊朗周日宣布封锁霍尔木兹海峡。伊朗波斯湾海峡管理局此前表示，将待地区局势稳定时重新审核船只通行申请。发言人对海峡最新事态发展有何评论？,霍尔木兹海峡是用于国际航行的海峡，尽早恢复海峡安全、自由通行符合各方利益。海峡通航问题应得到妥善处理，稳妥回应国际社会的普遍关切。中方愿同有关国家和国际社会就此保持沟通。,林剑
t20260713_11980951.html,澎湃新闻记者,据报道，在国际海事组织理事会第137届会议上，美国、巴拿马代表谴责中国以政治原因对巴拿马旗船舶采取惩罚措施，呼吁国际海事组织完善保护机制，避免将海运贸易政治化。中方对此有何评论？,中方主管部门统计数据显示，今年以来，巴拿马旗船舶在我国水域发生多起等级以上安全事故，是发生安全事故占比最高的船旗国。今年1至7月，巴拿马旗船舶累计到港艘次占外国籍船舶到港艘次的近20％，而船舶事故和死亡失踪人数占比分别达到约50％。港口国监督检查作为保障船舶航行安全和水域环境清洁的重要举措，是各国对到港外国籍船舶进行安全管理的主要手段。中方高度重视水上交通和人身安全，依法依规对停靠中方港口的船舶开展港口国监督检查，完全符合国际公约。,林剑
t20260713_11980951.html,俄新社记者,哈萨克斯坦外长今天开始访华，发言人能否提供更多此访细节？,中国和哈萨克斯坦是友好邻邦和永久全面战略伙伴。在习近平主席和托卡耶夫总统的战略引领下，中哈关系实现跨越式发展，双方政治互信不断巩固，各领域合作持续深化。去年，两国元首分别在阿斯塔纳和天津会晤，擘画了中哈关系发展新的蓝图。,林剑
t20260714_11981971.html,总台央视记者,据了解，南海安全圆桌对话7月13日在香港特区举行，外交部与会代表再次驳斥有关“南海仲裁案”的谬论，发言人能否介绍有关情况？,正如外交部代表在南海安全圆桌对话上所表示的，“南海仲裁案”本质上是一出披着法律外衣的政治闹剧。十年前，所谓的“仲裁庭”越权管辖，枉法裁判，作出非法、无效的“裁决”。十年来，越来越多的有识之士看清“南海仲裁案”的真实面目，众多国家实践和国际司法机构对有关案件的处理也不同于“裁决”。中国不接受、不参与“仲裁”，不接受、不承认“裁决”，正是以实际行动维护国际法治和国际海洋秩序。,林剑
t20260714_11981971.html,深圳卫视记者,7月12日，爱沙尼亚、德国、拉脱维亚、立陶宛、罗马尼亚等几个欧洲国家同美国、菲律宾等国发表所谓“纪念南海仲裁案裁决”十年联合声明，欧盟也发表了有关声明。能否介绍有关情况？对此有何看法评价？,日前，几个欧洲国家参与美菲发表所谓“纪念南海仲裁案裁决”十年联合声明，欧盟也发表相关声明，歪曲事实、恶意抹黑，中方对此强烈不满和坚决反对，外交部欧洲司负责人已分别约谈有关国家驻华使馆和欧盟驻华代表团负责人，提出严正交涉。,林剑
t20260714_11981971.html,伊朗声像组织记者,美国无视中方多次反对，宣布对伊朗实施海上封锁。中方会否采取具体措施减轻美方封锁对伊朗的影响？会否深化同伊朗的经济、军事合作？将会采取什么措施？,中方对海湾地区军事冲突再起深表关切，呼吁相关各方顺应国际和地区求和平稳定的强烈呼声，保持理性克制，维护来之不易的停火局面，防止战火重燃，更不应让战事扩大、伤及无辜。尊重霍尔木兹海峡沿岸国合法权益，尽早恢复海峡正常安全通行是国际社会共同愿望。相关各方应相向而行，妥善处理。中方愿继续秉持习近平主席“四点主张”精神，为推动中东海湾局势降温趋稳作出不懈努力。,林剑
t20260714_11981971.html,总台CGTN记者,今天是坦赞铁路全线正式通车50周年。中方如何评价坦赞铁路的历史意义？对坦赞铁路未来有何设想？,坦赞铁路是中非友谊的历史丰碑。50多年前，中国在自身经济十分困难的情况下毅然决定援建坦赞铁路，有力支持地区国家民族解放和发展建设事业。中坦赞三国人民在建设坦赞铁路过程中手挽手、肩并肩，共同铸就了伟大的坦赞铁路精神，为后人留下了宝贵的精神财富。,林剑
t20260714_11981971.html,埃菲社记者,上周，美国和巴拉圭称，侦测到多个与中国有关的行为体已渗透巴拉圭政府网络系统。昨天，一名巴政府官员称对此有充分证据。中方对此有何评论？,中方一贯反对并依法打击黑客活动，同时反对出于政治目的散布网络安全虚假信息。,林剑
t20260715_11983046.html,新华社记者,我们注意到，APEC数字周明天将在四川成都拉开帷幕。从日程上看，除了APEC数字和人工智能部长会、人工智能高级别论坛、数据促进增长高级别圆桌会外，数字周期间还将举办APEC电信工作组和数字经济指导组会议，以及数据赋能医疗、动漫文创、智慧城市和人工智能应用主题参访等活动。作为今年APEC东道主，中方将如何推动APEC经济体在人工智能等数字技术领域凝聚共识、促进合作？中方对APEC“中国年”下半场有何展望？,今年是APEC“中国年”。作为2026年APEC东道主，中方全年将举办10余场专业部长会或高级别活动。其中，APEC数字周系列活动即将在中国西部创新创造之城四川成都召开。这是APEC系列专业部长会中分量最重、安排最丰富的活动之一。当前，人工智能等数字技术成为助推新质生产力、实现创新增长的关键要素，“把AI用好、把风险管住”“把创新活力转化为增长动力”成为摆在各方面前的共同课题。我们相信，APEC数字周将成为各方深入探讨并深化人工智能普惠包容发展、促进数智赋能合作、数据开发利用的重要平台，也将为各方体验中国科技创新和新质生产力发展成果提供契机。,林剑
t20260715_11983046.html,拉通社记者,美国无视国际社会反对，宣布对古巴实体实施新制裁，加大对古巴的燃料封锁，扩大制裁范围。中方对此有何评论？,我们此前已多次阐明中方立场。美国对古巴实施了60多年全面封锁和非法制裁，给古巴人民带来深重灾难。近期，美方又升级封锁和制裁措施，严重冲击古巴基本民生，引起国际社会高度关注。美方应当倾听国际社会正义呼声，立即停止对古巴的封锁和胁迫施压，停止侵犯古巴人民的生存权、发展权。中方坚定支持古巴维护国家主权，反对外来干涉，愿同国际社会一道捍卫国际公平正义。,林剑
t20260715_11983046.html,《北京青年报》记者,我们注意到，日前《金融时报》等外媒援引最新研究数据称，如果美欧希望到2050年基本摆脱对中国关键产供链的依赖，未来25年需要额外投入23.6万亿美元，想短期内重建完整替代体系几乎是不可能的。发言人如何看待上述观点？,你提到的有关观点恰恰说明，当前全球产供链深度互嵌、优势互补，早已形成一荣俱荣、一损俱损的利益共同体。人为搞“脱钩断链”，构筑保护主义壁垒，强行重构产供链，不仅将付出高昂经济成本，也违背市场规律和企业选择，最终只会让各方付出更多代价、得到更少收益。,林剑
t20260715_11983046.html,彭博社记者,由已故国会参议员格雷厄姆牵头、得到特朗普总统支持的制裁俄罗斯新立法将针对俄原油和天然气五大买家，其中包括中国。该立法将授权特朗普政府对这些国家施加最高达100％的关税。外交部对此有何评论？,中方坚决反对没有国际法依据、未经联合国安理会授权的非法单边制裁，将采取一切必要措施坚定维护本国企业和公民的正当权益。搞“双重标准”和胁迫施压，最终只会搬起石头砸自己的脚。,林剑
t20260716_11984170.html,总台央视记者,即将在上海举行的2026世界人工智能大会暨人工智能全球治理高级别会议受到国际舆论高度关注。外媒普遍认为，大会将汇聚尖端AI技术，并展现中国在全球AI规则制定方面的努力。但也有观点认为，中国希望通过大会寻求全球南方支持，在AI领域占据“大国竞争”领导地位。《经济学人》等还渲染中国提供开源AI模型是“陷阱”，世界拥抱中国是“高风险”。中方如何看待上述观点？,人工智能的发展关乎全人类共同福祉，各方应弥合数智鸿沟，守牢安全底线，完善全球治理，共同推动人工智能开放、包容、普惠、向善。中方反对以意识形态划线和技术封锁，致力于统筹发展与安全，愿同各方共享经验，提升全球人工智能创新发展水平。,林剑
t20260716_11984170.html,今日俄罗斯记者,今天对俄中关系来说是至关重要的一天，是《中俄睦邻友好合作条约》签署25周年纪念日。中方如何评价这25年来俄中关系在此框架下的发展？如何看待俄中关系未来？,今年是《中俄睦邻友好合作条约》签署25周年。5月，习近平主席同普京总统在北京成功会晤，一致同意《中俄睦邻友好合作条约》继续延期，共同引领中俄关系进入更有作为、更快发展的新阶段。双方将在两国元首的战略引领下，继续秉持条约确立的宗旨和原则，不断拓展两国各领域互利合作，为两国人民带来更多福祉，为世界注入更多稳定预期和发展信心。,林剑
t20260716_11984170.html,总台华语环球节目中心记者,7月15日，美国国家民主基金会召开发布会，推介其撰写的报告《试探极限：中国与俄罗斯在“有罪不罚”新时代下的威权影响力》。中方对此有何评论？,美国国家民主基金会炮制发布的所谓“报告”充斥谎言谬论和虚假信息，蓄意捏造渲染所谓“威权扩张”叙事，诋毁抹黑中国对外交往和国际合作，煽炒“中国威胁论”，居心叵测，行为恶劣，中方对此坚决反对。,林剑
t20260716_11984170.html,《北京日报》记者,据报道，7月15日，巴布亚新几内亚政府宣布关闭“驻巴新台北经济办事处”。请问中方对此有何评论？,巴布亚新几内亚政府决定关闭“驻巴新台北经济办事处”，中方对此表示高度赞赏。这再次表明坚持一个中国原则是国际社会人心所向、大势所趋。中方愿同巴新方继续在涉及彼此核心利益问题上坚定相互支持，共同推进两国全面战略伙伴关系向前发展。,林剑
t20260716_11984170.html,《环球时报》记者,我们注意到，近期一些西方媒体和学者在评论中国外交政策时抛出所谓“朝贡体系”的新概念，称亚洲正处于向“朝贡体系式”秩序转变的早期阶段，中国通过经济与技术力量重塑预期以实现“不战而屈人之兵”。同时也有观点认为，这是西方从传统地缘政治思维出发得出的扭曲结论，是编造“中国威胁论”的又一个新标签。请问发言人对此怎么看？,所谓“朝贡体系”论调，不过是西方国家用自身霸权逻辑镜像中国外交的伪命题，无视中华文明“和而不同”的历史基因，曲解当代中国外交平等相待的核心底色，更背离国际关系基本准则，不符合中国同亚洲乃至世界各国交流合作的现实。,林剑
t20260716_11984170.html,印度报业托拉斯记者,印度已于本周宣布竞选2028—2029年度联合国安理会非常任理事国席位，苏杰生外长就此在联合国发表讲话。中方对此有何看法？是否支持印度参选？,中方注意到有关报道。,林剑
t20260716_11984170.html,新华社记者,据报道，美国国防部高级官员近期研究了对古巴发动军事行动的可能性，考虑派遣数千名美国军人采取突袭，但不意味着特朗普总统已决定发起行动。中方对此有何评论？,我们注意到有关报道。在国际关系中使用武力或以武力相威胁，严重违反《联合国宪章》，严重危及世界和地区和平与安全，中方坚决反对。日前，联合国大会以压倒性多数决定继续就“必须终止美国对古巴的经济、商业和金融封锁”举行辩论，体现了国际社会支持古巴、反对封锁的正义之声。美方应立即停止对古巴的武力威胁和任何形式的封锁。中方将继续坚定支持古巴维护国家主权、反对外来干涉。 中方注意到有关报道。据核实，个别媒体的解读完全不符合事实。中印尼互为友邻和重要发展合作伙伴，两国经贸投资合作的本质是互利共赢。印尼方面多次表示期待同中国深化产供链合作、欢迎中资企业赴印尼投资。我们相信，作为两个发展中大国，中印尼合作前景广阔，也相信印尼将一如既往维护中资企业合法权益，为他们在印尼投资兴业营造良好环境。,林剑
t20260717_11984988.html,总台央视记者,今天上午，2026世界人工智能大会暨人工智能全球治理高级别会议开幕式在上海举行，习近平主席发表主旨讲话，就全球人工智能治理提出4点意见，发言人能否进一步介绍具体情况？中方将如何推动人工智能全球治理？,今天上午，习近平主席在上海出席2026世界人工智能大会暨人工智能全球治理高级别会议开幕式，并发表题为《携手构建公正合理的全球人工智能治理体系》主旨讲话。,林剑
t20260717_11984988.html,澎湃新闻记者,昨天，成立世界人工智能合作组织协定签署仪式在上海举行。中方如何看待成立该组织的意义和影响？该组织同联合国框架下的人工智能治理平台是什么关系？,7月16日，成立世界人工智能合作组织协定签署仪式在上海举行。中共中央政治局委员、外交部长王毅出席并代表中国政府签署协定。哈萨克斯坦、老挝、巴基斯坦、俄罗斯、印度尼西亚等29个国家代表签署协定，成为创始成员国。联合国秘书长古特雷斯等国家和国际组织代表出席仪式。,林剑
t20260717_11984988.html,路透社记者,美国总统特朗普今天解密了他认为显示中方干预美大选的情报，但美方情报评估认为没有证据表明中方影响了2020年美大选，特朗普在那场大选中落败。外交部对此有何评论？特朗普总统的言论会否影响中美关系？,美方有关说法纯属无中生有、恶意抹黑，早已被证明是无稽之谈。中方历来坚持不干涉内政原则，没有兴趣也从未干涉美国大选。相反，是谁动辄干涉别国的内政，长期无差别监控全球各国政府、企业、普通民众，大规模窃取他国公民数据，国际社会看得清清楚楚。我们敦促美方反躬自省，停止无端抹黑中国，不要在选举中拿中国说事，多做有利于中美关系的事。,林剑
t20260717_11984988.html,美联社记者,特朗普的言论会否影响中国领导人预计9月份对美国的访问？,我们敦促美方不要在选举中拿中国说事，多做有利于中美关系的事。,林剑
t20260717_11984988.html,彭博社记者,《中国日报》在网络上发布关于2016年“南海仲裁案裁决”视频，将菲律宾人描绘成猴子。相关“裁决”否认中方对南海的主张。菲方谴责该视频并称其“十分冒犯”，要求删除。外交部对此有何评论？,关于你提到的网络上有关视频，不是官方行为，我不作评论。,林剑
t20260717_11984988.html,巴西《圣保罗页报》记者,昨日，美国根据“301条款”调查宣布对巴西产品加征新一轮单边关税。其中一项指控认为，巴西名为“Pix”的支付系统使美国企业处于不利地位。中方对此有何评论？,关税战没有赢家，不符合任何一方利益。中方愿同包括巴西在内的各国一道，共同维护以世贸组织为核心的多边贸易体制，捍卫国际公平正义。,林剑
t20260717_11984988.html,彭博社记者,特朗普政府称将缩短外国记者的签证有效期，其中中国记者可能受影响最大。外交部对此有何评论？,美方对人文交流设限，不符合任何一方利益。对美方针对特定国家采取的歧视性做法，中方坚决反对。,林剑
t20260717_11984988.html,巴西《环球报》记者,关于美国对巴西施加关税，中方曾说愿支持巴西反对保护主义。你刚刚也说中方愿支持世贸组织、巴西及贸易规则。能否具体讲明中国将如何支持巴西反对保护主义？,我们愿继续同巴方保持沟通，同包括巴方在内的各国一道，共同维护以世贸组织为核心的多边贸易体制，捍卫国际公平正义。你提到的具体措施情况，建议你向中方主管部门了解。,林剑
t20260717_11984988.html,路透社记者,新西兰外交贸易部称注意到巴布亚新几内亚宣布关闭“驻巴新台北经济办事处”，并将适时跟进这一决定。外交部对此有何评论？,我们此前已经阐明了有关立场。巴新政府决定关闭“驻巴新台北经济办事处”，中方对此表示高度赞赏。这再次表明坚持一个中国原则是国际社会人心所向、大势所趋。,林剑
t20260720_11986571.html,澎湃新闻记者,2026世界人工智能大会暨人工智能全球治理高级别会议刚刚落下帷幕。国际舆论热议大会为国际人工智能交流搭建了高端平台，认为中国正以开放理念和开源姿态打破西方技术垄断，助力更多国家加强能力建设。中方对此有何评论？能否进一步介绍大会成果和亮点？,7月17日至20日，2026世界人工智能大会暨人工智能全球治理高级别会议在上海举行，习近平主席出席开幕式并发表主旨讲话，来自100多个国家和国际组织的官方代表、产学研界嘉宾与会，共同探讨如何促进全球人工智能向善普惠发展，达成了一系列重要成果。,林剑
t20260720_11986571.html,路透社记者,中方刚刚发布了王毅外长将赴马尼拉出席东亚合作系列外长会的消息。美国国务卿鲁比奥也将出席，并表示愿在马尼拉同王毅外长会面。请问双方是否已就此作出安排？,我刚才已经发布了王毅外长将出席中国—东盟外长会的消息。具体情况我们会适时发布，请你保持关注。,林剑
t20260720_11986571.html,总台央视记者,中方刚才发布了王毅外长出席中国—东盟外长会的消息。中方对此次外长会有何期待？,东盟是中国友好近邻和重要合作伙伴，也是中国周边外交优先方向。中方支持东盟在区域合作架构中的中心地位，期待东亚合作保持蓬勃发展活力，继续为促进地区和世界稳定、发展、繁荣作出积极贡献。,林剑
t20260720_11986571.html,新华社记者,发言人能否介绍本次上合组织成员国外长会议的主要活动安排，中方对本次会议有何期待？,上合组织成员国外长会议将于7月23日至24日在吉尔吉斯斯坦乔蓬阿塔市举行。会议期间，王毅外长将同其他成员国外长就当前国际和地区形势、上合组织下步发展和各领域合作等共同关心的问题深入交换意见，为今年上合组织比什凯克峰会做好全面准备。,林剑
t20260720_11986571.html,彭博社记者,第一个问题，美国国务卿鲁比奥称中国领导人下半年访美之旅正按计划推进。请问这一消息是否属实？中方是否认为此访正在按计划推进？第二个问题，《南华早报》称马朝旭副部长本周将访美，这一消息是否属实？中方能否提供更多细节？第三个问题，菲方称王毅外长将在东亚合作系列外长会期间会见菲外长拉扎罗，这将是两年来双方首次会面，中方能否证实该消息？,关于第一个问题，元首外交对中美关系具有不可替代的战略引领作用。双方就年内元首互动安排保持着沟通。,林剑
t20260720_11986571.html,《人民日报》记者,外交部能否进一步介绍王毅外长访问吉尔吉斯斯坦的背景、有关考虑及中方对此访的期待？,吉尔吉斯斯坦是中国的友好邻邦和共建“一带一路”的重要合作伙伴。在习近平主席和扎帕罗夫总统的战略引领下，中吉新时代全面战略伙伴关系保持高位运行，各领域互利合作成果丰硕，双边命运共同体建设不断走深走实。,林剑
t20260720_11986571.html,《环球时报》记者,据报道，自高市早苗政府上台以来，日本已有广岛、长崎等82个地方议会向中央政府或国会提交意见书，要求高市政府坚持“无核三原则”或将其法制化。此前，日本执政联盟的日本维新会向日本政府建议讨论修改“无核三原则”。请问中方对此有何评论？,日本地方议会强烈呼吁坚持“无核三原则”，背后反映的是向往和平的民意，表明日本执政当局背离和平宪法、加速“再军事化”的错误选择不得人心。日本执政当局切莫在核问题上一意孤行、逆流而动。,林剑
t20260720_11986571.html,彭博社记者,中国和泰国已同意建立外长、防长“2＋2”战略对话机制。发言人能否详细介绍该机制？双方为何选择在此时推动这一机制？,泰国总理阿努廷目前正在中国进行正式访问。他出席了在上海举行的2026世界人工智能大会暨人工智能全球治理高级别会议。习近平主席在上海会见了阿努廷总理。,林剑
t20260720_11986571.html,凤凰卫视记者,近日，沙特艾卜哈国际机场遭到袭击，沙特国防部称拦截了来袭的导弹。中方对此有何评论？,中方反对袭击民用设施，沙特等各国的主权和安全应当得到尊重。中方主张有关各方通过政治外交途径化解争端，为早日恢复地区和平安宁创造条件。,林剑
t20260720_11986571.html,深圳卫视记者,据报道，7月17日，台湾当局外事部门宣布取消对柬埔寨的所谓“签证”便利措施，声称“柬埔寨背叛了台湾的善意，转而发声支持一个中国政策”。对此，柬埔寨外交和国际合作部表示，柬方视台湾为中国的一个省，不会改变坚持一个中国原则的立场。中方对此有何评论？,台湾是中国领土不可分割的一部分，这是国际社会的普遍共识。民进党当局利用人员往来便利措施胁迫他国，公然挑战一个中国原则这一国际关系基本准则，再次暴露出“台独”分裂的险恶本质。柬埔寨政府的坚定立场充分表明，民进党当局谋“独”行径不得人心，没有市场。,林剑
t20260721_11989097.html,《环球时报》 记者,据了解，7月20日，中国和菲律宾人员在仁爱礁发生暴力冲突。菲律宾军方发表声明称，此事导致一名菲海员受伤。中方对此有何进一步消息？对此有何评论？,关于菲律宾非法“坐滩”军舰人员粗暴干扰中国海警正常执法并恶意攻击中方执法人员一事，中国海警局已发布消息阐明事实真相。,林剑
t20260721_11989097.html,彭博社记者,发生此次事件后，中方对2024年中菲两国达成的临时性安排有何看法，是否仍然有效？中方是否认为这一安排在某种程度上已被破坏？,2024年7月，中方基于三点原则立场，同菲方就仁爱礁运补人道主义生活物资达成临时性安排。中方的立场没有变化，我愿简要重申。第一，菲律宾派“军舰”在仁爱礁长期“坐滩”侵犯中国主权，违反《南海各方行为宣言》。中方仍要求菲方拖走非法“坐滩”军舰，恢复仁爱礁无人无设施的原状。第二，在菲方拖走该舰前，中方愿从人道主义出发，在菲方事先向中方通报，并经现场核查后，允许菲方对该舰居住人员提供生活物资补给，中方将全过程予以监控。第三，如果菲方试图建设固定设施和永久哨所，中方绝不接受，将坚决依法依规予以拦阻。,林剑
t20260721_11989097.html,法新社记者,所罗门群岛总理威尔访问美国期间宣布，两国将签署一项协议，允许美海岸警卫队与所警察在所方水域联合巡逻。鉴于所罗门群岛是中国在南太平洋地区最重要的安全伙伴之一，中方对此有何评论？,中国同所罗门群岛是新时代相互尊重、共同发展的全面战略伙伴。我们愿同所罗门群岛新一届政府拓展各领域务实合作，更好造福两国人民。,林剑
t20260721_11989097.html,彭博社记者,近期中菲事态发展会否影响中国周边外交政策？考虑到东亚合作系列外长会正在马尼拉举行，这一事件是否会影响中国向东盟国家释放信息？会否影响王毅外长双多边日程？,针对近日中菲涉海事态，刚才我们已经阐明中方严正立场，有关事态完全是菲方军警蓄意挑衅。,林剑
t20260721_11989097.html,总台CGTN记者,据报道，20日，英国工党新任党首伯纳姆接受英国王查尔斯三世任命，正式就任英首相并组建新一届内阁。中方对此有何评论？,李强总理已向伯纳姆首相致就职贺电。中方发展中英关系的政策立场是一贯的。作为联合国安理会常任理事国和世界主要经济体，中英发展长期稳定的全面战略伙伴关系，符合两国和两国人民根本利益，也有利于世界和平稳定繁荣。中方愿同英方一道，在相互尊重、妥处分歧的基础上，增进交往，开展合作，确保双边关系沿着正确方向发展。,林剑
t20260721_11989097.html,共同社记者,据报道，针对中国军舰在日本“专属经济区”内进行射击训练一事，日方已向中方提出交涉，中方对此有何评论？,日方所谓“交涉”毫无道理，中方已坚决驳回。关于中俄联合演习及海上联合巡航，中方主管部门已阐明立场。需要强调的是，根据《联合国海洋法公约》，冲之鸟是岩礁而不是岛屿，不能拥有专属经济区和大陆架，日方以冲之鸟礁主张专属经济区违反国际法。中方在有关公海开展活动符合国际法和国际惯例。日方抹黑炒作他国正当合法行动、渲染“外部威胁”，为自身加速“再军事化”、挑战战后国际秩序寻找借口，国际社会必须高度警惕、共同抵制这种危险动向。,林剑
t20260721_11989097.html,中新社记者,据报道，日本防卫大臣小泉进次郎在7月17日的网络节目中公开提出，日本应毫无禁忌地讨论与核武器相关的政策，引发日本国内和国际社会强烈关注。针对国会中在野党对“无核三原则”和核潜艇相关问题的质询，小泉表示：“当下我们是不是总把固守既有框架放在首位，把真正守卫日本摆在了后面？”请问中方对此有何评论？,日本现职防卫部门负责人发表上述言论在日本战后历史上极其罕见，极具挑衅性和危险性，日本执政当局妄图突破“无核三原则”、挑战战后国际秩序的野心昭然若揭。,林剑
t20260721_11989097.html,总台华语环球节目中心记者,有媒体报道，17日，法国总统马克龙和德国总理默茨共见记者，双方就中欧贸易不平衡、工业补贴、人民币汇率等问题表达关切。同时，双方表示“并不反华”，不愿同中国“脱钩”，承认中国在创新领域成绩显著，愿同中方就有关问题公开对话，希望中方向欧洲进行技术转让并创造更多就业。请问中方对此有何评论？,关于中欧经贸领域相关问题，我们已经多次阐明立场。中方高度重视中欧经贸领域存在的分歧，始终认为双方可以通过对话协商、政策互动妥善加以解决。这些分歧不应成为影响中欧互信与合作的障碍、导致中欧“脱钩断链”的依据，更不能成为对中方进行不实指责的借口。,林剑
t20260721_11989097.html,俄新社记者,俄罗斯总统普京周一签署法令，将对中国公民免签入境政策延期至明年底。中方对此有何评论？,我们也注意到了这一消息。中俄相互延长互免签证，有助于便利中俄人员往来，进一步增进两国人民友好、促进各领域交流合作。,林剑
t20260721_11989097.html,埃菲社记者,根据巴拿马方面消息，中国和巴拿马已就海运协定续签达成共识。请问中方能否介绍有关情况？另外，关于巴拿马籍船舶在中国港口被滞留的问题，是否有最新进展？,具体情况请向中方主管部门了解。我想强调的是，中方始终秉持平等相待、互利共赢的原则发展同巴拿马关系。中巴双方加强各领域交流合作，符合两国利益和两国人民的共同期待。,林剑
t20260721_11989097.html,《北京青年报》记者,我们注意到，泰国总理阿努廷昨天结束对中国的正式访问。中方能否进一步介绍此访情况？,7月16日至20日，泰国总理阿努廷对中国进行正式访问并出席2026世界人工智能大会。其间，习近平主席会见阿努廷总理，李强总理、赵乐际委员长分别会谈会见，就中泰关系和共同关心的国际地区问题深入交换意见，达成广泛共识。访问期间，双方还发表了《关于面向繁荣中泰命运共同体的联合声明》。这次访问有三大亮点：,林剑
t20260721_11989097.html,湖北广电记者,近日，美国国务院发布报告称，古巴本质上是一个以反美为核心目标的综合情报机构，是全球激进左翼的意识形态之都；中国长期利用古巴地理优势开展对美国情报搜集活动。中方对此有何评论？,中国同古巴关系光明正大，不容造谣抹黑。奉劝美方不要一而再、再而三向他人“泼脏水”，贼喊捉贼。中方将继续坚定支持古巴维护国家主权、反对外来干涉。,林剑
t20260722_11989883.html,总台央视记者,本周，中方向联合国全球网络安全常设机制首次会议提交了《中国关于数智时代全球网络治理的立场文件》。发言人能否介绍有关情况？,作为落实全球治理倡议、推动构建网络空间命运共同体的最新举措，中方日前向联合国全球网络安全机制提交了立场文件，阐释了对数智时代全球网络治理的最新立场和主张。,林剑
t20260722_11989883.html,路透社记者,澳大利亚外长黄英贤在东亚合作系列外长会期间表示，澳方认为中方近期在太平洋的导弹试射活动破坏了地区稳定，并谈及近日中菲涉海事件，称澳方对在南海发生的“某些侵略性行为”感到担忧，地区国家需要考虑好如何应对。中方对此有何评论？,中方已就菲方人员恶意攻击中方执法人员事阐明严正立场。有关国家无视菲方侵权挑衅的基本事实，无端攻击指责中国，持续翻炒非法、无效的所谓“南海仲裁案裁决”，中方对此坚决反对。,林剑
t20260723_11990792.html,新华社记者,昨天，王毅外长在菲律宾出席了中国—东盟外长会，并会见多国外长。发言人能否介绍情况？在当前地区形势下，如何看待中国—东盟关系发展前景？,7月22日，王毅外长在马尼拉出席中国—东盟外长会，东盟各国外长与东盟秘书长与会。会议期间，王毅外长还会见了出席东亚合作系列会议的十余国外长和东盟秘书长。,林剑
t20260723_11990792.html,中阿卫视记者,近期美国正在向中东增派航母、战斗机，未来几天可能恢复对伊朗全面战争。多国发布了谨慎前往中东的安全提醒。请问中方对中东局势升级有何评论？是否在与各方保持联系？,中方对当前中东海湾地区局势升级深感担忧。谈判成果来之不易，战事再起不符合任何一方利益，地区国家的主权安全和领土完整应得到尊重和维护。当事方应保持冷静克制，停止敌对行动，重启接触对话，坚持通过政治外交途径解决争端，尽早实现全面、持久停火。中方愿继续秉持习近平主席四点主张精神，进一步致力于止战促和，为推动缓局降温、恢复地区和平作出不懈努力。,林剑
t20260723_11990792.html,共同社记者,请问中日两国外长在马尼拉期间是否有过接触交流？如果有，中方对日方谈了什么内容？如何评价此次接触？这对今后中日关系有何意义？（日本广播协会亦问及）,据我了解，此次在马尼拉期间，王毅外长没有与日方会见的安排。,林剑
t20260723_11990792.html,路透社记者,王毅外长此次菲律宾之行非常成功，但他缺席了今天举行的东盟与中日韩外长会及东盟地区论坛外长会。请问原因是什么？（日本广播协会亦问及）,由于日程原因，王毅外长难以全程参加东亚合作系列外长会。中方高官将作为代表出席东盟与中日韩、东亚峰会及东盟地区论坛外长会。,林剑
t20260723_11990792.html,法新社记者,美国白宫高官指责中国人工智能企业“月之暗面”抄袭美国企业的先进人工智能模型。外交部对此有何评论？,中国人工智能的发展既是推动高水平科技自立自强的成果，也得益于中国始终秉持共商共建共享理念。各国应当秉持以人为本、向上向善理念，推动人工智能开放、包容、普惠、向善发展，更好服务人类文明进步和国际社会共同福祉。中方一贯反对将科技经贸问题政治化、工具化，这种行径只会干扰全球人工智能发展进程，不符合任何一方利益。,林剑
t20260723_11990792.html,路透社记者,在吉尔吉斯斯坦举行的上合组织成员国外长会议期间，王毅外长是否计划与俄罗斯外长拉夫罗夫举行双边会晤？,关于王毅外长出席上合组织成员国外长会议的情况，我们会适时发布消息。请你保持关注。,林剑
t20260723_11990792.html,路透社记者,在王毅外长与美国国务卿鲁比奥会见并讨论台湾问题仅一天后，中方决定在台湾海峡举行实弹演习，选择这一时机的原因是什么？这是否可被解读为向美方传递某种信息？,关于你提到的有关军事演习，中方有关部门已经发布了消息。,林剑
t20260724_11991724.html,总台央广记者,中方刚刚发布了斯洛伐克总统佩列格里尼访华消息。中方能否介绍此访有关安排？如何看待当前中斯关系？对此访有何期待？,斯洛伐克是最早承认并同新中国建交的国家之一，是中国在欧洲的重要合作伙伴。在习近平主席同斯洛伐克领导人的战略引领下，近年来中斯关系保持高水平运行，各领域合作成果丰硕。这是佩列格里尼总统就任以来首次访华。访问期间，习近平主席将同佩列格里尼总统举行会谈，共同擘画中斯关系未来发展蓝图，就双边关系和共同关心的国际和地区问题交换意见。李强总理和赵乐际委员长将分别会见佩列格里尼总统。中方愿同斯方一道，以此访为契机，不断深化传统友谊和政治互信，加强发展战略对接，拓展各领域交流合作，推进高质量共建“一带一路”和中国—中东欧国家合作，持续丰富中斯战略伙伴关系内涵。,林剑
t20260724_11991724.html,法新社记者,美国新一轮关税今天生效，波及60个美贸易伙伴。其中，中国被加征12.5％的关税。外交部对此有何评论？,中方在中美经贸问题上的立场是一贯、明确的，反对各种形式的单边关税措施。关税战、贸易战不符合任何一方利益。,林剑
t20260724_11991724.html,彭博社记者,对于美方加征新一轮关税，中方是否考虑采取反制措施？,我刚才已经阐明了中方立场。,林剑
t20260724_11991724.html,凤凰卫视记者,日前，也门胡塞组织宣布对进出沙特的船只实施海上禁运，并袭击2艘沙特油轮，中方对此有何评论？,中方密切关注红海局势发展，认为地区各国的主权安全都应得到尊重，国际航道的安全畅通应当共同守护。中方呼吁相关各方保持克制，继续通过对话协商妥善化解矛盾分歧，避免采取加剧对立的举动，推动海湾地区尽快恢复和平稳定。,林剑
t20260724_11991724.html,路透社记者,特朗普总统昨晚表示，中国领导人访美期间，两国元首将就人工智能等议题进行交流。外交部能否证实？两国元首是否将谈及人工智能议题？,元首外交对中美关系具有不可替代的战略引领作用。中方愿同美方一道，在人工智能领域落实好两国元首重要共识。,林剑
t20260724_11991724.html,彭博社记者,据报道，马朝旭副部长访美之行目的之一是讨论人工智能政府间对话工作组的相关安排，以便中方根据议程组建相应团队。中方能否证实？,关于马朝旭副部长访问美国，我们已经发布了消息稿。访问期间，双方就落实中美两国元首重要共识、推动构建中美建设性战略稳定关系深入交换了意见。,林剑
t20260724_11991724.html,深圳卫视记者,据报道，7月22日，中方发布关于巴西输华牛肉配额已使用80％的提示信息。巴农牧业部发布公告表示，中方针对所有超过各国配额的进口牛肉实施特定保障措施，其中巴西获得最大配额，目前尚未达到。55％额外关税仅适用于超出配额部分。中方对此有何评论？,中方有关主管部门和商会已对进口牛肉启动保障措施调查事表态。我想强调的是，中国连续17年是巴西第一大贸易伙伴，今年上半年，中巴贸易额同比增长近30％，对华出口在巴西对外出口总额占比也超过30％。中方愿同包括巴西在内的有关各方保持沟通，进一步拓展健康稳定的经贸合作。,林剑
t20260724_11991724.html,美国有线电视新闻网记者,本台记者在南海一艘菲律宾船只上目睹中国海警船驶到距离菲方船只不到7米的位置，并用高压水枪“袭击”了菲方船只。菲海岸警卫队发声谴责中国海岸警卫队“非法、胁迫、咄咄逼人和欺骗性行为”。外交部对此有何回应？,关于菲律宾船只在中国黄岩岛海域侵权挑衅，中国海警局已阐明事实真相。黄岩岛是中国固有领土。菲律宾有关船只蓄意冲闯在先，中方采取必要措施维护自身权利和安全，合理合法，现场操作专业规范，无可指摘。菲方应立即停止侵权挑衅和煽宣炒作。需要特别指出的是，菲方又一次安排记者参与侵权行动，蓄意挑衅滋事并借机炒作，人为制造海上紧张局势。这恰恰证明菲律宾就是南海和平稳定的破坏者和麻烦制造者。,林剑
t20260724_11991724.html,彭博社记者,美国总统特朗普周四与菲律宾总统马科斯通话时向其保证，将在同中国领导人会晤中提及菲律宾对中方的关切。中方对此有何评论？,美国不是南海问题当事方。事实证明，试图借助域外国家挑衅滋事，最后只会沦为被人利用的工具，吞下自己酿成的苦果。,林剑
t20260724_11991724.html,《北京日报》记者,据报道，韩国于7月23日向中国赠还一对清代石狮。中方对此有何评论？,中方对韩方赠还被日本掠夺的清代石狮表示高度赞赏。中韩历史上都曾遭受日本军国主义侵略，都曾经历文物流失的伤痛。韩国向中国赠还清代石狮文物，是落实今年1月两国元首会晤重要共识的具体举措，彰显了中韩铭记历史、携手合作的积极意愿。,林剑
t20260724_11991724.html,彭博社记者,据澳大利亚媒体报道，中方要求澳方不得允许台湾当局代表出席澳工党全国代表大会。工党方面拒绝该要求后，与会的中国外交官便离开了会场。发言人能否证实？对此有何评论？,台湾当局人员四处蹭会刷存在感，进行谋“独”活动，注定徒劳无功。中方敦促有关方面切实按照一个中国原则妥善处理涉台问题，不为“台独”分裂行径提供任何便利和平台。,林剑
t20260727_11992960.html,中新社记者,联合国教科文组织第48届世界遗产委员会会议审议通过了中国申报的“景德镇手工瓷业遗存”项目，将其列入《世界遗产名录》。中方对此有何评论？,7月25日，在韩国釜山举行的联合国教科文组织第48届世界遗产委员会会议协商一致通过决议，将我国申报的“景德镇手工瓷业遗存”项目列入《世界遗产名录》，成为我国第61项世界遗产。,林剑
t20260727_11992960.html,路透社记者,越南与中国是否仍在共同搜寻在南海沉没的越南籍船舶上的失联人员？该事件发生在南沙群岛附近，中方是否认为这艘越南船只驶入了中国领海？此次事件是否引发双方矛盾？,7月25日，中国“南海救115”轮在南沙群岛附近海域发现并救起1艘遇险越南籍船舶的29名船员。随后，中方立即派出多艘船只和直升机持续开展搜救行动。截至目前，中方共成功救起47名越南船员，对其中伤员进行医治，并有序将全部获救船员移交越方。越方对此表示感谢。据了解，越方船舶24日晚遇险沉没，船上共有62名船员，目前还有部分船员失联，搜救工作仍在进行中。,林剑
t20260727_11992960.html,波兰通讯社记者,根据中国商务部7月24日公告，中方对波兰一家企业和理工大学实施了限制。中方一向反对将科技教育与经贸交流政治化，这是在将学术与经贸交流政治化并极限施压吗？,关于出口管制的具体问题，建议向中方主管部门了解。我要强调的是，中方有关措施针对的是欧盟列单制裁中国企业的错误做法，不针对特定国家。,林剑
t20260727_11992960.html,白俄罗斯国家广播电视公司记者,白俄罗斯和中国外长在吉尔吉斯斯坦签署两国外交部2026－2027年磋商计划并举行会谈。中方如何看待当前中白双方保持定期沟通的态势？,在习近平主席和卢卡申科总统的战略引领下，中白全天候全面战略伙伴关系深入发展，双方保持着各层级密切交往。中方愿同白方一道努力，以两国元首重要共识为根本遵循，推动中白关系在高水平上持续向前发展。,林剑
t20260727_11992960.html,澎湃新闻记者,今年上半年中非贸易取得亮眼成绩，对非洲建交国全面实施零关税举措成效显著。请问发言人对此有何评论？,今年上半年，中非贸易亮点纷呈：一是总量加速跃升。中非进出口商品总额达到1.41万亿元人民币，为历史同期最高，今年贸易总额有望再上新台阶。二是结构持续优化。据统计，中国对非出口75％是资本品和中间品，主要是满足非方工业化和农业现代化需要的生产性资料而非消费资料。三是非洲对华出口潜力不断释放。对非洲建交国全面实施零关税举措以后的5、6两个月，中国自非进口1938亿元人民币，同比增长23.5％。截至目前，非洲干辣椒、咖啡豆、腰果和野生水产品等四大类产品已实现区域一体准入。,林剑
t20260727_11992960.html,日本广播协会记者,据中国媒体报道，王毅外长在马尼拉期间，与日方既未举行会晤，也未进行任何交谈。但日本外相茂木敏充对记者表示，他在马尼拉同王毅外长进行了简短交流并谈及日中关系。发言人能否说明为何双方表态不同？中日外长是否进行了任何接触或交流？,我此前回答过这个问题。我可以在这里再一次非常清楚地告诉你，此次在马尼拉期间，王毅外长没有与日方会见的日程安排，现场也没有什么“简短交流”。,林剑
t20260728_11993669.html,总台央视记者,据报道，日本东京地方检察厅完成对持刀闯入中国驻日本使馆的自卫队现役官员的精神鉴定，认定其具有刑事责任能力，已对其提起公诉。请问中方对此有何评论？,日本自卫队现役官员村田晃大非法持刀闯入中国驻日本使馆案件发生已经过去4个月，日方不顾中方多次严正交涉，以所谓“精神鉴定”等各种借口一再拖延调查处置，不及时严惩凶犯，中方对此强烈不满。,林剑
t20260728_11993669.html,《北京日报》记者,我们注意到，近期中方主管部门发布数据显示，上半年入境外国人中，高达77.7％的外籍游客享受免签入境便利。不少欧洲游客在夏天扎堆涌入中国，感受“中式清凉”。《经济学人》指出，海外网民对中国文化、产品和旅行体验的兴趣正变为来华消费旅游的行动。发言人对此有何评论？,我们也注意到，越来越多外国朋友选择用脚步丈量中国，用中国人的方式体验中国人的生活。新能源车展厅、国潮快闪店、科创园区等新业态，正与山水、古迹一道，成为新的打卡目的地。“反向海淘”热潮持续升温，也让世界共享“中国设计”“中国制造”的质感与创意。,林剑
t20260728_11993669.html,巴西《晚报》记者,昨天，习近平主席同卢拉总统通话。能否提供更多细节？美国近期对巴西加征关税，两国元首通话是否谈及了这一问题？,27日上午，习近平主席应约同巴西总统卢拉通话。中方已经发布了有关消息，你可以查阅。我想强调，中巴是携手构建更公正世界和更可持续星球的命运共同体。当前形势下，双方持续深化全方位合作，将为两国实现发展振兴、增进人民福祉发挥积极作用，对引领全球南方团结自强、维护国际公平正义具有重要意义。,林剑
t20260728_11993669.html,《纽约时报》记者,据报道，美国国务院正计划投入数亿美元，以对抗中国在美洲、非洲和亚洲日益增强的影响力。中方对此有何回应？,国家之间发展正常关系、开展正常合作不应针对第三方。中方一贯反对搞封闭排他的“小圈子”。中国同有关国家和地区的合作，特别是同发展中国家的合作，不是要拉拢谁、对抗谁，而是要共同捍卫世界和平、促进全球发展、维护国际秩序，共同构建人类命运共同体。,林剑
t20260728_11993669.html,《纽约时报》记者,据报道，美国对中国参与在美洲以及跨太平洋至美洲的海底光缆建设感到关切。中方是否将建设更多此类海缆？,国际海缆是重要国际民用基础设施，事关全球网络互联互通和各国民众切身福祉。将海缆议题政治化、泛安全化，只会破坏正常的国际市场规则，威胁全球数据互联互通和网络安全，不符合任何一方利益。中方一贯支持国际社会在公平公正、平等包容的原则下开展国际海缆合作，愿同国际社会一道积极推进海底电缆等全球信息基础设施的建设和保护工作。,林剑
t20260728_11993669.html,印尼安塔拉通讯社记者,上周，约28家中国企业在雅加达出席了印尼—中国商务代表团会议，并与印尼经济统筹部长艾尔朗加·哈尔塔托会见。考虑到近期有言论称某些外国投资者利用或“掠夺”印尼自然资源，本次接触是否有助于化解关于印尼投资环境不再对华友好的担忧？,关于你提到的所谓“外国投资者利用或掠夺印尼资源”的言论，我们此前已作出回应，有关言论并不针对中国。,林剑
t20260729_11994587.html,总台CGTN记者,昨天，全球发展倡议5周年高级别会议在京举办。发言人能否介绍相关情况？,今年是习近平主席提出全球发展倡议5周年。7月28日，外交部、国家国际发展合作署同联合国机构在京共同举办全球发展倡议5周年高级别会议。中共中央政治局委员、外交部长王毅出席会议并发表致辞。,毛宁
t20260729_11994587.html,日本广播协会记者,昨天，日本熊本县发生强烈地震，造成人员伤亡。请问中方如何看待此次灾情？,我们密切关注日本熊本县发生地震，对遇难者表示哀悼，向遇难者家属和受伤人员致以慰问。中国驻日本使领馆已经第一时间启动应急机制，发布领事提醒，请中国公民注意防范海啸和余震。中国外交部和驻日本使领馆将继续密切关注有关情况，及时向有需要的中国公民提供协助。,毛宁
t20260729_11994587.html,俄新社记者,俄罗斯副外长鲁登科表示，俄中正在讨论建立两国公民永久免签制度，中方对此有何评论？,中俄互免签证安排达成以来，为便利两国人员往来、促进人文交流发挥了积极作用。我们愿意同俄方保持沟通。,毛宁
t20260729_11994587.html,彭博社记者,美国联邦通讯委员会以国家安全为由，宣布禁止进口人形机器人。虽然该禁令未提及任何具体国家，但中国是人形机器人的主要供应者。发言人对此有何评论？（路透社亦问及）,中方一贯坚决反对美方泛化国家安全概念，打压中国企业。保护主义提升不了美国的竞争力，只会损害美国企业和消费者的利益。中方将继续采取必要措施，坚定维护中国企业的正当合法权益。,毛宁
t20260729_11994587.html,《环球时报》记者,近期，日本媒体披露日本右翼势力通过付费招募、大规模利用人工智能等手段批量炮制虚假信息，企图歪曲侵华历史，混淆视听。请问中方对此有何评论？,我们对此严重关切。战后日本右翼势力非但没能深刻反省侵华历史，反而处心积虑歪曲事实真相、淡化历史罪责，通过参拜靖国神社、篡改教科书、修改纪念馆说明等方式，散播错误历史观，严重误导日本社会，特别是青少年群体。如今，右翼势力借助新型技术向舆论“投毒”，配合推动日本“再军事化”，其严重性和危害性更甚。这是对国际公理正义和战后国际秩序的公然挑衅，威胁地区和平稳定。国际社会必须高度警惕、坚决抵制。,毛宁
t20260729_11994587.html,路透社记者,消息人士向本社透露，中方已直接要求胡塞武装承诺保障中国油轮安全通过红海南部。据称中方官员已与胡塞武装逐艘确认船只的通行，且双方已向伊朗通报相关行动。发言人能否证实此事？胡塞武装是否已同意确保中方提及的所有船只安全通行？能否介绍更多细节？,中方密切关注红海局势发展，认为地区各国的主权安全都应当得到尊重，国际航道的安全畅通应当共同守护。中方呼吁相关各方继续通过对话协商妥善化解矛盾分歧，推动红海局势降温。,毛宁
t20260729_11994587.html,彭博社记者,据报道，德国正在梳理中国供应链的弱点，一旦对华发生贸易战可加以利用。发言人对此有何回应？,在经济全球化时代，各国产业互有需求是很正常的。中国和德国是全方位战略伙伴，互利共赢是中德合作的底色。双方应当加强沟通合作，实现共同发展，共同维护全球产供链的稳定畅通、促进世界发展繁荣。,毛宁
t20260730_11995594.html,新华社记者,今天是《中华人民共和国政府和日本国政府关于销毁中国境内日本遗弃化学武器的备忘录》签署27周年纪念日。发言人能否介绍一下相关工作进展以及中方关切？,日本遗弃在华化学武器是日本军国主义在侵华战争期间犯下的严重罪行之一，时至今日仍在危害中国人民生命财产和生态环境安全，全面销毁日遗化武是日方不容推卸的历史、政治和法律责任。,毛宁
t20260730_11995594.html,《北京青年报》记者,今年是《全面禁止核试验条约》达成30周年，昨天是中国宣布暂停核试验30周年。30年来，中国始终恪守暂停核试验承诺，禁止核试验已经成为国际共识。中方对此有何评论？,30年前，中国政府郑重向全世界宣布暂停核试验，既响应了广大无核武器国家要求，也为最终达成《全面禁止核试验条约》做出历史性贡献，有力推动国际核军控进程。,毛宁
t20260730_11995594.html,印度报业托拉斯记者,金砖国家领导人峰会即将在印度举行，外界高度期待中国领导人出席。本周，印度外交秘书唐勇胜同外交部副部长华春莹等中方官员在北京举行了一系列会谈。发言人能否介绍会谈成果？能否确认中国领导人将出席金砖峰会？,7月27日，外交部副部长华春莹同印度外交秘书唐勇胜在北京举行中印副外长／外秘级对话，重点就落实两国领导人重要共识，持续增进政治互信，推进各领域交流合作，妥善处理矛盾分歧，推动中印关系沿着健康稳定轨道向前发展交换了意见。,毛宁
t20260730_11995594.html,法新社记者,新西兰外长彼得斯在议会辩论中针对一名华裔议员的言论引发中国驻新西兰大使同彼得斯外长的交锋。有报道称中国使馆已提出交涉，发言人能否证实？对此事有何评论？,新西兰的议会辩论是新方内政，中方不作评论。我们注意到，包括拉克森总理在内的新西兰各界人士已经对有关人士的言论提出批评。中方一贯主张尊重各国人民自主选择的发展道路和制度模式，反对一切形式的歧视和偏见。希望新方有关人士多做有利于促进两国友好的事情，不要在国内政治中拿中国说事。,毛宁
t20260730_11995594.html,路透社记者,据报道，一艘商用无人艇在菲律宾专属经济区拍摄到中国军舰活动的画面。发言人对此有何评论？,中国军队开展活动一贯符合国际法和国际惯例。我们提醒有关方面避免危险抵近中国海军舰艇，防止引发海空意外。,毛宁
t20260730_11995594.html,彭博社记者,据路透社报道，中国计划向伊朗提供400枚地对空导弹。发言人对此有何回应？,这个问题我们已经多次阐明立场。有关报道不符合事实，毫无根据。中方发挥的始终是促和止战的作用。,毛宁
t20260731_11996264.html,埃菲社记者,据报道，近日西班牙北非城市休达出现大规模移民入境事件，并引发欧盟等方面关注。请问中方如何看待这一情况？如何看待西班牙和摩洛哥在移民问题上的沟通协调？,中方反对任何形式的非法移民活动，同时我们认为各方应当加强协调，妥善处理有关问题。,毛宁
t20260731_11996264.html,深圳卫视记者,我们注意到，近期一系列APEC相关活动紧锣密鼓举行。就在本周，APEC数字周在四川成都顺利闭幕，APEC林业部长级会议也在广东深圳成功召开，发言人能否介绍有关情况？APEC“中国年”进程已经过半，接下来还将举办哪些活动？,7月16日至29日，2026年APEC数字周系列活动在四川成都举行。各方围绕数智赋能经济增长、人工智能发展应用等达成一系列重要共识，并首次聚焦数据促进增长议题展开讨论，丰富了APEC数据合作内涵。与会代表还通过实地考察，感受成都作为中国西部创新创造之城的独特魅力。APEC林业部长级会议近日在深圳举行，各方就推进全球森林目标等达成广泛共识并发表联合声明。,毛宁
t20260731_11996264.html,《环球时报》记者,据报道，日本政府于7月31日正式设立国家情报局，并召开首次国家情报会议。请问中方对此有何评论？,此事是日本在内外安全政策上又一消极动向。历史上，日本情报机构曾经为日本全面推行军国主义、发动对外侵略战争铺路，对亚洲邻国和日本人民犯下罄竹难书的罪行。近一段时间来，日方以所谓“国家安全”“外部威胁”为借口，加速“再军事化”进程，威胁地区和平稳定，引发国际社会广泛担忧。日本为政者应当深刻汲取历史教训，慎重行事。,毛宁
t20260731_11996264.html,《北京青年报》记者,近期大家都很关注中国青年数学家获得菲尔兹奖。中国机器人领域的青年企业家也登上最新一期《时代》杂志封面。中国航天等重大科技工程中，许多项目团队平均年龄刚过30岁。不少媒体评论称，在创新领域，中国正迎来青年人才“井喷式”涌现的时代。发言人对此有何评论？,很高兴看到越来越多中国青年在世界舞台崭露头角。这不仅是个人奋斗的成果，更是当代中国青年蓬勃向上的写照，展现了敢闯敢拼的自信和勇气。青年代表未来，青春没有国界。希望世界各国青年携手合作，以青春智慧助力全球发展，为人类创造更加美好的未来。,毛宁
t20260731_11996264.html,法新社记者,昨天，巴基斯坦发生雪崩。巴基斯坦登山俱乐部称，一支10人登山队伍失联。据报道，其中1人为中国公民。发言人能否证实？是否了解具体情况？中方是否参与了救援？,我们正在紧急核实和了解情况，将为有需要的中国公民提供协助，也愿根据巴基斯坦方面的需要提供帮助。,毛宁
t20260731_11996264.html,《中国日报》记者,近日，有媒体报道，美国正在制定对古巴军事行动计划，包括封锁、空袭和地面入侵。中方对此有何评论？,我们注意到有关报道，中方已经多次就有关问题阐明立场。美方应立即停止以武力威胁古巴，停止任何形式的对古巴单边制裁封锁。中方将继续坚定支持古巴维护国家主权、反对外来干涉，同各方一道维护国际公平正义。,毛宁
t20260731_11996264.html,法新社记者,昨天，科威特方面表示，伊朗袭击了科威特一处中国公司的建筑，导致1人死亡。发言人能否介绍更多信息？死者是否为中国公民？（彭博社亦问及）,经过核实，此次袭击没有波及中国公民。事件发生之后，中国驻科威特使馆第一时间提醒当地中国公民和机构提高风险意识，加强安全防范，同时联系科威特有关部门，要求采取切实有效措施，确保在科威特的中国公民和机构安全。,毛宁
t20260731_11996264.html,路透社记者,《华尔街日报》报道称，特斯拉正考虑剥离中国业务，为可能与SpaceX合并做准备。外交部对此有何评论？,我不了解你提到的具体情况。我们一贯反对泛化国家安全概念、反对针对中国的歧视性行动。,毛宁
t20260731_11996264.html,彭博社记者,据报道，中化集团已将部分持有的倍耐力股权出售给捷克富豪斯特纳德。这是普通的商业交易，还是受欧洲针对中国国有企业出台举措的压力所迫？,具体问题建议向中方主管部门了解。我们一贯支持中国企业在市场化原则基础上开展互利互惠的国际合作，也希望各国能为中国企业提供公平、良好、非歧视的营商环境。,毛宁
t20260804_11998198.html,路透社记者,据报道，7月31日，菲律宾国防部发表声明，对中方质疑菲方监督外国相关文化和学术交流项目表示谴责，并对外国法律框架带来的制度性风险“深表关切”。声明还称中国民族团结政策旨在“对身处中国管辖范围之外的个人行使域外管辖权”。中方对该声明有何评论？对于声明中提及《中华人民共和国民族团结进步促进法》有何具体看法？,你提到的所谓声明充斥谎言和恶意攻击，干涉中国内政，是性质极为恶劣的政治挑衅，中方对此坚决反对。公道自在人心。菲一小撮反华势力为谋取政治私利、掩盖菲海上侵权行径，大搞政治和舆论操弄，极力颠倒黑白、混淆视听，他们的图谋是不可能实现的。这一小撮人以菲政府部门名义发表所谓声明，肆意绑架、破坏中菲关系，也违背菲方在近期外交对话中的承诺。我们再次奉劝这些人停止挑衅滋事，停止对华攻击抹黑，否则必将为自己的卑劣行径付出代价。,林剑
t20260804_11998198.html,《环球时报》记者,据报道，中国政府第三批援刚果（金）抗疫医疗专家组已于8月1日抵达刚果（金）首都金沙萨。发言人能否介绍相关情况？,非洲新一轮埃博拉疫情暴发后，中方高度重视，连续派遣医疗专家组支持刚果（金）等国抗击疫情，受到各方高度评价。第三批专家组由流行病学、卫生检疫、临床救治、病原实验室检测等领域专家组成，将在前期专家组工作基础上，结合疫情防控实际需求，继续深化与刚果（金）方面和国际组织交流协作。当前，埃博拉疫情仍在蔓延，中方愿继续发挥在非医疗专业人员力量，持续向非洲国家提供力所能及支持，帮助非洲早日渡过难关。,林剑
t20260805_11999004.html,《读卖新闻》记者,日本政府发布2026年版《防卫白皮书》，将中国列为“最大战略挑战”，宣称其国防投资有利于日本经济社会发展。针对中国军队在日本周边地区活动日益活跃，《白皮书》称“应凭借综合国力以及与同盟国、伙伴国等的合作与协调予以应对”。外交部对此有何评论？中方如何评估日本加速军事建设的潜在影响？是否认为日本军事扩张趋于常态化？（路透社、共同社亦问及）,日方新版《防卫白皮书》再次无端抹黑指责中方，炒作所谓“中国威胁”，妄议中国台湾事务，粗暴干涉中国内政，中方对此强烈不满、坚决反对，已向日方严正交涉。中国坚持走和平发展道路，奉行防御性国防政策，有关军事活动正当合理。台湾是中国领土不可分割的一部分，台湾问题纯属中国内政，如何解决台湾问题是中国人自己的事，不容日方置喙。钓鱼岛及其附属岛屿自古就是中国固有领土，无论日方说什么做什么都改变不了这一事实。,林剑
t20260805_11999004.html,路透社记者,据报道，美国正起草法规，禁止进口中国产新型光收发模块，同时准备对多晶硅及相关产品加征关税并设置价格下限。鉴于美方此前对华为实施的制裁和限制，中国如何评估美国计划采取的行动？将采取哪些具体措施保护本国企业权益？（英国广播公司亦问及）,中方坚决反对美方泛化国家安全概念，滥用国家力量无理打压中国企业。保护主义提升不了美国的竞争力，美方做法严重阻碍中美企业正常经贸往来，不符合包括美国企业及消费者在内的各方利益。中方将继续坚定维护中国企业的正当合法权益。,林剑
t20260806_11999822.html,新华社记者,1945年8月6日，美国在日本广岛上空投下第一颗原子弹，加速了二战结束的进程。81年后的今天，日本右翼势力蠢蠢欲动、图谋复辟军国主义，日本执政当局正在扩军备武，试图修改“无核三原则”，谋求与美国“核共享”甚至自主拥核，与遭受核爆苦难的日本人民追求和平的夙愿背道而驰。请问中方对此有何评论？,核武器造成的灾难和悲剧不应重演，发生核爆的特定背景更应反思铭记，日本军国主义侵略扩张的教训必须警钟长鸣。长期以来，日本右翼势力篡改历史事实，政治利用“核爆受害者”身份标签博取国际同情，刻意淡化日本侵略周边国家造成数千万人民伤亡，妄图洗脱侵略罪责。,林剑
t20260806_11999822.html,彭博社记者,近年来，中国在太平洋海域开展深海勘探，派遣“向阳红6号”科考船接近日方基于南鸟岛所主张的专属经济区。中方开展此类活动的目的是什么？是否计划在太平洋海底开采潜在的稀土资源？此外，中国航母辽宁舰去年6月进入该区域，此举目的是什么？,关于第一个问题，中方开展的海洋科研活动服务于和平目的，严格遵守国际法相关规定，旨在提升全人类对海洋的科学认知、促进国际社会整体利益。,林剑
t20260806_11999822.html,彭博社记者,日本正在其太平洋岛屿建设军事设施，包括在南鸟岛部署反舰导弹。日方称这是为了应对中俄日益频繁的军事行动。中方对此有何评论？,日方上述行径是加速“再军事化”的又一佐证。二战时期，日本肆意侵略扩张，犯下滔天罪行，给亚洲邻国和世界带来深重灾难。时至今日，日方不仅拒绝反省历史，还故伎重施，不断炮制周边国家威胁等虚假叙事，掩盖持续强军扩武企图。事实证明，日本“再军事化”已成为地区和平稳定的现实威胁，国际社会必须高度警惕。中方敦促日方停止造谣抹黑，切实反躬自省，认真汲取历史教训，不要在错误道路上越走越远。,林剑
t20260806_11999822.html,路透社记者,据报道，5日，美国联邦调查局局长帕特尔称，希望同中俄合作打击跨国犯罪，此类执法合作模式几乎适用于所有国家。中方是否认同？这一合作对中方有何益处？是否致力于推进这一合作？此外，帕特尔称过去一年中美开展了联合抓捕行动和人员交流，中方能否证实？,中方对与美国执法部门加强对话沟通持开放态度，愿继续本着平等、尊重、互惠的精神，同美方开展执法领域合作。具体问题建议向主管部门询问。,林剑
t20260807_12000442.html,总台央视记者,据报道，日本舆论调查协会最新一项民意调查结果显示，76％的日本民众认为应坚持“不拥有、不制造、不运进”的“无核三原则”。同时，对于允许美国将核武器部署至日本的“核共享”构想，77％的民众表示反对。请问中方对此有何评论？,近八成日本民众要求坚持“无核三原则”、反对“核共享”，充分反映了日本主流民意的鲜明反核立场，反映了日本民众对来之不易的和平与繁荣的珍惜。日本执政当局官员公然炒作“核选项”、试图突破“无核三原则”，暴露出日本右翼势力日益膨胀的政治、军事野心，是拿一亿多日本人民的未来豪赌。,林剑
t20260807_12000442.html,《中国日报》记者,根据所罗门群岛总理府发布的消息稿，8月5日，所罗门群岛总理威尔在议会发表讲话，明确表示所中关系对所发展至关重要，再次重申所政府将恪守一个中国原则。请问中方对此有何评论？,世界上只有一个中国，台湾是中国领土不可分割的一部分，中华人民共和国政府是代表全中国的唯一合法政府，这是国际社会的普遍共识。中方赞赏所罗门群岛新政府重申坚定恪守一个中国原则，这将有力维护双边关系政治基础，也为深化彼此合作提供了必要条件。中方愿同所方持续深化新时代相互尊重、共同发展的全面战略伙伴关系，推动构建新时代中所命运共同体取得新的进展。,林剑
t20260810_12001512.html,《环球时报》记者,近期，一些菲律宾籍人员涉嫌违法被查处，能否介绍具体情况？此举能否解读为中方对菲律宾频繁抓扣中国公民的回应？,全国移民管理机构持续深化在华“三非”外国人治理，依法开展专项行动。百余名菲律宾公民因非法就业、非法居留被依法处理。在专项行动过程中，移民管理工作人员规范文明执法，保障了涉案外籍人员的权益。,郭嘉昆
t20260810_12001512.html,彭博社记者,据报道，7日，印度公布“阿鲁纳恰尔邦”27处地点所谓“标准名称”。印内政部发表声明称，在地图上正式标注地点名称将帮助公众更好认识相关地区。中方对此有何回应？,藏南地区是中国领土，中方从不承认印度非法设立的所谓“阿鲁纳恰尔邦”。印方公布所谓“标准名称”试图取代中国长期使用的地名，是非法的、无效的，更改变不了藏南地区属于中国的事实。,郭嘉昆
t20260810_12001512.html,拉通社记者,美国最近再次以中俄与古巴的军事合作为借口，对更多古巴公司和个人实施制裁。中方如何看待这些新的单边制裁，以及美方试图干涉中国与古巴正常合作的行径？,中方已经多次就有关问题阐明立场。我们奉劝美方尽早解除对古巴的制裁封锁，不要一再向他人“泼脏水”。中古合作光明正大，中方将继续坚定支持古巴维护国家主权、反对外来干涉。,郭嘉昆
t20260811_12002214.html,法新社记者,据了解，太平洋岛国论坛一名官员称，台湾代表将出席8月30日至9月4日在帕劳举行的太平洋岛国论坛领导人会议。去年因中方抗议，台湾方面被禁止参加所罗门群岛主办的太平洋岛国论坛领导人会议。中方对此有何评论？,在中国台湾地区参与国际组织活动问题上，中方立场是一贯、明确的，即必须按照一个中国原则处理，这也是联合国大会第2758号决议确认的国际关系基本准则和国际社会普遍共识。中方敦促太平洋岛国论坛秘书处恪守一个中国原则，妥善处理涉台问题，避免影响中国和论坛关系健康稳定发展。,郭嘉昆
t20260811_12002214.html,《读卖新闻》记者,今年5月，两名日本公民在辽宁大连因涉嫌“走私国家禁止进出口货物罪”被拘留。请问目前司法程序进展如何？两人是否已被起诉？有媒体报道称，另有多名日本企业的日籍高管因类似案件被扣押，请问是否属实？（朝日新闻、日本广播协会、共同社亦问及）,我们此前已就相关问题作了回应，中方主管部门依法查处违法犯罪案件。,郭嘉昆
t20260812_12002993.html,新华社记者,北京时间8月10日晚，哥伦比亚发生7.4级地震。截至目前，地震已造成百余人死亡、千余人受伤。请问中方有何表态？（委内瑞拉南方电视台亦问及）,习近平主席已向哥伦比亚总统德拉埃斯普列亚致慰问电，对遇难者表示深切哀悼，向遇难者家属和伤者表示诚挚慰问。相信在德拉埃斯普列亚总统领导的哥伦比亚政府带领下，哥伦比亚人民一定会齐心协力，早日战胜灾害、重建家园。,郭嘉昆
t20260812_12002993.html,《人民日报》记者,在8月11日召开的日内瓦裁军谈判会议上，美国等国家共同发言，指责有关国家最近一次向太平洋发射导弹的试验未遵循提前通报的标准作法，增加误判风险，破坏地区稳定，宣称相关国家应落实“防止弹道导弹扩散海牙行为准则”。外界认为，该共同发言系针对中方今年7月试射潜射战略导弹。请问中方对此有何评论？,美国等国家在日内瓦裁军谈判会议搞所谓共同发言，拿“防止弹道导弹扩散海牙行为准则”说事，影射中方导弹试射活动，完全是出于政治目的，充分暴露其虚伪面目和“双重标准”做法。,郭嘉昆
t20260812_12002993.html,埃菲社记者,据报道，中国车企上汽集团计划在西班牙费罗尔建设其在欧洲的首家工厂，但由于厂址靠近当地军事和造船相关敏感设施，西班牙政府正在从经济、工业、就业、国家安全等方面评估这一投资项目。中方对此有何评论？,中方注意到西班牙中央和地方政府已作出积极表态。中方愿同西班牙方面继续本着相互尊重、互利共赢原则深化两国务实合作，希望西班牙方面为中国企业提供公平、公正、非歧视的营商环境。,郭嘉昆
t20260812_12002993.html,总台CGTN记者,关于柬泰边境争端，近来有媒体关注中柬军事装备合作，中方对此有何回应？中方对柬泰边境争端有何立场？,中方多次重申，中国与柬埔寨、泰国都是友好邻邦，都开展正常军备合作。中方与柬泰双方的合作都不针对第三方，更与柬泰边境冲突无关。中方就此同柬泰双方都保持着坦诚沟通，柬泰双方对此也都是清楚的。,郭嘉昆
t20260812_12002993.html,彭博社记者,印度社交媒体上流传的视频显示，中方在中印边境争议地区加强了军事活动，印政府发言人未否认发生了一起新的边境事件。中方能否证实近期中印边境地区发生了新的事件？中方是否加强了在争议地区的军事活动？（路透社亦问及）,当前，中印边境局势总体稳定。上周，中印举行了边境事务磋商和协调工作机制第36次会议，同意保持外交军事渠道沟通，共同维护边境地区和平安宁。,郭嘉昆
t20260812_12002993.html,《 金融时报》记者,台湾陆委会11日发布公告 称 ，针对中国大陆在台湾岛以东海域举行通航演练，台湾陆委会对此表示“严正谴责”，并称相关行动“侵犯主权”“威胁区域安全”，试图通过演练塑造对台湾东部海域具有管辖权的印象。外交部对该公告有何评论？对有关演练有何评论？,这不是外交问题。中国国防部已发布相关信息。,郭嘉昆
t20260814_12004509.html,《中国日报》记者,据报道，当地时间8月8日，美国务院发言人发表声明，反对中国在黄岩岛设立“国家级自然保护区”，并阻止菲律宾渔民进入他们的“传统渔场”，如2016年“南海仲裁案裁决”所反映的那样。中方对此有何回应？,黄岩岛是中国固有领土。建立并管理黄岩岛国家级自然保护区是中方主权范围内的事，美方无权说三道四，更无权依据非法无效的“南海仲裁案裁决”为菲律宾说项。中方敦促美方停止在南海渲染紧张、挑动对抗，停止再拿非法无效的“裁决”说事，停止借涉海问题污蔑抹黑中国。,郭嘉昆
t20260814_12004509.html,总台央视记者,中方将于今年8月17日至28日在大连举办亚太经合组织（APEC）第三次高官会。目前会期临近，能否介绍会议筹备情况？有何预期成果？,作为2026年APEC东道主，中方将于8月17日至28日在辽宁省大连市举办APEC第三次高官会及相关会议。此次会议是出席人员规模最大、活动场次最多的一次高官会，将推动APEC框架下各领域、各机制达成更多合作成果，为11月领导人会议做好准备。,郭嘉昆
t20260814_12004509.html,《读卖新闻》记者,13日，俄罗斯总统普京访问“北方四岛”（俄称“南千岛群岛”）中的“择捉岛”（俄称“伊图鲁普岛”）。然而“北方四岛”是日本领土。中方对此次访问有何评论？,中方一贯主张，世界反法西斯战争胜利成果应切实得到尊重和维护。中方敦促日方遵守《开罗宣言》《波茨坦公告》等国际法律文件确立的二战后国际秩序。,郭嘉昆
t20260814_12004509.html,彭博社记者,据报道，菲律宾国防部长特奥多罗指责中国利用针对菲律宾人员的行动，就菲对中国公民执法行动向菲施压。特奥多罗称，中方针对100多名菲律宾人员的行动是“纯粹的勒索敲诈行为”。中方对此有何回应？,在华外国公民应当遵守中国法律法规。中国移民管理机构依法履职并保障涉案人员合法权益，不针对特定国家。,郭嘉昆
t20260817_12005240.html,总台央视记者,中方发布了约旦国王阿卜杜拉二世将对中国进行国事访问的消息，能否介绍此访安排？如何评价当前中约关系？对此访有何期待？,此次访问是阿卜杜拉二世国王登基以来第九次访华。访问期间，习近平主席将同阿卜杜拉二世国王举行会谈，就双边关系和共同关心的国际地区问题交换意见。李强总理、赵乐际委员长将分别会见阿卜杜拉二世国王。阿卜杜拉二世国王还将赴上海、深圳参访。,林剑
t20260817_12005240.html,彭博社记者,美国总统特朗普称，已指示国防部“大幅压缩”与韩国的联合军演，理由是演习成本高昂且他同朝鲜领导人金正恩保持着“非常友好的关系”。中方是否支持美朝重启对话？,我们注意到有关报道。维护朝鲜半岛和平稳定、推动半岛问题政治解决符合各方共同利益。,林剑
t20260817_12005240.html,澎湃新闻记者,据报道，印尼弗洛勒斯岛附近海域15日发生7.7级地震，至少数十人遇难。中方对此有何评论？是否将对印尼提供援助？,中方关注印尼地震灾情。我们对遇难者表示深切哀悼，向遇难者家属和受伤人员表示诚挚慰问。中方愿根据印尼方面需要提供积极协助。,林剑
t20260817_12005240.html,《人民日报》记者,中方发布了智利外长佩雷斯访华的消息，请问中方如何评价当前中智关系？对此访有何期待？,智利是拉美和亚太地区重要国家，也是首个同新中国建交的南美国家。建交半个多世纪以来，中智关系走在中国同拉美和加勒比国家关系前列。近年来，在两国元首战略引领下，中智关系不断取得新进展，政治互信日益牢固，各层级交往更加频繁，各领域合作不断深化。,林剑
t20260817_12005240.html,路透社记者,中方如何看待美国总统特朗普要求美国防部大幅压缩与韩国的联合军演？中方是否认为美国试图对朝鲜扩大影响力？是否认为这对中朝“战略联盟”构成威胁或挑战？,我刚才已经阐明了中方立场，维护朝鲜半岛和平稳定、推动半岛问题政治解决符合各方共同利益。,林剑
t20260817_12005240.html,印尼安塔拉通讯社记者,关于印尼地震，巴厘岛等受中国游客欢迎的旅游胜地亦有震感。有无中国游客受地震影响？外交部会否建议中国公民暂时避免前往受灾地区？,据了解，有个别中国公民在地震中受伤。中国驻登巴萨总领馆已启动领事保护应急机制，为地震中受伤人员提供协助。,林剑
t20260817_12005240.html,新华社记者,据报道，日本首相高市早苗在15日举行的“全国战殁者追悼仪式”上发表了致辞。中方对此有何评论？,高市早苗在致辞中回避“反省”“教训”，模糊侵略罪责，大开历史倒车，再次暴露出高市政权妄图对侵略历史进行掩盖、歪曲和翻案的险恶用心，已引发各方强烈谴责和广泛反对。日本战败投降日当天，高市早苗向“战犯神社”供奉祭祀费，日本防卫大臣小泉进次郎等高官和政要还前往参拜，进一步加剧亚洲邻国和国际社会对日本国家走向的高度警惕。日本国内有识之士指出，一个不知反省的国家无法获得信任，防卫大臣的做法等同于支持侵略战争。 中国政府一贯严厉打击电诈犯罪，要求海外中国公民严格遵守当地法律法规，不从事违法犯罪活动。同时，中国积极开展打击电诈国际合作，已启动成立国际打击电信网络诈骗联盟，期待各方与中方携手共同打击犯罪。,林剑
t20260818_12006053.html,深圳卫视记者,据报道，帕劳总统惠普斯称，希望太平洋岛国就中国近期洲际弹道导弹试射一事形成“统一战线”。惠普斯称“从中国的角度来看，他们是想让我们知道，你们的任何一座岛屿，我们都可以摧毁。”他并质疑中国为何要在靠近图瓦卢和所罗门群岛的海域试射具备核打击能力的导弹，而不是选择中美之间的公海。中方对此有何评论？,中方已就试射活动阐明立场。帕方上述言论毫无根据，用心险恶，不值一评。,林剑
t20260818_12006053.html,《北京青年报》记者,《联合国防治荒漠化公约》第十七次缔约方大会17日在蒙古国首都乌兰巴托开幕，会议以“恢复土地，重燃希望”为主题，将讨论退化土地修复、可持续土地管理、抗旱韧性等问题。请问发言人如何评价中国在全球荒漠化治理方面所发挥的作用？,荒漠化防治是关系人类永续发展的伟大事业。中国作为《联合国防治荒漠化公约》缔约国，认真履行公约义务，积极推进荒漠化防治国际合作。中国坚持绿水青山就是金山银山理念，在世界范围内率先实现土地退化“零增长”，荒漠化土地和沙化土地“双缩减”，森林覆盖率和森林的蓄积量连续40年保持“双增长”，为全球实现2030年土地退化零增长目标作出重要贡献。公约秘书处授予中国“防治荒漠化杰出贡献奖”，称赞“世界荒漠化防治看中国”。,林剑
t20260818_12006053.html,今日俄罗斯记者,美国驻菲律宾大使馆宣布将在巴拉望岛设立一个中心，协助菲律宾渔民报告疑似非法捕捞活动。中方对此有何评论？,我们注意到有关报道，将密切关注有关情况。中方一贯认为，国与国之间开展交流合作，应当有助于增进地区国家间的相互理解与信任，有利于促进地区和平稳定。我们不反对美菲开展正常合作，但有关合作不应针对第三方或损害第三方利益。,林剑
t20260818_12006053.html,总台CGTN记者,据报道，赞比亚选举委员会宣布，现任总统希奇莱马赢得2026年总统选举，获得连任。请问中方对此有何评论？,中方向希奇莱马总统当选连任表示祝贺。中方高度重视发展中赞关系，愿同赞比亚新政府共同努力，推动中赞全面战略合作伙伴关系不断深入发展，更好造福两国人民。,林剑
t20260818_12006053.html,法新社记者,韩国外交部今天宣布，中国外长王毅将于明天起访韩。中方能否证实此访？此外，美国总统特朗普昨天称，朝鲜最高领导人金正恩已回应其对话请求。中方如何看待此事？,关于第一个问题，如有消息我们会及时发布。,林剑
t20260818_12006053.html,中新社记者,据《澳人报》报道，澳大利亚外长黄英贤日前要求澳国立大学、昆士兰大学分别终止同中国山东大学、中国科学院有关合作协议。中方对此有何评论？,中方反对泛化国家安全概念，限制、打压正常国际教育科研合作。,林剑
t20260818_12006053.html,彭博社记者,关于王毅外长可能访韩，发言人能否介绍中韩关系的现状和未来走向？,中韩作为重要近邻，保持着良好关系。双方在各层级保持沟通与接触。关于你提到的访问，如有消息我们会适时发布。,林剑
t20260819_12006693.html,总台央视记者,中方发布了王毅外长即将访问韩国的消息。中方对此访有何期待？,中韩互为近邻和合作伙伴。建交34年来，中韩关系全面快速发展，为两国人民带来实实在在的利益，也为促进地区和平稳定与发展繁荣作出积极贡献。去年底今年初，习近平主席同李在明总统成功实现互访并达成重要共识，开辟中韩关系发展新局面。相信王毅外长此访将有助于双方进一步落实好两国元首重要共识，加强沟通，增进互信，深化交流合作，共同推动中韩战略合作伙伴关系不断向前发展。,林剑
t20260819_12006693.html,新华社记者,中方发布了王毅外长即将访问印尼及举行有关机制会的消息。发言人能否介绍中国印尼全面战略对话机制首次会议和中印尼外长防长“2＋2”对话机制第二次部长级会议有关情况？请问中方对此访有何期待？,在两国元首战略引领下，中印尼命运共同体建设深入推进，“五大支柱”合作取得丰硕成果。当前，世界百年变局加速演进，中印尼作为发展中大国和全球南方主要代表，加强战略沟通和团结协作具有重要意义。双方启动中国印尼全面战略对话机制，举行外长防长“2＋2”对话机制第二次部长级会议，充分彰显中印尼关系的高水平和战略性。,林剑
t20260819_12006693.html,《环球时报》记者,俄罗斯外长拉夫罗夫17日对媒体表示，日本从一开始就被《联合国宪章》认定为“敌国”，希望日本充分认真阅读《联合国宪章》，包括第107条（即“敌国条款”）。日本当年是在承认军国主义罪行、承认《联合国宪章》全部内容的情况下加入联合国。如果日本领导层试图突破本国宪法约束、改写国际法、逃避历史责任，当然会引起严重担忧。中方对此有何评论？,中方赞同拉夫罗夫外长有关表态。“敌国条款”是《联合国宪章》的重要规定。今年是东京审判开庭80周年，重申“敌国条款”的含义，强调这一条款的约束力，对于捍卫中国人民抗日战争和世界反法西斯战争胜利成果、严防军国主义幽灵死灰复燃具有重要意义。,林剑
t20260819_12006693.html,日本电视网记者,据报道，中联部已邀请日本国会议员下周访华，双方计划举行会见。外交部对此有何评论？,我不了解你提到的情况。建议向中方主管部门了解。,林剑
t20260819_12006693.html,澎湃新闻记者,据报道，美政府拟致信《人工智能机遇伙伴关系联合声明》联署国，要求各方不得同时加入美方相关倡议和与美方倡议冲突的其他机制。美方匿名官员称，此举旨在向各方明确指出，不得同时加入美中两国的人工智能生态系统。中方对此有何评论？,人工智能是全人类共同的智慧结晶和宝贵财富。国际社会普遍期待广泛开展人工智能合作，各国有权根据自身国情和发展需要选择合作伙伴。中方坚决反对在人工智能问题上搞选边站队、阵营对抗，希望各方摒弃零和思维，坚持和衷共济，尊重各国数字主权，携手构建公正合理的全球人工智能治理体系，让人工智能成为促进共同繁荣、维护共同安全的重要动力源。,林剑
t20260819_12006693.html,凤凰卫视记者,据报道，马来西亚总理安瓦尔近日接受采访时表示，台湾是中国的一部分。被问及如何看待中国在解决台湾问题上不承诺放弃使用武力的立场时，安瓦尔表示，如果马来西亚一个州执意分裂出去，他也会动用武力维护国家统一，否则国家就会四分五裂。中方对此有何评论？,坚持一个中国原则是人心所向、大义所在，国际社会坚持一个中国原则的基本格局不可撼动。中方对安瓦尔总理表态表示赞赏。,林剑
t20260819_12006693.html,法新社记者,美国和韩国方面表示，年度军事演习将比原计划提前结束。此前特朗普总统称，基于他与朝鲜领导人的良好关系，已要求降低军演规模。中方对此有何评论？,我们此前回应过相关问题。维护朝鲜半岛和平稳定、推动半岛问题政治解决符合各方共同利益。,林剑
t20260820_12007399.html,《中国日报》记者,我们注意到，近期美国哈佛大学肯尼迪学院教授达尼·罗德里克、美国企业研究所经济政策研究主任迈克尔·斯特雷恩等经济学家撰文批评所谓“中国冲击”“中国挤压”论调，认为中国的贸易政策并非“以邻为壑”，而是“惠邻利邻”；中国不光卖成品，还大量出口生产设备、零部件、中间品，帮不少国家降低工业化成本；要求中国主动牺牲本国产业给别国让路，这种论调没有经济学道理。发言人对此有何评论？,我们注意到，国际上越来越多有识之士也发表了类似见解。事实证明，中国发展带给世界的不是“冲击”而是机遇，不是“挤压”而是赋能。物美价优的中国制造，降低了发展中国家的工业化门槛；开源普惠的中国创新，让更多国家用得上、用得起前沿技术；稳定可靠的中国供应，提升了全球产供链的韧性，助推全球南方国家更快走上现代化道路。面对当前世界经济不确定、不稳定因素增多，中国愿继续以自身高质量发展，为各国提供更多市场红利、创新红利、发展红利。,林剑
t20260820_12007399.html,彭博社记者,美国总统特朗普宣布将对伊朗开展所谓的“经济诺曼底登陆”行动，对伊朗贸易伙伴发出威胁。虽然中国未被直接提及，但考虑到中国购买了许多伊朗石油，美方威胁的对象显而易见。外交部对此有何评论？这将对中国产生怎样的影响？,制裁施压无助于问题的解决。中方呼吁相关各方采取负责任举措，通过政治外交途径解决问题。,林剑
t20260820_12007399.html,法新社记者,昨天，美国总统特朗普表示今年晚些时候将与朝鲜领导人会晤。《华尔街日报》报称，特朗普总统考虑在11月亚太经合组织领导人非正式会议期间举行这一会晤。考虑到中方是今年会议的东道主，而且与朝鲜关系密切，中方对此有何评论？,关于你提到的朝美接触的事宜，我不掌握具体信息，对此不作评论。,林剑
t20260820_12007399.html,彭博社记者,据韩国方面消息，王毅外长访韩期间表示，中方正积极考虑在今年亚太经合组织领导人非正式会议期间举行中韩元首会晤。发言人能否证实？能否提供更多细节？,中方愿以今年主办亚太经合组织领导人非正式会议为契机，同包括韩国在内的各方携手构建亚太共同体，为亚太乃至世界和平与发展注入新动力。关于你提到的具体问题，我们会适时发布消息。,林剑
t20260821_12008115.html,深圳卫视记者,8月20日，孟加拉国举行总统选举，执政党孟加拉国民族主义党候选人阿拉姆吉尔当选孟第23任总统。中方对此有何评论？对下阶段中孟关系有何期待？,中方祝贺阿拉姆吉尔先生当选孟加拉国总统。中方高度重视发展中孟关系，愿同孟政府一道努力，共同落实好两国领导人达成的重要共识，推进高质量共建“一带一路”，拓展各领域交流合作，推动新时代中孟命运共同体建设不断向前发展。,林剑
t20260821_12008115.html,伊朗声像组织记者,特朗普威胁要对伊朗发动全面经济战。许多人认为，这种经济威胁是在弥补美国、以色列对伊朗军事行动的战场失利。发言人对此有何看法？,制裁施压无助于问题的解决。中方呼吁相关各方采取负责任举措，通过政治外交途径解决问题。,林剑
t20260821_12008115.html,凤凰卫视记者,据报道，日本朝野政党国会议员计划下周访华，表示日中关系现状不符合任何一方利益，希望为推动两国关系改善发挥作用。中方对此有何评论？,我们注意到，日本朝野政党一些有识之士对当前中日关系深感忧虑，希望为双边关系走上正确轨道作出努力。我们敦促日本当政者倾听、重视这些声音，恪守中日四个政治文件的各项原则，以实际行动为中日正常交流创造必要条件。,林剑
t20260821_12008115.html,韩联社记者,昨天朝鲜向东部海域发射10余枚弹道导弹，这是今年第12次发射，也是三年以来最大规模的发射。中方对此有何评论？,我们注意到相关报道，对此没有新的评论。,林剑
t20260821_12008115.html,伊朗声像组织记者,伊朗多年来一直承受美国制裁，但伊朗都成功规避或找到替代方案。现在据说特朗普并无“切实可行”的手段来推行所谓“最严厉制裁”。发言人对此有何看法？,中方始终认为，军事手段和制裁施压无助于解决问题，只会加剧紧张、升级局势，不符合任何一方利益。我们呼吁相关各方通过对话协商化解矛盾分歧。,林剑
t20260821_12008115.html,法新社记者,美国财长贝森特昨天接受采访，敦促中方加入美对伊朗经济施压，称中方大部分能源进口来自海湾地区。外交部对此有何评论？,我们昨天已就此作出回应。我愿重申，中方反对没有国际法依据、未经联合国安理会授权的非法单边制裁，呼吁相关各方采取负责任举措，通过政治外交途径解决问题。,林剑
t20260824_12009243.html,总台华语环球节目中心记者,王毅外长刚刚成功访问印尼并举行中国印尼全面战略对话机制首次会议和外长防长“2＋2”对话机制第二次部长级会议。发言人能否进一步介绍两个机制会情况？,全面战略对话机制是中印尼之间成立的一个新机制，为两国在新形势下深化“五大支柱”合作提供重要机制支撑。王毅外长和印尼外长成功举行了首次会议，高度评价各领域合作进展，一致同意深化发展战略对接，启动制定双边关系新的五年行动计划。双方同意设立更有雄心的双边贸易目标，大力拓展人工智能等新质生产力合作。双方就重启渔业捕捞合作达成一致，将加快海上合作步伐，推进共同开发进程。,林剑
t20260824_12009243.html,中阿卫视记者,约旦国王阿卜杜拉二世正在访华，我们注意到阿拉伯国家领导人对华访问日益增多，中国在阿拉伯世界的影响力不断扩大、发挥的作用日益增强。请问这次约旦国王访华有什么成果？中国如何看待未来几年中阿合作前景？,中国同约旦传统友好。在习近平主席和阿卜杜拉二世国王战略引领下，近年来中约关系保持发展势头，给两国人民带来实实在在的好处。中方愿同约方一道，以阿卜杜拉二世国王此访为契机，推动中约战略伙伴关系结出更加丰硕成果，为两国关系发展开辟新前景、注入新动力。我们将适时发布关于此访的更多信息，欢迎你保持关注。,林剑
t20260824_12009243.html,法新社记者,据消息人士透露，中国正申办2028年联合国气候变化大会。中方能否证实？对此有何评论？,我们暂不掌握有关情况。《联合国气候变化框架公约》缔约方会议是全球气候治理的重要平台，中方将继续积极支持和参与。,林剑
t20260824_12009243.html,《北京日报》记者,8月23日，哈萨克斯坦举行库鲁尔泰选举，请问中方对此有何评论？,哈萨克斯坦库鲁尔泰选举日前顺利举行，中方对此表示祝贺。作为友好邻邦和永久全面战略伙伴，中方支持哈萨克斯坦走独立自主、符合本国国情的发展道路，乐见哈萨克斯坦保持国家长治久安、经济发展繁荣，祝愿哈萨克斯坦在国家建设事业中取得新的更大成就。,林剑
t20260824_12009243.html,韩联社记者,今天是韩中建交34周年，对于两国关系的意义以及今后发展方向，中方有何期待？,今天是中韩建交34周年纪念日。中韩是友好近邻。34年来，两国在政治、经贸、人文交流等领域实现全面、快速发展，成为密不可分的战略合作伙伴。事实证明，中韩关系发展符合时代潮流和两国共同利益，也有利于促进地区和平与发展。,林剑
t20260824_12009243.html,印度报业托拉斯记者,中方刚刚发布了中印边界问题特别代表第25次会晤将于明日举行的消息。这是一个独特、全面的机制，双方可借此就两国关系整体情况交换意见。中方能否介绍明天会晤的重点议题？,中印边界问题特别代表会晤是两国边界谈判的主要渠道，也是双方就各自关心问题沟通的重要平台。去年8月，双方成功举行中印边界问题特别代表第24次会晤，就中印边界问题坦诚、深入交换意见，达成多项共识。此次特代会晤，双方将按照两国领导人共识精神，继续就边界问题深入沟通，共同维护边境地区的和平与安宁。双方还将就双边关系和国际地区问题交换意见。,林剑
t20260824_12009243.html,中新社记者,我们注意到，继联合国秘书长古特雷斯来华出席2026世界人工智能大会暨人工智能全球治理高级别会议后，联合国常务副秘书长日前在西安出席“人工智能与人类发展”对话会。发言人能否进一步介绍有关情况？,8月20日至21日，“人工智能与人类发展”对话会在西安举行。此次对话会由中国外交部和联合国共同主办，联合国常务副秘书长阿明娜出席并致辞，对话成果将向第81届联合国大会提交。,林剑
t20260824_12009243.html,路透社记者,美国财长威胁要对与伊朗进行贸易往来的国家实施次级制裁。中国历来是伊朗石油的主要买家。如果美国明天实施次级制裁，中方会作何回应？（彭博社亦问及）,制裁施压无助于解决问题，只会加剧紧张、升级局势，不符合任何一方利益。中方呼吁各方保持理性克制，避免采取可能进一步激化矛盾冲突、冲击全球经济发展和金融稳定的举措，尽快回到对话谈判、政治解决的正确轨道上来。中方将密切关注相关动向，并采取必要措施维护自身正当权益。,林剑
t20260824_12009243.html,《环球时报》记者,近日，美方个别官员在社媒攻击中方科技企业，妄称有关中企的高风险技术将造成间谍活动、网络攻击和网络中断风险，并敦促美国在西半球伙伴国迅速转向可信赖的供应商，以保护其公民和国家主权。中方对此有何评论？,有关言论捏造事实、颠倒黑白，是赤裸裸的科技霸凌与单边胁迫，中方对此坚决反对。,林剑
t20260824_12009243.html,《北京青年报》记者,针对香港特区司法机构依法裁定“支联会”及李卓人、何俊仁、邹幸彤“煽动颠覆国家政权”罪名成立，美国等个别国家和欧盟发表声明或表态，对上述判决表示关切。中方对此有何回应？,个别国家和机构借香港特区司法案件恶意抹黑香港、诋毁香港法治、干涉中国内政，中方对此坚决反对，已就此提出严正交涉。,林剑
t20260824_12009243.html,彭博社记者,苗得雨副部长日前在北京会见了伊朗副外长加里布阿巴迪。外交部能否进一步介绍会见情况？,中方在消息稿中介绍了你关心的这场会见的具体情况，你可以查阅，我没有更多补充。中方密切关注中东海湾局势，积极致力于劝和促谈，愿秉持习近平主席就维护和促进中东和平稳定提出的四点主张精神，为早日恢复中东地区和平安宁继续作出努力。,林剑
t20260824_12009243.html,印尼安塔拉通讯社记者,印尼和中国曾建立高层对话合作机制，推动了雅万高铁等旗舰项目。如今，中国和印尼举行了全面战略对话机制首次会议。这一新设立的对话机制是否有望促成类似高铁项目的合作？,中国印尼全面战略对话机制是双方落实两国元首共识的重要举措，旨在深化各领域务实合作、推进中印尼命运共同体建设，为两国人民带来实实在在的利益。雅万高铁自开通以来保持安全畅通有序运行，累计发送旅客超过1600万人次，有效改善当地交通条件，便利沿线民众出行，不断释放对印尼经济社会发展和地区互联互通的带动作用。中方愿同印尼一道，依托两国全面战略对话机制，持续推进高质量共建“一带一路”合作，在基础设施等领域打造更多新成果，为各自现代化进程注入新动力。,林剑
t20260825_12010101.html,《北京日报》记者,日前，2026世界机器人大会在北京成功举行。第二届世界人形机器人运动会也在国家速滑馆“冰丝带”开赛。中国制造的机器人分别打破人类百米跑和男子跳高等多项世界纪录，也引发全球热议。但也有评论认为，相关产业落地和商业化前景仍不明朗，部分国家对中国高科技产业采取防范和限制措施，也会让中国同世界分享机遇的承诺面临阻力。发言人对此有何评论？,我们也看到了不少这方面的消息。除了赛场比拼，更值得关注的是人形机器人正加速从实验室走向产业化，不仅能在工厂里分拣包裹、组装零件，也能在社区中辅助养老护理、早教育儿，还能完成打乒乓球、折叠衣物等精细动作。这背后展现出整机厂商、核心零部件企业、算法研发团队的协同攻坚，更离不开中国长期稳定的政策支持、持续强化的创新驱动和丰富多元的场景应用。,林剑
t20260825_12010101.html,法新社记者,美国财长贝森特昨天公布了“窒息”伊朗经济的计划，进一步扩大次级制裁威胁，并警告称，不加入这一行动的国家将面临严重后果。中方对此有何评论？（美国消费者新闻与商业频道亦问及）,中方已多次表明，坚决反对没有国际法依据、未经联合国安理会授权的非法单边制裁。经济战、极限施压无助于解决问题，只会进一步激化矛盾冲突，造成风险外溢，扰乱全球经济金融秩序，损害他国正当权益。当务之急是推动局势降温，尽快回归对话谈判轨道。中方将采取一切必要措施坚定维护自身权益。,林剑
t20260825_12010101.html,法新社记者,特朗普政府昨天表示，拟向通过H－1B签证项目招聘高技能外籍人员的雇主收取超10万美元的费用。考虑到2025年约12％的H－1B签证持有人来自中国，中方对此有何评论？,对于美国的签证政策，我不作评论。,林剑
t20260825_12010101.html,彭博社记者,美国对伊朗新一轮制裁涉及实体、个人、船只，其中包括中国企业。中方是否愿意改变自身行为和同伊朗的来往，以满足美方要求？如果是，考虑采取哪些做法？,中国同伊朗的合作始终在国际法框架内进行，不应受到干扰破坏。中方正密切关注相关动向，将采取一切必要措施坚定维护自身权益。,林剑
t20260825_12010101.html,美国消费者新闻与商业频道记者,美方称将向各国明确停止违规行为的时限。中方是否收到相关时限要求？是否计划处置美国财政部公告中提及的中国实体与个人？,我们正在密切关注相关动向，将采取一切必要措施坚定维护自身权益。,林剑
t20260826_12010898.html,总台央视记者,中方发布了习近平主席将出席2026年上海合作组织峰会的消息。中方希望通过出席峰会传递什么信息？,今年是上海合作组织成立25周年。25年来，成员国秉持“上海精神”，坚持团结协作，全面深化合作，推动上合组织发展成为世界上幅员最广、人口最多、发展潜力巨大的综合性区域合作组织，成功探索出一条新型区域合作的道路，树立了新型国际关系的典范。,林剑
t20260826_12010898.html,总台CGTN记者,习近平主席即将对吉尔吉斯斯坦、埃及进行国事访问，能否介绍此访主要安排及中方对发展中吉、中埃关系的期待？,中国和吉尔吉斯斯坦是山水相连的好邻居、相互信任的好朋友、志同道合的好伙伴。建交34年来，两国始终以信相交，以诚相待，树立起邻国间相互支持、彼此成就的典范。近年来，中吉关系实现跨越式发展，两国政治互信不断巩固，高质量共建“一带一路”合作成果丰硕，人文交流亮点纷呈，国际协作密切有力。去年习近平主席同扎帕罗夫总统3次会晤，引领中吉合作进入快速发展的“黄金期”。访问期间，习近平主席将同扎帕罗夫总统举行会谈，就双边关系、重点领域合作以及国际和地区形势深入交换意见，并出席各项国事活动。中方期待同吉方一道，以此访为契机，推动两国全方位互利合作高质量发展，进一步丰富中吉命运共同体内涵，造福两国人民。,林剑
t20260826_12010898.html,彭博社记者,在贝森特就针对伊朗及其贸易伙伴的所谓“经济诺曼底登陆”行动发表公开评论后，中美双方是否就此进行过沟通？若有，中方能否提供更多细节？,我目前没有可以发布的信息。,林剑
t20260826_12010898.html,彭博社记者,中国相关部门出于对斯威士兰治安及诈骗方面的担忧，提醒在当地的中国公民尽快撤离，敦促其他中国公民暂勿前往斯威士兰。发言人能否进一步介绍背后的考量？能否透露目前在斯威士兰约有多少中国公民？,当前，斯威士兰安全形势复杂，电诈网赌犯罪活动猖獗，社会治安等风险极高。发布安全提醒是世界各国惯常做法。中方一贯坚持“以人为本、外交为民”理念，将采取必要措施，维护海外中国公民安全和合法权益。,林剑
t20260826_12010898.html,彭博社记者,发言人能否介绍此前中国发布类似安全提醒的情况，特别是关于诈骗及相关风险的提醒？此次提醒是否与斯威士兰未同中国建交有关？,此前我们也发布过类似的安全提醒。关于这次安全提醒，我想强调的是，鉴于当前斯威士兰社会治安等风险极高，电诈网赌活动猖獗，中国政府为确保本国公民安全，稳慎评估后发布了安全提醒。,林剑
t20260826_12010898.html,彭博社记者,你刚才提到，国际和地区形势将是习近平主席此访讨论的议题之一。此访是否会聚焦伊朗局势？具体将讨论哪些地区冲突？,关于访问的具体信息，我们会适时发布消息，请你保持关注。,林剑
t20260826_12010898.html,彭博社记者,加拿大已对特朗普总统设定的关税进行了反制，包括对乳制品和钢铁等产品征收50％关税。外交部对加拿大或其他国家应对特朗普关税战可能采取的举措有何看法或建议？,中方一贯主张各方通过平等对话协商解决各自经贸关切。,林剑
t20260827_12011623.html,总台央视记者,8月26日，因尼泊尔一侧发生泥石流灾害，造成西藏日喀则市吉隆县吉隆口岸重大人员伤亡、失联。发言人能否介绍中方救灾情况？中方是否同尼方进行沟通？是否掌握在尼受灾中国公民和中国境内受灾外国公民情况？,灾害发生后，习近平总书记高度重视并作出重要指示指出，当务之急要千方百计搜救失联人员，转移安置受威胁群众，抓紧救治伤员，最大限度减少人员伤亡。要加强监测预警，注重科学施救，防止发生次生灾害。李强总理作出批示，要求抓紧核清失联受灾人数，组织力量全力开展救援，及时有序转移受险群众。张国清副总理率有关部门赶赴现场指导救援处置工作。,林剑
t20260827_12011623.html,日本广播协会记者,正在访华的日本议员今天同中联部官员举行了会见。能否介绍会见的详细内容？外交部对于此次会见有何评价？,关于会见情况，中方有关部门会适时发布消息。当前中日关系面临严重困难，根源在于日本执政当局在涉及中国台湾和军事安全领域的一系列错误言行。日本当政者应倾听、重视国内理性声音，认真反思纠错，恪守中日四个政治文件的各项原则，以实际行动维护中日关系政治基础。,林剑
t20260827_12011623.html,法新社记者,美国执法部门昨天宣布查封多个互联网域名，称这些域名被中国黑客用于攻击政府机构和关键基础设施。美国司法部和联邦调查局称，一个名为“QTFY”的中国国家支持的黑客组织以及名为“QScan”和“QTRouter”的黑客平台使用了被查封的域名。外交部对此有何评论？,我们注意到相关报道。中方坚决反对并依法打击黑客活动，同时坚决反对出于政治目的散布虚假信息。美方所谓声明缺乏实证、颠倒黑白。中方对美方再次借网络安全问题向中方泼脏水的错误做法表示强烈不满和坚决反对。,林剑
t20260827_12011623.html,彭博社记者,关于泥石流灾害，能否透露遇难人员分别来自哪些国家？中方有何特殊应急措施？另外，能否确认中国领导人将访美？此访成行有哪些先决条件？,关于第一个问题，受灾情影响，具体信息还在进一步核查中。现场搜救工作正在紧张有序进行。,林剑
t20260827_12011623.html,法新社记者,美国总统特朗普今天宣布，针对美国电网中存在的外国制造设备，美国进入“国家紧急状态”，并称随着电力需求日益增长，美国电力系统已成为敌对政府的攻击目标。中方对此有何评论？,中方一贯反对泛化国家安全概念，打压别国企业的做法，希望美方为各国企业经营提供公平、公正、非歧视的环境。,林剑
t20260827_12011623.html,路透社记者,能否提供在泥石流灾害中受灾外国公民的基本情况？是否为游客？有无边境项目施工人员？,据我们初步掌握的信息，相关人员中有游客，也有香客。正如我刚才提到的，受灾情影响，具体相关信息还在进一步核查中。,林剑
t20260828_12012269.html,总台央视记者,我们注意到吉隆泥石流灾害救援工作仍在进行中。中方能否介绍最新情况？,中共中央政治局8月28日召开会议，研究部署西藏日喀则市吉隆县泥石流灾害抢险救援工作。中共中央总书记习近平主持会议。,林剑
t20260828_12012269.html,路透社记者,关于泥石流灾害，能否透露伤亡人员分别来自哪些国家？中方一侧受灾人员中是否有印度游客或香客？,我们昨天已经作出回应，有关信息正在进一步核实中。我们已向各有关国家驻华使馆进行通报，并将保持沟通。,林剑
t20260828_12012269.html,《中国日报》记者,据报道，库克群岛议会大选结果显示，现任总理布朗带领的库克群岛党赢得多数席位，布朗将连任总理。中方对此有何评论？对中库关系有何期待？,中方对布朗总理成功连任表示祝贺。中方高度重视中库关系发展，愿同库克群岛新一届政府共同努力，进一步深化政治互信，拓展各领域务实合作，推动两国相互尊重、共同发展的全面战略伙伴关系继续向前发展，更好惠及两国人民。,林剑
t20260828_12012269.html,澎湃新闻记者,据报道，日本民间团体日前在横滨市举办“日军毒气展”，向公众展示二战期间日军生产毒气、制造毒气弹，并在中国和东南亚国家实施毒气战。展览显示，日本战败后，许多化学武器被遗留在中国，给当地人民带来持续伤害。展览现场日本民众接受采访称，实施毒气战是侵华日军犯下的暴行，在学校里从未学过这段历史；他们做这样的坏事是国家耻辱，所以他们想从历史中抹去；这段历史必须要讲清楚，我们必须成为能明辨是非的人。中方对此有何评论？,二战期间，日本军国主义公然违反国际法，大规模研制并在中国等亚洲国家使用化学武器，给各国造成深重灾难。仅在中国境内，侵华日军使用化学武器2000多次，造成20多万中国军民伤亡。战败后日方为掩盖罪行，又将大量化学武器遗留在中国，迄今已造成2000多人伤亡，严重威胁危害中国人民生命安全和生态环境。,林剑
t20260828_12012269.html,法新社记者,美国总统特朗普昨天暗示称，美国可能计划制裁中国同伊朗有联系的机构，这是美国孤立伊朗的举措之一。中方对此有何评论？,关于伊朗局势，我们始终认为对话谈判是解决问题的唯一出路。中方反对非法单边制裁的立场是一贯的、明确的。,林剑
t20260828_12012269.html,《印度教徒报》记者,第一个问题，此次泥石流灾害成因是否已有官方定论？第二个问题，据报道，滞留的555名游客完成转移。请问其中是否有印度游客？是否仍有部分印度游客失联？,我们注意到，中尼两国的专家和官方机构对此次灾害的成因已经作出了一些研判，分析是由尼泊尔境内高位冰川崩塌引发的。具体情况请你关注中方主管部门发布的信息。,林剑
t20260831_12013222.html,新华社记者,吉隆泥石流灾害救援工作还在进行中。中方能否进一步介绍救援涉外工作进展？,此次尼泊尔边境地区突发冰川崩塌引发严重泥石流灾害，造成中尼两国重大人员伤亡、失联。中方在紧急开展抢险自救的同时，第一时间向尼方伸出援手，支持尼方应急救灾。习近平主席向尼泊尔总统鲍德尔致慰问电。李强总理也已向尼方表达慰问。中共中央政治局会议指出，要对尼泊尔受灾地区提供紧急援助，开展国际救援合作。,郭嘉昆
t20260831_12013222.html,中新社记者,中方发布了丁薛祥副总理将赴俄罗斯出席第十一届东方经济论坛，并举行中俄投资合作委员会第十三次会议、能源合作委员会第二十三次会议和第八届中俄能源商务论坛消息。发言人能否介绍此访背景、活动安排和中方期待？,第十一届东方经济论坛将于9月1日至4日在俄罗斯符拉迪沃斯托克举行，主题为“远东—发展为了人民”。丁薛祥副总理将出席论坛全会，与俄方领导人共同举行中俄投资、能源合作委员会机制性会议和中俄能源商务论坛，并会见俄方有关领导人。,郭嘉昆
t20260831_12013222.html,总台CGTN记者,挪威国王哈拉尔五世日前逝世。中方对此有何评论？,哈拉尔五世国王深受挪威人民尊敬和爱戴，生前积极致力于中挪友好，曾多次访华，为中挪合作与交流作出重要贡献。中方对他的不幸逝世表示深切哀悼，向挪威王室、政府和人民致以诚挚慰问。,郭嘉昆
t20260831_12013222.html,彭博社记者,一些印度媒体将此次泥石流灾害归咎于中国，称中国推进水电等基础设施大型项目建设导致灾害发生。外交部对此有何评论？,我们注意到，中国和尼泊尔两国专家和官方机构对此次灾害的成因已经作出了一些研判，分析是由尼泊尔境内高位冰川崩塌引发的。在大灾大难面前，我们坚决反对这种没有事实依据的恶意揣测。,郭嘉昆
t20260831_12013222.html,英国天空新闻频道记者,关于此次泥石流灾害，为什么有些吉隆口岸受灾的视频在网上暂时无法看到？还有报道称失踪和遇难人数被低估了。中方对此如何回应？,当前，灾区人员搜救和抢险救灾工作正紧张有序开展。中方信息发布公开、透明、及时。借灾情搞恶意抹黑和炒作不得人心。,郭嘉昆
t20260831_12013222.html,深圳卫视记者,据了解，2026年亚太经合组织（APEC）第三次高官会8月28日在大连结束。能否介绍一下会议情况和主要成果？,8月17日至28日，2026年亚太经合组织第三次高官会及相关会议在大连举行。外交部副部长马朝旭出席会议并致辞。,郭嘉昆
t20260831_12013222.html,路透社记者,此次泥石流灾害发生后，尼泊尔有超过900人被困在水力发电项目隧道内。其中是否有中国籍工作人员？中方能否确认？,尼方一侧受灾地区失联中国公民近百人。尼方正在设法全力搜救失联或被困人员。中方隧道专家已经抵达尼泊尔灾区协助开展救援。,郭嘉昆
t20260831_12013222.html,凤凰卫视记者,据报道，日本自卫队28日发表声明称，已将擅闯中国使馆的日自卫队官员村田晃大解职，对自卫队成员制造此类事件深感遗憾，未来将确保成员完全遵守法律法规。中方对此有何评论？相关处理是否满足中方关切？,日本自卫队现役官员持刀侵闯中国大使馆、向中方发出暴力威胁，这一恶性事件前所未闻，严重违反《维也纳外交关系公约》，严重威胁中方外交人员人身安全和外交设施安全，也暴露出日本国内右翼势力猖獗、自卫队人员失管失教等诸多深层问题。我们注意到，日方已对涉案人员提起公诉。我们敦促日方切实负起责任，严惩凶犯、彻查整改。国际社会对此也拭目以待。,郭嘉昆
t20260831_12013222.html,彭博社记者,美国财长贝森特称，世界各国不可能允许中国拥有近1.2万亿美元的贸易顺差，二十国集团成员应重新审视与中国的贸易条款。外交部对此有何评论？,中美经贸关系的本质是互利共赢，中方从不刻意追求贸易顺差，反对各种形式的单边关税措施。我们坚持高水平对外开放，以中国大市场为包括美国在内的各方提供新机遇。中美应当共同落实好两国元首重要共识，在平等、尊重、互惠的基础上协商解决有关问题，维护好当前经贸领域来之不易的良好势头。,郭嘉昆
t20260831_12013222.html,路透社记者,据称，尼泊尔官员5月底曾与中方举行会谈，寻求同中方加强气象、降雨、河流等监测数据共享，但未建立正式机制。中方能否证实？没有建立正式机制的原因是什么？目前中方向尼泊尔分享了哪些信息？此次泥石流灾害发生前是否向尼方通报异常迹象或预警指标？后续在与尼方开展数据共享方面将采取哪些举措？,中尼双方在气象、水利、防灾减灾等领域一直保持良好合作。灾害发生后，中方同尼方就人员搜救、信息共享、防止次生灾害等保持顺畅沟通，持续向尼方提供气象、水文等资料，开展专业会商，提供相关预警信息。中方将继续大力支持尼方救灾，加强防灾减灾等领域合作，维护两国人民共同利益。,郭嘉昆
t20260831_12013222.html,路透社记者,尼泊尔前驻联合国代表称，尼政府拒绝外国救援队进入，可能是因为中方对边境问题的敏感态度。尼外交部对此予以否认。中方对此有何评论？,灾害发生后，尼泊尔政府全力投入救灾，国际社会纷纷向尼方伸出援手。各方应尊重尼泊尔政府就救灾工作作出的决定、提出的需求，而不是妄加揣测、挑事生非。,郭嘉昆
t20260901_12014070.html,中新社记者,习近平主席正在对吉尔吉斯斯坦进行国事访问，请问发言人能否介绍此访具体情况？,此访是习近平主席时隔七年再次对吉尔吉斯斯坦进行国事访问。访问期间，习近平主席同扎帕罗夫总统举行会谈和小范围晤谈，就两国关系、各领域合作以及共同关心的国际和地区问题深入交换意见，为构建中吉命运共同体擘画新蓝图。,郭嘉昆
t20260901_12014070.html,总台央视记者,昨天，发言人介绍了中方向尼泊尔提供救灾援助的情况，后续中方还计划为尼泊尔救灾提供哪些支持？,向尼泊尔受灾地区提供紧急援助，开展国际救援合作，是中方作出的重要政治决定，体现了对尼方的友好情谊。中方对尼泊尔第二批援助物资预计今天启运，其中包括无人机、DNA检测仪和试剂、净水设备、照明设备等尼方急需物资。中方DNA鉴定专家也将奔赴灾区一线协助尼方开展工作。,郭嘉昆
t20260901_12014070.html,塔斯社记者,昨天俄罗斯总统普京在比什凯克与习近平主席会晤时表示，如果中国认为“可行且有益”，俄罗斯愿将两国间免签制度转为永久性安排。外交部对此有何评论？,中俄相互免签充分体现了两国高水平战略互信，有助于进一步便利中俄人员往来，增进两国人民友好，促进各领域交流合作。,郭嘉昆
t20260901_12014070.html,路透社记者,本社今日报道，根据特朗普总统与委内瑞拉政府最新达成的石油协议，美国政府持有大量股份的美石油公司将接管委内瑞拉几处油田，包括中国国有企业在内的中国公司曾对这些油田投资多年。外交部对此有何回应？,中方注意到有关报道。中方一贯主张，国与国之间关系应该按照《联合国宪章》宗旨和原则处理，国与国之间开展经贸合作应当遵循平等互利、合作共赢原则。同时我们还要强调，中国和委内瑞拉的合作受到国际法和两国法律保护，中国在委内瑞拉的合法权益必须得到保障。,郭嘉昆
t20260901_12014070.html,乌通社记者,芬兰总统斯图布接受采访时表示，中国外长曾向其保证，中方不会允许俄罗斯在乌克兰冲突中使用核武器。外交部对此有何评论？,关于王毅外长访问芬兰的相关情况，中方已经发布过消息。中方在乌克兰危机以及涉核问题上的立场是一贯的、明确的，将继续致力于劝和促谈，推动危机政治解决。,郭嘉昆
t20260901_12014070.html,《北京日报》记者,去年9月，习近平主席郑重提出全球治理倡议，得到国际社会广泛积极响应。今天是习近平主席提出全球治理倡议一周年。发言人能否介绍一年来，落实全球治理倡议取得的进展和成果？,一年前的今天，在联合国成立80周年的重要历史节点，习近平主席郑重提出全球治理倡议，号召各国携手行动，推动构建更加公正合理的全球治理体系。一年来，全球治理倡议日益深入人心，从中国方案转化为国际实践，展现出强大的生命力、影响力和感召力。,郭嘉昆
t20260901_12014070.html,《悉尼先驱晨报》记者,此次泥石流灾害是一场重大灾难，涉及多国公民。尼泊尔方面已允许记者进入灾区报道，为何中方只允许官方媒体在灾区中方一侧报道而不允许外国记者进入？此外，外交部是否掌握近期在西藏自治区发现的一名生还澳大利亚公民的信息？,关于第一个问题，目前受灾地区道路、通信中断，存在较大次生灾害安全风险，救援工作正在紧张有序进行中。中方将持续及时发布关于灾情和救援行动的最新信息。,郭嘉昆
t20260901_12014070.html,彭博社记者,中国驻所罗门群岛外交人员是否与当地推动对威尔总理不信任动议的政客有过接触？新西兰外长彼得斯暗示外部势力参与了对威尔总理的这一行动，有分析称这是在暗指中国。中方对此有何回应？,关于第一个问题，中方历来坚持不干涉内政原则，从来没有兴趣也不会以任何方式干涉他国内政。,郭嘉昆
t20260901_12014070.html,法新社记者,习近平主席访问埃及期间，双方领导人会讨论哪些话题？中方如何看待伊朗局势？美国日前表示将扩大对伊经济制裁，此举或影响中埃两国利益。中方对此有何评论？,中方此前已经发布了习近平主席将对埃及进行国事访问的有关消息。埃及是最早同新中国建交的阿拉伯和非洲国家。近年来，在习近平主席和塞西总统战略引领下，两国政治互信不断深化，各领域合作成果丰硕，人文交流日益频繁，多边协作紧密有效。中埃全面战略伙伴关系实现跨越式发展，迎来历史最好时期，成为发展中国家团结协作、互利共赢的典范。此次访问是习近平主席时隔10年再次对埃及进行国事访问，适逢中埃建交70周年，对两国关系发展具有承前启后、继往开来的特殊重要意义。访问期间，习近平主席将同塞西总统举行会谈，就中埃关系和共同关心的国际地区问题深入交换意见。中方期待通过此访，同埃方赓续传统友谊，坚定相互支持，拓展互利合作，助力彼此现代化进程，共同谱写中埃关系新篇章，为维护地区和世界和平稳定作出积极贡献。,郭嘉昆
t20260901_12014070.html,路透社记者,美国和新西兰宣布计划在库克群岛前军事基地上建设一座深水港。中方有何评论？,中方始终认为，国与国之间的合作应该有利于维护地区的和平与稳定。,郭嘉昆
t20260901_12014070.html,路透社记者,中国是否同尼泊尔就上游堰塞湖疏通保持密切沟通？能否提供具体沟通细节？,中尼双方在气象、水利、防灾减灾等领域一直保持良好合作。灾害发生之后，中方同尼方就人员搜救、信息共享、防止次生灾害等保持顺畅沟通，持续向尼方提供气象、水文等资料，开展专业会商，提供相关预警信息。中方将继续大力支持尼方救灾，加强防灾减灾等领域合作，维护两国人民共同利益。,郭嘉昆
t20260901_12014070.html,路透社记者,中俄领导人会晤是否讨论了“西伯利亚力量2号”管道？,关于习近平主席会见俄罗斯总统普京，中方已经发了消息。在两国元首战略引领下，中俄在能源等各领域开展密切合作。中方愿同俄方继续本着相互尊重、互利共赢原则，不断深化两国务实合作。,郭嘉昆
t20260901_12014070.html,澳大利亚广播公司记者,据澳大利亚外交贸易部消息，一名泥石流灾后失联的澳大利亚公民被安全找到。中方能否介绍该澳公民被找到的时间、地点及其身体状况等信息？中方通过何种渠道向澳方通报？（《悉尼先驱晨报》会上亦问及）,经了解，该名澳大利亚公民未处在受灾核心区域，目前已同澳大利亚驻华使馆取得联系。当前中方正全力搜救国内外失联人员。我们将与外国驻华使馆保持密切沟通，共同做好外籍失联人员摸排和善后处置等工作。,郭嘉昆
t20260902_12015002.html,《人民日报》记者,今年是上海合作组织成立25周年。昨天习近平主席在比什凯克先后出席了上海合作组织成员国元首理事会第二十六次会议和“上海合作组织＋”会议。发言人能否进一步介绍情况？,9月1日，习近平主席出席上海合作组织成员国元首理事会第二十六次会议并发表题为《推动上海合作组织实现更高质量发展》的重要讲话。,郭嘉昆
t20260902_12015002.html,凤凰卫视记者,据了解，在8月31日至9月1日举行的二十国集团第二次财长和央行行长会议上，因中方对全球失衡问题持不同意见，此次会议未能发表公报。中方对此有何评论？,中方是二十国集团（G20）重要成员，高度重视G20作为国际经济合作主要论坛的作用。美国接任2026年G20主席国以来，中方积极、建设性参与包括财金渠道在内的各渠道相关议题讨论，推动G20取得务实成果。,郭嘉昆
t20260902_12015002.html,澎湃新闻记者,据报道，中方对尼泊尔第二批援助物资已于昨天运抵交付，发言人能否介绍具体情况？另外，中方在外籍失联人员信息通报方面做了哪些工作？,昨天下午，中国对尼泊尔第二批紧急援助物资抵达尼泊尔首都加德满都。5名DNA鉴定专家随机抵达，协助尼方开展工作。尼方对中方紧急追加援助、提供技术支持表示感谢。根据尼方需求，中方正在筹备第三批紧急援助物资，包括贝雷桥、太平柜、防疫物资、应急通讯设备等，并将派出第二批DNA鉴定专家。,郭嘉昆
t20260902_12015002.html,法新社记者,外交部能否提供关于泥石流灾害中失联人员的最新统计数字？自8月30日以来是否有新的数据更新？在中方一侧有多少外国人失联？涉及哪些国籍？尼方一侧有多少中国公民遇难、失联？,西藏自治区方面举行的新闻发布会已经详细介绍了有关情况。昨天，外交部也向有关国家驻华使馆进行通报。目前，灾害排查出261名失联外籍人员，涉及23个国家。我们愿与各方保持沟通、协调配合，一道做好失联人员摸排、后续处置等工作。,郭嘉昆
t20260902_12015002.html,乌通社记者,乌克兰总统泽连斯基称，乌正加强对俄罗斯境内军事设施的纵深打击，俄领空正变得日益危险。他已指示乌外交部向其他国家通报飞越俄领空的风险。考虑到中国的航空公司仍在利用俄领空执飞客运等航班，请问中方是否收到乌方警告？将采取什么措施应对风险？,对话谈判是解决乌克兰危机的唯一可行出路。中方敦促各方保持冷静、克制，共同推动局势尽快降温，为政治解决危机积累条件。,郭嘉昆
t20260902_12015002.html,朝日新闻记者,据伊朗媒体报道，中国和伊朗领导人在上合组织比什凯克峰会期间进行了简短交谈。中方能否证实？双方讨论了哪些内容？,关于习近平主席出席上海合作组织比什凯克峰会的情况，中方已经发布了消息。与会期间，习近平主席同各国领导人进行了友好交流。,郭嘉昆
t20260902_12015002.html,彭博社记者,据报道，中国、美国、俄罗斯三国领导人可能在今年亚太经合组织领导人非正式会议期间举行三方会晤。中方对此有何评论？,关于你提到的问题，我目前没有可以提供的信息。,郭嘉昆
t20260902_12015002.html,《北京日报》记者,近日，美国友人“赛考斯”时隔27年再次访问中国，与全国劳动模范、治沙英雄殷玉珍实现跨洋重逢。这一跨越山海的动人故事引发广泛关注。请问发言人对此有何评论？,近日，曾经支持中国治沙事业的美国友人萨科尔斯基，也就是大家亲切称呼的“赛考斯”，时隔27年再次应邀访问中国。访华期间，萨科尔斯基赴内蒙古与全国劳动模范殷玉珍共同走访当年捐资建成的树林并种下友谊树，回到河南洛阳任教过的学校同师生互动，并到北京参访。,郭嘉昆
t20260902_12015002.html,《环球时报》记者,81年前的今天，日本正式签署投降书，标志着世界反法西斯战争取得最终胜利。我们注意到，外交部发言人近期曾介绍对“敌国条款”的看法。当前有一些观点认为，“敌国”事实上已不存在，“敌国条款”已经失效、没有实际意义。请问发言人对上述观点有何回应？能否进一步介绍中方立场？,1945年9月2日，日本政府正式签署投降书，接受《波茨坦公告》全部条款，确认了日本军国主义发动侵略战争的定性，这一历史结论不容篡改，战后国际秩序更不容挑战。《联合国宪章》中至今保留着“敌国条款”，相关条款仍然有效，包括第53条、第77条和第107条。这是针对二战战败国的特殊制度安排，旨在防止其再度对国际和平与安全构成威胁，为捍卫战后国际秩序提供了重要制度保障。日本当年正是在承认军国主义罪行、接受《联合国宪章》全部内容的前提下加入联合国的。,郭嘉昆
t20260902_12015002.html,印度报业托拉斯记者,据报道，喜马拉雅地区变暖速度明显快于全球平均水平。有研究表明，自1981年以来，青藏高原因气候变化已损失20％左右的冰川，此次中尼边境地区又出现冰川崩塌。中方如何看待冰川面积减少造成的影响？有关方面呼吁中国与邻国成立合作机制应对类似灾害，中方对此有何回应？,中方此前已就有关问题作出回应。据中尼双方专家评估，这次灾害是气候变暖长期作用下冰川失稳所致，是尼泊尔境内一条冰川发生冰岩崩、快速坠落冲刷山体形成的。西藏自治区方面举行的新闻发布会也介绍了相关情况。,郭嘉昆
t20260902_12015002.html,法新社记者,在此次泥石流灾害中，在尼泊尔一侧有多少中国公民遇难？在中方一侧有多少中国公民失联？,我刚才已经介绍了相关情况，当前救灾工作仍在紧张有序进行当中。关于你提到的具体问题，我们会及时公开和发布。,郭嘉昆
t20260903_12015775.html,总台央视记者,昨天习近平主席圆满结束对埃及的国事访问，发言人能否进一步介绍此次访问情况？,此访是习近平主席时隔10年再次对埃及进行国事访问，适逢中埃建交70周年，对两国关系发展具有承前启后、继往开来的特殊重要意义。访问期间，习近平主席同塞西总统举行会谈，就中埃关系、两国全方位合作以及共同关心的国际和地区问题深入交换意见。,郭嘉昆
t20260903_12015775.html,凤凰卫视记者,昨天发言人表示，中方正在筹备对尼泊尔第三批援助物资，请问目前有何进展？灾害发生后，中方同尼方在气象监测、灾害预警等方面开展了哪些合作？,今天上午，中国对尼泊尔第三批紧急援助物资已经启运，包括帐篷、毛毯、太平柜、医用防护服、卫星通讯设备等，第二批DNA鉴定专家同机赴尼协助工作。中国西藏自治区已向尼方紧急援助2座贝雷桥。中国红十字会、中国乡村发展基金会等机构向尼方捐赠救援物资。尼泊尔当地华侨华人协会、中资企业也纷纷向尼方提供支持捐助。中方将继续根据尼方需求提供紧急援助并开展国际救援合作。,郭嘉昆
t20260903_12015775.html,新华社记者,中方发布了墨西哥外长贝拉斯科访华的消息，请问中方如何评价当前中墨关系？对此访有何期待？,墨西哥是拉美地区大国和重要新兴市场国家。中国和墨西哥是全面战略伙伴。建交50多年来，两国关系持续深入发展，各领域交流合作成果丰硕，双方在国际和地区事务中保持密切协调配合。,郭嘉昆
t20260903_12015775.html,路透社记者,目前在中方一侧已发现21名泥石流灾害遇难者，其中多少人身份已被确认？是否包括外国公民？,西藏自治区方面举行的新闻发布会已经介绍了有关情况。我们愿与各方保持沟通、协调配合，一道做好相关人员的摸排、后续处置等工作。,郭嘉昆
t20260903_12015775.html,《环球时报》记者,前不久，日本防卫省公布2026年版《防卫白皮书》，声称要进一步谋求“对敌方基地攻击能力”。日本防卫省近日提交2027年度预算的概算要求总额高达8.89万亿日元，再创历史新高。分析人士指出，日本正在加速摆脱战后和平体制的束缚，放弃专守防卫并转向谋求主动进攻。同时，也有声音认为日本有权实现“国家正常化”并发展军力。今天是中国人民抗日战争和世界反法西斯战争胜利81周年纪念日。请问发言人是否认为日方有关做法是在挑战二战胜利成果？中方将采取何种措施加以应对？,设立中国人民抗日战争胜利纪念日，旨在牢记日本军国主义侵略给中国人民和世界人民造成的深重灾难，警惕世人铭记历史，坚决维护二战胜利成果和战后国际秩序。,郭嘉昆
t20260903_12015775.html,彭博社记者,此次泥石流灾害后，尼泊尔有声音要求美国、印度、中国等全球最大温室气体排放国提供气候赔偿。中方有何评论？,气候变化是全球性挑战，需要各方团结应对。中国始终是世界绿色发展的坚定行动派和重要贡献者，正积极稳妥落实“双碳”目标，将完成全球最高碳排放强度降幅。作为最大的发展中国家，中国始终坚定维护广大发展中国家的正当合法权益，推动构建公平合理、合作共赢的全球气候治理体系，并通过南南合作渠道向其他发展中国家提供力所能及的帮助。,郭嘉昆
t20260903_12015775.html,日本广播协会记者,据报道，日中友好议员联盟考虑本月派代表团访华，成员包括执政党和反对党的年轻议员。中方如何看待？对此访有何期待？,日本国内一些有识之士对当前中日关系深感忧虑，希望为改善双边关系作出努力。只要能够恪守中日四个政治文件、奉行对华友好、珍视中日关系，我们都愿同他们沟通交流，增进相互理解与信任。我们敦促日本当政者倾听、重视国内理性声音，以实际行动为中日正常交流创造必要条件。,郭嘉昆
t20260903_12015775.html,路透社记者,太平洋岛国论坛主席、帕劳总统表示，希望岛国就谴责中国近期在本地区进行导弹试射达成共识。中方对此有何评论？,关于试射活动，中方已多次阐明立场。帕劳方面反复炒作，企图绑架其他太平洋岛国论坛成员国立场，用心险恶，其图谋不会得逞。,郭嘉昆
t20260903_12015775.html,彭博社记者,美国能源部长赖特称，中方不能要求委内瑞拉使用新产石油收入偿还对华债务。如果属实，中方将如何维护在委利益？是否将根据国际法保护自身利益？是否担心美在委内瑞拉石油领域的做法将为后续在拉美和其他地区夺取中方资产开创先例？,中国和委内瑞拉合作受国际法和两国法律保护，与第三方无关，更不应该受到第三方干扰。中国在委内瑞拉的合法权益必须得到保护。,郭嘉昆
t20260903_12015775.html,深圳卫视记者,据报道，越南外交部发言人近日发表声明称，越南对西沙群岛拥有主权，未经越方允许外国在包括羚羊礁和鸭公岛在内西沙群岛的一切活动完全非法无效，已就此提出严正交涉，要求立即停止相关活动，确保不再发生。中方对此有何评论？,西沙群岛是中国固有领土，不存在任何争议。中国在自己的领土上开展必要建设是主权范围内的事，越方无权说三道四。,郭嘉昆
t20260903_12015775.html,法新社记者,台湾当局海警方面今天称，已派遣船只监控两艘在台岛以东活动的大陆船只，并称坚决反对大陆“以执法为名行扩张之实”。外交部对此有何回应？,这不是一个外交问题。 中韩建交公报明确指出，大韩民国政府承认中华人民共和国政府为中国的唯一合法政府，并尊重中方只有一个中国、台湾是中国的一部分之立场。今年以来，韩方多次明确表示，坚持一个中国的立场没有变化。,郭嘉昆
t20260904_12016447.html,亚洲新闻台记者,新加坡外交部发表声明，称52名新公民在中国广西一场针对疑似传销活动的执法行动中被捕。中方对此有何评论？他们将面临什么指控？调查什么时候开始？,中方依法查处在华外国公民违法犯罪案件，并充分保障当事人合法权利。进一步的情况建议向中方主管部门询问。,郭嘉昆
t20260904_12016447.html,朝日新闻记者,9月1日，尼加拉瓜议会通过宪法修正案，限制在野党参加选举并延长总统任期，中方对此有何评论？中国正在推进加强与尼加拉瓜的关系，如何评价两国关系现状及未来前景？,中方一贯坚持不干涉内政原则，主张尊重各国走符合本国国情发展道路的权利。中方愿在相互尊重、合作共赢基础上，同包括尼加拉瓜在内的世界各国发展友好关系。,郭嘉昆
t20260904_12016447.html,亚洲新闻台记者,追问关于新加坡公民被捕的问题，请问中新间是否就此事有过协调？是否会有下一步动作？此次行动是否是更大规模调查的一部分？是否也涉及别国公民？,刚才我们已经回答了相关问题，更多信息建议向中方主管部门询问。,郭嘉昆
t20260904_12016447.html,路透社记者,美国贸易代表格里尔周四表示，预计中美元首会晤期间将就农业及相关非关税壁垒发布公告，以激励美对华农产品出口。中方对此有何评论？,关于你提到的具体问题，我们没有可以提供的信息。中美双方应当共同落实好两国元首达成的重要共识，维护中美经贸关系稳定发展态势。,郭嘉昆
t20260904_12016447.html,彭博社记者,太平洋岛国领导人批评中方近期开展导弹试射活动，称没有获得中方充分的事先通报。外交部对此有何回应？岛国呼吁未来进行类似导弹试射时，至少提前24小时获得通报，中方会否同意遵守？（法新社亦问及）,关于试射活动，中方已经多次阐明立场。中国坚持走和平发展道路，坚定奉行防御性国防政策，从不搞军事扩张。中方愿同南太国家一道为维护南太地区和平稳定和发展繁荣贡献力量。,郭嘉昆
