id,file,date,who,rep,media,len_q,len_a,cos_sem,jac,mirror,avoid,q_china,sensitive,acc,nq,multiq,window
0,t20240902_11483354.html,2024-09-02,毛宁,总台央视记者,cn,176,51,0.6254307627677911,0.125,0.148148148148148,0,1,0,0,1,0,hist
1,t20240902_11483354.html,2024-09-02,毛宁,法新社记者,foreign,148,99,0.75429368019104,0.11764705882352901,0.18181818181818102,0,1,1,0,3,1,hist
2,t20240902_11483354.html,2024-09-02,毛宁,法新社记者,foreign,104,95,0.583872199058532,0.016666666666666,0.030303030303030002,0,1,0,1,3,1,hist
3,t20240902_11483354.html,2024-09-02,毛宁,路透社记者,foreign,98,158,0.669033050537109,0.060975609756097005,0.138888888888888,0,1,1,0,2,1,hist
4,t20240902_11483354.html,2024-09-02,毛宁,中新社记者,cn,137,33,0.6186976432800291,0.09433962264150901,0.11111111111111101,0,1,0,0,1,0,hist
5,t20240902_11483354.html,2024-09-02,毛宁,韩联社记者,foreign,99,122,0.677531063556671,0.03076923076923,0.068965517241379,1,1,0,0,1,0,hist
6,t20240902_11483354.html,2024-09-02,毛宁,乌克兰国家通讯社记者,foreign,90,113,0.6009857654571531,0.033333333333333,0.07142857142857101,0,1,1,0,1,0,hist
7,t20240902_11483354.html,2024-09-02,毛宁,《环球时报》记者,cn,52,226,0.642678022384643,0.048780487804878,0.23529411764705802,0,1,1,0,1,0,hist
8,t20240902_11483354.html,2024-09-02,毛宁,法新社记者,foreign,137,134,0.723118662834167,0.060240963855421006,0.11904761904761901,0,1,1,1,4,1,hist
9,t20240902_11483354.html,2024-09-02,毛宁,彭博社记者,foreign,109,114,0.6853365898132321,0.150943396226415,0.25806451612903203,0,1,0,0,4,1,hist
10,t20240902_11483354.html,2024-09-02,毛宁,彭博社记者,foreign,36,93,0.49470949172973605,0.0,0.0,0,0,0,0,1,0,hist
11,t20240903_11484305.html,2024-09-03,毛宁,总台央视记者,cn,55,99,0.702508568763732,0.065217391304347,0.14285714285714202,0,1,0,0,3,1,hist
12,t20240903_11484305.html,2024-09-03,毛宁,《人民日报》记者,cn,60,146,0.598976016044616,0.092592592592592,0.26315789473684204,0,1,0,0,1,0,hist
13,t20240903_11484305.html,2024-09-03,毛宁,路透社记者,foreign,122,227,0.8931199312210081,0.13483146067415702,0.342857142857142,0,1,0,0,2,1,hist
14,t20240903_11484305.html,2024-09-03,毛宁,法新社记者,foreign,52,82,0.521955728530883,0.025,0.066666666666666,0,1,0,0,1,0,hist
15,t20240903_11484305.html,2024-09-03,毛宁,《环球时报》记者,cn,105,82,0.517294943332672,0.078125,0.128205128205128,0,1,1,0,1,0,hist
16,t20240903_11484305.html,2024-09-03,毛宁,澎湃新闻记者,cn,40,190,0.693474650382995,0.044776119402985,0.21428571428571402,0,0,0,0,1,0,hist
17,t20240903_11484305.html,2024-09-03,毛宁,总台华语环球节目中心记者,cn,136,127,0.6144469380378721,0.054054054054054,0.114285714285714,0,1,0,0,1,0,hist
18,t20240903_11484305.html,2024-09-03,毛宁,俄新社记者,foreign,44,75,0.46126133203506403,0.08571428571428501,0.17647058823529402,0,0,0,0,1,0,hist
19,t20240904_11484972.html,2024-09-04,毛宁,总台央视记者,cn,48,63,0.7047791481018061,0.055555555555555004,0.105263157894736,0,1,0,0,2,1,hist
20,t20240904_11484972.html,2024-09-04,毛宁,共同社记者,foreign,77,85,0.849842071533203,0.27083333333333304,0.448275862068965,0,0,0,0,1,0,hist
21,t20240904_11484972.html,2024-09-04,毛宁,中阿卫视记者,foreign,107,192,0.772194266319274,0.10389610389610301,0.23529411764705802,0,1,0,0,1,0,hist
22,t20240904_11484972.html,2024-09-04,毛宁,俄新社记者,foreign,46,65,0.70680284500122,0.08333333333333301,0.17647058823529402,0,1,0,0,1,0,hist
23,t20240904_11484972.html,2024-09-04,毛宁,韩联社记者,foreign,64,13,0.169386357069015,0.0,0.0,0,1,1,0,1,0,hist
24,t20240904_11484972.html,2024-09-04,毛宁,《北京日报》记者,foreign,80,172,0.843777000904083,0.097222222222222,0.269230769230769,0,1,0,0,1,0,hist
25,t20240904_11484972.html,2024-09-04,毛宁,彭博社记者,foreign,68,77,0.67633581161499,0.146341463414634,0.28571428571428503,0,1,0,0,2,1,hist
26,t20240904_11484972.html,2024-09-04,毛宁,印尼安塔拉通讯社记者,foreign,117,125,0.63245689868927,0.13559322033898302,0.33333333333333304,0,1,0,1,1,0,hist
27,t20240904_11484972.html,2024-09-04,毛宁,路透社记者,foreign,77,16,0.48782941699028004,0.0,0.0,0,0,0,0,3,1,hist
28,t20240905_11485842.html,2024-09-05,毛宁,总台央视记者,cn,48,67,0.8835983276367181,0.433333333333333,0.65,0,0,0,0,1,0,hist
29,t20240905_11485842.html,2024-09-05,毛宁,法新社记者,foreign,74,56,0.542228102684021,0.07142857142857101,0.115384615384615,0,1,0,0,1,0,hist
30,t20240905_11485842.html,2024-09-05,毛宁,荷兰《忠诚报》记者,foreign,61,117,0.689482688903808,0.07692307692307601,0.210526315789473,0,1,0,0,1,0,hist
31,t20240905_11485842.html,2024-09-05,毛宁,法新社记者,foreign,124,16,0.34044632315635603,0.023255813953488,0.026315789473684,0,1,0,0,1,0,hist
32,t20240905_11485842.html,2024-09-05,毛宁,荷兰《忠诚报》记者,foreign,49,29,0.461066037416458,0.038461538461538006,0.058823529411764004,0,1,0,0,1,0,hist
33,t20240906_11486567.html,2024-09-06,毛宁,总台央视记者,cn,36,154,0.7483692169189451,0.148148148148148,0.5714285714285711,0,0,0,0,1,0,hist
34,t20240906_11486567.html,2024-09-06,毛宁,法新社记者,foreign,56,77,0.520038485527038,0.043478260869565,0.09523809523809501,0,1,1,0,1,0,hist
35,t20240906_11486567.html,2024-09-06,毛宁,中新社记者,cn,152,127,0.798183441162109,0.14285714285714202,0.23255813953488302,0,1,1,0,1,0,hist
36,t20240906_11486567.html,2024-09-06,毛宁,路透社记者,foreign,73,54,0.7409563064575191,0.11111111111111101,0.17391304347826,0,1,0,0,2,1,hist
37,t20240909_11487663.html,2024-09-09,毛宁,总台央视记者,cn,115,138,0.790984094142913,0.060606060606060004,0.11764705882352901,0,1,0,0,1,0,hist
38,t20240909_11487663.html,2024-09-09,毛宁,《人民日报》记者,cn,68,126,0.69086480140686,0.24489795918367302,0.48,0,1,0,0,1,0,hist
39,t20240909_11487663.html,2024-09-09,毛宁,湖北广电记者,foreign,53,113,0.6551329493522641,0.052631578947368,0.13636363636363602,0,1,0,0,1,0,hist
40,t20240909_11487663.html,2024-09-09,毛宁,波兰通讯社记者,foreign,104,82,0.48172259330749506,0.103448275862068,0.157894736842105,0,1,1,0,1,0,hist
41,t20240909_11487663.html,2024-09-09,毛宁,德新社记者,foreign,36,143,0.431880056858062,0.017543859649122,0.09090909090909001,0,0,1,0,1,0,hist
42,t20240909_11487663.html,2024-09-09,毛宁,路透社记者,foreign,103,108,0.709469437599182,0.07462686567164101,0.16666666666666602,0,1,1,0,1,0,hist
43,t20240909_11487663.html,2024-09-09,毛宁,总台华语环球节目中心记者,cn,60,74,0.7872769832611081,0.375,0.5454545454545451,0,1,0,0,1,0,hist
44,t20240909_11487663.html,2024-09-09,毛宁,日本朝日电视台记者,foreign,105,67,0.46392044425010603,0.035714285714285005,0.055555555555555004,0,1,0,0,1,0,hist
45,t20240909_11487663.html,2024-09-09,毛宁,乌通社记者,foreign,92,68,0.519885659217834,0.061224489795918005,0.1,0,1,0,0,2,1,hist
46,t20240909_11487663.html,2024-09-09,毛宁,彭博社记者,foreign,80,48,0.757293581962585,0.17857142857142802,0.277777777777777,0,1,1,0,2,1,hist
47,t20240909_11487663.html,2024-09-09,毛宁,深圳卫视记者,cn,97,213,0.8298674821853631,0.15294117647058803,0.40625000000000006,0,1,1,0,1,0,hist
48,t20240909_11487663.html,2024-09-09,毛宁,彭博社记者,foreign,79,122,0.734049201011657,0.14,0.41176470588235203,0,0,1,0,2,1,hist
49,t20240909_11487663.html,2024-09-09,毛宁,彭博社记者,foreign,70,32,0.505234718322753,0.041666666666666005,0.0625,0,1,0,0,1,0,hist
50,t20240910_11488343.html,2024-09-10,毛宁,法新社记者,foreign,53,16,0.6327634453773491,0.045454545454545005,0.055555555555555004,0,1,1,0,1,0,hist
51,t20240910_11488343.html,2024-09-10,毛宁,新华社记者,cn,137,296,0.740069866180419,0.11864406779661,0.311111111111111,0,1,0,0,1,0,hist
52,t20240910_11488343.html,2024-09-10,毛宁,《中国日报》记者,cn,90,66,0.6659525632858271,0.09090909090909001,0.148148148148148,0,1,0,0,1,0,hist
53,t20240910_11488343.html,2024-09-10,毛宁,路透社记者,foreign,58,144,0.586364030838012,0.059701492537313,0.19047619047619002,0,1,0,0,1,0,hist
54,t20240910_11488343.html,2024-09-10,毛宁,印度报业托拉斯记者,foreign,104,94,0.6684272885322571,0.060606060606060004,0.1,0,1,0,0,2,1,hist
55,t20240910_11488343.html,2024-09-10,毛宁,印度报业托拉斯记者,foreign,56,53,0.688292503356933,0.114285714285714,0.2,0,0,0,0,2,1,hist
56,t20240911_11489002.html,2024-09-11,毛宁,路透社记者,foreign,84,148,0.6100529432296751,0.058823529411764004,0.148148148148148,0,1,0,0,1,0,hist
57,t20240911_11489002.html,2024-09-11,毛宁,总台央视记者,cn,59,187,0.758541762828826,0.11111111111111101,0.421052631578947,0,0,0,0,1,0,hist
58,t20240911_11489002.html,2024-09-11,毛宁,路透社记者,foreign,109,12,0.09571263939142201,0.0,0.0,0,1,0,0,1,0,hist
59,t20240911_11489002.html,2024-09-11,毛宁,《北京日报》记者,foreign,75,46,0.533262968063354,0.025,0.04,0,1,1,0,1,0,hist
60,t20240911_11489002.html,2024-09-11,毛宁,日本广播协会记者,foreign,53,33,0.7271118760108941,0.115384615384615,0.157894736842105,0,1,0,0,2,1,hist
61,t20240911_11489002.html,2024-09-11,毛宁,东方卫视记者,foreign,52,165,0.5665738582611081,0.051724137931034,0.17647058823529402,0,1,1,0,1,0,hist
62,t20240911_11489002.html,2024-09-11,毛宁,法新社记者,foreign,66,36,0.541370034217834,0.068965517241379,0.105263157894736,0,1,1,0,1,0,hist
63,t20240912_11489646.html,2024-09-12,毛宁,中新社记者,cn,32,42,0.747799336910247,0.2,0.33333333333333304,0,0,0,0,1,0,hist
64,t20240912_11489646.html,2024-09-12,毛宁,总台央视记者,cn,116,117,0.671189308166503,0.122807017543859,0.241379310344827,0,1,0,0,2,1,hist
65,t20240912_11489646.html,2024-09-12,毛宁,韩联社记者,foreign,58,17,0.504960238933563,0.09523809523809501,0.11764705882352901,0,1,0,0,1,0,hist
66,t20240912_11489646.html,2024-09-12,毛宁,韩联社记者,foreign,95,23,0.077506564557552,0.0,0.0,0,1,1,0,2,1,hist
67,t20240912_11489646.html,2024-09-12,毛宁,法新社记者,foreign,98,120,0.6862246394157411,0.09677419354838701,0.2,0,1,0,0,2,1,hist
68,t20240912_11489646.html,2024-09-12,毛宁,澎湃新闻记者,cn,133,64,0.687191009521484,0.115384615384615,0.15384615384615302,0,1,0,0,1,0,hist
69,t20240912_11489646.html,2024-09-12,毛宁,法新社记者,foreign,60,47,0.828048884868621,0.21875000000000003,0.35000000000000003,1,1,1,0,1,0,hist
70,t20240912_11489646.html,2024-09-12,毛宁,《北京青年报》记者,foreign,112,198,0.6468119025230401,0.07692307692307601,0.2,0,0,0,0,1,0,hist
71,t20240912_11489646.html,2024-09-12,毛宁,法新社记者,foreign,93,127,0.6897999644279481,0.07352941176470501,0.16666666666666602,0,1,0,0,1,0,hist
72,t20240912_11489646.html,2024-09-12,毛宁,彭博社记者,foreign,126,16,0.5561147928237911,0.025641025641025002,0.029411764705882002,0,1,1,1,1,0,hist
73,t20240912_11489646.html,2024-09-12,毛宁,印度报业托拉斯记者,foreign,76,42,0.658179759979248,0.21875000000000003,0.318181818181818,0,0,0,0,1,0,hist
74,t20240913_11490398.html,2024-09-13,毛宁,总台央视记者,cn,30,42,0.8270493149757381,0.42857142857142805,0.6000000000000001,0,0,0,0,1,0,hist
75,t20240913_11490398.html,2024-09-13,毛宁,路透社记者,foreign,57,128,0.5428194999694821,0.068965517241379,0.19047619047619002,0,0,1,0,1,0,hist
76,t20240913_11490398.html,2024-09-13,毛宁,深圳卫视记者,cn,45,50,0.8169750571250911,0.6000000000000001,0.7058823529411761,0,0,0,0,1,0,hist
77,t20240913_11490398.html,2024-09-13,毛宁,法新社记者,foreign,104,109,0.568222522735595,0.08064516129032201,0.15151515151515102,1,1,0,0,1,0,hist
78,t20240913_11490398.html,2024-09-13,毛宁,美国全国广播公司记者,foreign,79,45,0.508965611457824,0.069767441860465,0.1,0,1,0,0,2,1,hist
79,t20240913_11490398.html,2024-09-13,毛宁,《环球时报》记者,cn,36,139,0.6708025932312011,0.096153846153846,0.416666666666666,0,1,1,0,1,0,hist
80,t20240913_11490398.html,2024-09-13,毛宁,路透社记者,foreign,113,189,0.745289087295532,0.13580246913580202,0.305555555555555,0,1,0,0,4,1,hist
81,t20240913_11490398.html,2024-09-13,毛宁,乌通社记者,foreign,134,170,0.717337727546691,0.05813953488372001,0.128205128205128,0,1,0,0,2,1,hist
82,t20240913_11490398.html,2024-09-13,毛宁,法新社记者,foreign,88,76,0.33358547091484003,0.02,0.037037037037037,0,1,1,0,1,0,hist
83,t20240913_11490398.html,2024-09-13,毛宁,印度报业托拉斯记者,foreign,139,95,0.725390434265136,0.15625,0.24390243902439002,0,0,0,0,1,0,hist
84,t20240913_11490398.html,2024-09-13,毛宁,总台华语环球节目中心记者,cn,64,172,0.8140044212341301,0.203389830508474,0.6000000000000001,0,0,0,0,0,0,hist
85,t20240913_11490398.html,2024-09-13,毛宁,彭博社记者,foreign,43,45,0.6387109756469721,0.103448275862068,0.2,0,1,0,0,1,0,hist
86,t20240918_11492426.html,2024-09-18,林剑,总台央视记者,cn,42,137,0.7192052602767941,0.039215686274509005,0.125,0,1,0,0,3,1,hist
87,t20240918_11492426.html,2024-09-18,林剑,共同社记者,foreign,94,101,0.838800251483917,0.1875,0.321428571428571,0,1,0,0,2,1,hist
88,t20240918_11492426.html,2024-09-18,林剑,塔斯社记者,foreign,81,98,0.7141838073730461,0.04918032786885201,0.103448275862068,0,1,1,0,2,1,hist
89,t20240918_11492426.html,2024-09-18,林剑,中新社记者,cn,86,143,0.5620213747024531,0.028571428571428,0.07692307692307601,0,1,1,0,1,0,hist
90,t20240918_11492426.html,2024-09-18,林剑,法新社记者,foreign,54,49,0.542083919048309,0.030303030303030002,0.05,0,1,0,0,2,1,hist
91,t20240918_11492426.html,2024-09-18,林剑,《北京青年报》记者,foreign,125,145,0.725313901901245,0.063291139240506,0.11904761904761901,0,1,0,0,1,0,hist
92,t20240918_11492426.html,2024-09-18,林剑,彭博社记者,foreign,79,9,0.12057677656412101,0.0,0.0,1,1,0,0,1,0,hist
93,t20240918_11492426.html,2024-09-18,林剑,彭博社记者,foreign,73,244,0.537869095802307,0.052631578947368,0.21739130434782603,0,1,1,0,2,1,hist
94,t20240919_11493206.html,2024-09-19,林剑,总台华语环球节目中心记者,cn,76,120,0.8405100107192991,0.34042553191489305,0.64,0,1,0,0,1,0,hist
95,t20240919_11493206.html,2024-09-19,林剑,共同社记者,foreign,66,145,0.8158439993858331,0.031746031746031,0.09090909090909001,0,1,0,0,2,1,hist
96,t20240919_11493206.html,2024-09-19,林剑,日本经济新闻记者,foreign,75,122,0.416822493076324,0.052631578947368,0.14285714285714202,0,0,0,0,1,0,hist
97,t20240919_11493206.html,2024-09-19,林剑,日本经济新闻记者,foreign,55,101,0.5033437609672541,0.037037037037037,0.105263157894736,0,0,0,0,1,0,hist
98,t20240919_11493206.html,2024-09-19,林剑,《中国日报》记者,cn,54,67,0.45785441994667003,0.069767441860465,0.16666666666666602,0,1,0,0,1,0,hist
99,t20240919_11493206.html,2024-09-19,林剑,澎湃新闻记者,cn,140,79,0.7458551526069641,0.25,0.35135135135135104,0,1,0,0,1,0,hist
100,t20240919_11493206.html,2024-09-19,林剑,法新社记者,foreign,41,107,0.736837446689605,0.020833333333333003,0.07142857142857101,0,1,1,0,1,0,hist
101,t20240919_11493206.html,2024-09-19,林剑,湖北广电记者,foreign,46,47,0.5291315317153931,0.035714285714285005,0.07142857142857101,0,1,0,0,1,0,hist
102,t20240919_11493206.html,2024-09-19,林剑,土耳其阿纳多卢通讯社记者,foreign,69,71,0.442700266838073,0.043478260869565,0.09523809523809501,0,1,0,0,1,0,hist
103,t20240919_11493206.html,2024-09-19,林剑,路透社记者,foreign,128,153,0.7537572383880611,0.063291139240506,0.135135135135135,0,1,1,0,1,0,hist
104,t20240919_11493206.html,2024-09-19,林剑,土耳其阿纳多卢通讯社记者,foreign,77,9,0.17662119865417403,0.0,0.0,1,0,1,0,1,0,hist
105,t20240919_11493206.html,2024-09-19,林剑,法新社记者,foreign,38,154,0.780222177505493,0.054545454545454,0.23076923076923,0,1,0,0,1,0,hist
106,t20240920_11493741.html,2024-09-20,毛宁,总台央视记者,cn,55,163,0.7582238912582391,0.16129032258064502,0.47619047619047605,0,0,1,0,0,0,hist
107,t20240920_11493741.html,2024-09-20,毛宁,彭博社记者,foreign,134,69,0.7714294195175171,0.22222222222222202,0.29411764705882304,0,1,1,0,4,1,hist
108,t20240920_11493741.html,2024-09-20,毛宁,《北京日报》记者,foreign,66,136,0.57613205909729,0.092592592592592,0.25,0,1,0,0,2,1,hist
109,t20240920_11493741.html,2024-09-20,毛宁,彭博社记者,foreign,190,111,0.76576817035675,0.15,0.21428571428571402,0,1,0,0,1,0,hist
110,t20240920_11493741.html,2024-09-20,毛宁,日本经济新闻记者,foreign,123,72,0.749780297279357,0.134615384615384,0.189189189189189,0,1,0,0,2,1,hist
111,t20240920_11493741.html,2024-09-20,毛宁,日本广播协会记者,foreign,42,57,0.7775806188583371,0.20588235294117602,0.41176470588235203,0,0,0,0,1,0,hist
112,t20240920_11493741.html,2024-09-20,毛宁,彭博社记者,foreign,143,89,0.697909176349639,0.08333333333333301,0.125,0,1,0,1,2,1,hist
113,t20240920_11493741.html,2024-09-20,毛宁,共同社记者,foreign,35,34,0.35941720008850103,0.09523809523809501,0.15384615384615302,0,1,0,0,1,0,hist
114,t20240920_11493741.html,2024-09-20,毛宁,日本广播协会记者,foreign,43,81,0.7712100744247431,0.105263157894736,0.25,1,1,0,0,1,0,hist
115,t20240920_11493741.html,2024-09-20,毛宁,彭博社记者,foreign,58,68,0.739354610443115,0.171428571428571,0.35294117647058804,0,0,0,0,2,1,hist
116,t20240920_11493741.html,2024-09-20,毛宁,法新社记者,foreign,42,17,0.34587141871452304,0.052631578947368,0.07142857142857101,0,1,0,0,1,0,hist
117,t20241217_11495336.html,2024-12-17,林剑,总台央视记者,cn,85,74,0.808267831802368,0.264705882352941,0.409090909090909,0,1,0,0,2,1,hist
118,t20241217_11495336.html,2024-12-17,林剑,日本广播协会记者,foreign,82,51,0.64407330751419,0.093023255813953,0.133333333333333,0,1,0,0,4,1,hist
119,t20241217_11495336.html,2024-12-17,林剑,《中国日报》记者,cn,109,82,0.7374800443649291,0.131147540983606,0.216216216216216,0,1,1,0,1,0,hist
120,t20241217_11495336.html,2024-12-17,林剑,彭博社记者,foreign,87,162,0.749799489974975,0.107692307692307,0.25,0,1,0,0,1,0,hist
121,t20241217_11495336.html,2024-12-17,林剑,总台华语环球节目中心记者,cn,35,228,0.6762703657150261,0.053571428571428006,0.30000000000000004,0,1,0,0,1,0,hist
122,t20241217_11495336.html,2024-12-17,林剑,《北京日报》记者,foreign,67,89,0.8912825584411621,0.26315789473684204,0.45454545454545403,0,1,0,0,1,0,hist
123,t20241217_11495336.html,2024-12-17,林剑,法新社记者,foreign,40,72,0.660437941551208,0.09090909090909001,0.23076923076923,0,1,0,0,1,0,hist
124,t20241217_11495336.html,2024-12-17,林剑,中新社记者,cn,44,171,0.771247863769531,0.092592592592592,0.3125,0,1,0,0,1,0,hist
125,t20241217_11495336.html,2024-12-17,林剑,彭博社记者,foreign,78,159,0.7489069104194641,0.14084507042253502,0.35714285714285704,0,1,0,0,1,0,hist
126,t20241217_11495336.html,2024-12-17,林剑,土耳其阿纳多卢通讯社记者,foreign,69,36,0.6179433465003961,0.148148148148148,0.22222222222222202,0,1,0,0,1,0,hist
127,t20241217_11495336.html,2024-12-17,林剑,凤凰卫视记者,cn,101,144,0.5533316135406491,0.041095890410958,0.08823529411764701,0,1,0,0,1,0,hist
128,t20241217_11495336.html,2024-12-17,林剑,法新社记者,foreign,58,117,0.811533451080322,0.109090909090909,0.30000000000000004,0,1,1,0,1,0,hist
129,t20241217_11495336.html,2024-12-17,林剑,印度报业托拉斯记者,foreign,79,53,0.27189698815345703,0.044444444444444,0.06451612903225801,0,0,0,0,1,0,hist
130,t20241217_11495336.html,2024-12-17,林剑,法新社记者,foreign,81,114,0.6774664521217341,0.08064516129032201,0.17857142857142802,1,1,0,0,1,0,hist
131,t20241217_11495336.html,2024-12-17,林剑,印度报业托拉斯记者,foreign,46,35,0.7706301808357231,0.192307692307692,0.277777777777777,0,1,1,0,1,0,hist
132,t20241217_11495336.html,2024-12-17,林剑,路透社记者,foreign,122,84,0.42304477095603904,0.072727272727272,0.11764705882352901,0,1,0,0,1,0,hist
133,t20241217_11495336.html,2024-12-17,林剑,日本广播协会记者,foreign,54,93,0.627410411834716,0.11111111111111101,0.25,0,1,0,0,1,0,hist
134,t20241217_11495340.html,2024-12-17,林剑,《北京青年报》记者,foreign,166,72,0.6796959042549131,0.059701492537313,0.08333333333333301,0,1,0,0,2,1,hist
135,t20241217_11495340.html,2024-12-17,林剑,塔斯社记者,foreign,75,120,0.614595532417297,0.030303030303030002,0.07692307692307601,0,1,0,0,1,0,hist
136,t20241217_11495340.html,2024-12-17,林剑,土耳其阿纳多卢通讯社记者,foreign,49,100,0.698795795440673,0.061224489795918005,0.16666666666666602,0,1,0,0,1,0,hist
137,t20241217_11495340.html,2024-12-17,林剑,湖北广电记者,foreign,36,74,0.6801009774208061,0.10714285714285701,0.23076923076923,0,0,0,0,1,0,hist
138,t20241217_11495340.html,2024-12-17,林剑,日本广播协会记者,foreign,81,150,0.6222621202468871,0.119402985074626,0.30769230769230704,0,0,0,0,1,0,hist
139,t20241217_11495340.html,2024-12-17,林剑,法新社记者,foreign,62,64,0.588606536388397,0.027027027027027,0.058823529411764004,0,1,0,0,1,0,hist
140,t20241217_11495340.html,2024-12-17,林剑,东方卫视记者,foreign,207,146,0.7059584259986871,0.096153846153846,0.149253731343283,0,1,1,0,1,0,hist
141,t20241217_11495340.html,2024-12-17,林剑,彭博社记者,foreign,79,115,0.60030174255371,0.046153846153846004,0.10714285714285701,0,1,0,0,1,0,hist
142,t20241217_11495340.html,2024-12-17,林剑,塔斯社记者,foreign,45,33,0.573652327060699,0.0,0.0,0,1,0,0,1,0,hist
143,t20241217_11495343.html,2024-12-17,林剑,中新社记者,cn,102,206,0.71328067779541,0.07228915662650601,0.18181818181818102,0,1,0,0,1,0,hist
144,t20241217_11495343.html,2024-12-17,林剑,彭博社记者,foreign,167,131,0.43625885248184204,0.05813953488372001,0.1,0,1,1,0,2,1,hist
145,t20241217_11495343.html,2024-12-17,林剑,总台央视记者,cn,75,327,0.8363396525382991,0.13483146067415702,0.5714285714285711,0,1,1,0,1,0,hist
146,t20241217_11495343.html,2024-12-17,林剑,路透社记者,foreign,65,35,0.517324686050415,0.0,0.0,0,1,1,0,2,1,hist
147,t20241217_11495343.html,2024-12-17,林剑,乌通社记者,foreign,84,11,-0.023557217791676,0.0,0.0,0,1,1,0,1,0,hist
148,t20241217_11495343.html,2024-12-17,林剑,路透社记者,foreign,33,14,0.353502571582794,0.0625,0.08333333333333301,0,1,1,0,1,0,hist
149,t20241217_11495343.html,2024-12-17,林剑,深圳卫视记者,cn,89,192,0.6408008337020871,0.069444444444444,0.192307692307692,0,1,1,0,1,0,hist
150,t20241217_11495343.html,2024-12-17,林剑,路透社记者,foreign,50,67,0.44930368661880404,0.025641025641025002,0.055555555555555004,0,1,1,0,1,0,hist
151,t20241217_11495343.html,2024-12-17,林剑,法新社记者,foreign,61,105,0.562383532524108,0.07843137254901901,0.2,0,1,1,0,2,1,hist
152,t20241217_11495348.html,2024-12-17,林剑,澎湃新闻记者,cn,102,147,0.749738216400146,0.14516129032258002,0.30000000000000004,0,1,0,1,2,1,hist
153,t20241217_11495348.html,2024-12-17,林剑,韩国广播公司记者,foreign,69,95,0.8106133937835691,0.061224489795918005,0.14285714285714202,0,1,1,0,1,0,hist
154,t20241217_11495348.html,2024-12-17,林剑,塔斯社记者,foreign,118,148,0.8430371880531311,0.21917808219178,0.432432432432432,0,1,0,0,2,1,hist
155,t20241217_11495348.html,2024-12-17,林剑,伊拉克如道电视台记者,foreign,88,59,0.611819088459014,0.063829787234042,0.11111111111111101,0,1,0,0,2,1,hist
156,t20241217_11495348.html,2024-12-17,林剑,法新社记者,foreign,48,92,0.587074518203735,0.097560975609756,0.266666666666666,0,1,1,1,2,1,hist
157,t20241217_11495348.html,2024-12-17,林剑,法新社记者,foreign,82,67,0.486556351184844,0.128205128205128,0.208333333333333,0,1,0,0,1,0,hist
158,t20241217_11495348.html,2024-12-17,林剑,路透社记者,foreign,45,52,0.583390831947326,0.0625,0.15384615384615302,0,0,1,0,1,0,hist
159,t20241217_11495353.html,2024-12-17,林剑,总台央视记者,cn,82,96,0.7619582414627071,0.30000000000000004,0.48,0,1,0,1,2,1,hist
160,t20241217_11495353.html,2024-12-17,林剑,日本广播协会记者,foreign,87,172,0.601279139518737,0.053333333333333004,0.18181818181818102,0,1,0,0,2,1,hist
161,t20241217_11495353.html,2024-12-17,林剑,日本共同社记者,foreign,47,76,0.6712987422943111,0.055555555555555004,0.14285714285714202,0,0,1,0,1,0,hist
162,t20241217_11495353.html,2024-12-17,林剑,塔斯社记者,foreign,117,140,0.584360897541046,0.115384615384615,0.225,0,1,0,0,1,0,hist
163,t20241217_11495353.html,2024-12-17,林剑,中新社记者,cn,40,117,0.8439778089523311,0.16666666666666602,0.538461538461538,0,1,0,0,1,0,hist
164,t20241217_11495353.html,2024-12-17,林剑,韩国新一社记者,foreign,64,124,0.5679776072502131,0.09090909090909001,0.30769230769230704,0,0,0,0,1,0,hist
165,t20241217_11495353.html,2024-12-17,林剑,法新社记者,foreign,65,60,0.6161196827888481,0.06818181818181801,0.13636363636363602,0,1,0,0,2,1,hist
166,t20241217_11495353.html,2024-12-17,林剑,法新社记者,foreign,106,70,0.48885565996170005,0.130434782608695,0.1875,0,1,0,0,1,0,hist
167,t20241217_11495353.html,2024-12-17,林剑,塔斯社记者,foreign,73,83,0.711094379425048,0.053571428571428006,0.1,0,0,0,0,1,0,hist
168,t20241217_11495359.html,2024-12-17,林剑,总台华语环球节目中心记者,cn,42,83,0.7945234775543211,0.16129032258064502,0.35714285714285704,0,0,0,0,1,0,hist
169,t20241217_11495359.html,2024-12-17,林剑,日本经济新闻记者,foreign,105,117,0.7510685920715331,0.060606060606060004,0.137931034482758,0,1,0,0,1,0,hist
170,t20241217_11495359.html,2024-12-17,林剑,日本经济新闻记者,foreign,39,84,0.513693928718566,0.0,0.0,0,0,0,0,1,0,hist
171,t20241217_11495359.html,2024-12-17,林剑,日本广播协会记者,foreign,155,126,0.69424432516098,0.05434782608695601,0.1,0,1,0,0,2,1,hist
172,t20241217_11495359.html,2024-12-17,林剑,中新社记者,cn,55,151,0.433902651071548,0.16666666666666602,0.421052631578947,0,0,0,0,1,0,hist
173,t20241217_11495359.html,2024-12-17,林剑,法新社记者,foreign,60,29,0.48257866501808105,0.07142857142857101,0.09523809523809501,0,1,1,0,1,0,hist
174,t20241217_11495359.html,2024-12-17,林剑,凤凰卫视记者,cn,49,184,0.6494928598403931,0.03076923076923,0.133333333333333,0,1,1,0,1,0,hist
175,t20241217_11495369.html,2024-12-17,毛宁,总台央视记者,cn,59,108,0.48058408498764005,0.019230769230769003,0.055555555555555004,0,1,0,0,2,1,hist
176,t20241217_11495369.html,2024-12-17,毛宁,新华社记者,cn,56,94,0.6018024682998651,0.065217391304347,0.15,0,1,0,0,2,1,hist
177,t20241217_11495369.html,2024-12-17,毛宁,路透社记者,foreign,30,154,0.297879099845886,0.018181818181818,0.09090909090909001,0,0,0,0,1,0,hist
178,t20241217_11495369.html,2024-12-17,毛宁,中新社记者,cn,59,73,0.794288098812103,0.102564102564102,0.23529411764705802,0,1,0,0,2,1,hist
179,t20241217_11495369.html,2024-12-17,毛宁,总台华语环球节目中心记者,cn,59,208,0.733308315277099,0.072463768115942,0.277777777777777,0,1,0,0,2,1,hist
180,t20241217_11495369.html,2024-12-17,毛宁,《环球时报》记者,cn,92,256,0.7716924548149101,0.09890109890109801,0.29032258064516103,0,1,0,0,1,0,hist
181,t20241217_11495369.html,2024-12-17,毛宁,印度报业托拉斯记者,foreign,116,106,0.8741874694824211,0.171875,0.28947368421052605,0,1,0,0,2,1,hist
182,t20241217_11495369.html,2024-12-17,毛宁,《北京日报》记者,foreign,94,189,0.511212944984436,0.047619047619047006,0.11111111111111101,0,0,0,0,1,0,hist
183,t20241217_11495369.html,2024-12-17,毛宁,彭博社记者,foreign,99,99,0.6534290909767151,0.12,0.21428571428571402,0,0,0,0,3,1,hist
184,t20241217_11495369.html,2024-12-17,毛宁,法新社记者,foreign,59,88,0.9196277856826781,0.30000000000000004,0.631578947368421,0,1,0,0,1,0,hist
185,t20241217_11495369.html,2024-12-17,毛宁,印度报业托拉斯记者,foreign,45,55,0.6309514641761781,0.30769230769230704,0.5,0,1,0,0,1,0,hist
186,t20241217_11495369.html,2024-12-17,毛宁,共同社记者,foreign,39,44,0.6477060914039611,0.14285714285714202,0.28571428571428503,0,0,0,0,1,0,hist
187,t20241217_11495369.html,2024-12-17,毛宁,法新社记者,foreign,105,38,0.49472993612289407,0.13953488372093,0.17647058823529402,0,1,0,0,1,0,hist
188,t20241217_11495375.html,2024-12-17,毛宁,总台央视记者,cn,79,96,0.45948004722595204,0.016393442622950002,0.034482758620689,0,1,1,0,1,0,hist
189,t20241217_11495375.html,2024-12-17,毛宁,韩联社记者,foreign,96,84,0.5448338985443111,0.031746031746031,0.057142857142857,0,1,1,0,1,0,hist
190,t20241217_11495375.html,2024-12-17,毛宁,中阿卫视记者,foreign,47,42,0.425779700279235,0.06451612903225801,0.11764705882352901,0,1,0,0,1,0,hist
191,t20241217_11495375.html,2024-12-17,毛宁,《中国日报》记者,cn,92,66,0.45334869623184204,0.038461538461538006,0.07142857142857101,0,0,1,0,1,0,hist
192,t20241217_11495375.html,2024-12-17,毛宁,法新社记者,foreign,77,73,0.6160092353820801,0.24390243902439002,0.37037037037037,1,1,0,0,1,0,hist
193,t20241217_11495379.html,2024-12-17,毛宁,总台央视记者,cn,162,75,0.673897206783294,0.027777777777777003,0.040816326530612006,0,1,1,0,1,0,hist
194,t20241217_11495379.html,2024-12-17,毛宁,法新社记者,foreign,42,91,0.371090531349182,0.044444444444444,0.125,0,1,1,0,1,0,hist
195,t20241217_11495379.html,2024-12-17,毛宁,韩联社记者,foreign,260,164,0.758108615875244,0.040322580645161005,0.064102564102564,0,1,0,0,2,1,hist
196,t20241217_11495379.html,2024-12-17,毛宁,彭博社记者,foreign,87,50,0.7927523851394651,0.277777777777777,0.37037037037037,1,0,0,0,2,1,hist
197,t20241217_11495379.html,2024-12-17,毛宁,中新社记者,cn,79,102,0.8878643512725831,0.44444444444444403,0.695652173913043,0,1,1,0,1,0,hist
198,t20241217_11495379.html,2024-12-17,毛宁,法新社记者,foreign,40,78,0.6027945876121521,0.025641025641025002,0.07692307692307601,0,1,0,0,1,0,hist
199,t20241217_11495379.html,2024-12-17,毛宁,《中国日报》记者,cn,112,169,0.675980806350708,0.044943820224719,0.108108108108108,0,1,1,0,1,0,hist
200,t20241217_11495379.html,2024-12-17,毛宁,路透社记者,foreign,74,50,0.48885092139244,0.024390243902439,0.035714285714285005,1,1,0,0,1,0,hist
201,t20241217_11495386.html,2024-12-17,毛宁,总台央视记者,cn,53,213,0.7211871743202211,0.094594594594594,0.41176470588235203,0,1,0,0,1,0,hist
202,t20241217_11495386.html,2024-12-17,毛宁,法新社记者,foreign,60,68,0.6283721923828121,0.021739130434782,0.045454545454545005,0,1,1,0,1,0,hist
203,t20241217_11495386.html,2024-12-17,毛宁,香港中评社记者,cn,55,148,0.31756502389907804,0.134615384615384,0.4375,0,0,0,0,1,0,hist
204,t20241217_11495386.html,2024-12-17,毛宁,土耳其阿纳多卢通讯社记者,foreign,66,217,0.691379904747009,0.09090909090909001,0.33333333333333304,0,1,1,0,1,0,hist
205,t20241217_11495386.html,2024-12-17,毛宁,澎湃新闻记者,cn,114,89,0.8031570911407471,0.116666666666666,0.20588235294117602,0,1,1,0,1,0,hist
206,t20241217_11495386.html,2024-12-17,毛宁,法新社记者,foreign,45,132,0.581669211387634,0.035087719298245,0.11764705882352901,0,1,1,0,1,0,hist
207,t20241217_11495386.html,2024-12-17,毛宁,深圳卫视记者,cn,66,101,0.865199923515319,0.40625000000000006,0.65,0,1,1,0,1,0,hist
208,t20241217_11495386.html,2024-12-17,毛宁,法新社记者,foreign,54,293,0.7113022804260251,0.057142857142857,0.28571428571428503,0,1,0,0,1,0,hist
209,t20241217_11495389.html,2024-12-17,毛宁,总台央视记者,cn,61,122,0.476375997066497,0.101694915254237,0.31578947368421,0,1,0,0,1,0,hist
210,t20241217_11495389.html,2024-12-17,毛宁,韩联社记者,foreign,77,51,0.76666784286499,0.128205128205128,0.192307692307692,0,1,0,0,2,1,hist
211,t20241217_11495389.html,2024-12-17,毛宁,法新社记者,foreign,79,113,0.5988414883613581,0.07142857142857101,0.137931034482758,0,1,1,0,3,1,hist
212,t20241217_11495389.html,2024-12-17,毛宁,日本广播协会记者,foreign,32,122,0.333889424800872,0.0,0.0,0,0,1,0,1,0,hist
213,t20241217_11495389.html,2024-12-17,毛宁,澎湃新闻记者,cn,42,44,0.672007322311401,0.28571428571428503,0.461538461538461,0,0,0,0,1,0,hist
214,t20241217_11495389.html,2024-12-17,毛宁,朝日电视台记者,foreign,43,76,0.582541465759277,0.026315789473684,0.066666666666666,0,1,0,0,1,0,hist
215,t20241217_11495389.html,2024-12-17,毛宁,巴基斯坦联合通讯社记者,foreign,50,97,0.7845159173011781,0.11627906976744101,0.277777777777777,0,1,0,0,2,1,hist
216,t20241217_11495389.html,2024-12-17,毛宁,《环球时报》记者,cn,105,118,0.836044371128082,0.130434782608695,0.243243243243243,0,1,1,0,1,0,hist
217,t20241217_11495392.html,2024-12-17,毛宁,深圳卫视记者,cn,84,95,0.8232125043869011,0.22727272727272702,0.43478260869565205,0,1,0,0,1,0,hist
218,t20241217_11495392.html,2024-12-17,毛宁,彭博社记者,foreign,56,79,0.8236476182937621,0.075,0.157894736842105,0,1,1,0,1,0,hist
219,t20241217_11495392.html,2024-12-17,毛宁,法新社记者,foreign,60,88,0.6029338836669921,0.069767441860465,0.16666666666666602,0,1,1,0,1,0,hist
220,t20241217_11495392.html,2024-12-17,毛宁,《中国日报》记者,cn,72,58,0.7905173301696771,0.2,0.28571428571428503,0,0,0,0,1,0,hist
221,t20241217_11495392.html,2024-12-17,毛宁,彭博社记者,foreign,105,49,0.568244755268096,0.020408163265306003,0.027027027027027,1,1,1,0,1,0,hist
222,t20241217_11495392.html,2024-12-17,毛宁,法新社记者,foreign,40,116,0.5349796414375301,0.018867924528301,0.0625,0,1,0,0,1,0,hist
223,t20241217_11495396.html,2024-12-17,毛宁,新华社记者,cn,80,99,0.7756606340408321,0.148936170212765,0.291666666666666,0,0,0,0,1,0,hist
224,t20241217_11495396.html,2024-12-17,毛宁,路透社记者,foreign,88,94,0.7582203149795531,0.07692307692307601,0.16666666666666602,0,1,0,0,3,1,hist
225,t20241217_11495396.html,2024-12-17,毛宁,法新社记者,foreign,73,56,0.510694861412048,0.105263157894736,0.18181818181818102,0,1,0,0,2,1,hist
226,t20241217_11495396.html,2024-12-17,毛宁,中新社记者,cn,110,104,0.898361563682556,0.115384615384615,0.2,0,1,1,0,1,0,hist
227,t20241217_11495396.html,2024-12-17,毛宁,英国天空新闻频道记者,foreign,43,63,0.715447187423706,0.08823529411764701,0.1875,0,1,0,0,1,0,hist
228,t20241217_11495396.html,2024-12-17,毛宁,日本经济新闻记者,foreign,50,38,0.552584767341613,0.032258064516129004,0.052631578947368,1,0,0,0,1,0,hist
229,t20241217_11495396.html,2024-12-17,毛宁,《北京青年报》记者,foreign,108,52,0.648800373077392,0.09523809523809501,0.12121212121212101,0,1,0,0,1,0,hist
230,t20241217_11495396.html,2024-12-17,毛宁,法新社记者,foreign,62,13,0.25288993120193404,0.043478260869565,0.052631578947368,1,0,0,0,1,0,hist
231,t20241217_11495396.html,2024-12-17,毛宁,英国天空新闻频道记者,foreign,31,36,0.46247202157974204,0.0,0.0,0,1,0,0,1,0,hist
232,t20241217_11495396.html,2024-12-17,毛宁,日本广播协会记者,foreign,82,19,0.47515904903411804,0.08571428571428501,0.1,0,1,1,0,1,0,hist
233,t20241217_11495403.html,2024-12-17,毛宁,中新社记者,cn,42,71,0.387239724397659,0.027027027027027,0.0625,0,1,0,0,2,1,hist
234,t20241217_11495403.html,2024-12-17,毛宁,共同社记者,foreign,90,121,0.48489782214164706,0.036363636363636,0.09090909090909001,0,1,0,0,1,0,hist
235,t20241217_11495403.html,2024-12-17,毛宁,彭博社记者,foreign,100,109,0.48814731836318903,0.043478260869565,0.09375000000000001,0,1,1,0,2,1,hist
236,t20241217_11495403.html,2024-12-17,毛宁,凤凰卫视记者,cn,64,137,0.6798522472381591,0.084745762711864,0.26315789473684204,0,0,1,0,1,0,hist
237,t20241217_11495403.html,2024-12-17,毛宁,《人民日报》记者,cn,58,67,0.7004535198211671,0.16666666666666602,0.33333333333333304,0,0,0,0,1,0,hist
238,t20241217_11495403.html,2024-12-17,毛宁,法新社记者,foreign,75,77,0.414048314094543,0.02,0.04,0,1,0,0,1,0,hist
239,t20241217_11495403.html,2024-12-17,毛宁,《中国日报》记者,cn,56,75,0.553413391113281,0.075,0.17647058823529402,0,1,1,0,1,0,hist
240,t20241217_11495406.html,2024-12-17,毛宁,总台央视记者,cn,49,103,0.45501184463500904,0.08333333333333301,0.23529411764705802,0,1,0,0,1,0,hist
241,t20241217_11495406.html,2024-12-17,毛宁,日本朝日新闻记者,foreign,129,82,0.5534791946411131,0.131147540983606,0.186046511627906,0,1,0,0,1,0,hist
242,t20241217_11495406.html,2024-12-17,毛宁,路透社记者,foreign,66,133,0.445873796939849,0.04918032786885201,0.115384615384615,0,1,0,0,1,0,hist
243,t20241217_11495406.html,2024-12-17,毛宁,澎湃新闻记者,cn,63,110,0.75909948348999,0.066666666666666,0.1875,0,0,0,0,1,0,hist
244,t20241217_11495406.html,2024-12-17,毛宁,法新社记者,foreign,92,217,0.6592298746109001,0.09195402298850501,0.266666666666666,0,1,1,0,1,0,hist
245,t20241217_11495406.html,2024-12-17,毛宁,路透社记者,foreign,23,108,0.592615127563476,0.051282051282051,0.28571428571428503,0,0,1,0,1,0,hist
246,t20241217_11495406.html,2024-12-17,毛宁,《北京日报》记者,foreign,63,202,0.679373919963836,0.133333333333333,0.47619047619047605,0,1,0,0,1,0,hist
247,t20241217_11495406.html,2024-12-17,毛宁,印尼安塔拉通讯社记者,foreign,84,109,0.536617517471313,0.036363636363636,0.09090909090909001,0,0,0,0,1,0,hist
248,t20241217_11495406.html,2024-12-17,毛宁,路透社记者,foreign,25,75,0.49823746085166903,0.0,0.0,0,0,0,0,1,0,hist
249,t20241217_11495406.html,2024-12-17,毛宁,香港中评社记者,cn,148,162,0.658029794692993,0.11111111111111101,0.21428571428571402,0,1,0,1,2,1,hist
250,t20241217_11495406.html,2024-12-17,毛宁,塔斯社记者,foreign,95,108,0.673288881778717,0.052631578947368,0.11111111111111101,0,1,0,0,1,0,hist
251,t20241217_11495409.html,2024-12-17,林剑,总台央视记者,cn,139,215,0.5899361968040461,0.09473684210526301,0.2,0,1,0,0,1,0,hist
252,t20241217_11495409.html,2024-12-17,林剑,英国广播公司记者,foreign,56,40,0.5571492910385131,0.060606060606060004,0.1,0,1,0,0,2,1,hist
253,t20241217_11495409.html,2024-12-17,林剑,拉通社记者,foreign,49,138,0.659012854099273,0.053571428571428006,0.16666666666666602,0,0,0,0,1,0,hist
254,t20241217_11495409.html,2024-12-17,林剑,彭博社记者,foreign,48,244,0.753760635852813,0.034883720930232,0.17647058823529402,0,1,0,0,2,1,hist
255,t20241217_11495409.html,2024-12-17,林剑,伊拉克如道电视台记者,foreign,52,59,0.500513195991516,0.054054054054054,0.125,0,1,0,0,1,0,hist
256,t20241217_11495409.html,2024-12-17,林剑,中新社记者,cn,76,67,0.48072859644889804,0.16666666666666602,0.25,0,1,0,0,1,0,hist
257,t20241217_11495409.html,2024-12-17,林剑,新华社记者,cn,114,171,0.847014486789703,0.138888888888888,0.30303030303030304,0,1,0,0,2,1,hist
258,t20241217_11495409.html,2024-12-17,林剑,荷兰《忠诚报》记者,foreign,111,43,0.7607851028442381,0.162790697674418,0.21212121212121202,0,1,0,0,1,0,hist
259,t20241217_11495409.html,2024-12-17,林剑,共同社记者,foreign,40,112,0.6645709276199341,0.046511627906976,0.16666666666666602,0,1,1,0,1,0,hist
260,t20241217_11495409.html,2024-12-17,林剑,彭博社记者,foreign,53,11,0.113032154738903,0.0,0.0,1,1,0,0,2,1,hist
261,t20241217_11495409.html,2024-12-17,林剑,韩国《中央日报》记者,foreign,76,34,0.699085474014282,0.08333333333333301,0.11111111111111101,1,1,0,0,2,1,hist
262,t20241217_11495409.html,2024-12-17,林剑,印尼安塔拉通讯社记者,foreign,76,35,0.5657249689102171,0.103448275862068,0.13636363636363602,0,0,0,0,1,0,hist
263,t20241217_11495409.html,2024-12-17,林剑,路透社记者,foreign,65,75,0.596163392066955,0.09090909090909001,0.16,0,1,0,0,1,0,hist
264,t20241217_11495409.html,2024-12-17,林剑,印度报业托拉斯记者,foreign,85,15,0.24203231930732702,0.032258064516129004,0.037037037037037,0,0,0,0,2,1,hist
265,t20241217_11495409.html,2024-12-17,林剑,法新社记者,foreign,49,55,0.675292611122131,0.16666666666666602,0.3125,0,1,0,0,1,0,hist
266,t20241217_11495409.html,2024-12-17,林剑,印度报业托拉斯记者,foreign,45,143,0.608738899230957,0.101694915254237,0.35294117647058804,0,1,0,0,3,1,hist
267,t20241217_11495409.html,2024-12-17,林剑,彭博社记者,foreign,77,119,0.520520687103271,0.086206896551724,0.192307692307692,0,1,1,0,1,0,hist
268,t20241217_11495421.html,2024-12-17,林剑,总台华语环球节目中心记者,cn,64,58,0.7408931255340571,0.19354838709677402,0.31578947368421,0,1,0,0,2,1,hist
269,t20241217_11495421.html,2024-12-17,林剑,路透社记者,foreign,139,84,0.628730237483978,0.044117647058823005,0.066666666666666,0,0,0,0,3,1,hist
270,t20241217_11495421.html,2024-12-17,林剑,印度报业托拉斯记者,foreign,83,71,0.7043207883834831,0.10869565217391301,0.172413793103448,0,1,0,0,3,1,hist
271,t20241217_11495421.html,2024-12-17,林剑,塔斯社记者,foreign,88,87,0.8493961691856381,0.324324324324324,0.5,0,1,0,0,1,0,hist
272,t20241217_11495421.html,2024-12-17,林剑,《北京青年报》记者,foreign,121,123,0.65384954214096,0.063492063492063,0.102564102564102,0,1,0,0,1,0,hist
273,t20241217_11495421.html,2024-12-17,林剑,彭博社记者,foreign,53,20,0.30247977375984103,0.0,0.0,0,0,0,0,2,1,hist
274,t20241217_11495421.html,2024-12-17,林剑,澎湃新闻记者,cn,104,91,0.8400045633316041,0.195121951219512,0.28571428571428503,0,1,0,0,1,0,hist
275,t20241217_11495421.html,2024-12-17,林剑,彭博社记者,foreign,43,26,0.20155575871467502,0.0,0.0,0,1,0,0,1,0,hist
276,t20241217_11495421.html,2024-12-17,林剑,《中国日报》记者,cn,40,111,0.669671714305877,0.189189189189189,0.4375,0,1,0,0,2,1,hist
277,t20241217_11495423.html,2024-12-17,林剑,总台央视记者,cn,92,237,0.7700457572937011,0.269230769230769,0.65625,0,1,1,0,1,0,hist
278,t20241217_11495423.html,2024-12-17,林剑,法新社记者,foreign,53,15,0.357200801372528,0.0,0.0,0,0,0,0,1,0,hist
279,t20241217_11495423.html,2024-12-17,林剑,《北京日报》记者,foreign,167,259,0.7809234857559201,0.074074074074074,0.18181818181818102,0,1,0,0,1,0,hist
280,t20241217_11495423.html,2024-12-17,林剑,法新社记者,foreign,43,104,0.47021463513374306,0.044444444444444,0.18181818181818102,0,1,0,0,1,0,hist
281,t20241217_11495423.html,2024-12-17,林剑,法新社记者,foreign,53,57,0.8345547914505,0.033333333333333,0.058823529411764004,0,1,0,0,1,0,hist
282,t20241217_11495423.html,2024-12-17,林剑,法新社记者,foreign,79,71,0.6734319925308221,0.11111111111111101,0.16666666666666602,0,1,1,0,2,1,hist
283,t20241217_11495431.html,2024-12-17,林剑,总台央视记者,cn,95,59,0.49045637249946505,0.14285714285714202,0.2,0,0,0,0,1,0,hist
284,t20241217_11495431.html,2024-12-17,林剑,韩联社记者,foreign,183,18,0.27180090546607905,0.019607843137254003,0.022222222222222,1,1,0,0,2,1,hist
285,t20241217_11495431.html,2024-12-17,林剑,《环球时报》记者,cn,99,64,0.5925745964050291,0.1,0.14705882352941102,0,1,0,0,2,1,hist
286,t20241217_11495431.html,2024-12-17,林剑,土耳其阿纳多卢通讯社记者,foreign,55,62,0.44816866517066906,0.052631578947368,0.11111111111111101,0,1,0,0,1,0,hist
287,t20241217_11495431.html,2024-12-17,林剑,伊拉克如道电视台记者,foreign,56,14,0.10934934020042401,0.043478260869565,0.05,1,1,0,0,1,0,hist
288,t20241217_11495431.html,2024-12-17,林剑,印度报业托拉斯记者,foreign,85,178,0.6972358226776121,0.17808219178082102,0.448275862068965,0,1,0,0,1,0,hist
289,t20241217_11495431.html,2024-12-17,林剑,法新社记者,foreign,51,61,0.655972242355346,0.13157894736842102,0.25,0,1,0,0,2,1,hist
290,t20241217_11495431.html,2024-12-17,林剑,印度报业托拉斯记者,foreign,52,122,0.6211364269256591,0.08928571428571401,0.29411764705882304,0,0,0,0,1,0,hist
291,t20241217_11495435.html,2024-12-17,林剑,《中国日报》记者,cn,97,285,0.7235672473907471,0.15463917525773102,0.46875000000000006,0,1,0,0,1,0,hist
292,t20241217_11495435.html,2024-12-17,林剑,总台央视记者,cn,43,60,0.712040364742279,0.060606060606060004,0.125,0,1,0,0,2,1,hist
293,t20241217_11495435.html,2024-12-17,林剑,法新社记者,foreign,76,74,0.32984676957130404,0.020833333333333003,0.041666666666666005,0,0,0,0,2,1,hist
294,t20241217_11495435.html,2024-12-17,林剑,湖北广电记者,foreign,66,117,0.9353139400482171,0.45454545454545403,0.75,0,1,1,0,1,0,hist
295,t20241217_11495435.html,2024-12-17,林剑,路透社记者,foreign,55,120,0.6160513162612911,0.11111111111111101,0.33333333333333304,0,1,1,0,1,0,hist
296,t20241217_11495435.html,2024-12-17,林剑,东方卫视记者,foreign,67,144,0.6750972270965571,0.129629629629629,0.35000000000000003,0,1,0,0,1,0,hist
297,t20241217_11495435.html,2024-12-17,林剑,法新社记者,foreign,43,69,0.592174351215362,0.057142857142857,0.11764705882352901,0,0,1,0,1,0,hist
298,t20241217_11495435.html,2024-12-17,林剑,路透社记者,foreign,52,43,0.454232782125473,0.0,0.0,0,1,0,0,1,0,hist
299,t20241217_11495435.html,2024-12-17,林剑,深圳卫视记者,cn,52,200,0.421063244342803,0.015151515151515001,0.066666666666666,0,0,1,0,1,0,hist
300,t20241217_11495435.html,2024-12-17,林剑,法新社记者,foreign,65,256,0.368955612182617,0.025,0.08695652173913,0,1,1,0,2,1,hist
301,t20241217_11495446.html,2024-12-17,林剑,《人民日报》记者,cn,65,77,0.8324511051177971,0.162790697674418,0.269230769230769,0,1,0,0,3,1,hist
302,t20241217_11495446.html,2024-12-17,林剑,路透社记者,foreign,63,117,0.6827346086502071,0.06779661016949101,0.17391304347826,0,1,0,0,2,1,hist
303,t20241217_11495446.html,2024-12-17,林剑,总台央视记者,cn,43,127,0.8454738855361931,0.186046511627906,0.6153846153846151,0,1,0,0,1,0,hist
304,t20241217_11495446.html,2024-12-17,林剑,塔斯社记者,foreign,182,69,0.591915726661682,0.08219178082191701,0.101694915254237,0,1,1,0,3,1,hist
305,t20241217_11495446.html,2024-12-17,林剑,中新社记者,cn,91,248,0.77126133441925,0.29577464788732305,0.75,0,1,0,0,1,0,hist
306,t20241217_11495446.html,2024-12-17,林剑,印尼安塔拉通讯社记者,foreign,61,138,0.782092452049255,0.14,0.318181818181818,0,1,0,0,1,0,hist
307,t20241217_11495446.html,2024-12-17,林剑,《环球时报》记者,cn,82,197,0.8230756521224971,0.09876543209876501,0.32,0,1,1,0,1,0,hist
308,t20241217_11495446.html,2024-12-17,林剑,深圳卫视记者,cn,60,71,0.881424188613891,0.305555555555555,0.5789473684210521,0,1,0,0,1,0,hist
309,t20241217_11495446.html,2024-12-17,林剑,美国全国广播公司记者,foreign,83,192,0.723285973072052,0.09210526315789401,0.28,0,1,0,0,1,0,hist
310,t20241217_11495455.html,2024-12-17,林剑,总台央视记者,cn,81,113,0.7981792688369751,0.130434782608695,0.28571428571428503,0,1,0,0,1,0,hist
311,t20241217_11495455.html,2024-12-17,林剑,法新社记者,foreign,96,73,0.341222286224365,0.017857142857142003,0.030303030303030002,0,1,1,0,1,0,hist
312,t20241217_11495455.html,2024-12-17,林剑,东方卫视记者,foreign,69,71,0.695153474807739,0.1,0.18181818181818102,0,1,0,0,1,0,hist
313,t20241217_11495455.html,2024-12-17,林剑,韩国广播公司记者,foreign,89,100,0.826504468917846,0.075471698113207,0.148148148148148,0,1,1,0,3,1,hist
314,t20241217_11495455.html,2024-12-17,林剑,日本经济新闻记者,foreign,91,80,0.595535993576049,0.104166666666666,0.192307692307692,0,1,0,0,1,0,hist
315,t20241217_11495455.html,2024-12-17,林剑,彭博社记者,foreign,56,60,0.6138679981231691,0.108108108108108,0.19047619047619002,0,0,1,0,1,0,hist
316,t20241217_11495455.html,2024-12-17,林剑,彭博社记者,foreign,56,70,0.597492158412933,0.102564102564102,0.210526315789473,0,0,1,0,1,0,hist
317,t20241217_11495455.html,2024-12-17,林剑,日本广播协会记者,foreign,44,33,0.655419826507568,0.09090909090909001,0.14285714285714202,0,1,0,0,1,0,hist
318,t20241217_11495455.html,2024-12-17,林剑,北京广播电视台记者,cn,42,87,0.7640610933303831,0.259259259259259,0.5,0,1,0,0,1,0,hist
319,t20241217_11495457.html,2024-12-17,林剑,印度报业托拉斯记者,foreign,66,42,0.6586925983428951,0.0625,0.1,0,0,0,0,1,0,hist
320,t20241217_11495457.html,2024-12-17,林剑,日本广播协会记者,foreign,96,35,0.6661331057548521,0.09090909090909001,0.12,1,1,0,0,1,0,hist
321,t20241217_11495457.html,2024-12-17,林剑,印度报业托拉斯记者,foreign,21,12,0.27954399585723805,0.0,0.0,0,0,0,0,1,0,hist
322,t20241217_11495457.html,2024-12-17,林剑,德国电视二台记者,foreign,88,141,0.828973352909088,0.138461538461538,0.28125,0,1,1,0,2,1,hist
323,t20241217_11495457.html,2024-12-17,林剑,《中国日报》记者,cn,150,130,0.47009867429733204,0.044943820224719,0.07843137254901901,0,1,0,0,1,0,hist
324,t20241217_11495457.html,2024-12-17,林剑,路透社记者,foreign,76,18,0.368718266487121,0.0,0.0,0,0,0,0,2,1,hist
325,t20241217_11495457.html,2024-12-17,林剑,德国电视二台记者,foreign,56,22,0.566763460636138,0.0,0.0,0,1,0,0,1,0,hist
326,t20241217_11495457.html,2024-12-17,林剑,路透社记者,foreign,71,86,0.905810415744781,0.275,0.478260869565217,0,1,0,0,1,0,hist
327,t20241217_11495457.html,2024-12-17,林剑,法新社记者,foreign,51,13,0.11619530618190702,0.0,0.0,0,0,0,0,1,0,hist
328,t20241217_11495457.html,2024-12-17,林剑,路透社记者,foreign,62,145,0.442358791828155,0.029850746268656,0.08695652173913,0,1,1,0,1,0,hist
329,t20241217_11495457.html,2024-12-17,林剑,法新社记者,foreign,33,132,0.730451643466949,0.07843137254901901,0.36363636363636304,0,0,0,0,1,0,hist
330,t20241217_11495462.html,2024-12-17,林剑,韩联社记者,foreign,110,75,0.367453426122665,0.034482758620689,0.058823529411764004,0,1,1,0,1,0,hist
331,t20241217_11495462.html,2024-12-17,林剑,拉通社记者,foreign,46,108,0.715161561965942,0.204545454545454,0.47368421052631504,0,1,0,0,1,0,hist
332,t20241217_11495462.html,2024-12-17,林剑,中新社记者,cn,126,116,0.7965283393859861,0.09090909090909001,0.171428571428571,0,1,0,0,1,0,hist
333,t20241217_11495462.html,2024-12-17,林剑,法新社记者,foreign,38,58,0.660569608211517,0.03125,0.07142857142857101,0,1,0,0,1,0,hist
334,t20241217_11495468.html,2024-12-17,林剑,伊朗声像组织记者,foreign,114,41,0.476494252681732,0.106382978723404,0.138888888888888,0,1,0,0,1,0,hist
335,t20241217_11495468.html,2024-12-17,林剑,路透社记者,foreign,43,48,0.7036948204040521,0.137931034482758,0.25,0,1,0,0,1,0,hist
336,t20241217_11495468.html,2024-12-17,林剑,法新社记者,foreign,60,66,0.630864858627319,0.051282051282051,0.105263157894736,1,1,0,0,1,0,hist
337,t20241217_11495468.html,2024-12-17,林剑,法新社记者,foreign,63,39,0.444109559059143,0.06451612903225801,0.1,1,1,0,0,2,1,hist
338,t20241217_11495468.html,2024-12-17,林剑,路透社记者,foreign,27,11,0.12507721781730602,0.0,0.0,1,0,0,0,1,0,hist
339,t20241217_11495468.html,2024-12-17,林剑,法新社记者,foreign,86,42,0.29841488599777205,0.055555555555555004,0.08695652173913,0,1,0,0,1,0,hist
340,t20241217_11495468.html,2024-12-17,林剑,澎湃新闻记者,cn,111,115,0.6320368051528931,0.059701492537313,0.11764705882352901,0,1,0,0,1,0,hist
341,t20241217_11495468.html,2024-12-17,林剑,彭博社记者,foreign,44,157,0.49317389726638705,0.0,0.0,0,1,1,0,1,0,hist
342,t20241217_11495476.html,2024-12-17,毛宁,印度报业托拉斯记者,foreign,72,34,0.49357479810714705,0.051282051282051,0.074074074074074,0,1,0,0,2,1,hist
343,t20241217_11495476.html,2024-12-17,毛宁,总台央视记者,cn,66,78,0.656542837619781,0.314285714285714,0.478260869565217,0,1,0,0,2,1,hist
344,t20241217_11495476.html,2024-12-17,毛宁,塔斯社记者,foreign,77,66,0.404501527547836,0.043478260869565,0.07692307692307601,0,1,0,0,2,1,hist
345,t20241217_11495476.html,2024-12-17,毛宁,彭博社记者,foreign,65,81,0.8755144476890561,0.155555555555555,0.30434782608695604,0,1,0,0,2,1,hist
346,t20241217_11495476.html,2024-12-17,毛宁,《中国日报》记者,cn,62,69,0.7234302759170531,0.21212121212121202,0.36842105263157804,0,1,0,0,1,0,hist
347,t20241217_11495476.html,2024-12-17,毛宁,法新社记者,foreign,52,48,0.7421486377716061,0.14285714285714202,0.25,0,1,0,0,1,0,hist
348,t20241217_11495476.html,2024-12-17,毛宁,《环球时报》记者,cn,91,132,0.7040547728538511,0.04918032786885201,0.12,0,1,1,0,1,0,hist
349,t20241217_11495480.html,2024-12-17,毛宁,东方卫视记者,foreign,157,148,0.6358950138092041,0.162162162162162,0.266666666666666,0,1,0,0,2,1,hist
350,t20241217_11495480.html,2024-12-17,毛宁,印尼安塔拉通讯社记者,foreign,57,62,0.50879955291748,0.029411764705882002,0.058823529411764004,0,1,0,0,1,0,hist
351,t20241217_11495480.html,2024-12-17,毛宁,中新社记者,cn,51,54,0.693544268608093,0.114285714285714,0.2,0,1,0,0,3,1,hist
352,t20241217_11495480.html,2024-12-17,毛宁,半岛电视台记者,foreign,82,114,0.613319516181945,0.035714285714285005,0.1,0,1,0,0,2,1,hist
353,t20241217_11495480.html,2024-12-17,毛宁,法新社记者,foreign,41,76,0.7042494416236871,0.08571428571428501,0.23076923076923,0,1,0,0,2,1,hist
354,t20241217_11495480.html,2024-12-17,毛宁,法新社记者,foreign,41,13,0.150980085134506,0.052631578947368,0.066666666666666,0,1,1,0,1,0,hist
355,t20241217_11495484.html,2024-12-17,毛宁,澎湃新闻记者,cn,111,173,0.6400182247161861,0.060240963855421006,0.11627906976744101,0,1,0,0,1,0,hist
356,t20241217_11495484.html,2024-12-17,毛宁,路透社记者,foreign,76,44,0.6613776087760921,0.12903225806451601,0.17391304347826,0,1,0,0,3,1,hist
357,t20241217_11495484.html,2024-12-17,毛宁,《金融时报》记者,foreign,54,24,0.17670959234237602,0.038461538461538006,0.052631578947368,0,1,1,0,2,1,hist
358,t20241217_11495484.html,2024-12-17,毛宁,路透社记者,foreign,97,21,0.24905322492122603,0.0,0.0,1,1,1,0,2,1,hist
359,t20241217_11495484.html,2024-12-17,毛宁,日本广播协会记者,foreign,29,43,0.6473342180252071,0.1,0.22222222222222202,0,1,0,0,1,0,hist
360,t20241217_11495484.html,2024-12-17,毛宁,西班牙《阿贝赛报》记者,foreign,39,13,0.06332334131002401,0.0,0.0,0,1,0,0,1,0,hist
361,t20241217_11495484.html,2024-12-17,毛宁,深圳卫视记者,cn,31,54,0.829134583473205,0.35000000000000003,0.583333333333333,0,0,0,0,0,0,hist
362,t20241217_11495484.html,2024-12-17,毛宁,法新社记者,foreign,66,114,0.54816710948944,0.032786885245901,0.08333333333333301,0,1,1,0,1,0,hist
363,t20241217_11495484.html,2024-12-17,毛宁,法新社记者,foreign,48,11,0.07489953935146301,0.0,0.0,0,1,0,0,1,0,hist
364,t20241217_11495487.html,2024-12-17,毛宁,中新社记者,cn,58,75,0.8179014921188351,0.34375000000000006,0.55,0,0,0,0,1,0,hist
365,t20241217_11495487.html,2024-12-17,毛宁,湖北广电记者,foreign,99,75,0.641390085220336,0.12,0.1875,0,0,0,0,1,0,hist
366,t20241217_11495487.html,2024-12-17,毛宁,路透社记者,foreign,45,151,0.30620145797729403,0.10714285714285701,0.461538461538461,0,0,0,0,1,0,hist
367,t20241217_11495487.html,2024-12-17,毛宁,法新社记者,foreign,41,20,0.8536292910575861,0.5,0.5,0,0,0,0,1,0,hist
368,t20241217_11495487.html,2024-12-17,毛宁,彭博社记者,foreign,21,29,0.7957222461700441,0.30769230769230704,0.5714285714285711,0,0,0,0,1,0,hist
369,t20241217_11495487.html,2024-12-17,毛宁,《纽约时报》记者,foreign,68,45,0.40674963593482905,0.09677419354838701,0.157894736842105,0,1,1,0,2,1,hist
370,t20241217_11495487.html,2024-12-17,毛宁,深圳卫视记者,cn,78,142,0.724674940109252,0.16666666666666602,0.45454545454545403,0,1,0,0,1,0,hist
371,t20241217_11495487.html,2024-12-17,毛宁,德新社记者,foreign,64,35,0.549099206924438,0.11111111111111101,0.157894736842105,0,1,0,0,2,1,hist
372,t20241217_11495487.html,2024-12-17,毛宁,美国全国广播公司记者,foreign,49,79,0.629727482795715,0.026315789473684,0.0625,0,1,0,0,1,0,hist
373,t20241217_11495487.html,2024-12-17,毛宁,《北京青年报》记者,foreign,61,96,0.5773435831069941,0.106382978723404,0.22727272727272702,0,0,0,0,2,1,hist
374,t20241217_11495487.html,2024-12-17,毛宁,埃菲社记者,foreign,42,71,0.6786780953407281,0.22580645161290303,0.5,0,1,0,0,2,1,hist
375,t20241217_11495496.html,2024-12-17,毛宁,总台央视记者,cn,89,269,0.7323720455169671,0.11363636363636301,0.37037037037037,0,1,0,0,2,1,hist
376,t20241217_11495496.html,2024-12-17,毛宁,总台CGTN记者,cn,47,120,0.602832555770874,0.092592592592592,0.29411764705882304,0,1,0,0,1,0,hist
377,t20241217_11495496.html,2024-12-17,毛宁,路透社记者,foreign,47,11,0.098974034190177,0.0,0.0,0,0,0,0,1,0,hist
378,t20241217_11495496.html,2024-12-17,毛宁,法新社记者,foreign,34,38,0.354264140129089,0.0,0.0,0,1,1,0,1,0,hist
379,t20241217_11495496.html,2024-12-17,毛宁,今日俄罗斯记者,foreign,104,52,0.5924159288406371,0.0,0.0,0,1,0,0,1,0,hist
380,t20241217_11495496.html,2024-12-17,毛宁,《中国日报》记者,cn,64,123,0.6017129421234131,0.28,0.56,0,1,0,0,1,0,hist
381,t20241217_11495496.html,2024-12-17,毛宁,法新社记者,foreign,69,11,0.136629939079284,0.037037037037037,0.04,0,1,1,0,2,1,hist
382,t20241217_11495496.html,2024-12-17,毛宁,澎湃新闻记者,cn,49,95,0.729483723640441,0.105263157894736,0.23529411764705802,0,1,0,0,1,0,hist
383,t20241217_11495496.html,2024-12-17,毛宁,路透社记者,foreign,53,17,0.6501607894897461,0.08333333333333301,0.1,0,1,0,0,1,0,hist
384,t20241217_11495496.html,2024-12-17,毛宁,法新社记者,foreign,36,21,0.686628818511962,0.0,0.0,0,1,0,0,1,0,hist
385,t20241217_11495496.html,2024-12-17,毛宁,法新社记者,foreign,52,8,0.25580990314483604,0.0,0.0,0,0,1,0,1,0,hist
386,t20241217_11495496.html,2024-12-17,毛宁,中新社记者,cn,36,51,0.8735738992691041,0.30000000000000004,0.5,0,1,0,0,1,0,hist
387,t20241217_11495499.html,2024-12-17,林剑,共同社记者,foreign,53,105,0.43549609184265103,0.038461538461538006,0.105263157894736,0,0,0,0,1,0,hist
388,t20241217_11495499.html,2024-12-17,林剑,中新社记者,cn,71,150,0.665920078754425,0.30769230769230704,0.6666666666666661,0,0,0,0,2,1,hist
389,t20241217_11495499.html,2024-12-17,林剑,总台央视记者,cn,66,154,0.8164033889770501,0.131147540983606,0.38095238095238004,0,1,0,0,2,1,hist
390,t20241217_11495499.html,2024-12-17,林剑,共同社记者,foreign,38,75,0.9010653495788571,0.25,0.461538461538461,0,1,0,0,1,0,hist
391,t20241217_11495499.html,2024-12-17,林剑,法新社记者,foreign,77,44,0.562956511974334,0.047619047619047006,0.07142857142857101,0,1,0,0,1,0,hist
392,t20241217_11495499.html,2024-12-17,林剑,印尼安塔拉通讯社记者,foreign,143,146,0.8297562599182121,0.136986301369863,0.24390243902439002,0,1,0,0,1,0,hist
393,t20241217_11495499.html,2024-12-17,林剑,路透社记者,foreign,129,158,0.7908000349998471,0.15384615384615302,0.32258064516129004,0,1,1,0,1,0,hist
394,t20241217_11495499.html,2024-12-17,林剑,路透社记者,foreign,76,112,0.606002986431121,0.092592592592592,0.25,0,1,0,0,3,1,hist
395,t20241217_11495499.html,2024-12-17,林剑,彭博社记者,foreign,56,137,0.7847219705581661,0.14285714285714202,0.38095238095238004,0,1,0,0,1,0,hist
396,t20241217_11495499.html,2024-12-17,林剑,香港中评社记者,cn,141,137,0.813162803649902,0.13636363636363602,0.257142857142857,0,1,1,0,1,0,hist
397,t20241217_11495499.html,2024-12-17,林剑,法新社记者,foreign,49,17,0.47475531697273204,0.0,0.0,0,1,1,0,1,0,hist
398,t20241217_11495499.html,2024-12-17,林剑,法新社记者,foreign,106,127,0.49962729215621904,0.0,0.0,0,1,1,0,1,0,hist
399,t20241217_11495502.html,2024-12-17,林剑,总台国广记者,cn,81,70,0.5333707928657531,0.25,0.384615384615384,0,1,0,0,1,0,hist
400,t20241217_11495502.html,2024-12-17,林剑,东方卫视记者,foreign,73,186,0.616102039813995,0.031746031746031,0.1,0,0,0,0,1,0,hist
401,t20241217_11495502.html,2024-12-17,林剑,总台央视记者,cn,79,156,0.8155687451362611,0.22222222222222202,0.521739130434782,0,0,0,0,1,0,hist
402,t20241217_11495502.html,2024-12-17,林剑,路透社记者,foreign,54,98,0.7460500597953791,0.020833333333333003,0.05,0,1,1,0,1,0,hist
403,t20241217_11495502.html,2024-12-17,林剑,新华社记者,cn,111,214,0.8386712670326231,0.19767441860465101,0.435897435897435,0,1,0,0,1,0,hist
404,t20241217_11495502.html,2024-12-17,林剑,《北京日报》记者,foreign,66,62,0.690390706062316,0.14285714285714202,0.23809523809523803,0,1,0,0,1,0,hist
405,t20241217_11495502.html,2024-12-17,林剑,彭博社记者,foreign,48,116,0.30618458986282304,0.019230769230769003,0.058823529411764004,0,0,1,0,1,0,hist
406,t20241217_11495502.html,2024-12-17,林剑,路透社记者,foreign,45,279,0.757384419441223,0.09876543209876501,0.533333333333333,0,1,0,0,2,1,hist
407,t20241217_11495502.html,2024-12-17,林剑,法新社记者,foreign,40,17,0.294989198446273,0.0,0.0,0,0,0,0,1,0,hist
408,t20241217_11495502.html,2024-12-17,林剑,法新社记者,foreign,50,50,0.7065601348876951,0.028571428571428,0.052631578947368,0,1,1,0,1,0,hist
409,t20241217_11495506.html,2024-12-17,林剑,总台央视记者,cn,172,111,0.5352234244346611,0.066666666666666,0.092592592592592,0,1,0,0,2,1,hist
410,t20241217_11495506.html,2024-12-17,林剑,路透社记者,foreign,91,150,0.551021337509155,0.039473684210526,0.1,0,1,0,1,1,0,hist
411,t20241217_11495506.html,2024-12-17,林剑,中阿卫视记者,foreign,89,131,0.690706729888916,0.058823529411764004,0.15384615384615302,0,1,0,0,1,0,hist
412,t20241217_11495506.html,2024-12-17,林剑,澎湃新闻记者,cn,125,145,0.7419826984405511,0.138888888888888,0.256410256410256,0,1,0,0,1,0,hist
413,t20241217_11495506.html,2024-12-17,林剑,法新社记者,foreign,57,51,0.6916458606719971,0.0,0.0,0,1,0,0,1,0,hist
414,t20241217_11495506.html,2024-12-17,林剑,中阿卫视记者,foreign,71,138,0.5272858738899231,0.030303030303030002,0.09523809523809501,0,1,0,0,1,0,hist
415,t20241217_11495512.html,2024-12-17,林剑,总台央视记者,cn,142,106,0.64887261390686,0.09090909090909001,0.15151515151515102,0,1,0,0,1,0,hist
416,t20241217_11495512.html,2024-12-17,林剑,彭博社记者,foreign,98,58,0.6342560052871701,0.018867924528301,0.030303030303030002,0,1,0,0,1,0,hist
417,t20241217_11495512.html,2024-12-17,林剑,路透社记者,foreign,36,80,0.416536748409271,0.026315789473684,0.08333333333333301,0,0,1,0,1,0,hist
418,t20241217_11495512.html,2024-12-17,林剑,深圳卫视记者,cn,108,206,0.741617560386657,0.043010752688172005,0.12121212121212101,0,1,1,0,1,0,hist
419,t20241217_11495512.html,2024-12-17,林剑,彭博社记者,foreign,79,67,0.681609749794006,0.09523809523809501,0.16,0,1,0,0,2,1,hist
420,t20241217_11495512.html,2024-12-17,林剑,日本广播协会记者,foreign,84,25,0.41610461473464905,0.030303030303030002,0.04,0,1,0,0,2,1,hist
421,t20241217_11495514.html,2024-12-17,林剑,总台央视记者,cn,69,133,0.698948264122009,0.103448275862068,0.28571428571428503,0,0,0,0,1,0,hist
422,t20241217_11495514.html,2024-12-17,林剑,路透社记者,foreign,40,202,0.131436347961425,0.027397260273972,0.133333333333333,0,0,0,0,1,0,hist
423,t20241217_11495514.html,2024-12-17,林剑,新华社记者,cn,81,46,0.5973327159881591,0.15,0.2,0,1,0,0,1,0,hist
424,t20241217_11495514.html,2024-12-17,林剑,中新社记者,cn,92,224,0.802986145019531,0.14117647058823501,0.35294117647058804,0,1,0,0,1,0,hist
425,t20241217_11495514.html,2024-12-17,林剑,法新社记者,foreign,71,173,0.779969871044158,0.04,0.12,0,1,1,0,1,0,hist
426,t20241217_11495514.html,2024-12-17,林剑,《中国日报》记者,cn,59,113,0.6160478591918941,0.14,0.35000000000000003,0,1,0,0,1,0,hist
427,t20241217_11495518.html,2024-12-17,林剑,新华社记者,cn,24,154,0.5598981380462641,0.038461538461538006,0.22222222222222202,0,1,0,0,1,0,hist
428,t20241217_11495518.html,2024-12-17,林剑,总台央视记者,cn,64,90,0.805047631263732,0.25,0.43478260869565205,0,1,0,0,2,1,hist
429,t20241217_11495518.html,2024-12-17,林剑,法新社记者,foreign,70,94,0.40905356407165505,0.039215686274509005,0.08333333333333301,0,1,1,0,1,0,hist
430,t20241217_11495518.html,2024-12-17,林剑,塔斯社记者,foreign,78,107,0.59821879863739,0.017241379310344,0.04,0,1,0,0,2,1,hist
431,t20241217_11495518.html,2024-12-17,林剑,路透社记者,foreign,47,42,0.519398093223571,0.21739130434782603,0.416666666666666,0,1,0,0,1,0,hist
432,t20241217_11495518.html,2024-12-17,林剑,《中国日报》记者,cn,104,90,0.503558218479156,0.055555555555555004,0.1,0,0,0,0,1,0,hist
433,t20241217_11495518.html,2024-12-17,林剑,芬兰《赫尔辛基新闻》记者,foreign,55,176,0.5636935830116271,0.094594594594594,0.36842105263157804,0,1,0,0,2,1,hist
434,t20241217_11495518.html,2024-12-17,林剑,乌通社记者,foreign,145,58,0.331088989973068,0.04918032786885201,0.069767441860465,0,1,1,0,1,0,hist
435,t20241217_11495518.html,2024-12-17,林剑,印度报业托拉斯记者,foreign,29,93,0.69375205039978,0.069767441860465,0.30000000000000004,1,0,0,0,1,0,hist
436,t20241217_11495518.html,2024-12-17,林剑,深圳卫视记者,cn,233,60,0.5800786018371581,0.064102564102564,0.07462686567164101,0,1,0,0,1,0,hist
437,t20241217_11495521.html,2024-12-17,林剑,法新社记者,foreign,61,198,0.6105765104293821,0.026315789473684,0.105263157894736,0,0,1,0,1,0,hist
438,t20241217_11495521.html,2024-12-17,林剑,总台华语环球节目中心记者,cn,158,234,0.783801674842834,0.21505376344086002,0.408163265306122,0,1,0,0,1,0,hist
439,t20241217_11495521.html,2024-12-17,林剑,法新社记者,foreign,40,26,0.534231901168823,0.105263157894736,0.14285714285714202,0,0,1,0,1,0,hist
440,t20241217_11495521.html,2024-12-17,林剑,印度报业托拉斯记者,foreign,42,169,0.606819808483123,0.04225352112676,0.23076923076923,0,1,0,0,2,1,hist
441,t20241217_11495521.html,2024-12-17,林剑,共同社记者,foreign,75,22,0.5069838762283321,0.030303030303030002,0.038461538461538006,0,0,1,0,1,0,hist
442,t20241217_11495521.html,2024-12-17,林剑,中新社记者,cn,73,143,0.693480670452117,0.15,0.375,0,0,0,0,1,0,hist
443,t20241217_11495521.html,2024-12-17,林剑,印度报业托拉斯记者,foreign,80,41,0.609083831310272,0.078947368421052,0.10714285714285701,0,0,0,0,1,0,hist
444,t20241217_11495521.html,2024-12-17,林剑,路透社记者,foreign,136,196,0.7115679979324341,0.08333333333333301,0.17948717948717902,0,1,0,0,2,1,hist
445,t20241217_11495521.html,2024-12-17,林剑,路透社记者,foreign,104,35,0.623154163360595,0.138888888888888,0.172413793103448,0,0,1,0,2,1,hist
446,t20241217_11495521.html,2024-12-17,林剑,今日俄罗斯记者,foreign,27,59,0.30133941769599903,0.0,0.0,0,0,0,0,1,0,hist
447,t20241217_11495526.html,2024-12-17,林剑,东方卫视记者,foreign,87,225,0.7988919019699091,0.146666666666666,0.392857142857142,0,1,0,0,1,0,hist
448,t20241217_11495526.html,2024-12-17,林剑,路透社记者,foreign,69,55,0.5820070505142211,0.046511627906976,0.08,0,1,1,0,1,0,hist
449,t20241217_11495526.html,2024-12-17,林剑,总台央视记者,cn,90,257,0.629183650016784,0.07692307692307601,0.241379310344827,0,1,0,0,1,0,hist
450,t20241217_11495526.html,2024-12-17,林剑,彭博社记者,foreign,63,199,0.45244827866554205,0.044117647058823005,0.157894736842105,0,0,1,0,1,0,hist
451,t20241217_11495526.html,2024-12-17,林剑,法新社记者,foreign,40,191,0.6379873752593991,0.07575757575757501,0.384615384615384,0,1,0,0,1,0,hist
452,t20241217_11495526.html,2024-12-17,林剑,俄新社记者,foreign,157,124,0.454504609107971,0.022727272727272003,0.040816326530612006,0,1,1,0,1,0,hist
453,t20241217_11495526.html,2024-12-17,林剑,法新社记者,foreign,73,233,0.578743875026702,0.055555555555555004,0.185185185185185,0,1,1,1,2,1,hist
454,t20241217_11495528.html,2024-12-17,林剑,中新社记者,cn,43,88,0.7066295146942131,0.125,0.3125,0,1,0,0,2,1,hist
455,t20241217_11495528.html,2024-12-17,林剑,俄新社记者,foreign,77,131,0.721728682518005,0.058823529411764004,0.148148148148148,0,1,1,0,1,0,hist
456,t20241217_11495533.html,2024-12-17,林剑,总台央视记者,cn,47,158,0.587035298347473,0.0625,0.22222222222222202,0,1,0,0,2,1,hist
457,t20241217_11495533.html,2024-12-17,林剑,土耳其阿纳多卢通讯社记者,foreign,143,10,0.27623748779296803,0.043478260869565,0.045454545454545005,0,1,0,0,1,0,hist
458,t20241217_11495533.html,2024-12-17,林剑,总台华语环球节目中心记者,cn,63,106,0.779260337352752,0.157894736842105,0.31578947368421,0,1,0,0,2,1,hist
459,t20241217_11495533.html,2024-12-17,林剑,俄新社记者,foreign,134,91,0.331979632377624,0.028985507246376004,0.05,0,0,1,0,1,0,hist
460,t20241217_11495533.html,2024-12-17,林剑,土耳其阿纳多卢通讯社记者,foreign,77,81,0.7294545173645021,0.148936170212765,0.291666666666666,0,1,0,0,1,0,hist
461,t20241217_11495533.html,2024-12-17,林剑,《环球时报》记者,cn,54,150,0.6939152479171751,0.10714285714285701,0.4,0,1,1,0,1,0,hist
462,t20241217_11495533.html,2024-12-17,林剑,法新社记者,foreign,48,142,0.40236470103263805,0.035714285714285005,0.15384615384615302,0,1,0,0,1,0,hist
463,t20241217_11495533.html,2024-12-17,林剑,土耳其阿纳多卢通讯社记者,foreign,175,99,0.48420238494873,0.057971014492753006,0.097560975609756,0,0,0,0,1,0,hist
464,t20241217_11495533.html,2024-12-17,林剑,法新社记者,foreign,41,13,0.22545075416564903,0.058823529411764004,0.07692307692307601,1,1,0,0,1,0,hist
465,t20241217_11495533.html,2024-12-17,林剑,路透社记者,foreign,64,25,0.50257122516632,0.0,0.0,0,1,0,0,2,1,hist
466,t20241217_11495533.html,2024-12-17,林剑,湖北广电记者,foreign,102,279,0.686736583709716,0.026548672566371,0.08823529411764701,0,1,0,0,1,0,hist
467,t20241217_11495536.html,2024-12-17,毛宁,总台央视记者,cn,78,136,0.6113960742950441,0.22222222222222202,0.5,0,1,0,0,2,1,hist
468,t20241217_11495536.html,2024-12-17,毛宁,路透社记者,foreign,53,65,0.6173664331436151,0.054054054054054,0.11111111111111101,1,1,0,0,3,1,hist
469,t20241217_11495536.html,2024-12-17,毛宁,韩国广播公司记者,foreign,46,34,0.605897963047027,0.038461538461538006,0.0625,1,1,1,0,0,0,hist
470,t20241217_11495536.html,2024-12-17,毛宁,日本朝日电视台记者,foreign,81,49,0.588516473770141,0.157894736842105,0.21428571428571402,0,1,0,0,1,0,hist
471,t20241217_11495536.html,2024-12-17,毛宁,伊拉克如道电视台记者,foreign,74,149,0.73913550376892,0.013333333333333001,0.041666666666666005,0,1,0,0,2,1,hist
472,t20241217_11495536.html,2024-12-17,毛宁,法新社记者,foreign,73,17,0.118423730134963,0.0,0.0,0,1,0,0,1,0,hist
473,t20241217_11495536.html,2024-12-17,毛宁,深圳卫视记者,cn,107,170,0.6189666986465451,0.12676056338028102,0.28125,0,0,1,0,1,0,hist
474,t20241217_11495536.html,2024-12-17,毛宁,路透社记者,foreign,42,124,0.47830963134765603,0.034482758620689,0.125,0,0,0,0,1,0,hist
475,t20241217_11495536.html,2024-12-17,毛宁,中新社记者,cn,129,67,0.552967190742492,0.08064516129032201,0.11363636363636301,0,1,1,0,1,0,hist
476,t20241217_11495536.html,2024-12-17,毛宁,法新社记者,foreign,90,92,0.551754415035247,0.07692307692307601,0.148148148148148,0,1,1,0,2,1,hist
477,t20241217_11495536.html,2024-12-17,毛宁,彭博社记者,foreign,108,120,0.7189583778381341,0.068493150684931,0.14285714285714202,0,1,1,0,1,0,hist
478,t20241217_11495536.html,2024-12-17,毛宁,共同社记者,foreign,37,39,0.630695700645446,0.034482758620689,0.066666666666666,0,1,0,0,1,0,hist
479,t20241217_11495536.html,2024-12-17,毛宁,法新社记者,foreign,71,28,0.384660124778747,0.09375000000000001,0.115384615384615,0,1,1,0,2,1,hist
480,t20241217_11495536.html,2024-12-17,毛宁,《环球时报》记者,cn,83,119,0.732759237289428,0.1,0.22222222222222202,0,1,0,0,1,0,hist
481,t20241217_11495539.html,2024-12-17,毛宁,韩联社记者,foreign,92,12,0.264439076185226,0.0,0.0,0,1,0,0,1,0,hist
482,t20241217_11495539.html,2024-12-17,毛宁,路透社记者,foreign,102,23,0.09501941502094201,0.0,0.0,0,1,1,0,1,0,hist
483,t20241217_11495539.html,2024-12-17,毛宁,《华尔街日报》记者,foreign,76,29,0.299811244010925,0.028571428571428,0.04,1,1,0,0,2,1,hist
484,t20241217_11495539.html,2024-12-17,毛宁,澎湃新闻记者,cn,136,139,0.6194969415664671,0.077922077922077,0.133333333333333,0,1,0,0,1,0,hist
485,t20241217_11495539.html,2024-12-17,毛宁,《中国日报》记者,cn,149,74,0.65199214220047,0.0625,0.09523809523809501,0,1,0,0,1,0,hist
486,t20241217_11495539.html,2024-12-17,毛宁,彭博社记者,foreign,75,40,0.47866815328598006,0.0,0.0,0,1,0,0,2,1,hist
487,t20241217_11495539.html,2024-12-17,毛宁,法新社记者,foreign,63,31,0.6324245929718011,0.066666666666666,0.1,0,1,0,0,2,1,hist
488,t20241217_11495539.html,2024-12-17,毛宁,彭博社记者,foreign,53,217,0.7209262251853941,0.049382716049382006,0.210526315789473,0,1,1,0,1,0,hist
489,t20241217_11495539.html,2024-12-17,毛宁,法新社记者,foreign,80,127,0.701769948005676,0.015151515151515001,0.04,0,1,0,0,1,0,hist
490,t20241217_11495544.html,2024-12-17,毛宁,总台央视记者,cn,87,128,0.859681606292724,0.283018867924528,0.46875000000000006,0,1,1,0,1,0,hist
491,t20241217_11495544.html,2024-12-17,毛宁,路透社记者,foreign,58,64,0.5318309068679811,0.075,0.15,0,1,0,0,1,0,hist
492,t20241217_11495544.html,2024-12-17,毛宁,伊拉克如道电视台记者,foreign,40,57,0.687851011753082,0.137931034482758,0.28571428571428503,0,1,0,0,1,0,hist
493,t20241217_11495544.html,2024-12-17,毛宁,东方卫视记者,foreign,108,94,0.6648427248001091,0.06153846153846101,0.108108108108108,0,1,0,0,1,0,hist
494,t20241217_11495544.html,2024-12-17,毛宁,法新社记者,foreign,49,126,0.744001805782318,0.035714285714285005,0.133333333333333,0,1,0,0,1,0,hist
495,t20241217_11495544.html,2024-12-17,毛宁,新华社记者,cn,107,107,0.8298769593238831,0.19672131147540903,0.324324324324324,0,1,1,0,1,0,hist
496,t20241217_11495544.html,2024-12-17,毛宁,法新社记者,foreign,43,35,0.183093458414077,0.041666666666666005,0.07692307692307601,1,0,1,0,1,0,hist
497,t20241217_11495546.html,2024-12-17,毛宁,总台央视记者,cn,74,68,0.7385227680206291,0.11111111111111101,0.192307692307692,0,1,0,0,2,1,hist
498,t20241217_11495546.html,2024-12-17,毛宁,澎湃新闻记者,cn,47,99,0.8432292342185971,0.17948717948717902,0.4375,0,1,0,0,1,0,hist
499,t20241217_11495546.html,2024-12-17,毛宁,法新社记者,foreign,31,172,0.41119933128356906,0.016129032258064002,0.08333333333333301,0,1,0,0,1,0,hist
500,t20241217_11495546.html,2024-12-17,毛宁,中新社记者,cn,51,70,0.644785583019256,0.0,0.0,0,1,0,0,1,0,hist
501,t20241217_11495546.html,2024-12-17,毛宁,《纽约时报》记者,foreign,31,57,0.379497051239013,0.0,0.0,0,1,0,0,1,0,hist
502,t20241217_11495546.html,2024-12-17,毛宁,塔斯社记者,foreign,45,77,0.48148176074028004,0.046511627906976,0.125,0,0,1,0,1,0,hist
503,t20241217_11495546.html,2024-12-17,毛宁,法新社记者,foreign,62,83,0.40479955077171303,0.06,0.130434782608695,0,1,0,0,1,0,hist
504,t20241217_11495546.html,2024-12-17,毛宁,《纽约时报》记者,foreign,74,243,0.456384599208831,0.022222222222222,0.1,0,1,1,0,2,1,hist
505,t20241217_11495546.html,2024-12-17,毛宁,《北京青年报》记者,foreign,44,136,0.776363670825958,0.11111111111111101,0.35714285714285704,0,0,0,0,1,0,hist
506,t20241217_11495546.html,2024-12-17,毛宁,法新社记者,foreign,53,34,0.631013691425323,0.074074074074074,0.11111111111111101,0,1,1,0,1,0,hist
507,t20241217_11495546.html,2024-12-17,毛宁,法新社记者,foreign,38,26,0.00423901155591,0.0,0.0,0,0,1,0,1,0,hist
508,t20241217_11495552.html,2024-12-17,毛宁,《中国日报》记者,cn,53,136,0.754455029964447,0.101694915254237,0.27272727272727204,0,1,0,0,3,1,hist
509,t20241217_11495552.html,2024-12-17,毛宁,法新社记者,foreign,72,32,0.543634712696075,0.08571428571428501,0.12,0,1,0,0,1,0,hist
510,t20241217_11495552.html,2024-12-17,毛宁,深圳卫视记者,cn,133,111,0.7177401781082151,0.17741935483870902,0.28947368421052605,0,1,0,0,1,0,hist
511,t20241217_11495552.html,2024-12-17,毛宁,路透社记者,foreign,49,32,0.553386628627777,0.038461538461538006,0.052631578947368,0,1,1,0,1,0,hist
512,t20241217_11495552.html,2024-12-17,毛宁,塔斯社记者,foreign,80,13,0.385405868291854,0.032258064516129004,0.035714285714285005,0,1,0,0,1,0,hist
513,t20241217_11495552.html,2024-12-17,毛宁,路透社记者,foreign,36,134,0.631658375263214,0.037037037037037,0.14285714285714202,0,1,1,0,1,0,hist
514,t20241217_11495552.html,2024-12-17,毛宁,《环球时报》记者,cn,161,67,0.48088541626930204,0.027397260273972,0.04,0,1,0,0,1,0,hist
515,t20241217_11495552.html,2024-12-17,毛宁,路透社记者,foreign,96,106,0.46216744184494,0.032258064516129004,0.07142857142857101,0,1,0,0,1,0,hist
516,t20241217_11495552.html,2024-12-17,毛宁,路透社记者,foreign,50,55,0.562760472297668,0.028571428571428,0.0625,0,0,1,0,1,0,hist
517,t20241217_11495552.html,2024-12-17,毛宁,路透社记者,foreign,33,16,0.385906815528869,0.0,0.0,0,0,0,0,1,0,hist
518,t20241217_11495552.html,2024-12-17,毛宁,法新社记者,foreign,102,51,0.5948966741561891,0.045454545454545005,0.06451612903225801,0,1,1,0,1,0,hist
519,t20241217_11495554.html,2024-12-17,林剑,湖北广电记者,foreign,94,158,0.639730930328369,0.09375000000000001,0.22222222222222202,0,0,1,0,1,0,hist
520,t20241217_11495554.html,2024-12-17,林剑,法新社记者,foreign,76,48,0.41541349887847906,0.0,0.0,0,1,1,0,1,0,hist
521,t20241217_11495554.html,2024-12-17,林剑,中新社记者,cn,108,43,0.712190628051757,0.042553191489361,0.058823529411764004,0,1,0,0,1,0,hist
522,t20241217_11495554.html,2024-12-17,林剑,塔斯社记者,foreign,60,42,0.5283381938934321,0.026315789473684,0.047619047619047006,0,1,1,0,1,0,hist
523,t20241217_11495554.html,2024-12-17,林剑,总台华语环球节目中心记者,cn,175,162,0.8144510388374321,0.10891089108910801,0.196428571428571,0,1,0,0,1,0,hist
524,t20241217_11495554.html,2024-12-17,林剑,香港中评社记者,cn,77,86,0.48996967077255205,0.063829787234042,0.13636363636363602,0,1,0,0,1,0,hist
525,t20241217_11495554.html,2024-12-17,林剑,路透社记者,foreign,46,136,0.6313508749008171,0.063492063492063,0.210526315789473,0,1,1,0,1,0,hist
526,t20241217_11495554.html,2024-12-17,林剑,总台央视记者,cn,36,149,0.8617306947708131,0.12,0.42857142857142805,0,1,0,0,1,0,hist
527,t20241217_11495554.html,2024-12-17,林剑,今日俄罗斯记者,foreign,67,66,0.6907693743705751,0.105263157894736,0.18181818181818102,0,1,0,0,1,0,hist
528,t20241217_11495554.html,2024-12-17,林剑,彭博社记者,foreign,41,54,0.5090780854225151,0.060606060606060004,0.125,0,1,1,0,1,0,hist
529,t20241217_11495554.html,2024-12-17,林剑,彭博社记者,foreign,70,74,0.748715162277221,0.13636363636363602,0.25,0,1,0,0,2,1,hist
530,t20241217_11495554.html,2024-12-17,林剑,法新社记者,foreign,34,68,0.7690957784652711,0.185185185185185,0.384615384615384,0,1,0,0,2,1,hist
531,t20241217_11495558.html,2024-12-17,林剑,《北京日报》记者,foreign,102,127,0.765377759933471,0.084745762711864,0.17857142857142802,0,1,0,0,1,0,hist
532,t20241217_11495558.html,2024-12-17,林剑,俄新社记者,foreign,64,106,0.32366991043090804,0.054545454545454,0.13636363636363602,0,1,1,0,1,0,hist
533,t20241217_11495558.html,2024-12-17,林剑,路透社记者,foreign,31,47,0.464077591896057,0.038461538461538006,0.08333333333333301,0,1,1,0,1,0,hist
534,t20241217_11495558.html,2024-12-17,林剑,《北京青年报》记者,foreign,67,108,0.760177850723266,0.096153846153846,0.208333333333333,0,1,1,0,1,0,hist
535,t20241217_11495558.html,2024-12-17,林剑,法新社记者,foreign,58,62,0.41326928138732905,0.026315789473684,0.052631578947368,0,1,1,0,2,1,hist
536,t20241217_11495558.html,2024-12-17,林剑,澎湃新闻记者,cn,41,168,0.7154467105865471,0.15,0.5625,0,1,0,0,1,0,hist
537,t20241217_11495558.html,2024-12-17,林剑,彭博社记者,foreign,75,78,0.538667798042297,0.037735849056603,0.07142857142857101,0,1,0,0,2,1,hist
538,t20241217_11495558.html,2024-12-17,林剑,总台央广记者,cn,165,117,0.455062448978424,0.1,0.150943396226415,0,1,0,0,1,0,hist
539,t20241217_11495558.html,2024-12-17,林剑,法新社记者,foreign,56,44,0.8332357406616211,0.1875,0.28571428571428503,0,1,1,0,1,0,hist
540,t20241217_11495558.html,2024-12-17,林剑,深圳卫视直新闻记者,cn,69,124,0.8081998825073241,0.169811320754716,0.42857142857142805,0,1,0,0,1,0,hist
541,t20241217_11495560.html,2024-12-17,林剑,彭博社记者,foreign,96,67,0.745321989059448,0.046511627906976,0.08695652173913,0,1,0,0,3,1,hist
542,t20241217_11495560.html,2024-12-17,林剑,法新社记者,foreign,33,102,0.7402989268302911,0.09523809523809501,0.30769230769230704,0,1,0,0,1,0,hist
543,t20241217_11495560.html,2024-12-17,林剑,《中国日报》记者,cn,99,143,0.647572040557861,0.08823529411764701,0.2,0,1,0,0,1,0,hist
544,t20241217_11495560.html,2024-12-17,林剑,法新社记者,foreign,86,124,0.714959979057312,0.114754098360655,0.30434782608695604,0,1,0,0,2,1,hist
545,t20241217_11495561.html,2024-12-17,林剑,凤凰卫视记者,cn,51,126,0.356795877218246,0.170212765957446,0.47058823529411703,0,0,0,0,1,0,hist
546,t20241217_11495561.html,2024-12-17,林剑,《人民日报》记者,cn,115,79,0.5927908420562741,0.038461538461538006,0.0625,0,1,0,0,1,0,hist
547,t20241217_11495561.html,2024-12-17,林剑,埃菲社记者,foreign,71,74,0.7506974935531611,0.069767441860465,0.12,0,1,0,0,1,0,hist
548,t20241217_11495561.html,2024-12-17,林剑,共同社记者,foreign,55,65,0.7194552421569821,0.023255813953488,0.05,1,1,0,0,1,0,hist
549,t20241217_11495561.html,2024-12-17,林剑,法新社记者,foreign,34,195,0.7139152884483331,0.056338028169014,0.33333333333333304,0,1,1,0,1,0,hist
550,t20241217_11495561.html,2024-12-17,林剑,《环球时报》记者,cn,128,110,0.568367779254913,0.06779661016949101,0.114285714285714,0,1,1,0,1,0,hist
551,t20241217_11495561.html,2024-12-17,林剑,法新社记者,foreign,45,73,0.775434732437133,0.108108108108108,0.23529411764705802,0,1,0,0,2,1,hist
552,t20241217_11495561.html,2024-12-17,林剑,中新社记者,cn,34,116,0.82766056060791,0.225,0.642857142857142,0,0,0,0,1,0,hist
553,t20241217_11495561.html,2024-12-17,林剑,法新社记者,foreign,28,16,0.41927844285964905,0.0625,0.09090909090909001,0,1,0,0,1,0,hist
554,t20241217_11495561.html,2024-12-17,林剑,深圳卫视直新闻记者,cn,48,148,0.8081145286560051,0.20754716981132001,0.55,0,1,0,0,1,0,hist
555,t20241217_11495569.html,2024-12-17,林剑,总台央视记者,cn,54,122,0.36795184016227706,0.0,0.0,0,1,0,0,1,0,hist
556,t20241217_11495569.html,2024-12-17,林剑,香港中评社记者,cn,42,135,0.6899361014366151,0.16326530612244802,0.6153846153846151,0,1,1,0,1,0,hist
557,t20241217_11495569.html,2024-12-17,林剑,路透社记者,foreign,28,53,0.47365772724151606,0.041666666666666005,0.1,0,1,1,0,1,0,hist
558,t20241217_11495569.html,2024-12-17,林剑,彭博社记者,foreign,58,65,0.12736812233924802,0.0,0.0,0,0,0,0,1,0,hist
559,t20241217_11495569.html,2024-12-17,林剑,《北京青年报》记者,foreign,146,50,0.39656499028205805,0.103448275862068,0.125,0,1,0,0,1,0,hist
560,t20241217_11495569.html,2024-12-17,林剑,法新社记者,foreign,53,123,0.624663114547729,0.04,0.11764705882352901,0,1,0,0,1,0,hist
561,t20241217_11495569.html,2024-12-17,林剑,新华社记者,cn,67,168,0.816153109073638,0.12121212121212101,0.36363636363636304,0,1,0,0,2,1,hist
562,t20241217_11495569.html,2024-12-17,林剑,塔斯社记者,foreign,75,90,0.6529238224029541,0.074074074074074,0.15384615384615302,0,1,0,0,1,0,hist
563,t20241217_11495569.html,2024-12-17,林剑,法新社记者,foreign,68,9,0.10620156675577101,0.0,0.0,0,0,1,0,1,0,hist
564,t20241217_11495569.html,2024-12-17,林剑,中新社记者,cn,121,279,0.6607203483581541,0.105263157894736,0.256410256410256,0,1,0,0,2,1,hist
565,t20241217_11495569.html,2024-12-17,林剑,总台华语环球节目中心记者,cn,101,168,0.883796215057373,0.16883116883116803,0.36111111111111105,0,1,1,0,1,0,hist
566,t20241217_11495569.html,2024-12-17,林剑,中阿卫视记者,foreign,85,28,0.732471227645874,0.09375000000000001,0.12,0,1,0,0,2,1,hist
567,t20241217_11495569.html,2024-12-17,林剑,法新社记者,foreign,32,126,0.687067091464996,0.065217391304347,0.27272727272727204,0,1,1,0,1,0,hist
568,t20241217_11495571.html,2024-12-17,毛宁,中阿卫视记者,foreign,48,52,0.7353936433792111,0.09677419354838701,0.1875,0,1,0,0,2,1,hist
569,t20241217_11495571.html,2024-12-17,毛宁,土耳其阿纳多卢通讯社记者,foreign,81,67,0.679275870323181,0.023809523809523003,0.045454545454545005,0,1,0,0,1,0,hist
570,t20241217_11495571.html,2024-12-17,毛宁,总台央视记者,cn,49,130,0.872660279273986,0.195121951219512,0.5714285714285711,0,0,0,0,1,0,hist
571,t20241217_11495571.html,2024-12-17,毛宁,法新社记者,foreign,74,65,0.713396966457366,0.108108108108108,0.17391304347826,0,1,1,0,2,1,hist
572,t20241217_11495571.html,2024-12-17,毛宁,中阿卫视记者,foreign,41,33,0.599103569984436,0.09090909090909001,0.15384615384615302,0,1,0,0,1,0,hist
573,t20241217_11495571.html,2024-12-17,毛宁,土耳其阿纳多卢通讯社记者,foreign,61,37,0.7577238678932191,0.07142857142857101,0.105263157894736,0,1,0,1,2,1,hist
574,t20241217_11495571.html,2024-12-17,毛宁,法新社记者,foreign,12,46,0.21105700731277402,0.0,0.0,0,1,0,0,1,0,hist
575,t20241217_11495571.html,2024-12-17,毛宁,法新社记者,foreign,62,29,0.678068757057189,0.066666666666666,0.08695652173913,0,0,0,0,1,0,hist
576,t20241217_11495571.html,2024-12-17,毛宁,土耳其阿纳多卢通讯社记者,foreign,41,33,0.5455774664878841,0.0,0.0,0,0,0,0,1,0,hist
577,t20241217_11495574.html,2024-12-17,毛宁,新华社记者,cn,46,160,0.447509378194808,0.140350877192982,0.533333333333333,0,0,0,0,1,0,hist
578,t20241217_11495574.html,2024-12-17,毛宁,法新社记者,foreign,92,52,0.6302331686019891,0.075,0.10714285714285701,0,1,1,0,2,1,hist
579,t20241217_11495574.html,2024-12-17,毛宁,《人民日报》记者,cn,83,47,0.49274411797523504,0.12121212121212101,0.16666666666666602,0,1,1,0,2,1,hist
580,t20241217_11495574.html,2024-12-17,毛宁,路透社记者,foreign,47,21,0.17257335782051,0.0,0.0,1,1,0,0,1,0,hist
581,t20241217_11495574.html,2024-12-17,毛宁,中新社记者,cn,99,127,0.7780995965003961,0.23076923076923,0.38709677419354804,0,1,0,0,1,0,hist
582,t20241217_11495574.html,2024-12-17,毛宁,《北京青年报》记者,foreign,45,136,0.941413819789886,0.239130434782608,0.6875,0,1,1,0,1,0,hist
583,t20241217_11495574.html,2024-12-17,毛宁,法新社记者,foreign,66,98,0.6673116683959961,0.053571428571428006,0.13636363636363602,0,1,0,0,1,0,hist
584,t20241217_11495574.html,2024-12-17,毛宁,深圳卫视记者,cn,59,129,0.693113923072814,0.092592592592592,0.26315789473684204,0,1,1,0,1,0,hist
585,t20241217_11495574.html,2024-12-17,毛宁,彭博社记者,foreign,42,45,0.702960133552551,0.060606060606060004,0.125,0,1,1,0,1,0,hist
586,t20241217_11495577.html,2024-12-17,毛宁,塔斯社记者,foreign,57,54,0.8759518861770631,0.16666666666666602,0.28571428571428503,0,1,0,0,2,1,hist
587,t20241217_11495577.html,2024-12-17,毛宁,《北京日报》记者,foreign,109,51,0.78166514635086,0.0625,0.09090909090909001,0,1,0,0,1,0,hist
588,t20241217_11495577.html,2024-12-17,毛宁,法新社记者,foreign,87,95,0.6623398661613461,0.068965517241379,0.125,0,1,1,0,2,1,hist
589,t20241217_11495577.html,2024-12-17,毛宁,湖北广电记者,foreign,53,84,0.797029018402099,0.19047619047619002,0.44444444444444403,0,1,1,0,1,0,hist
590,t20241217_11495577.html,2024-12-17,毛宁,韩国新一社记者,foreign,37,56,0.6448450684547421,0.148148148148148,0.36363636363636304,0,1,0,0,2,1,hist
591,t20241217_11495577.html,2024-12-17,毛宁,路透社记者,foreign,51,69,0.662252306938171,0.08823529411764701,0.1875,0,1,0,0,1,0,hist
592,t20241217_11495577.html,2024-12-17,毛宁,法新社记者,foreign,95,112,0.504926025867462,0.016129032258064002,0.032258064516129004,0,1,1,0,1,0,hist
593,t20241217_11495577.html,2024-12-17,毛宁,总台央视记者,cn,49,69,0.728385031223297,0.12121212121212101,0.28571428571428503,0,1,1,0,1,0,hist
594,t20241217_11495582.html,2024-12-17,毛宁,总台华语环球节目中心记者,cn,204,89,0.597958445549011,0.07865168539325801,0.107692307692307,0,1,0,0,1,0,hist
595,t20241217_11495582.html,2024-12-17,毛宁,韩国《中央日报》记者,foreign,68,264,0.647629737854003,0.052631578947368,0.22727272727272702,0,1,0,0,1,0,hist
596,t20241217_11495582.html,2024-12-17,毛宁,《中国日报》记者,cn,24,78,0.659346222877502,0.18181818181818102,0.5454545454545451,0,1,0,0,1,0,hist
597,t20241217_11495582.html,2024-12-17,毛宁,总台中国之声记者,cn,68,64,0.733069777488708,0.16666666666666602,0.28571428571428503,0,1,0,0,1,0,hist
598,t20241217_11495582.html,2024-12-17,毛宁,法新社记者,foreign,85,11,0.076652780175209,0.0,0.0,0,1,0,0,2,1,hist
599,t20241217_11495582.html,2024-12-17,毛宁,路透社记者,foreign,63,73,0.46502840518951405,0.0,0.0,0,0,1,0,1,0,hist
600,t20241217_11495582.html,2024-12-17,毛宁,深圳卫视记者,cn,63,178,0.38110339641571,0.055555555555555004,0.210526315789473,0,1,1,0,1,0,hist
601,t20241217_11495590.html,2024-12-17,毛宁,韩联社记者,foreign,96,73,0.8364921808242791,0.113207547169811,0.19354838709677402,0,1,0,0,1,0,hist
602,t20241217_11495590.html,2024-12-17,毛宁,《中国日报》记者,cn,174,99,0.716895461082458,0.014084507042253001,0.02127659574468,0,1,0,0,1,0,hist
603,t20241217_11495590.html,2024-12-17,毛宁,《环球时报》记者,cn,150,79,0.8368674516677851,0.158730158730158,0.212765957446808,0,1,0,0,1,0,hist
604,t20241217_11495590.html,2024-12-17,毛宁,路透社记者,foreign,58,47,0.5637495517730711,0.0,0.0,0,1,1,0,1,0,hist
605,t20241217_11495590.html,2024-12-17,毛宁,东方卫视记者,foreign,141,175,0.733806192874908,0.06451612903225801,0.13636363636363602,0,1,1,0,1,0,hist
606,t20241217_11495596.html,2024-12-17,林剑,韩联社记者,foreign,74,27,0.627379655838012,0.0,0.0,0,1,0,0,2,1,hist
607,t20241217_11495596.html,2024-12-17,林剑,新华社记者,cn,41,16,0.6652539968490601,0.23529411764705802,0.266666666666666,0,1,0,0,2,1,hist
608,t20241217_11495596.html,2024-12-17,林剑,中国新闻社记者,foreign,34,83,0.7667492628097531,0.12,0.25,0,1,0,0,1,0,hist
609,t20241217_11495596.html,2024-12-17,林剑,法新社记者,foreign,37,166,0.6436288356781,0.052631578947368,0.27272727272727204,0,1,1,0,1,0,hist
610,t20241217_11495596.html,2024-12-17,林剑,法新社记者,foreign,57,47,0.256021231412887,0.027027027027027,0.052631578947368,0,1,0,0,1,0,hist
611,t20241217_11495596.html,2024-12-17,林剑,印度报业托拉斯记者,foreign,81,85,0.76597112417221,0.16666666666666602,0.296296296296296,0,1,0,0,1,0,hist
612,t20241217_11495596.html,2024-12-17,林剑,法新社记者,foreign,50,65,0.631213903427124,0.025641025641025002,0.0625,1,1,0,0,1,0,hist
613,t20241217_11495600.html,2024-12-17,林剑,路透社记者,foreign,92,62,0.621845722198486,0.13157894736842102,0.185185185185185,0,0,0,0,1,0,hist
614,t20241217_11495600.html,2024-12-17,林剑,法新社记者,foreign,73,247,0.6127608418464661,0.07608695652173901,0.269230769230769,0,1,1,0,1,0,hist
615,t20241217_11495600.html,2024-12-17,林剑,《北京日报》记者,foreign,129,92,0.7059411406517021,0.034482758620689,0.060606060606060004,0,1,0,0,1,0,hist
616,t20241217_11495600.html,2024-12-17,林剑,路透社记者,foreign,50,11,0.078276887536048,0.0,0.0,1,1,1,0,1,0,hist
617,t20241217_11495600.html,2024-12-17,林剑,法新社记者,foreign,55,92,0.6859021186828611,0.088888888888888,0.210526315789473,0,1,1,0,1,0,hist
618,t20241218_11501265.html,2024-12-18,林剑,总台央视记者,cn,46,76,0.591659724712371,0.052631578947368,0.14285714285714202,0,0,0,0,1,0,hist
619,t20241218_11501265.html,2024-12-18,林剑,路透社记者,foreign,68,135,0.563031494617462,0.047619047619047006,0.13636363636363602,0,1,0,0,1,0,hist
620,t20241218_11501265.html,2024-12-18,林剑,印度报业托拉斯记者,foreign,56,32,0.223876670002937,0.0,0.0,0,1,0,0,1,0,hist
621,t20241218_11501265.html,2024-12-18,林剑,法新社记者,foreign,53,141,0.795661687850952,0.08928571428571401,0.29411764705882304,0,1,0,0,2,1,hist
622,t20241218_11501265.html,2024-12-18,林剑,《北京青年报》记者,foreign,97,68,0.685935258865356,0.11363636363636301,0.16666666666666602,0,1,0,0,1,0,hist
623,t20241218_11501265.html,2024-12-18,林剑,路透社记者,foreign,63,115,0.5484963655471801,0.033333333333333,0.08333333333333301,0,1,1,0,1,0,hist
624,t20241219_11505778.html,2024-12-19,林剑,总台华语环球节目中心记者,cn,177,318,0.7468234896659851,0.082644628099173,0.2,0,1,0,0,1,0,hist
625,t20241219_11505778.html,2024-12-19,林剑,法新社记者,foreign,56,169,0.7036416530609131,0.059701492537313,0.23529411764705802,0,1,1,0,1,0,hist
626,t20241219_11505778.html,2024-12-19,林剑,新华社记者,cn,123,111,0.6159397363662721,0.08823529411764701,0.15384615384615302,0,1,0,0,2,1,hist
627,t20241219_11505778.html,2024-12-19,林剑,塔斯社记者,foreign,116,155,0.685129821300506,0.011764705882352,0.026315789473684,0,1,1,0,1,0,hist
628,t20241219_11505778.html,2024-12-19,林剑,《环球时报》记者,cn,200,110,0.6467764377593991,0.074074074074074,0.103448275862068,0,1,1,0,1,0,hist
629,t20241219_11505778.html,2024-12-19,林剑,路透社记者,foreign,111,109,0.760064363479614,0.114754098360655,0.21875000000000003,1,1,0,0,2,1,hist
630,t20241219_11505778.html,2024-12-19,林剑,东方卫视记者,foreign,50,87,0.8296619653701781,0.18421052631578902,0.4375,0,0,1,0,1,0,hist
631,t20241219_11505778.html,2024-12-19,林剑,路透社记者,foreign,64,58,0.6974048614501951,0.1,0.18181818181818102,0,1,0,0,1,0,hist
632,t20241219_11505778.html,2024-12-19,林剑,法新社记者,foreign,95,58,0.638065814971923,0.073170731707317,0.115384615384615,0,1,0,0,1,0,hist
633,t20241219_11505778.html,2024-12-19,林剑,彭博社记者,foreign,32,90,0.729164659976959,0.047619047619047006,0.15384615384615302,0,1,0,0,1,0,hist
634,t20241219_11505778.html,2024-12-19,林剑,深圳卫视直新闻记者,cn,54,83,0.8880017995834351,0.266666666666666,0.5,0,0,0,0,2,1,hist
635,t20241220_11510746.html,2024-12-20,林剑,法新社记者,foreign,72,60,0.49584436416625904,0.023809523809523003,0.041666666666666005,0,1,0,0,1,0,hist
636,t20241220_11510746.html,2024-12-20,林剑,《环球时报》记者,cn,120,249,0.6288928389549251,0.106796116504854,0.275,0,1,1,0,1,0,hist
637,t20241220_11510746.html,2024-12-20,林剑,路透社记者,foreign,96,104,0.42833939194679205,0.017241379310344,0.033333333333333,0,1,0,0,1,0,hist
638,t20241220_11510746.html,2024-12-20,林剑,《中国日报》记者,cn,132,155,0.7402357459068291,0.12,0.264705882352941,0,0,0,0,1,0,hist
639,t20241220_11510746.html,2024-12-20,林剑,法新社记者,foreign,80,121,0.54052996635437,0.1,0.21428571428571402,0,1,0,0,1,0,hist
640,t20241220_11510746.html,2024-12-20,林剑,路透社记者,foreign,57,33,0.263992428779602,0.033333333333333,0.05,0,1,0,0,2,1,hist
641,t20241220_11510746.html,2024-12-20,林剑,法新社记者,foreign,55,100,0.6414104700088501,0.063829787234042,0.14285714285714202,0,1,1,0,1,0,hist
642,t20241223_11515702.html,2024-12-23,毛宁,中新社记者,cn,45,91,0.505675196647644,0.23529411764705802,0.5714285714285711,0,0,0,0,0,0,hist
643,t20241223_11515702.html,2024-12-23,毛宁,埃菲社记者,foreign,49,85,0.6517011523246761,0.048780487804878,0.133333333333333,0,1,0,0,1,0,hist
644,t20241223_11515702.html,2024-12-23,毛宁,《环球时报》记者,cn,77,78,0.73561942577362,0.11111111111111101,0.22727272727272702,0,1,0,0,1,0,hist
645,t20241223_11515702.html,2024-12-23,毛宁,总台央视记者,cn,50,295,0.8512879610061641,0.125,0.631578947368421,0,0,0,0,1,0,hist
646,t20241223_11515702.html,2024-12-23,毛宁,法新社记者,foreign,72,138,0.654582500457763,0.028985507246376004,0.08,0,1,0,0,1,0,hist
647,t20241223_11515702.html,2024-12-23,毛宁,法新社记者,foreign,43,207,0.7061524391174311,0.06578947368421001,0.3125,0,1,1,0,1,0,hist
648,t20241223_11515702.html,2024-12-23,毛宁,法新社记者,foreign,34,75,0.48799604177474903,0.029411764705882002,0.09090909090909001,0,0,0,0,1,0,hist
649,t20241224_11517221.html,2024-12-24,毛宁,东方卫视记者,foreign,36,128,0.678812623023986,0.07843137254901901,0.266666666666666,0,1,0,0,1,0,hist
650,t20241224_11517221.html,2024-12-24,毛宁,总台央视记者,cn,59,139,0.807713508605957,0.186440677966101,0.5238095238095231,0,1,0,0,1,0,hist
651,t20241224_11517221.html,2024-12-24,毛宁,共同社记者,foreign,73,112,0.7670605778694151,0.066666666666666,0.16,0,1,1,0,1,0,hist
652,t20241224_11517221.html,2024-12-24,毛宁,《环球时报》记者,cn,40,160,0.70350968837738,0.052631578947368,0.2,0,0,0,0,1,0,hist
653,t20241224_11517221.html,2024-12-24,毛宁,今日俄罗斯记者,foreign,34,88,0.675439596176147,0.048780487804878,0.16666666666666602,1,1,0,0,1,0,hist
654,t20241224_11517221.html,2024-12-24,毛宁,路透社记者,foreign,50,53,0.42761713266372603,0.026315789473684,0.05,0,1,1,0,1,0,hist
655,t20241225_11518266.html,2024-12-25,毛宁,深圳卫视记者,cn,79,35,0.5678307414054871,0.21212121212121202,0.28,0,0,1,0,1,0,hist
656,t20241225_11518266.html,2024-12-25,毛宁,法新社记者,foreign,67,30,0.5072060823440551,0.066666666666666,0.09090909090909001,0,1,0,0,2,1,hist
657,t20241225_11518266.html,2024-12-25,毛宁,《北京青年报》记者,foreign,100,147,0.679159343242645,0.039473684210526,0.09090909090909001,0,0,0,0,1,0,hist
658,t20241226_11519574.html,2024-12-26,毛宁,总台央视记者,cn,40,199,0.6132232546806331,0.012658227848101,0.07692307692307601,0,0,0,0,1,0,hist
659,t20241226_11519574.html,2024-12-26,毛宁,《中国日报》记者,cn,40,227,0.507917642593383,0.094117647058823,0.5,0,0,0,0,1,0,hist
660,t20241226_11519574.html,2024-12-26,毛宁,《环球时报》记者,cn,190,162,0.806176781654357,0.14285714285714202,0.23333333333333303,0,1,1,0,1,0,hist
661,t20241227_11521821.html,2024-12-27,毛宁,新华社记者,cn,49,150,0.46406269073486306,0.16363636363636302,0.529411764705882,0,0,0,0,1,0,hist
662,t20241227_11521821.html,2024-12-27,毛宁,法新社记者,foreign,57,151,0.785286009311676,0.12068965517241301,0.36842105263157804,0,1,1,0,1,0,hist
663,t20241227_11521821.html,2024-12-27,毛宁,印度报业托拉斯记者,foreign,46,128,0.7106851339340211,0.07142857142857101,0.23529411764705802,0,0,0,0,1,0,hist
664,t20241227_11521821.html,2024-12-27,毛宁,印度报业托拉斯记者,foreign,110,154,0.690357267856597,0.073170731707317,0.18181818181818102,0,1,0,0,1,0,hist
665,t20241227_11521821.html,2024-12-27,毛宁,路透社记者,foreign,62,35,0.6039350628852841,0.066666666666666,0.105263157894736,0,1,0,0,3,1,hist
666,t20241227_11521821.html,2024-12-27,毛宁,共同社记者,foreign,179,223,0.804808735847473,0.15625,0.33333333333333304,0,1,0,0,1,0,hist
667,t20241227_11521821.html,2024-12-27,毛宁,总台华语环球节目中心记者,cn,97,104,0.651269078254699,0.070175438596491,0.133333333333333,0,1,0,0,1,0,hist
668,t20241227_11521821.html,2024-12-27,毛宁,路透社记者,foreign,78,66,0.6947112083435051,0.130434782608695,0.21428571428571402,0,1,1,0,1,0,hist
669,t20241227_11521821.html,2024-12-27,毛宁,日本广播协会记者,foreign,84,50,0.667260766029357,0.09677419354838701,0.130434782608695,0,0,0,0,2,1,hist
670,t20241227_11521821.html,2024-12-27,毛宁,共同社记者,foreign,98,67,0.581830203533172,0.130434782608695,0.19354838709677402,1,0,0,0,3,1,hist
671,t20241227_11521821.html,2024-12-27,毛宁,法新社记者,foreign,74,90,0.6454976797103881,0.11627906976744101,0.25,0,1,0,0,2,1,hist
672,t20241227_11521821.html,2024-12-27,毛宁,路透社记者,foreign,93,70,0.670973122119903,0.018867924528301,0.032258064516129004,0,1,0,0,1,0,hist
673,t20241230_11523864.html,2024-12-30,毛宁,总台央视记者,cn,76,138,0.8287888765335081,0.265306122448979,0.6190476190476191,0,1,0,0,1,0,hist
674,t20241230_11523864.html,2024-12-30,毛宁,法新社记者,foreign,52,81,0.8099949955940241,0.157894736842105,0.375,0,1,0,0,1,0,hist
675,t20241230_11523864.html,2024-12-30,毛宁,《读卖新闻》记者,foreign,86,62,0.57320487499237,0.081081081081081,0.14285714285714202,0,1,0,1,3,1,hist
676,t20241230_11523864.html,2024-12-30,毛宁,《中国日报》记者,cn,78,198,0.6795691251754761,0.12676056338028102,0.36,0,1,0,0,1,0,hist
677,t20241230_11523864.html,2024-12-30,毛宁,法新社记者,foreign,64,92,0.7494645118713371,0.18181818181818102,0.421052631578947,0,0,0,0,1,0,hist
678,t20241231_11524802.html,2024-12-31,毛宁,新华社记者,cn,113,28,0.73280382156372,0.051282051282051,0.060606060606060004,0,1,0,0,1,0,hist
679,t20241231_11524802.html,2024-12-31,毛宁,法新社记者,foreign,62,73,0.7526719570159911,0.09523809523809501,0.16666666666666602,0,1,0,0,1,0,hist
680,t20241231_11524802.html,2024-12-31,毛宁,总台中文国际频道记者,cn,104,130,0.72450828552246,0.09090909090909001,0.19354838709677402,0,0,0,0,1,0,hist
681,t20241231_11524802.html,2024-12-31,毛宁,路透社记者,foreign,55,53,0.373291730880737,0.0,0.0,0,0,0,0,1,0,hist
682,t20241231_11524802.html,2024-12-31,毛宁,法新社记者,foreign,64,64,0.686084270477294,0.0,0.0,0,1,1,0,1,0,hist
683,t20250102_11526000.html,2025-01-02,毛宁,总台CGTN记者,cn,57,125,0.7087267637252801,0.16,0.421052631578947,0,1,0,0,1,0,hist
684,t20250102_11526000.html,2025-01-02,毛宁,湖北广电记者,foreign,51,169,0.752259731292724,0.14516129032258002,0.42857142857142805,0,1,0,0,1,0,hist
685,t20250102_11526000.html,2025-01-02,毛宁,日本共同社记者,foreign,39,148,0.5497027635574341,0.031746031746031,0.16666666666666602,0,1,0,0,1,0,hist
686,t20250102_11526000.html,2025-01-02,毛宁,香港中评社记者,cn,104,199,0.7635507583618161,0.05813953488372001,0.16129032258064502,0,0,1,0,1,0,hist
687,t20250102_11526000.html,2025-01-02,毛宁,法新社记者,foreign,53,61,0.512478947639465,0.078947368421052,0.157894736842105,0,1,0,0,2,1,hist
688,t20250103_11526840.html,2025-01-03,毛宁,总台央视记者,cn,29,227,0.7119205594062801,0.07142857142857101,0.416666666666666,0,1,0,0,2,1,hist
689,t20250103_11526840.html,2025-01-03,毛宁,《环球时报》记者,cn,50,51,0.8161773681640621,0.4,0.5,0,0,0,0,2,1,hist
690,t20250103_11526840.html,2025-01-03,毛宁,《北京青年报》记者,foreign,77,157,0.646489262580871,0.101694915254237,0.260869565217391,0,1,0,0,1,0,hist
691,t20250103_11526840.html,2025-01-03,毛宁,法新社记者,foreign,50,66,0.5882161855697631,0.097560975609756,0.210526315789473,0,1,0,0,1,0,hist
692,t20250103_11526840.html,2025-01-03,毛宁,印尼安塔拉通讯社记者,foreign,62,16,0.43799442052841103,0.0,0.0,0,1,0,0,1,0,hist
693,t20250103_11526840.html,2025-01-03,毛宁,彭博社记者,foreign,91,58,0.663448929786682,0.075471698113207,0.11764705882352901,0,1,0,0,2,1,hist
694,t20250103_11526840.html,2025-01-03,毛宁,日本共同社记者,foreign,35,13,0.22419042885303403,0.0,0.0,1,0,0,0,1,0,hist
695,t20250106_11527763.html,2025-01-06,郭嘉昆,总台央视记者,cn,71,178,0.771521866321563,0.11290322580645101,0.30434782608695604,0,1,0,0,2,1,hist
696,t20250106_11527763.html,2025-01-06,郭嘉昆,韩联社记者,foreign,75,39,0.64562052488327,0.0625,0.09090909090909001,0,1,1,0,1,0,hist
697,t20250106_11527763.html,2025-01-06,郭嘉昆,路透社记者,foreign,96,104,0.6650429964065551,0.092592592592592,0.172413793103448,0,1,0,0,2,1,hist
698,t20250106_11527763.html,2025-01-06,郭嘉昆,《读卖新闻》记者,foreign,82,82,0.456369191408157,0.038461538461538006,0.08,0,1,0,0,1,0,hist
699,t20250106_11527763.html,2025-01-06,郭嘉昆,《中国日报》记者,cn,137,114,0.590958476066589,0.063291139240506,0.11111111111111101,0,1,0,0,1,0,hist
700,t20250106_11527763.html,2025-01-06,郭嘉昆,法新社记者,foreign,65,125,0.7483665943145751,0.034482758620689,0.08333333333333301,0,1,1,0,1,0,hist
701,t20250106_11527763.html,2025-01-06,郭嘉昆,《北京青年报》记者,foreign,110,18,0.356941431760787,0.08333333333333301,0.08823529411764701,0,0,0,0,1,0,hist
702,t20250106_11527763.html,2025-01-06,郭嘉昆,法新社记者,foreign,56,10,0.11751084774732501,0.0,0.0,0,1,1,0,1,0,hist
703,t20250107_11528538.html,2025-01-07,郭嘉昆,总台央视记者,cn,126,17,0.33633476495742803,0.05,0.055555555555555004,0,0,0,0,1,0,hist
704,t20250107_11528538.html,2025-01-07,郭嘉昆,法新社记者,foreign,75,41,0.729483127593994,0.026315789473684,0.04,0,1,1,0,1,0,hist
705,t20250107_11528538.html,2025-01-07,郭嘉昆,深圳卫视记者,cn,176,248,0.910188376903533,0.11214953271028001,0.23076923076923,0,1,0,0,1,0,hist
706,t20250107_11528538.html,2025-01-07,郭嘉昆,彭博社记者,foreign,31,143,0.432923138141632,0.018518518518518,0.08333333333333301,0,0,0,0,1,0,hist
707,t20250107_11528538.html,2025-01-07,郭嘉昆,印尼安塔拉通讯社记者,foreign,38,19,0.6863073110580441,0.17647058823529402,0.23076923076923,0,1,0,0,1,0,hist
708,t20250107_11528538.html,2025-01-07,郭嘉昆,路透社记者,foreign,57,65,0.46433231234550404,0.025641025641025002,0.058823529411764004,0,1,0,0,3,1,hist
709,t20250107_11528538.html,2025-01-07,郭嘉昆,彭博社记者,foreign,87,21,0.637830913066864,0.029411764705882002,0.037037037037037,0,1,0,0,1,0,hist
710,t20250107_11528538.html,2025-01-07,郭嘉昆,印尼安塔拉通讯社记者,foreign,75,45,0.5004035234451291,0.07142857142857101,0.10714285714285701,0,1,0,0,1,0,hist
711,t20250107_11528538.html,2025-01-07,郭嘉昆,法新社记者,foreign,33,62,0.8319991827011101,0.347826086956521,0.7272727272727271,0,1,0,0,1,0,hist
712,t20250108_11529191.html,2025-01-08,郭嘉昆,总台央视记者,cn,37,194,0.599284887313842,0.08695652173913,0.5,0,1,1,0,1,0,hist
713,t20250108_11529191.html,2025-01-08,郭嘉昆,新华社记者,cn,44,47,0.8378166556358331,0.291666666666666,0.4375,0,1,0,0,1,0,hist
714,t20250108_11529191.html,2025-01-08,郭嘉昆,路透社记者,foreign,78,81,0.587704539299011,0.0,0.0,0,1,0,0,1,0,hist
715,t20250108_11529191.html,2025-01-08,郭嘉昆,东方卫视记者,foreign,109,173,0.7688831686973571,0.146666666666666,0.29729729729729704,0,1,0,0,1,0,hist
716,t20250108_11529191.html,2025-01-08,郭嘉昆,路透社记者,foreign,89,62,0.471636146306991,0.0,0.0,1,0,1,0,1,0,hist
717,t20250109_11529882.html,2025-01-09,郭嘉昆,总台央视记者,cn,180,37,0.6391271352767941,0.07692307692307601,0.09090909090909001,0,1,0,0,1,0,hist
718,t20250109_11529882.html,2025-01-09,郭嘉昆,法新社记者,foreign,74,37,0.443484932184219,0.0,0.0,0,1,0,0,2,1,hist
719,t20250109_11529882.html,2025-01-09,郭嘉昆,《环球时报》记者,cn,52,155,0.814460575580596,0.16666666666666602,0.44444444444444403,0,1,0,0,2,1,hist
720,t20250109_11529882.html,2025-01-09,郭嘉昆,法新社记者,foreign,86,41,0.412664949893951,0.051282051282051,0.07142857142857101,0,1,0,0,1,0,hist
721,t20250109_11529882.html,2025-01-09,郭嘉昆,日本共同社记者,foreign,51,98,0.6940537691116331,0.073170731707317,0.2,0,1,0,0,1,0,hist
722,t20250109_11529882.html,2025-01-09,郭嘉昆,澎湃新闻记者,cn,147,90,0.6935398578643791,0.06153846153846101,0.088888888888888,0,1,0,0,1,0,hist
723,t20250109_11529882.html,2025-01-09,郭嘉昆,法新社记者,foreign,67,57,0.585796058177948,0.13157894736842102,0.21739130434782603,0,0,0,0,1,0,hist
724,t20250109_11529882.html,2025-01-09,郭嘉昆,日本朝日新闻记者,foreign,59,54,0.7071961760520931,0.0,0.0,0,1,1,0,1,0,hist
725,t20250110_11530934.html,2025-01-10,郭嘉昆,总台央视记者,cn,60,77,0.798499584197998,0.11363636363636301,0.21739130434782603,0,1,0,0,3,1,hist
726,t20250110_11530934.html,2025-01-10,郭嘉昆,路透社记者,foreign,38,69,0.745724022388458,0.11764705882352901,0.30769230769230704,0,1,1,0,2,1,hist
727,t20250110_11530934.html,2025-01-10,郭嘉昆,中新社记者,cn,50,144,0.706520736217498,0.07692307692307601,0.25,0,1,0,0,2,1,hist
728,t20250110_11530934.html,2025-01-10,郭嘉昆,美国有线电视新闻网记者,foreign,50,43,0.663861751556396,0.08,0.15384615384615302,0,1,0,0,2,1,hist
729,t20250110_11530934.html,2025-01-10,郭嘉昆,总台华语环球节目中心记者,cn,40,104,0.7201434373855591,0.15,0.42857142857142805,0,1,0,0,1,0,hist
730,t20250110_11530934.html,2025-01-10,郭嘉昆,《北京日报》记者,foreign,181,72,0.6822628974914551,0.094594594594594,0.122807017543859,0,1,0,0,1,0,hist
731,t20250110_11530934.html,2025-01-10,郭嘉昆,法新社记者,foreign,67,116,0.54570597410202,0.032258064516129004,0.074074074074074,0,1,1,0,2,1,hist
732,t20250110_11530934.html,2025-01-10,郭嘉昆,路透社记者,foreign,65,11,0.15512254834175102,0.0,0.0,0,1,1,0,1,0,hist
733,t20250113_11532418.html,2025-01-13,郭嘉昆,总台央视记者,cn,52,54,0.8069908618927001,0.59090909090909,0.7222222222222221,0,0,0,0,1,0,hist
734,t20250113_11532418.html,2025-01-13,郭嘉昆,韩联社记者,foreign,49,65,0.625986874103546,0.0,0.0,1,0,0,0,1,0,hist
735,t20250113_11532418.html,2025-01-13,郭嘉昆,路透社记者,foreign,57,62,0.5704379677772521,0.0,0.0,0,1,1,0,2,1,hist
736,t20250113_11532418.html,2025-01-13,郭嘉昆,乌通社记者,foreign,96,55,0.491617083549499,0.02127659574468,0.035714285714285005,0,0,1,0,1,0,hist
737,t20250113_11532418.html,2025-01-13,郭嘉昆,彭博社记者,foreign,76,88,0.6932220458984371,0.10204081632653,0.2,0,1,1,0,1,0,hist
738,t20250113_11532418.html,2025-01-13,郭嘉昆,《中国日报》记者,cn,102,122,0.7656867504119871,0.130434782608695,0.257142857142857,0,1,0,0,1,0,hist
739,t20250113_11532418.html,2025-01-13,郭嘉昆,路透社记者,foreign,66,66,0.647759437561035,0.045454545454545005,0.08333333333333301,0,1,1,0,1,0,hist
740,t20250114_11533577.html,2025-01-14,郭嘉昆,中新社记者,cn,32,137,0.618169069290161,0.09090909090909001,0.45454545454545403,0,1,0,0,1,0,hist
741,t20250114_11533577.html,2025-01-14,郭嘉昆,法新社记者,foreign,88,71,0.6091036796569821,0.055555555555555004,0.09375000000000001,0,1,1,0,1,0,hist
742,t20250114_11533577.html,2025-01-14,郭嘉昆,《环球时报》记者,cn,164,31,0.6509627103805541,0.038461538461538006,0.044444444444444,0,1,0,0,2,1,hist
743,t20250114_11533577.html,2025-01-14,郭嘉昆,彭博社记者,foreign,130,56,0.20160214602947202,0.017543859649122,0.027027027027027,0,0,1,0,1,0,hist
744,t20250114_11533577.html,2025-01-14,郭嘉昆,澎湃新闻记者,cn,180,131,0.759207904338836,0.169014084507042,0.22222222222222202,0,1,0,0,1,0,hist
745,t20250114_11533577.html,2025-01-14,郭嘉昆,东方卫视记者,foreign,131,49,0.374680370092391,0.037037037037037,0.051282051282051,0,1,1,0,1,0,hist
746,t20250114_11533577.html,2025-01-14,郭嘉昆,法新社记者,foreign,81,139,0.706556499004364,0.013333333333333001,0.037037037037037,0,1,0,0,1,0,hist
747,t20250114_11533577.html,2025-01-14,郭嘉昆,美国全国广播公司记者,foreign,51,43,0.6627789735794061,0.09375000000000001,0.157894736842105,0,1,0,0,1,0,hist
748,t20250115_11534987.html,2025-01-15,郭嘉昆,总台华语环球节目中心记者,cn,56,189,0.554091274738311,0.12307692307692301,0.44444444444444403,0,1,0,0,1,0,hist
749,t20250115_11534987.html,2025-01-15,郭嘉昆,法新社记者,foreign,82,94,0.6564229726791381,0.16326530612244802,0.32,0,1,1,0,1,0,hist
750,t20250115_11534987.html,2025-01-15,郭嘉昆,韩国新一社记者,foreign,50,51,0.5315895080566401,0.137931034482758,0.28571428571428503,0,1,0,0,1,0,hist
751,t20250115_11534987.html,2025-01-15,郭嘉昆,拉通社记者,foreign,49,126,0.8189144134521481,0.055555555555555004,0.1875,0,1,0,0,1,0,hist
752,t20250115_11534987.html,2025-01-15,郭嘉昆,《北京青年报》记者,foreign,76,208,0.534550428390502,0.024691358024691003,0.07692307692307601,0,0,0,0,1,0,hist
753,t20250115_11534987.html,2025-01-15,郭嘉昆,俄新社记者,foreign,92,140,0.8029518127441401,0.04225352112676,0.103448275862068,0,1,1,0,1,0,hist
754,t20250115_11534987.html,2025-01-15,郭嘉昆,法新社记者,foreign,70,163,0.803228020668029,0.131147540983606,0.36363636363636304,0,1,0,0,1,0,hist
755,t20250115_11534987.html,2025-01-15,郭嘉昆,彭博社记者,foreign,72,170,0.503209471702575,0.054794520547945,0.2,0,1,0,0,1,0,hist
756,t20250115_11534987.html,2025-01-15,郭嘉昆,彭博社记者,foreign,65,106,0.7160457372665401,0.035087719298245,0.08333333333333301,0,1,1,0,1,0,hist
757,t20250116_11536633.html,2025-01-16,郭嘉昆,总台央视记者,cn,33,39,0.732956945896148,0.30000000000000004,0.5454545454545451,0,1,0,0,1,0,hist
758,t20250116_11536633.html,2025-01-16,郭嘉昆,新华社记者,cn,130,114,0.778169810771942,0.19047619047619002,0.30769230769230704,0,1,0,0,1,0,hist
759,t20250116_11536633.html,2025-01-16,郭嘉昆,法新社记者,foreign,44,94,0.322789788246154,0.0,0.0,0,1,0,0,1,0,hist
760,t20250116_11536633.html,2025-01-16,郭嘉昆,韩联社记者,foreign,92,69,0.56475555896759,0.040816326530612006,0.07142857142857101,0,1,1,0,1,0,hist
761,t20250116_11536633.html,2025-01-16,郭嘉昆,法新社记者,foreign,83,134,0.6547825336456291,0.04054054054054,0.10714285714285701,0,1,1,0,1,0,hist
762,t20250116_11536633.html,2025-01-16,郭嘉昆,澎湃新闻记者,cn,54,103,0.294000208377838,0.025,0.066666666666666,0,0,0,0,1,0,hist
763,t20250116_11536633.html,2025-01-16,郭嘉昆,法新社记者,foreign,48,79,0.6366804838180541,0.078947368421052,0.17647058823529402,0,1,0,0,1,0,hist
764,t20250116_11536633.html,2025-01-16,郭嘉昆,彭博社记者,foreign,56,269,0.574587166309356,0.024390243902439,0.11111111111111101,0,0,0,0,3,1,hist
765,t20250116_11536633.html,2025-01-16,郭嘉昆,法新社记者,foreign,43,186,0.5979456305503841,0.051282051282051,0.22222222222222202,0,1,1,0,1,0,hist
766,t20250117_11537997.html,2025-01-17,郭嘉昆,总台央视记者,cn,50,164,0.6852535009384151,0.114754098360655,0.41176470588235203,0,1,0,0,1,0,hist
767,t20250117_11537997.html,2025-01-17,郭嘉昆,新华社记者,cn,68,254,0.7058440446853631,0.17948717948717902,0.56,0,0,0,0,2,1,hist
768,t20250117_11537997.html,2025-01-17,郭嘉昆,中新社记者,cn,49,72,0.592642784118652,0.05,0.11111111111111101,0,1,0,0,2,1,hist
769,t20250117_11537997.html,2025-01-17,郭嘉昆,法新社记者,foreign,59,24,0.34013828635215704,0.0,0.0,0,1,1,0,2,1,hist
770,t20250117_11537997.html,2025-01-17,郭嘉昆,总台国广记者,cn,52,214,0.721756815910339,0.10126582278481001,0.4,0,1,0,0,3,1,hist
771,t20250117_11537997.html,2025-01-17,郭嘉昆,法新社记者,foreign,51,106,0.7828150987625121,0.061224489795918005,0.17647058823529402,0,1,0,0,1,0,hist
772,t20250117_11537997.html,2025-01-17,郭嘉昆,《北京日报》记者,foreign,112,125,0.574930548667907,0.08333333333333301,0.15384615384615302,0,1,0,0,1,0,hist
773,t20250117_11537997.html,2025-01-17,郭嘉昆,路透社记者,foreign,108,142,0.5354483127593991,0.054054054054054,0.114285714285714,0,1,0,0,2,1,hist
774,t20250117_11537997.html,2025-01-17,郭嘉昆,法新社记者,foreign,58,113,0.46320265531539906,0.115384615384615,0.28571428571428503,0,1,0,0,1,0,hist
775,t20250117_11537997.html,2025-01-17,郭嘉昆,深圳卫视记者,cn,115,91,0.7126862406730651,0.14285714285714202,0.21951219512195103,0,1,1,0,1,0,hist
776,t20250120_11541143.html,2025-01-20,毛宁,新华社记者,cn,106,63,0.71609091758728,0.23076923076923,0.33333333333333304,0,1,0,0,1,0,hist
777,t20250120_11541143.html,2025-01-20,毛宁,总台央视记者,cn,96,80,0.7169280052185051,0.102564102564102,0.2,0,1,0,0,1,0,hist
778,t20250120_11541143.html,2025-01-20,毛宁,路透社记者,foreign,89,91,0.5525831580162041,0.07843137254901901,0.16666666666666602,0,1,0,0,1,0,hist
779,t20250120_11541143.html,2025-01-20,毛宁,美国全国广播公司记者,foreign,37,80,0.443636357784271,0.025641025641025002,0.07692307692307601,0,0,0,0,1,0,hist
780,t20250120_11541143.html,2025-01-20,毛宁,《金融时报》记者,foreign,50,54,0.599683165550231,0.0,0.0,0,1,0,0,1,0,hist
781,t20250120_11541143.html,2025-01-20,毛宁,《中国日报》记者,cn,41,97,0.830973982810974,0.135135135135135,0.33333333333333304,0,1,0,0,1,0,hist
782,t20250120_11541143.html,2025-01-20,毛宁,法新社记者,foreign,60,143,0.596293866634368,0.066666666666666,0.2,0,1,0,0,2,1,hist
783,t20250120_11541143.html,2025-01-20,毛宁,深圳卫视记者,cn,54,100,0.7885882258415221,0.17948717948717902,0.388888888888888,0,0,0,0,0,0,hist
784,t20250120_11541143.html,2025-01-20,毛宁,《金融时报》记者,foreign,35,111,0.526946306228637,0.041666666666666005,0.16666666666666602,0,1,0,0,1,0,hist
785,t20250120_11541143.html,2025-01-20,毛宁,法新社记者,foreign,53,68,0.5838602781295771,0.102564102564102,0.210526315789473,0,0,0,0,1,0,hist
786,t20250120_11541143.html,2025-01-20,毛宁,《金融时报》记者,foreign,69,83,0.503627717494964,0.039215686274509005,0.08333333333333301,0,1,0,0,1,0,hist
787,t20250121_11542004.html,2025-01-21,郭嘉昆,总台中文国际频道记者,cn,159,298,0.638003349304199,0.045112781954887,0.113207547169811,0,1,0,0,1,0,hist
788,t20250121_11542004.html,2025-01-21,郭嘉昆,美国全国广播公司记者,foreign,70,36,0.5905967354774471,0.026315789473684,0.041666666666666005,0,1,1,0,1,0,hist
789,t20250121_11542004.html,2025-01-21,郭嘉昆,拉通社记者,foreign,47,99,0.7361373901367181,0.08695652173913,0.23529411764705802,0,0,0,0,1,0,hist
790,t20250121_11542004.html,2025-01-21,郭嘉昆,《纽约时报》记者,foreign,45,134,0.47138178348541204,0.0,0.0,0,1,1,0,1,0,hist
791,t20250121_11542004.html,2025-01-21,郭嘉昆,《金融时报》记者,foreign,58,91,0.238247632980346,0.0,0.0,0,0,1,0,1,0,hist
792,t20250121_11542004.html,2025-01-21,郭嘉昆,路透社记者,foreign,38,79,0.610950469970703,0.027027027027027,0.09090909090909001,0,1,0,0,2,1,hist
793,t20250121_11542004.html,2025-01-21,郭嘉昆,今日俄罗斯记者,foreign,61,30,0.036369945853948,0.0,0.0,0,1,0,0,1,0,hist
794,t20250121_11542004.html,2025-01-21,郭嘉昆,《纽约时报》记者,foreign,31,65,0.834949612617492,0.192307692307692,0.45454545454545403,0,1,0,0,1,0,hist
795,t20250121_11542004.html,2025-01-21,郭嘉昆,《纽约时报》记者,foreign,69,117,0.527512788772583,0.041666666666666005,0.09523809523809501,0,1,0,0,1,0,hist
796,t20250121_11542004.html,2025-01-21,郭嘉昆,法新社记者,foreign,70,34,0.6635411381721491,0.074074074074074,0.11111111111111101,1,1,0,0,1,0,hist
797,t20250121_11542004.html,2025-01-21,郭嘉昆,彭博社记者,foreign,63,88,0.41924268007278404,0.0,0.0,0,1,1,0,2,1,hist
798,t20250121_11542004.html,2025-01-21,郭嘉昆,《纽约时报》记者,foreign,57,57,0.5100599527359,0.033333333333333,0.07692307692307601,0,1,0,0,1,0,hist
799,t20250122_11542823.html,2025-01-22,毛宁,《人民日报》记者,cn,61,130,0.736916005611419,0.07142857142857101,0.210526315789473,0,1,0,0,1,0,hist
800,t20250122_11542823.html,2025-01-22,毛宁,中新社记者,cn,54,75,0.7643911242485041,0.14285714285714202,0.29411764705882304,0,1,1,0,1,0,hist
801,t20250122_11542823.html,2025-01-22,毛宁,塔斯社记者,foreign,46,39,0.5427861213684081,0.068965517241379,0.125,0,1,1,0,1,0,hist
802,t20250122_11542823.html,2025-01-22,毛宁,《环球时报》记者,cn,118,70,0.67894035577774,0.055555555555555004,0.08571428571428501,0,1,1,0,1,0,hist
803,t20250122_11542823.html,2025-01-22,毛宁,共同社记者,foreign,56,98,0.5944663286209101,0.0,0.0,0,1,1,0,1,0,hist
804,t20250122_11542823.html,2025-01-22,毛宁,《纽约时报》记者,foreign,40,87,0.8121067285537721,0.114285714285714,0.28571428571428503,0,1,1,0,2,1,hist
805,t20250122_11542823.html,2025-01-22,毛宁,法新社记者,foreign,85,104,0.441092580556869,0.035087719298245,0.08,0,1,1,0,1,0,hist
806,t20250122_11542823.html,2025-01-22,毛宁,东方卫视记者,foreign,71,66,0.482737720012664,0.108108108108108,0.2,0,1,0,0,1,0,hist
807,t20250122_11542823.html,2025-01-22,毛宁,法新社记者,foreign,64,48,0.557891845703125,0.09375000000000001,0.13636363636363602,0,1,0,0,1,0,hist
808,t20250122_11542823.html,2025-01-22,毛宁,彭博社记者,foreign,109,38,0.489099144935607,0.105263157894736,0.12903225806451601,0,1,0,0,2,1,hist
809,t20250122_11542823.html,2025-01-22,毛宁,路透社记者,foreign,49,14,0.533363223075866,0.0,0.0,1,1,0,0,2,1,hist
810,t20250122_11542823.html,2025-01-22,毛宁,法新社记者,foreign,35,63,0.38865029811859103,0.0,0.0,0,0,1,0,1,0,hist
811,t20250122_11542823.html,2025-01-22,毛宁,今日俄罗斯记者,foreign,51,105,0.31769654154777505,0.06,0.16666666666666602,0,1,1,0,1,0,hist
812,t20250122_11542823.html,2025-01-22,毛宁,路透社记者,foreign,103,113,0.28260549902915905,0.047619047619047006,0.09090909090909001,0,1,1,0,1,0,hist
813,t20250122_11542823.html,2025-01-22,毛宁,彭博社记者,foreign,49,24,0.27283227443695,0.0,0.0,0,0,0,0,1,0,hist
814,t20250122_11542823.html,2025-01-22,毛宁,美国全国广播公司记者,foreign,62,98,0.640121519565582,0.10869565217391301,0.25,0,1,0,0,2,1,hist
815,t20250123_11543819.html,2025-01-23,毛宁,《环球时报》记者,cn,45,104,0.9162272214889521,0.277777777777777,0.625,0,1,1,0,1,0,hist
816,t20250123_11543819.html,2025-01-23,毛宁,《环球时报》记者,cn,24,118,0.6866910457611081,0.066666666666666,0.33333333333333304,0,0,1,0,1,0,hist
817,t20250123_11543819.html,2025-01-23,毛宁,法新社记者,foreign,95,125,0.7311376333236691,0.079365079365079,0.16129032258064502,0,1,1,0,1,0,hist
818,t20250123_11543819.html,2025-01-23,毛宁,《北京日报》记者,foreign,59,63,0.6807449460029601,0.125,0.22222222222222202,0,0,0,0,1,0,hist
819,t20250123_11543819.html,2025-01-23,毛宁,法新社记者,foreign,121,62,0.61955577135086,0.037037037037037,0.057142857142857,0,1,0,0,1,0,hist
820,t20250123_11543819.html,2025-01-23,毛宁,日本共同社记者,foreign,49,54,0.718175172805786,0.058823529411764004,0.105263157894736,0,1,0,0,1,0,hist
821,t20250123_11543819.html,2025-01-23,毛宁,彭博社记者,foreign,108,59,0.70293778181076,0.08163265306122401,0.133333333333333,1,1,1,0,2,1,hist
822,t20250123_11543819.html,2025-01-23,毛宁,总台央广记者,cn,43,140,0.8317883014678951,0.134615384615384,0.4375,0,1,1,0,1,0,hist
823,t20250123_11543819.html,2025-01-23,毛宁,路透社记者,foreign,92,179,0.6330601572990411,0.074074074074074,0.19354838709677402,0,1,1,0,1,0,hist
824,t20250123_11543819.html,2025-01-23,毛宁,路透社记者,foreign,73,75,0.511075019836425,0.04,0.07692307692307601,0,1,1,0,1,0,hist
825,t20250123_11543819.html,2025-01-23,毛宁,路透社记者,foreign,57,93,0.549638390541076,0.023255813953488,0.052631578947368,0,1,0,0,1,0,hist
826,t20250124_11544578.html,2025-01-24,毛宁,新华社记者,cn,45,97,0.677029132843017,0.162162162162162,0.35294117647058804,0,0,0,0,2,1,hist
827,t20250124_11544578.html,2025-01-24,毛宁,法新社记者,foreign,33,162,0.37570488452911305,0.016949152542372,0.09090909090909001,0,1,0,0,1,0,hist
828,t20250124_11544578.html,2025-01-24,毛宁,俄新社记者,foreign,58,72,0.6307075619697571,0.195121951219512,0.347826086956521,0,1,0,0,1,0,hist
829,t20250124_11544578.html,2025-01-24,毛宁,美国全国广播公司记者,foreign,83,71,0.703592658042907,0.0,0.0,0,1,0,0,1,0,hist
830,t20250124_11544578.html,2025-01-24,毛宁,路透社记者,foreign,43,55,0.6357484459877011,0.0,0.0,0,0,0,0,1,0,hist
831,t20250124_11544578.html,2025-01-24,毛宁,德新社记者,foreign,89,182,0.5043289661407471,0.027027027027027,0.074074074074074,0,1,0,0,1,0,hist
832,t20250124_11544578.html,2025-01-24,毛宁,法新社记者,foreign,57,76,0.44314312934875405,0.022727272727272003,0.05,0,1,1,0,1,0,hist
833,t20250124_11544578.html,2025-01-24,毛宁,总台央视记者,cn,46,50,0.744999766349792,0.208333333333333,0.35714285714285704,0,1,0,0,2,1,hist
834,t20250124_11544578.html,2025-01-24,毛宁,彭博社记者,foreign,101,70,0.7090377807617181,0.12,0.18181818181818102,0,1,0,0,1,0,hist
835,t20250127_11546757.html,2025-01-27,毛宁,湖北广电记者,foreign,64,210,0.6193970441818231,0.069444444444444,0.25,0,0,0,0,2,1,hist
836,t20250127_11546757.html,2025-01-27,毛宁,路透社记者,foreign,38,153,0.39665365219116205,0.065573770491803,0.33333333333333304,1,0,0,0,1,0,hist
837,t20250127_11546757.html,2025-01-27,毛宁,英国天空电视台记者,foreign,50,159,0.585756540298461,0.036363636363636,0.11764705882352901,0,1,0,0,2,1,hist
838,t20250127_11546757.html,2025-01-27,毛宁,深圳卫视记者,cn,76,100,0.8444381952285761,0.11627906976744101,0.21739130434782603,0,0,1,0,1,0,hist
839,t20250127_11546757.html,2025-01-27,毛宁,彭博社记者,foreign,49,108,0.539930403232574,0.0625,0.1875,0,0,1,0,1,0,hist
840,t20250127_11546757.html,2025-01-27,毛宁,新华社记者,cn,130,79,0.701598703861236,0.18181818181818102,0.25,0,1,0,0,1,0,hist
841,t20250127_11546757.html,2025-01-27,毛宁,彭博社记者,foreign,134,38,0.55401337146759,0.11111111111111101,0.135135135135135,0,1,1,0,2,1,hist
842,t20250127_11546757.html,2025-01-27,毛宁,《中国日报》记者,cn,91,120,0.645096540451049,0.114754098360655,0.23333333333333303,0,1,0,0,1,0,hist
843,t20250205_11549494.html,2025-02-05,林剑,北京日报记者,foreign,110,211,0.7933409810066221,0.126582278481012,0.32258064516129004,0,1,0,0,1,0,hist
844,t20250205_11549494.html,2025-02-05,林剑,英国广播公司记者,foreign,63,85,0.688142657279968,0.069767441860465,0.157894736842105,0,1,1,0,2,1,hist
845,t20250205_11549494.html,2025-02-05,林剑,美国有线电视新闻网记者,foreign,28,60,0.761527001857757,0.16,0.36363636363636304,0,1,1,0,1,0,hist
846,t20250205_11549494.html,2025-02-05,林剑,阿纳多卢通讯社记者,foreign,66,101,0.6161066293716431,0.039215686274509005,0.09523809523809501,0,1,0,0,1,0,hist
847,t20250205_11549494.html,2025-02-05,林剑,伊拉克如道电视台记者,foreign,92,70,0.759762406349182,0.18421052631578902,0.30434782608695604,0,1,0,0,5,1,hist
848,t20250205_11549494.html,2025-02-05,林剑,韩联社记者,foreign,79,78,0.8006267547607421,0.25,0.42857142857142805,0,0,0,0,1,0,hist
849,t20250205_11549494.html,2025-02-05,林剑,彭博社记者,foreign,60,101,0.737506031990051,0.125,0.30000000000000004,0,1,1,0,2,1,hist
850,t20250205_11549494.html,2025-02-05,林剑,路透社记者,foreign,70,79,0.48675298690795904,0.020408163265306003,0.038461538461538006,0,1,1,0,1,0,hist
851,t20250205_11549494.html,2025-02-05,林剑,阿纳多卢通讯社记者,foreign,86,63,0.6916432976722711,0.0625,0.10714285714285701,0,1,0,0,1,0,hist
852,t20250205_11549494.html,2025-02-05,林剑,路透社记者,foreign,103,201,0.6374244093894951,0.084507042253521,0.24,0,1,1,0,2,1,hist
853,t20250205_11549494.html,2025-02-05,林剑,路透社记者,foreign,44,99,0.351889789104461,0.023255813953488,0.08333333333333301,0,1,1,0,1,0,hist
854,t20250205_11549494.html,2025-02-05,林剑,路透社记者,foreign,160,57,0.48164358735084506,0.029850746268656,0.040816326530612006,0,1,0,0,2,1,hist
855,t20250205_11549494.html,2025-02-05,林剑,彭博社记者,foreign,159,28,0.654606938362121,0.070175438596491,0.08,0,1,1,0,3,1,hist
856,t20250206_11550287.html,2025-02-06,郭嘉昆,总台央视记者,cn,83,148,0.7928807735443111,0.09677419354838701,0.22222222222222202,0,1,0,0,1,0,hist
857,t20250206_11550287.html,2025-02-06,郭嘉昆,法新社记者,foreign,79,25,0.22654719650745303,0.08823529411764701,0.10714285714285701,0,1,0,0,2,1,hist
858,t20250206_11550287.html,2025-02-06,郭嘉昆,韩联社记者,foreign,105,114,0.525894284248352,0.04918032786885201,0.11111111111111101,0,1,0,0,1,0,hist
859,t20250206_11550287.html,2025-02-06,郭嘉昆,《北京青年报》记者,foreign,91,234,0.836796522140502,0.11764705882352901,0.37037037037037,0,1,0,0,1,0,hist
860,t20250206_11550287.html,2025-02-06,郭嘉昆,《环球时报》记者,cn,54,22,0.380900502204895,0.035714285714285005,0.047619047619047006,0,0,0,0,1,0,hist
861,t20250206_11550287.html,2025-02-06,郭嘉昆,东方卫视记者,foreign,45,255,0.49794065952301003,0.060240963855421006,0.277777777777777,0,1,0,0,1,0,hist
862,t20250206_11550287.html,2025-02-06,郭嘉昆,法新社记者,foreign,71,85,0.621302008628845,0.085106382978723,0.15384615384615302,0,1,0,0,1,0,hist
863,t20250206_11550287.html,2025-02-06,郭嘉昆,法国《世界报》记者,foreign,55,67,0.6222404837608331,0.05,0.105263157894736,0,1,0,0,1,0,hist
864,t20250206_11550287.html,2025-02-06,郭嘉昆,彭博社记者,foreign,81,92,0.625080525875091,0.038461538461538006,0.08333333333333301,0,1,0,0,2,1,hist
865,t20250206_11550287.html,2025-02-06,郭嘉昆,法新社记者,foreign,59,81,0.8513992428779601,0.216216216216216,0.4,0,1,0,0,1,0,hist
866,t20250207_11550963.html,2025-02-07,林剑,阿纳多卢通讯社记者,foreign,85,57,0.665543854236602,0.13953488372093,0.22222222222222202,0,1,0,0,2,1,hist
867,t20250207_11550963.html,2025-02-07,林剑,《中国日报》记者,cn,43,310,0.753839492797851,0.08641975308641901,0.4375,0,1,0,0,1,0,hist
868,t20250207_11550963.html,2025-02-07,林剑,法新社记者,foreign,38,10,0.200320541858673,0.0,0.0,0,0,1,0,2,1,hist
869,t20250207_11550963.html,2025-02-07,林剑,印尼安塔拉通讯社记者,foreign,57,67,0.816524565219879,0.277777777777777,0.5,0,0,0,0,1,0,hist
870,t20250207_11550963.html,2025-02-07,林剑,中新社记者,cn,50,150,0.8447805047035211,0.1875,0.529411764705882,0,1,0,0,1,0,hist
871,t20250207_11550963.html,2025-02-07,林剑,路透社记者,foreign,53,85,0.6264042854309081,0.146341463414634,0.31578947368421,0,1,0,0,1,0,hist
872,t20250207_11550963.html,2025-02-07,林剑,彭博社记者,foreign,62,25,0.16030144691467202,0.0,0.0,0,1,0,0,2,1,hist
873,t20250207_11550963.html,2025-02-07,林剑,印度报业托拉斯记者,foreign,141,94,0.7552470564842221,0.112676056338028,0.19047619047619002,0,1,0,0,1,0,hist
874,t20250207_11550963.html,2025-02-07,林剑,彭博社记者,foreign,56,95,0.5975962877273561,0.02,0.05,0,1,0,0,2,1,hist
875,t20250207_11550963.html,2025-02-07,林剑,彭博社记者,foreign,89,23,0.45952984690666204,0.029411764705882002,0.035714285714285005,1,1,0,0,2,1,hist
876,t20250210_11552101.html,2025-02-10,郭嘉昆,总台央视记者,cn,44,200,0.674578666687011,0.07142857142857101,0.33333333333333304,0,1,0,0,2,1,hist
877,t20250210_11552101.html,2025-02-10,郭嘉昆,韩联社记者,foreign,56,56,0.49266734719276406,0.030303030303030002,0.07142857142857101,1,0,0,0,1,0,hist
878,t20250210_11552101.html,2025-02-10,郭嘉昆,新华社记者,cn,28,117,0.38413354754447904,0.052631578947368,0.2,0,0,0,0,1,0,hist
879,t20250210_11552101.html,2025-02-10,郭嘉昆,美联社记者,foreign,68,107,0.69463050365448,0.035714285714285005,0.08695652173913,0,0,0,0,1,0,hist
880,t20250210_11552101.html,2025-02-10,郭嘉昆,《中国日报》记者,cn,85,81,0.350172519683837,0.018518518518518,0.037037037037037,0,1,0,0,1,0,hist
881,t20250210_11552101.html,2025-02-10,郭嘉昆,总台国广记者,cn,32,46,0.7169561386108391,0.277777777777777,0.5,0,1,0,0,1,0,hist
882,t20250210_11552101.html,2025-02-10,郭嘉昆,路透社记者,foreign,29,32,0.37669283151626504,0.052631578947368,0.11111111111111101,0,0,0,0,1,0,hist
883,t20250210_11552101.html,2025-02-10,郭嘉昆,《北京日报》记者,foreign,22,128,0.6495510339736931,0.072727272727272,0.5,0,1,0,0,1,0,hist
884,t20250210_11552101.html,2025-02-10,郭嘉昆,彭博社记者,foreign,105,90,0.633389294147491,0.066666666666666,0.12121212121212101,0,1,1,0,1,0,hist
885,t20250210_11552101.html,2025-02-10,郭嘉昆,《环球时报》记者,cn,161,66,0.638591051101684,0.09589041095890401,0.122807017543859,0,1,1,0,1,0,hist
886,t20250210_11552101.html,2025-02-10,郭嘉昆,彭博社记者,foreign,93,42,0.252772629261016,0.025641025641025002,0.035714285714285005,0,0,1,0,1,0,hist
887,t20250210_11552101.html,2025-02-10,郭嘉昆,日本广播协会记者,foreign,39,108,0.560057878494262,0.11363636363636301,0.35714285714285704,1,1,1,0,2,1,hist
888,t20250210_11552101.html,2025-02-10,郭嘉昆,路透社记者,foreign,54,100,0.594812512397766,0.066666666666666,0.157894736842105,0,1,0,0,1,0,hist
889,t20250211_11552937.html,2025-02-11,郭嘉昆,总台央视记者,cn,47,99,0.891270995140075,0.14285714285714202,0.3125,0,1,0,0,2,1,hist
890,t20250211_11552937.html,2025-02-11,郭嘉昆,日本经济新闻记者,foreign,93,82,0.646189093589782,0.06,0.103448275862068,0,1,1,0,1,0,hist
891,t20250211_11552937.html,2025-02-11,郭嘉昆,中新社记者,cn,101,63,0.6248283982276911,0.061224489795918005,0.09677419354838701,0,1,0,0,1,0,hist
892,t20250211_11552937.html,2025-02-11,郭嘉昆,路透社记者,foreign,57,35,0.779512047767639,0.12,0.16666666666666602,0,1,0,0,3,1,hist
893,t20250211_11552937.html,2025-02-11,郭嘉昆,法新社记者,foreign,36,125,0.5352458357810971,0.04,0.18181818181818102,0,1,0,0,2,1,hist
894,t20250211_11552937.html,2025-02-11,郭嘉昆,路透社记者,foreign,82,74,0.6888293027877801,0.09090909090909001,0.16666666666666602,0,1,0,0,2,1,hist
895,t20250211_11552937.html,2025-02-11,郭嘉昆,法新社记者,foreign,89,175,0.69173789024353,0.152777777777777,0.44,0,1,0,0,1,0,hist
896,t20250212_11553735.html,2025-02-12,郭嘉昆,深圳卫视记者,cn,141,294,0.675697922706604,0.07258064516129001,0.21428571428571402,0,1,0,0,1,0,hist
897,t20250212_11553735.html,2025-02-12,郭嘉昆,总台央视记者,cn,92,157,0.815354228019714,0.22580645161290303,0.482758620689655,0,0,0,0,1,0,hist
898,t20250212_11553735.html,2025-02-12,郭嘉昆,法新社记者,foreign,86,186,0.7108581662178041,0.064935064935064,0.2,0,1,0,0,1,0,hist
899,t20250212_11553735.html,2025-02-12,郭嘉昆,伊拉克如道电视台记者,foreign,89,144,0.599031865596771,0.042857142857142004,0.10714285714285701,0,1,1,0,2,1,hist
900,t20250212_11553735.html,2025-02-12,郭嘉昆,湖北广电记者,foreign,75,132,0.6512453556060791,0.11290322580645101,0.25,0,1,0,0,1,0,hist
901,t20250212_11553735.html,2025-02-12,郭嘉昆,总台华语环球节目中心记者,cn,151,59,0.809323132038116,0.086206896551724,0.10869565217391301,0,1,1,1,1,0,hist
902,t20250212_11553735.html,2025-02-12,郭嘉昆,法新社记者,foreign,39,18,0.299971997737884,0.0,0.0,0,0,1,0,1,0,hist
903,t20250212_11553735.html,2025-02-12,郭嘉昆,彭博社记者,foreign,72,65,0.7705819606781,0.11904761904761901,0.21739130434782603,0,1,1,0,1,0,hist
904,t20250212_11553735.html,2025-02-12,郭嘉昆,共同社记者,foreign,57,51,0.45406711101531905,0.027777777777777003,0.052631578947368,0,0,1,0,1,0,hist
905,t20250212_11553735.html,2025-02-12,郭嘉昆,美国全国广播公司记者,foreign,104,143,0.6142202615737911,0.109375,0.241379310344827,0,1,0,0,1,0,hist
906,t20250212_11553735.html,2025-02-12,郭嘉昆,彭博社记者,foreign,61,44,0.362815916538238,0.066666666666666,0.11764705882352901,0,1,0,0,2,1,hist
907,t20250212_11553735.html,2025-02-12,郭嘉昆,法新社记者,foreign,36,35,0.639103293418884,0.0,0.0,0,0,0,0,1,0,hist
908,t20250213_11554463.html,2025-02-13,郭嘉昆,总台央视记者,cn,169,126,0.6973799467086791,0.0375,0.065217391304347,0,1,0,0,1,0,hist
909,t20250213_11554463.html,2025-02-13,郭嘉昆,东方卫视记者,foreign,36,70,0.821160674095153,0.291666666666666,0.538461538461538,0,1,0,0,1,0,hist
910,t20250213_11554463.html,2025-02-13,郭嘉昆,《北京青年报》记者,foreign,34,53,0.816582560539245,0.421052631578947,0.6153846153846151,0,1,0,0,1,0,hist
911,t20250213_11554463.html,2025-02-13,郭嘉昆,阿纳多卢通讯社记者,foreign,41,47,0.620326995849609,0.103448275862068,0.2,0,1,0,0,1,0,hist
912,t20250213_11554463.html,2025-02-13,郭嘉昆,法新社记者,foreign,58,98,0.8499906063079831,0.12244897959183601,0.30000000000000004,0,1,1,0,1,0,hist
913,t20250213_11554463.html,2025-02-13,郭嘉昆,路透社记者,foreign,95,11,0.039471518248319,0.0,0.0,1,1,0,0,3,1,hist
914,t20250213_11554463.html,2025-02-13,郭嘉昆,法新社记者,foreign,56,160,0.578337550163269,0.044117647058823005,0.17647058823529402,0,1,1,0,2,1,hist
915,t20250213_11554463.html,2025-02-13,郭嘉昆,路透社记者,foreign,41,82,0.353071630001068,0.0,0.0,0,1,0,0,1,0,hist
916,t20250213_11554463.html,2025-02-13,郭嘉昆,彭博社记者,foreign,46,40,0.34818214178085305,0.035714285714285005,0.058823529411764004,0,1,0,0,1,0,hist
917,t20250213_11554463.html,2025-02-13,郭嘉昆,阿纳多卢通讯社记者,foreign,61,78,0.625538349151611,0.093023255813953,0.19047619047619002,0,1,0,0,1,0,hist
918,t20250213_11554463.html,2025-02-13,郭嘉昆,阿纳多卢通讯社记者,foreign,91,46,0.6969771385192871,0.063829787234042,0.09090909090909001,0,1,0,0,1,0,hist
919,t20250214_11555274.html,2025-02-14,郭嘉昆,总台CGTN记者,cn,114,78,0.777465283870697,0.101694915254237,0.15,0,0,0,0,1,0,hist
920,t20250214_11555274.html,2025-02-14,郭嘉昆,路透社记者,foreign,52,107,0.107261508703231,0.0,0.0,0,0,0,0,1,0,hist
921,t20250214_11555274.html,2025-02-14,郭嘉昆,总台央视记者,cn,36,102,0.665038347244262,0.108108108108108,0.28571428571428503,0,0,0,0,2,1,hist
922,t20250214_11555274.html,2025-02-14,郭嘉昆,俄新社记者,foreign,97,148,0.5819187164306641,0.053333333333333004,0.12903225806451601,0,1,1,0,2,1,hist
923,t20250214_11555274.html,2025-02-14,郭嘉昆,塔斯社记者,foreign,86,146,0.767160713672637,0.042857142857142004,0.10714285714285701,0,0,0,0,2,1,hist
924,t20250214_11555274.html,2025-02-14,郭嘉昆,印度报业托拉斯记者,foreign,207,132,0.472124606370925,0.072916666666666,0.116666666666666,0,1,1,0,1,0,hist
925,t20250214_11555274.html,2025-02-14,郭嘉昆,法新社记者,foreign,58,47,0.6857339143753051,0.172413793103448,0.3125,0,1,0,0,2,1,hist
926,t20250217_11556426.html,2025-02-17,郭嘉昆,《环球时报》记者,cn,59,81,0.7859504222869871,0.23076923076923,0.39130434782608703,0,1,0,0,2,1,hist
927,t20250217_11556426.html,2025-02-17,郭嘉昆,法新社记者,foreign,57,88,0.29178869724273604,0.0,0.0,0,0,0,0,1,0,hist
928,t20250217_11556426.html,2025-02-17,郭嘉昆,韩联社记者,foreign,99,53,0.414715588092803,0.018181818181818,0.027027027027027,0,1,1,0,1,0,hist
929,t20250217_11556426.html,2025-02-17,郭嘉昆,路透社记者,foreign,126,95,0.49069899320602406,0.046153846153846004,0.07142857142857101,0,1,0,0,2,1,hist
930,t20250217_11556426.html,2025-02-17,郭嘉昆,彭博社记者,foreign,63,88,0.5925047993659971,0.07142857142857101,0.15,0,1,1,0,2,1,hist
931,t20250217_11556426.html,2025-02-17,郭嘉昆,《北京青年报》记者,foreign,66,132,0.6876225471496581,0.17307692307692302,0.45,0,1,0,0,1,0,hist
932,t20250217_11556426.html,2025-02-17,郭嘉昆,俄新社记者,foreign,60,106,0.30973172187805104,0.058823529411764004,0.16666666666666602,0,1,1,0,1,0,hist
933,t20250217_11556426.html,2025-02-17,郭嘉昆,路透社记者,foreign,62,210,0.6224257349967951,0.04225352112676,0.157894736842105,0,1,0,0,3,1,hist
934,t20250217_11556426.html,2025-02-17,郭嘉昆,彭博社记者,foreign,79,208,0.6682076454162591,0.04225352112676,0.12,0,1,1,0,1,0,hist
935,t20250217_11556426.html,2025-02-17,郭嘉昆,法新社记者,foreign,79,122,0.5904878377914421,0.045454545454545005,0.10714285714285701,0,0,0,0,1,0,hist
936,t20250218_11557698.html,2025-02-18,郭嘉昆,法新社记者,foreign,55,38,0.6900029182434081,0.133333333333333,0.19047619047619002,0,1,0,0,2,1,hist
937,t20250218_11557698.html,2025-02-18,郭嘉昆,土耳其阿纳多卢通讯社记者,foreign,99,97,0.7052009105682371,0.08196721311475401,0.16129032258064502,0,1,0,0,1,0,hist
938,t20250218_11557698.html,2025-02-18,郭嘉昆,总台中国之声记者,cn,30,79,0.733269691467285,0.14285714285714202,0.4,0,0,0,0,1,0,hist
939,t20250218_11557698.html,2025-02-18,郭嘉昆,东方卫视记者,foreign,117,138,0.558032512664794,0.051948051948051,0.102564102564102,0,1,0,0,1,0,hist
940,t20250218_11557698.html,2025-02-18,郭嘉昆,新华社记者,cn,39,128,0.607503771781921,0.08,0.30769230769230704,0,1,1,0,1,0,hist
941,t20250218_11557698.html,2025-02-18,郭嘉昆,俄新社记者,foreign,77,51,0.530492007732391,0.08333333333333301,0.125,0,1,1,0,2,1,hist
942,t20250218_11557698.html,2025-02-18,郭嘉昆,土耳其阿纳多卢通讯社记者,foreign,110,37,0.12475386261940001,0.02,0.028571428571428,0,1,1,0,1,0,hist
943,t20250218_11557698.html,2025-02-18,郭嘉昆,彭博社记者,foreign,79,209,0.7779356837272641,0.08750000000000001,0.259259259259259,0,1,0,0,1,0,hist
944,t20250218_11557698.html,2025-02-18,郭嘉昆,巴西劳动者电视台记者,foreign,126,124,0.654610395431518,0.069444444444444,0.13157894736842102,0,1,1,0,2,1,hist
945,t20250218_11557698.html,2025-02-18,郭嘉昆,彭博社记者,foreign,92,124,0.701299369335174,0.08064516129032201,0.172413793103448,0,1,1,1,2,1,hist
946,t20250218_11557698.html,2025-02-18,郭嘉昆,土耳其阿纳多卢通讯社记者,foreign,123,144,0.6667685508728021,0.16666666666666602,0.324324324324324,0,1,0,0,1,0,hist
947,t20250218_11557698.html,2025-02-18,郭嘉昆,西班牙埃菲社记者,foreign,43,55,0.466165244579315,0.0,0.0,0,1,0,0,1,0,hist
948,t20250219_11558915.html,2025-02-19,郭嘉昆,总台央视记者,cn,55,165,0.654358029365539,0.058823529411764004,0.2,0,1,0,0,2,1,hist
949,t20250219_11558915.html,2025-02-19,郭嘉昆,法新社记者,foreign,74,110,0.6553273797035211,0.063829787234042,0.14285714285714202,0,0,0,0,1,0,hist
950,t20250219_11558915.html,2025-02-19,郭嘉昆,路透社记者,foreign,76,51,0.837220788002014,0.13157894736842102,0.192307692307692,0,1,0,0,1,0,hist
951,t20250219_11558915.html,2025-02-19,郭嘉昆,深圳卫视记者,cn,124,169,0.801022112369537,0.10975609756097501,0.23684210526315702,0,1,1,0,1,0,hist
952,t20250219_11558915.html,2025-02-19,郭嘉昆,彭博社记者,foreign,98,124,0.662300467491149,0.013698630136986,0.03125,0,1,1,0,1,0,hist
953,t20250219_11558915.html,2025-02-19,郭嘉昆,彭博社记者,foreign,105,26,0.46785104274749706,0.033333333333333,0.041666666666666005,0,1,1,0,1,0,hist
954,t20250220_11559593.html,2025-02-20,郭嘉昆,湖北广电记者,foreign,40,103,0.528802156448364,0.046511627906976,0.133333333333333,0,1,0,0,1,0,hist
955,t20250220_11559593.html,2025-02-20,郭嘉昆,法新社记者,foreign,48,108,0.693658828735351,0.058823529411764004,0.1875,0,1,1,0,2,1,hist
956,t20250220_11559593.html,2025-02-20,郭嘉昆,《中国日报》记者,cn,44,152,0.8721843361854551,0.208333333333333,0.555555555555555,0,1,1,0,1,0,hist
957,t20250220_11559593.html,2025-02-20,郭嘉昆,《环球时报》记者,cn,36,131,0.548888564109802,0.10204081632653,0.384615384615384,0,1,0,0,1,0,hist
958,t20250220_11559593.html,2025-02-20,郭嘉昆,法新社记者,foreign,41,59,0.186265110969543,0.0,0.0,0,1,0,0,1,0,hist
959,t20250220_11559593.html,2025-02-20,郭嘉昆,路透社记者,foreign,57,23,0.43497732281684803,0.1,0.14285714285714202,0,1,0,0,2,1,hist
960,t20250220_11559593.html,2025-02-20,郭嘉昆,路透社记者,foreign,114,156,0.743743181228637,0.064102564102564,0.15625,0,1,0,0,3,1,hist
961,t20250220_11559593.html,2025-02-20,郭嘉昆,路透社记者,foreign,73,114,0.63143914937973,0.07142857142857101,0.16666666666666602,1,1,0,0,1,0,hist
962,t20250220_11559593.html,2025-02-20,郭嘉昆,路透社记者,foreign,51,81,0.581018567085266,0.025,0.0625,0,1,0,0,1,0,hist
963,t20250220_11559593.html,2025-02-20,郭嘉昆,路透社记者,foreign,98,68,0.8756198883056641,0.162790697674418,0.23333333333333303,0,1,0,0,1,0,hist
964,t20250221_11560174.html,2025-02-21,郭嘉昆,新华社记者,cn,61,122,0.7152523398399351,0.16,0.38095238095238004,0,1,0,0,2,1,hist
965,t20250221_11560174.html,2025-02-21,郭嘉昆,路透社记者,foreign,61,23,0.5510204434394831,0.16,0.18181818181818102,0,1,0,0,2,1,hist
966,t20250221_11560174.html,2025-02-21,郭嘉昆,总台中文国际频道记者,cn,37,60,0.7442166209220881,0.2,0.461538461538461,0,1,0,0,1,0,hist
967,t20250221_11560174.html,2025-02-21,郭嘉昆,《北京日报》记者,foreign,72,142,0.7785987854003901,0.21311475409836,0.52,0,1,0,0,2,1,hist
968,t20250221_11560174.html,2025-02-21,郭嘉昆,路透社记者,foreign,63,72,0.5910982489585871,0.022222222222222,0.052631578947368,1,0,1,0,2,1,hist
969,t20250221_11560174.html,2025-02-21,郭嘉昆,法新社记者,foreign,104,115,0.6456391215324401,0.030303030303030002,0.060606060606060004,0,1,0,0,1,0,hist
970,t20250221_11560174.html,2025-02-21,郭嘉昆,法新社记者,foreign,71,57,0.580177068710327,0.0,0.0,0,1,1,0,1,0,hist
971,t20250224_11561367.html,2025-02-24,林剑,日本广播协会记者,foreign,97,114,0.745815455913543,0.046153846153846004,0.103448275862068,0,1,0,0,1,0,hist
972,t20250224_11561367.html,2025-02-24,林剑,阿纳多卢通讯社记者,foreign,27,11,-0.013660622760653001,0.0,0.0,1,1,0,0,1,0,hist
973,t20250224_11561367.html,2025-02-24,林剑,彭博社记者,foreign,62,49,0.7629039287567131,0.11764705882352901,0.2,0,1,0,0,1,0,hist
974,t20250224_11561367.html,2025-02-24,林剑,法新社记者,foreign,81,52,0.636384725570678,0.045454545454545005,0.07142857142857101,0,1,1,0,1,0,hist
975,t20250224_11561367.html,2025-02-24,林剑,德新社记者,foreign,50,170,0.36289557814598,0.048387096774193006,0.21428571428571402,0,0,0,0,2,1,hist
976,t20250224_11561367.html,2025-02-24,林剑,彭博社记者,foreign,88,100,0.770267903804779,0.075471698113207,0.15384615384615302,0,1,0,0,1,0,hist
977,t20250225_11561939.html,2025-02-25,林剑,总台央视记者,cn,66,106,0.821157932281494,0.33333333333333304,0.6190476190476191,0,0,1,0,1,0,hist
978,t20250225_11561939.html,2025-02-25,林剑,湖北广电记者,foreign,69,71,0.527657508850097,0.09523809523809501,0.17391304347826,0,1,1,0,1,0,hist
979,t20250225_11561939.html,2025-02-25,林剑,俄新社记者,foreign,50,133,0.679286897182464,0.032786885245901,0.09523809523809501,0,1,1,0,1,0,hist
980,t20250225_11561939.html,2025-02-25,林剑,彭博社记者,foreign,83,106,0.716832935810089,0.08196721311475401,0.16666666666666602,0,1,1,0,1,0,hist
981,t20250225_11561939.html,2025-02-25,林剑,法新社记者,foreign,80,38,0.670836687088012,0.11111111111111101,0.15384615384615302,0,1,0,0,2,1,hist
982,t20250225_11561939.html,2025-02-25,林剑,路透社记者,foreign,47,24,0.265011310577392,0.0,0.0,0,0,1,0,2,1,hist
983,t20250226_11562688.html,2025-02-26,林剑,总台央视记者,cn,79,320,0.8310023546218871,0.20618556701030902,0.769230769230769,0,1,1,0,1,0,hist
984,t20250226_11562688.html,2025-02-26,林剑,彭博社记者,foreign,73,10,0.26422703266143804,0.035714285714285005,0.04,0,1,0,0,1,0,hist
985,t20250226_11562688.html,2025-02-26,林剑,路透社记者,foreign,81,112,0.49725365638732905,0.014925373134328,0.034482758620689,0,1,1,0,1,0,hist
986,t20250226_11562688.html,2025-02-26,林剑,路透社记者,foreign,58,10,0.196593463420867,0.0,0.0,0,1,1,0,1,0,hist
987,t20250226_11562688.html,2025-02-26,林剑,路透社记者,foreign,63,69,0.35013014078140203,0.025,0.052631578947368,0,0,0,0,1,0,hist
988,t20250226_11562688.html,2025-02-26,林剑,《北京青年报》记者,foreign,49,144,0.6042066812515251,0.032258064516129004,0.125,0,1,0,0,1,0,hist
989,t20250226_11562688.html,2025-02-26,林剑,法新社记者,foreign,55,21,0.241582408547401,0.0,0.0,0,1,1,0,1,0,hist
990,t20250227_11565127.html,2025-02-27,林剑,总台央视记者,cn,88,108,0.67092341184616,0.129629629629629,0.25,0,1,0,0,1,0,hist
991,t20250227_11565127.html,2025-02-27,林剑,法新社记者,foreign,90,87,0.678449273109436,0.0,0.0,0,1,1,0,1,0,hist
992,t20250227_11565127.html,2025-02-27,林剑,巴西劳动者电视台记者,foreign,151,207,0.6114782094955441,0.072164948453608,0.155555555555555,0,1,0,0,2,1,hist
993,t20250227_11565127.html,2025-02-27,林剑,彭博社记者,foreign,63,91,0.7492538690567011,0.020833333333333003,0.045454545454545005,0,1,1,0,1,0,hist
994,t20250227_11565127.html,2025-02-27,林剑,法新社记者,foreign,44,25,0.648140251636505,0.052631578947368,0.07692307692307601,0,0,1,0,1,0,hist
995,t20250227_11565127.html,2025-02-27,林剑,法新社记者,foreign,71,91,0.712817847728729,0.074074074074074,0.16,0,1,0,0,1,0,hist
996,t20250227_11565127.html,2025-02-27,林剑,巴西劳动者电视台记者,foreign,40,51,0.285183608531951,0.03125,0.0625,0,1,0,0,1,0,hist
997,t20250228_11566157.html,2025-02-28,林剑,总台央视记者,cn,67,157,0.664144992828369,0.043478260869565,0.157894736842105,0,1,1,0,1,0,hist
998,t20250228_11566157.html,2025-02-28,林剑,伊拉克如道电视台记者,foreign,40,36,0.41533184051513605,0.034482758620689,0.066666666666666,0,1,0,0,1,0,hist
999,t20250228_11566157.html,2025-02-28,林剑,法新社记者,foreign,42,62,0.646037638187408,0.15151515151515102,0.35714285714285704,0,1,1,0,1,0,hist
1000,t20250228_11566157.html,2025-02-28,林剑,深圳卫视记者,cn,80,49,0.6582427024841301,0.16666666666666602,0.25,0,1,1,0,1,0,hist
1001,t20250228_11566157.html,2025-02-28,林剑,法新社记者,foreign,68,51,0.607579231262207,0.05,0.09090909090909001,1,1,0,0,1,0,hist
1002,t20250228_11566157.html,2025-02-28,林剑,东方卫视记者,foreign,77,114,0.6548858284950251,0.059701492537313,0.148148148148148,0,1,1,0,1,0,hist
1003,t20250228_11566157.html,2025-02-28,林剑,《华尔街日报》记者,foreign,81,64,0.6065766811370851,0.08333333333333301,0.148148148148148,0,1,0,0,2,1,hist
1004,t20250228_11566157.html,2025-02-28,林剑,路透社记者,foreign,94,187,0.593938529491424,0.05063291139240501,0.16,0,1,1,0,2,1,hist
1005,t20250303_11567417.html,2025-03-03,林剑,中新社记者,cn,170,102,0.761726021766662,0.075949367088607,0.12,0,1,0,0,2,1,hist
1006,t20250303_11567417.html,2025-03-03,林剑,路透社记者,foreign,66,74,0.847042858600616,0.039215686274509005,0.08,0,1,1,0,1,0,hist
1007,t20250303_11567417.html,2025-03-03,林剑,巴通社记者,foreign,62,203,0.8769347667694091,0.11111111111111101,0.421052631578947,0,1,0,0,1,0,hist
1008,t20250303_11567417.html,2025-03-03,林剑,路透社记者,foreign,54,41,0.423364460468292,0.0625,0.11111111111111101,0,0,0,0,1,0,hist
1009,t20250303_11567417.html,2025-03-03,林剑,彭博社记者,foreign,31,68,0.49964815378189004,0.033333333333333,0.09090909090909001,0,1,0,0,1,0,hist
1010,t20250303_11567417.html,2025-03-03,林剑,路透社记者,foreign,72,81,0.6290124058723451,0.043478260869565,0.09090909090909001,0,1,1,0,2,1,hist
1011,t20250303_11567417.html,2025-03-03,林剑,总台央视记者,cn,55,46,0.718022525310516,0.08571428571428501,0.15,0,1,1,0,1,0,hist
1012,t20250303_11567417.html,2025-03-03,林剑,路透社记者,foreign,34,94,0.38086682558059604,0.023809523809523003,0.07692307692307601,0,1,1,0,1,0,hist
1013,t20250304_11568225.html,2025-03-04,林剑,总台中文国际频道记者,cn,29,134,0.8342374563217161,0.15,0.75,0,1,0,0,1,0,hist
1014,t20250304_11568225.html,2025-03-04,林剑,《北京日报》记者,foreign,91,107,0.763734459877014,0.127272727272727,0.22580645161290303,0,1,0,0,1,0,hist
1015,t20250304_11568225.html,2025-03-04,林剑,《纽约时报》记者,foreign,29,84,0.80385148525238,0.135135135135135,0.45454545454545403,0,1,1,0,1,0,hist
1016,t20250305_11568706.html,2025-03-05,林剑,总台央视记者,cn,66,129,0.6583430171012871,0.16,0.347826086956521,0,1,0,0,1,0,hist
1017,t20250305_11568706.html,2025-03-05,林剑,《中国日报》记者,cn,89,163,0.8381248116493221,0.206896551724137,0.5714285714285711,0,1,0,0,1,0,hist
1018,t20250305_11568706.html,2025-03-05,林剑,法新社记者,foreign,78,48,0.45330595970153803,0.0,0.0,0,1,0,0,1,0,hist
1019,t20250305_11568706.html,2025-03-05,林剑,埃菲社记者,foreign,93,172,0.709296941757202,0.112676056338028,0.30769230769230704,0,1,1,0,2,1,hist
1020,t20250305_11568706.html,2025-03-05,林剑,中阿卫视记者,foreign,82,30,0.631680488586425,0.16129032258064502,0.208333333333333,0,1,0,0,1,0,hist
1021,t20250305_11568706.html,2025-03-05,林剑,路透社记者,foreign,84,121,0.753456354141235,0.09677419354838701,0.21428571428571402,0,0,1,0,1,0,hist
1022,t20250306_11569534.html,2025-03-06,林剑,塔斯社记者,foreign,56,125,0.707268834114074,0.017543859649122,0.052631578947368,0,1,0,0,1,0,hist
1023,t20250306_11569534.html,2025-03-06,林剑,法新社记者,foreign,53,35,0.554279088973999,0.068965517241379,0.11111111111111101,0,1,0,0,1,0,hist
1024,t20250310_11572088.html,2025-03-10,毛宁,总台央视记者,cn,85,209,0.807721734046936,0.10144927536231801,0.23333333333333303,0,1,1,0,1,0,hist
1025,t20250310_11572088.html,2025-03-10,毛宁,《中国日报》记者,cn,53,171,0.693245112895965,0.028571428571428,0.1,0,1,0,0,2,1,hist
1026,t20250310_11572088.html,2025-03-10,毛宁,路透社记者,foreign,35,152,0.7210198640823361,0.04918032786885201,0.21428571428571402,0,1,1,0,1,0,hist
1027,t20250310_11572088.html,2025-03-10,毛宁,新华社记者,cn,153,49,0.76164823770523,0.192307692307692,0.22727272727272702,0,1,0,0,1,0,hist
1028,t20250310_11572088.html,2025-03-10,毛宁,《环球时报》记者,cn,44,78,0.31304115056991505,0.025,0.058823529411764004,0,1,0,0,1,0,hist
1029,t20250310_11572088.html,2025-03-10,毛宁,法新社记者,foreign,40,95,0.659860849380493,0.041666666666666005,0.14285714285714202,0,1,1,0,1,0,hist
1030,t20250310_11572088.html,2025-03-10,毛宁,深圳卫视记者,cn,95,98,0.7417141795158381,0.15,0.27272727272727204,0,1,0,0,1,0,hist
1031,t20250310_11572088.html,2025-03-10,毛宁,法新社记者,foreign,66,43,0.498670816421508,0.027777777777777003,0.05,0,1,0,0,1,0,hist
1032,t20250310_11572088.html,2025-03-10,毛宁,路透社记者,foreign,46,93,0.460004985332489,0.045454545454545005,0.11764705882352901,0,1,0,0,1,0,hist
1033,t20250310_11572088.html,2025-03-10,毛宁,法新社记者,foreign,75,107,0.705476999282836,0.035714285714285005,0.09090909090909001,0,1,1,0,1,0,hist
1034,t20250310_11572088.html,2025-03-10,毛宁,路透社记者,foreign,47,143,0.684191882610321,0.03076923076923,0.11111111111111101,0,1,0,0,1,0,hist
1035,t20250310_11572088.html,2025-03-10,毛宁,日本广播协会记者,foreign,36,28,0.31736242771148604,0.0,0.0,0,1,1,0,1,0,hist
1036,t20250310_11572088.html,2025-03-10,毛宁,彭博社记者,foreign,25,130,0.34654802083969105,0.040816326530612006,0.2,0,0,1,0,1,0,hist
1037,t20250310_11572088.html,2025-03-10,毛宁,路透社记者,foreign,44,15,0.7072344422340391,0.11111111111111101,0.133333333333333,0,1,0,0,2,1,hist
1038,t20250311_11572935.html,2025-03-11,毛宁,法新社记者,foreign,29,83,0.492637693881988,0.0,0.0,0,1,0,0,1,0,hist
1039,t20250311_11572935.html,2025-03-11,毛宁,《北京日报》记者,foreign,83,88,0.616621553897857,0.212765957446808,0.344827586206896,0,1,0,0,1,0,hist
1040,t20250311_11572935.html,2025-03-11,毛宁,共同社记者,foreign,77,57,0.728542745113372,0.069767441860465,0.115384615384615,1,1,1,0,1,0,hist
1041,t20250311_11572935.html,2025-03-11,毛宁,中新社记者,cn,101,126,0.5453112125396721,0.066666666666666,0.128205128205128,0,1,0,0,1,0,hist
1042,t20250311_11572935.html,2025-03-11,毛宁,法新社记者,foreign,33,11,0.11330913007259301,0.0,0.0,0,0,0,0,1,0,hist
1043,t20250311_11572935.html,2025-03-11,毛宁,共同社记者,foreign,98,20,0.224497482180595,0.0,0.0,0,0,1,0,1,0,hist
1044,t20250311_11572935.html,2025-03-11,毛宁,彭博社记者,foreign,44,126,0.761687457561492,0.072727272727272,0.22222222222222202,0,1,1,0,1,0,hist
1045,t20250311_11572935.html,2025-03-11,毛宁,法新社记者,foreign,41,73,0.39636844396591103,0.054054054054054,0.14285714285714202,0,1,0,0,1,0,hist
1046,t20250311_11572935.html,2025-03-11,毛宁,路透社记者,foreign,61,40,0.7102082967758171,0.12121212121212101,0.19047619047619002,0,1,1,0,1,0,hist
1047,t20250311_11572935.html,2025-03-11,毛宁,法新社记者,foreign,46,64,0.622292220592498,0.025641025641025002,0.055555555555555004,0,1,1,0,1,0,hist
1048,t20250312_11573543.html,2025-03-12,毛宁,《纽约时报》记者,foreign,63,16,0.626985669136047,0.0,0.0,0,1,1,0,2,1,hist
1049,t20250312_11573543.html,2025-03-12,毛宁,《人民日报》记者,cn,101,188,0.456302404403686,0.1125,0.257142857142857,0,1,0,0,1,0,hist
1050,t20250312_11573543.html,2025-03-12,毛宁,彭博社记者,foreign,40,102,0.44054776430130005,0.046511627906976,0.133333333333333,0,1,1,0,2,1,hist
1051,t20250312_11573543.html,2025-03-12,毛宁,《纽约时报》记者,foreign,35,75,0.700966596603393,0.08333333333333301,0.21428571428571402,0,1,0,0,1,0,hist
1052,t20250312_11573543.html,2025-03-12,毛宁,美国全国广播公司记者,foreign,61,102,0.782156705856323,0.09433962264150901,0.208333333333333,0,1,1,0,1,0,hist
1053,t20250312_11573543.html,2025-03-12,毛宁,东方卫视记者,foreign,146,26,0.31311148405075,0.061224489795918005,0.07142857142857101,0,1,0,0,1,0,hist
1054,t20250312_11573543.html,2025-03-12,毛宁,法新社记者,foreign,41,86,0.47767525911331105,0.023255813953488,0.066666666666666,0,1,0,0,1,0,hist
1055,t20250313_11574313.html,2025-03-13,毛宁,总台央视记者,cn,114,172,0.846155047416687,0.094594594594594,0.194444444444444,0,1,0,0,1,0,hist
1056,t20250313_11574313.html,2025-03-13,毛宁,德新社记者,foreign,77,134,0.657908976078033,0.08064516129032201,0.21739130434782603,0,1,0,0,2,1,hist
1057,t20250313_11574313.html,2025-03-13,毛宁,《北京青年报》记者,foreign,105,131,0.685889959335327,0.087719298245614,0.14285714285714202,0,1,0,0,1,0,hist
1058,t20250313_11574313.html,2025-03-13,毛宁,法新社记者,foreign,66,111,0.6493402719497681,0.09803921568627401,0.26315789473684204,0,1,1,0,3,1,hist
1059,t20250313_11574313.html,2025-03-13,毛宁,路透社记者,foreign,57,83,0.6590859889984131,0.07692307692307601,0.14285714285714202,0,1,1,0,1,0,hist
1060,t20250314_11575985.html,2025-03-14,毛宁,新华社记者,cn,75,50,0.789625525474548,0.146341463414634,0.22222222222222202,0,1,1,0,2,1,hist
1061,t20250314_11575985.html,2025-03-14,毛宁,中新社记者,cn,49,75,0.839013695716857,0.25,0.583333333333333,0,1,0,0,1,0,hist
1062,t20250314_11575985.html,2025-03-14,毛宁,法新社记者,foreign,52,50,0.7619962096214291,0.2,0.30000000000000004,0,1,1,0,1,0,hist
1063,t20250314_11575985.html,2025-03-14,毛宁,总台华语环球节目中心记者,cn,73,99,0.714679598808288,0.088888888888888,0.18181818181818102,0,1,0,0,1,0,hist
1064,t20250314_11575985.html,2025-03-14,毛宁,《中国日报》记者,cn,69,182,0.598587989807128,0.07692307692307601,0.2,0,0,0,0,1,0,hist
1065,t20250314_11575985.html,2025-03-14,毛宁,彭博社记者,foreign,67,87,0.6692596673965451,0.0625,0.130434782608695,0,1,1,0,1,0,hist
1066,t20250314_11575985.html,2025-03-14,毛宁,彭博社记者,foreign,36,192,0.664536356925964,0.057971014492753006,0.30769230769230704,0,1,0,0,1,0,hist
1067,t20250314_11575985.html,2025-03-14,毛宁,法新社记者,foreign,85,13,0.154431968927383,0.0,0.0,0,1,1,0,1,0,hist
1068,t20250314_11575985.html,2025-03-14,毛宁,法新社记者,foreign,74,23,0.576454043388366,0.034482758620689,0.043478260869565,1,1,0,0,1,0,hist
1069,t20250317_11577237.html,2025-03-17,毛宁,总台央视记者,cn,101,65,0.7350172400474541,0.12,0.171428571428571,0,1,1,0,1,0,hist
1070,t20250317_11577237.html,2025-03-17,毛宁,中新社记者,cn,139,116,0.730498433113098,0.063291139240506,0.10869565217391301,0,1,1,0,1,0,hist
1071,t20250317_11577237.html,2025-03-17,毛宁,《环球时报》记者,cn,216,90,0.668100953102111,0.068493150684931,0.09433962264150901,0,1,1,0,1,0,hist
1072,t20250317_11577237.html,2025-03-17,毛宁,路透社记者,foreign,67,56,0.6227114200592041,0.1,0.17647058823529402,0,0,0,0,3,1,hist
1073,t20250317_11577237.html,2025-03-17,毛宁,法新社记者,foreign,43,47,0.35183739662170405,0.034482758620689,0.07692307692307601,0,0,0,0,1,0,hist
1074,t20250317_11577237.html,2025-03-17,毛宁,印度报业托拉斯记者,foreign,178,110,0.508772611618042,0.10714285714285701,0.157894736842105,0,1,0,1,1,0,hist
1075,t20250317_11577237.html,2025-03-17,毛宁,总台华语环球节目中心记者,cn,55,92,0.40821850299835205,0.05,0.133333333333333,0,0,1,0,1,0,hist
1076,t20250317_11577237.html,2025-03-17,毛宁,埃菲社记者,foreign,39,121,0.674412190914154,0.046511627906976,0.18181818181818102,0,1,0,0,1,0,hist
1077,t20250317_11577237.html,2025-03-17,毛宁,新华社记者,cn,59,310,0.500929772853851,0.046728971962616,0.29411764705882304,0,1,0,0,3,1,hist
1078,t20250317_11577237.html,2025-03-17,毛宁,《中国日报》记者,cn,71,216,0.671910881996154,0.14102564102564102,0.40740740740740705,0,1,1,0,1,0,hist
1079,t20250317_11577237.html,2025-03-17,毛宁,彭博社记者,foreign,56,13,0.16889359056949602,0.0,0.0,1,1,0,0,2,1,hist
1080,t20250318_11577882.html,2025-03-18,毛宁,德国电视二台记者,foreign,73,173,0.613661289215087,0.081081081081081,0.24,0,1,0,0,1,0,hist
1081,t20250318_11577882.html,2025-03-18,毛宁,土耳其阿纳多卢通讯社记者,foreign,85,68,0.4197299182415,0.125,0.206896551724137,0,1,0,0,1,0,hist
1082,t20250318_11577882.html,2025-03-18,毛宁,深圳卫视记者,cn,106,74,0.8478892445564271,0.12,0.17647058823529402,0,1,0,0,1,0,hist
1083,t20250318_11577882.html,2025-03-18,毛宁,韩联社记者,foreign,90,143,0.5667980313301081,0.07575757575757501,0.2,0,1,0,0,1,0,hist
1084,t20250318_11577882.html,2025-03-18,毛宁,路透社记者,foreign,78,19,0.17916743457317302,0.035714285714285005,0.045454545454545005,0,1,0,0,2,1,hist
1085,t20250318_11577882.html,2025-03-18,毛宁,法新社记者,foreign,93,92,0.728492379188537,0.034482758620689,0.074074074074074,0,1,1,0,1,0,hist
1086,t20250318_11577882.html,2025-03-18,毛宁,路透社记者,foreign,54,77,0.6277194023132321,0.073170731707317,0.15,0,1,1,0,2,1,hist
1087,t20250318_11577882.html,2025-03-18,毛宁,法新社记者,foreign,61,58,0.375428199768066,0.0,0.0,0,1,0,0,1,0,hist
1088,t20250318_11577882.html,2025-03-18,毛宁,彭博社记者,foreign,93,54,0.613066554069519,0.065217391304347,0.1,0,1,0,0,1,0,hist
1089,t20250318_11577882.html,2025-03-18,毛宁,法新社记者,foreign,28,194,0.806750893592834,0.114754098360655,0.777777777777777,0,0,0,0,1,0,hist
1090,t20250319_11578554.html,2025-03-19,毛宁,中新社记者,cn,147,145,0.581511437892913,0.09876543209876501,0.16666666666666602,0,1,1,0,1,0,hist
1091,t20250319_11578554.html,2025-03-19,毛宁,俄新社记者,foreign,75,56,0.434776723384857,0.066666666666666,0.12,0,1,0,0,2,1,hist
1092,t20250319_11578554.html,2025-03-19,毛宁,瑞典电视台记者,foreign,76,63,0.469652831554412,0.023809523809523003,0.043478260869565,0,1,0,0,1,0,hist
1093,t20250319_11578554.html,2025-03-19,毛宁,日本共同社记者,foreign,124,63,0.624732375144958,0.08196721311475401,0.11111111111111101,0,1,1,0,2,1,hist
1094,t20250319_11578554.html,2025-03-19,毛宁,法新社记者,foreign,40,71,0.6149661540985101,0.11764705882352901,0.266666666666666,0,1,0,0,1,0,hist
1095,t20250319_11578554.html,2025-03-19,毛宁,路透社记者,foreign,72,81,0.38062831759452803,0.020408163265306003,0.05,0,0,1,0,3,1,hist
1096,t20250319_11578554.html,2025-03-19,毛宁,日本共同社记者,foreign,61,129,0.7528115510940551,0.15686274509803902,0.44444444444444403,0,1,0,0,1,0,hist
1097,t20250320_11579340.html,2025-03-20,毛宁,总台央视记者,cn,83,138,0.47806620597839306,0.054054054054054,0.12903225806451601,0,0,0,0,1,0,hist
1098,t20250320_11579340.html,2025-03-20,毛宁,法新社记者,foreign,78,86,0.6039437055587761,0.08333333333333301,0.17391304347826,0,1,0,0,2,1,hist
1099,t20250320_11579340.html,2025-03-20,毛宁,中新社记者,cn,142,79,0.5871675014495851,0.028169014084507,0.043478260869565,0,1,0,0,1,0,hist
1100,t20250320_11579340.html,2025-03-20,毛宁,日本广播协会记者,foreign,36,67,0.7492040395736691,0.12121212121212101,0.28571428571428503,0,1,0,0,1,0,hist
1101,t20250320_11579340.html,2025-03-20,毛宁,路透社记者,foreign,107,13,0.34097322821617104,0.0,0.0,0,0,1,0,4,1,hist
1102,t20250320_11579340.html,2025-03-20,毛宁,彭博社记者,foreign,103,36,0.781734824180603,0.194444444444444,0.23333333333333303,0,1,0,0,2,1,hist
1103,t20250320_11579340.html,2025-03-20,毛宁,路透社记者,foreign,53,65,0.566294074058532,0.08571428571428501,0.16666666666666602,0,1,0,0,2,1,hist
1104,t20250320_11579340.html,2025-03-20,毛宁,《纽约时报》记者,foreign,19,19,0.508103847503662,0.0,0.0,0,1,0,1,1,0,hist
1105,t20250320_11579340.html,2025-03-20,毛宁,《纽约时报》记者,foreign,46,31,0.620039105415344,0.05,0.09090909090909001,0,1,0,0,2,1,hist
1106,t20250321_11579804.html,2025-03-21,毛宁,总台央视记者,cn,46,94,0.661271631717681,0.043478260869565,0.11764705882352901,0,1,0,0,2,1,hist
1107,t20250321_11579804.html,2025-03-21,毛宁,《纽约时报》记者,foreign,29,79,0.671840786933898,0.16666666666666602,0.45454545454545403,0,0,0,0,1,0,hist
1108,t20250321_11579804.html,2025-03-21,毛宁,韩国新一社记者,foreign,34,19,0.48972988128662104,0.0,0.0,0,1,0,0,2,1,hist
1109,t20250321_11579804.html,2025-03-21,毛宁,法新社记者,foreign,47,13,0.064763084053993,0.0,0.0,1,1,0,0,1,0,hist
1110,t20250321_11579804.html,2025-03-21,毛宁,路透社记者,foreign,29,51,0.751467227935791,0.17391304347826,0.4,0,1,0,0,1,0,hist
1111,t20250321_11579804.html,2025-03-21,毛宁,彭博社记者,foreign,38,43,0.7869526147842401,0.5789473684210521,0.7333333333333331,0,1,0,0,1,0,hist
1112,t20250321_11579804.html,2025-03-21,毛宁,《北京青年报》记者,foreign,80,127,0.73864609003067,0.09230769230769201,0.21428571428571402,0,1,0,0,1,0,hist
1113,t20250321_11579804.html,2025-03-21,毛宁,彭博社记者,foreign,62,66,0.557502448558807,0.045454545454545005,0.09090909090909001,0,1,1,0,1,0,hist
1114,t20250321_11579804.html,2025-03-21,毛宁,共同社记者,foreign,43,159,0.627738177776336,0.052631578947368,0.1875,0,1,1,0,1,0,hist
1115,t20250321_11579804.html,2025-03-21,毛宁,彭博社记者,foreign,46,11,0.136633872985839,0.133333333333333,0.15384615384615302,1,1,0,0,1,0,hist
1116,t20250321_11579804.html,2025-03-21,毛宁,《纽约时报》记者,foreign,51,38,0.6241792440414421,0.034482758620689,0.055555555555555004,0,1,0,0,1,0,hist
1117,t20250321_11579804.html,2025-03-21,毛宁,《纽约时报》记者,foreign,64,10,0.126872450113296,0.0,0.0,0,1,0,0,1,0,hist
1118,t20250324_11580936.html,2025-03-24,郭嘉昆,中新社记者,cn,44,94,0.86586844921112,0.30303030303030304,0.625,0,0,0,0,1,0,hist
1119,t20250324_11580936.html,2025-03-24,郭嘉昆,法新社记者,foreign,65,69,0.405314594507217,0.023809523809523003,0.045454545454545005,0,0,0,0,1,0,hist
1120,t20250324_11580936.html,2025-03-24,郭嘉昆,《环球时报》记者,cn,123,180,0.680857956409454,0.09523809523809501,0.216216216216216,0,1,0,0,1,0,hist
1121,t20250324_11580936.html,2025-03-24,郭嘉昆,波兰通讯社记者,foreign,84,31,0.498258590698242,0.09677419354838701,0.125,0,1,0,0,3,1,hist
1122,t20250324_11580936.html,2025-03-24,郭嘉昆,《中国日报》记者,cn,54,235,0.861038982868194,0.15853658536585302,0.6190476190476191,0,0,0,0,1,0,hist
1123,t20250324_11580936.html,2025-03-24,郭嘉昆,总台央视记者,cn,72,65,0.653424859046936,0.025,0.045454545454545005,0,1,0,0,1,0,hist
1124,t20250324_11580936.html,2025-03-24,郭嘉昆,深圳卫视记者,cn,25,131,0.5492622852325441,0.039215686274509005,0.2,0,1,0,0,1,0,hist
1125,t20250324_11580936.html,2025-03-24,郭嘉昆,香港中评社记者,cn,86,51,0.67273998260498,0.069767441860465,0.09677419354838701,0,1,1,0,1,0,hist
1126,t20250324_11580936.html,2025-03-24,郭嘉昆,法新社记者,foreign,83,17,0.37768012285232505,0.0,0.0,0,1,0,0,1,0,hist
1127,t20250324_11580936.html,2025-03-24,郭嘉昆,香港无线电视记者,cn,160,139,0.8374359607696531,0.128205128205128,0.23809523809523803,0,1,1,1,3,1,hist
1128,t20250325_11581728.html,2025-03-25,郭嘉昆,湖北广电记者,foreign,81,167,0.7283937335014341,0.131147540983606,0.30769230769230704,0,1,0,0,1,0,hist
1129,t20250325_11581728.html,2025-03-25,郭嘉昆,法新社记者,foreign,54,160,0.77807879447937,0.058823529411764004,0.2,0,1,1,0,1,0,hist
1130,t20250325_11581728.html,2025-03-25,郭嘉昆,路透社记者,foreign,75,132,0.6836883425712581,0.11111111111111101,0.27272727272727204,0,1,1,0,1,0,hist
1131,t20250325_11581728.html,2025-03-25,郭嘉昆,《北京日报》记者,foreign,62,59,0.759900867938995,0.11764705882352901,0.2,0,1,0,0,1,0,hist
1132,t20250325_11581728.html,2025-03-25,郭嘉昆,路透社记者,foreign,46,21,0.590789794921875,0.047619047619047006,0.066666666666666,1,1,0,0,1,0,hist
1133,t20250325_11581728.html,2025-03-25,郭嘉昆,中新社记者,cn,143,153,0.521534204483032,0.053763440860215006,0.106382978723404,0,1,1,0,1,0,hist
1134,t20250325_11581728.html,2025-03-25,郭嘉昆,《环球时报》记者,cn,97,93,0.766001939773559,0.17307692307692302,0.321428571428571,0,1,1,0,1,0,hist
1135,t20250325_11581728.html,2025-03-25,郭嘉昆,路透社记者,foreign,74,32,0.42649480700492803,0.06451612903225801,0.09090909090909001,0,1,0,0,1,0,hist
1136,t20250325_11581728.html,2025-03-25,郭嘉昆,路透社记者,foreign,34,120,0.668259859085083,0.09090909090909001,0.36363636363636304,0,1,0,0,1,0,hist
1137,t20250326_11582373.html,2025-03-26,郭嘉昆,深圳卫视记者,cn,153,100,0.6626340746879571,0.116666666666666,0.189189189189189,0,1,0,0,1,0,hist
1138,t20250326_11582373.html,2025-03-26,郭嘉昆,路透社记者,foreign,44,116,0.7058135867118831,0.12244897959183601,0.375,0,1,0,0,2,1,hist
1139,t20250326_11582373.html,2025-03-26,郭嘉昆,澎湃新闻记者,cn,75,51,0.733403205871582,0.17647058823529402,0.260869565217391,0,1,0,0,1,0,hist
1140,t20250326_11582373.html,2025-03-26,郭嘉昆,总台央视记者,cn,49,78,0.59089183807373,0.114285714285714,0.266666666666666,0,1,0,0,2,1,hist
1141,t20250326_11582373.html,2025-03-26,郭嘉昆,法新社记者,foreign,40,34,0.555723905563354,0.041666666666666005,0.066666666666666,0,0,1,0,1,0,hist
1142,t20250326_11582373.html,2025-03-26,郭嘉昆,共同社记者,foreign,66,104,0.6823319196701051,0.150943396226415,0.36363636363636304,0,1,1,0,1,0,hist
1143,t20250326_11582373.html,2025-03-26,郭嘉昆,路透社记者,foreign,64,62,0.7484245896339411,0.07692307692307601,0.14285714285714202,0,1,1,0,1,0,hist
1144,t20250326_11582373.html,2025-03-26,郭嘉昆,中新社记者,cn,108,222,0.6627096533775331,0.10588235294117601,0.264705882352941,0,0,0,0,1,0,hist
1145,t20250327_11583267.html,2025-03-27,郭嘉昆,总台央视记者,cn,150,171,0.8521116971969601,0.17857142857142802,0.34090909090909005,0,1,0,0,1,0,hist
1146,t20250327_11583267.html,2025-03-27,郭嘉昆,法新社记者,foreign,63,62,0.49174624681472706,0.0,0.0,0,1,0,0,1,0,hist
1147,t20250327_11583267.html,2025-03-27,郭嘉昆,总台华语中心记者,cn,130,62,0.639652609825134,0.25,0.282608695652173,0,1,0,0,1,0,hist
1148,t20250327_11583267.html,2025-03-27,郭嘉昆,俄新社记者,foreign,41,104,0.557397127151489,0.088888888888888,0.28571428571428503,0,0,1,0,1,0,hist
1149,t20250327_11583267.html,2025-03-27,郭嘉昆,《中国日报》记者,cn,55,31,0.6244897246360771,0.0,0.0,0,1,0,0,1,0,hist
1150,t20250327_11583267.html,2025-03-27,郭嘉昆,路透社记者,foreign,49,42,0.738885760307312,0.074074074074074,0.11764705882352901,0,1,1,0,1,0,hist
1151,t20250327_11583267.html,2025-03-27,郭嘉昆,路透社记者,foreign,19,17,0.5894810557365411,0.0,0.0,0,0,0,0,1,0,hist
1152,t20250328_11583947.html,2025-03-28,郭嘉昆,《北京青年报》记者,foreign,63,116,0.289328783750534,0.0,0.0,0,0,0,0,2,1,hist
1153,t20250328_11583947.html,2025-03-28,郭嘉昆,法新社记者,foreign,46,46,0.33538722991943304,0.030303030303030002,0.058823529411764004,0,1,0,0,1,0,hist
1154,t20250328_11583947.html,2025-03-28,郭嘉昆,香港中评社记者,cn,36,198,0.600995779037475,0.059701492537313,0.33333333333333304,0,1,1,0,1,0,hist
1155,t20250328_11583947.html,2025-03-28,郭嘉昆,路透社记者,foreign,41,32,0.607950925827026,0.038461538461538006,0.07142857142857101,0,1,0,0,1,0,hist
1156,t20250328_11583947.html,2025-03-28,郭嘉昆,新华社记者,cn,40,112,0.5784088373184201,0.0,0.0,0,1,0,0,1,0,hist
1157,t20250328_11583947.html,2025-03-28,郭嘉昆,英国广播公司记者,foreign,51,56,0.577147960662841,0.033333333333333,0.0625,0,1,0,0,1,0,hist
1158,t20250328_11583947.html,2025-03-28,郭嘉昆,俄新社记者,foreign,66,23,0.377180010080337,0.074074074074074,0.09090909090909001,0,1,0,0,1,0,hist
1159,t20250328_11583947.html,2025-03-28,郭嘉昆,法新社记者,foreign,47,29,0.643903136253356,0.0,0.0,0,0,0,0,1,0,hist
1160,t20250328_11583947.html,2025-03-28,郭嘉昆,《环球时报》记者,cn,73,206,0.651774764060974,0.051282051282051,0.15384615384615302,0,1,0,0,1,0,hist
1161,t20250331_11585142.html,2025-03-31,郭嘉昆,总台央视记者,cn,49,66,0.8628716468811031,0.108108108108108,0.22222222222222202,0,1,0,0,1,0,hist
1162,t20250331_11585142.html,2025-03-31,郭嘉昆,路透社记者,foreign,35,82,0.822051405906677,0.21428571428571402,0.5,0,1,0,0,2,1,hist
1163,t20250331_11585142.html,2025-03-31,郭嘉昆,《中国日报》记者,cn,125,258,0.48205196857452304,0.06422018348623801,0.159090909090909,0,1,0,0,1,0,hist
1164,t20250331_11585142.html,2025-03-31,郭嘉昆,路透社记者,foreign,49,155,0.750726342201232,0.04918032786885201,0.21428571428571402,0,1,0,0,1,0,hist
1165,t20250331_11585142.html,2025-03-31,郭嘉昆,法新社记者,foreign,74,70,0.632559180259704,0.13953488372093,0.23076923076923,0,1,0,0,2,1,hist
1166,t20250331_11585142.html,2025-03-31,郭嘉昆,《澳人报》记者,foreign,129,94,0.71840488910675,0.044117647058823005,0.07692307692307601,1,1,1,0,1,0,hist
1167,t20250331_11585142.html,2025-03-31,郭嘉昆,深圳卫视记者,cn,52,58,0.5214048027992241,0.25806451612903203,0.4,0,1,0,0,1,0,hist
1168,t20250331_11585142.html,2025-03-31,郭嘉昆,《澳人报》记者,foreign,95,80,0.5219378471374511,0.04,0.08,0,1,0,0,2,1,hist
1169,t20250331_11585142.html,2025-03-31,郭嘉昆,路透社记者,foreign,26,13,0.18952390551567003,0.0,0.0,1,1,0,0,1,0,hist
1170,t20250331_11585142.html,2025-03-31,郭嘉昆,路透社记者,foreign,62,73,0.35901063680648804,0.0,0.0,0,1,1,0,1,0,hist
1171,t20250331_11585142.html,2025-03-31,郭嘉昆,《澳人报》记者,foreign,186,117,0.6372216939926141,0.021978021978021,0.036363636363636,0,1,0,0,1,0,hist
1172,t20250401_11585853.html,2025-04-01,郭嘉昆,总台央视记者,cn,96,255,0.757615149021148,0.07142857142857101,0.25,0,1,1,0,1,0,hist
1173,t20250401_11585853.html,2025-04-01,郭嘉昆,香港无线电视记者,cn,45,200,0.657896876335144,0.067567567567567,0.384615384615384,0,1,1,0,1,0,hist
1174,t20250401_11585853.html,2025-04-01,郭嘉昆,总台华语环球节目中心记者,cn,61,103,0.8744171857833861,0.35294117647058804,0.8,0,1,0,0,1,0,hist
1175,t20250401_11585853.html,2025-04-01,郭嘉昆,澎湃新闻记者,cn,97,111,0.7662029266357421,0.059701492537313,0.114285714285714,0,1,0,0,1,0,hist
1176,t20250401_11585853.html,2025-04-01,郭嘉昆,伊朗声像组织记者,foreign,40,155,0.564441204071044,0.0,0.0,0,0,0,0,1,0,hist
1177,t20250401_11585853.html,2025-04-01,郭嘉昆,新华社记者,cn,46,52,0.7791141271591181,0.23076923076923,0.375,0,1,0,0,2,1,hist
1178,t20250401_11585853.html,2025-04-01,郭嘉昆,彭博社记者,foreign,63,82,0.670831203460693,0.063829787234042,0.13636363636363602,0,1,1,0,1,0,hist
1179,t20250401_11585853.html,2025-04-01,郭嘉昆,法新社记者,foreign,80,46,0.40491098165512,0.078947368421052,0.115384615384615,0,0,0,0,4,1,hist
1180,t20250401_11585853.html,2025-04-01,郭嘉昆,印度报业托拉斯记者,foreign,67,164,0.509087741374969,0.08695652173913,0.27272727272727204,0,0,0,0,1,0,hist
1181,t20250402_11587357.html,2025-04-02,郭嘉昆,总台央视记者,cn,96,167,0.6103326082229611,0.04,0.10714285714285701,0,1,1,0,1,0,hist
1182,t20250402_11587357.html,2025-04-02,郭嘉昆,彭博社记者,foreign,58,87,0.764162123203277,0.17500000000000002,0.388888888888888,0,1,0,0,2,1,hist
1183,t20250402_11587357.html,2025-04-02,郭嘉昆,共同社记者,foreign,92,113,0.49433422088623,0.033333333333333,0.07142857142857101,0,0,0,0,1,0,hist
1184,t20250402_11587357.html,2025-04-02,郭嘉昆,路透社记者,foreign,101,154,0.7363420724868771,0.07042253521126701,0.16129032258064502,0,1,0,0,3,1,hist
1185,t20250402_11587357.html,2025-04-02,郭嘉昆,法新社记者,foreign,35,136,0.5409470796585081,0.020833333333333003,0.1,0,0,0,0,1,0,hist
1186,t20250402_11587357.html,2025-04-02,郭嘉昆,《北京青年报》记者,foreign,147,51,0.5720612406730651,0.1,0.128205128205128,0,1,0,0,2,1,hist
1187,t20250402_11587357.html,2025-04-02,郭嘉昆,法新社记者,foreign,65,109,0.63268756866455,0.019230769230769003,0.045454545454545005,0,1,0,0,1,0,hist
1188,t20250402_11587357.html,2025-04-02,郭嘉昆,法新社记者,foreign,69,62,0.6722785234451291,0.097560975609756,0.16,0,1,0,0,2,1,hist
1189,t20250402_11587357.html,2025-04-02,郭嘉昆,巴西《环球报》记者,foreign,39,77,0.6975803375244141,0.16129032258064502,0.416666666666666,0,1,0,1,1,0,hist
1190,t20250403_11588114.html,2025-04-03,郭嘉昆,总台央视记者,cn,66,87,0.78304648399353,0.162790697674418,0.35000000000000003,0,1,1,0,1,0,hist
1191,t20250403_11588114.html,2025-04-03,郭嘉昆,总台中国之声记者,cn,170,91,0.740657567977905,0.119402985074626,0.17391304347826,0,1,1,0,1,0,hist
1192,t20250403_11588114.html,2025-04-03,郭嘉昆,《北京日报》记者,foreign,91,300,0.7993135452270501,0.046728971962616,0.17857142857142802,0,1,0,0,1,0,hist
1193,t20250403_11588114.html,2025-04-03,郭嘉昆,彭博社记者,foreign,62,63,0.800678193569183,0.12121212121212101,0.19047619047619002,0,1,1,0,1,0,hist
1194,t20250403_11588114.html,2025-04-03,郭嘉昆,东方卫视记者,foreign,74,97,0.7819075584411621,0.070175438596491,0.15384615384615302,0,1,0,0,1,0,hist
1195,t20250403_11588114.html,2025-04-03,郭嘉昆,彭博社记者,foreign,125,79,0.493078887462615,0.050847457627118,0.08571428571428501,0,1,1,0,4,1,hist
1196,t20250403_11588114.html,2025-04-03,郭嘉昆,路透社记者,foreign,42,14,0.31295704841613703,0.0,0.0,0,1,0,0,1,0,hist
1197,t20250407_11589639.html,2025-04-07,林剑,总台央视记者,cn,241,103,0.584130764007568,0.030303030303030002,0.043478260869565,0,0,1,0,1,0,hist
1198,t20250407_11589639.html,2025-04-07,林剑,韩联社记者,foreign,50,52,0.7124174833297731,0.09090909090909001,0.17647058823529402,0,1,0,0,2,1,hist
1199,t20250407_11589639.html,2025-04-07,林剑,《环球时报》记者,cn,57,124,0.8105421066284181,0.18181818181818102,0.4,0,1,1,0,1,0,hist
1200,t20250407_11589639.html,2025-04-07,林剑,美国消费者新闻与商业频道记者,foreign,70,66,0.698599934577941,0.11904761904761901,0.2,0,1,1,0,3,1,hist
1201,t20250407_11589639.html,2025-04-07,林剑,阿纳多卢通讯社记者,foreign,187,177,0.776100635528564,0.07070707070707001,0.132075471698113,0,1,1,0,3,1,hist
1202,t20250407_11589639.html,2025-04-07,林剑,路透社记者,foreign,61,61,0.640085935592651,0.057142857142857,0.11111111111111101,0,1,0,0,1,0,hist
1203,t20250407_11589639.html,2025-04-07,林剑,法新社记者,foreign,69,69,0.8320291638374321,0.07692307692307601,0.125,0,1,1,0,1,0,hist
1204,t20250407_11589639.html,2025-04-07,林剑,日本广播协会记者,foreign,97,115,0.7083530426025391,0.09375000000000001,0.18181818181818102,0,1,1,0,1,0,hist
1205,t20250407_11589639.html,2025-04-07,林剑,彭博社记者,foreign,69,46,0.571778774261474,0.09677419354838701,0.14285714285714202,0,1,1,0,2,1,hist
1206,t20250407_11589639.html,2025-04-07,林剑,法新社记者,foreign,60,62,0.5007333755493161,0.047619047619047006,0.09523809523809501,0,1,0,0,1,0,hist
1207,t20250407_11589639.html,2025-04-07,林剑,乌通社记者,foreign,86,42,0.34641340374946505,0.07692307692307601,0.103448275862068,0,1,1,0,1,0,hist
1208,t20250407_11589639.html,2025-04-07,林剑,彭博社记者,foreign,49,152,0.425017833709716,0.015625,0.058823529411764004,0,0,1,0,1,0,hist
1209,t20250407_11589639.html,2025-04-07,林剑,路透社记者,foreign,89,115,0.789852380752563,0.068965517241379,0.148148148148148,0,1,0,0,2,1,hist
1210,t20250408_11590221.html,2025-04-08,林剑,总台国广记者,cn,72,49,0.6877858638763421,0.125,0.16666666666666602,0,0,0,0,2,1,hist
1211,t20250408_11590221.html,2025-04-08,林剑,土耳其阿纳多卢通讯社记者,foreign,54,105,0.653628230094909,0.088888888888888,0.25,0,1,1,0,1,0,hist
1212,t20250408_11590221.html,2025-04-08,林剑,中新社记者,cn,145,191,0.75584465265274,0.08602150537634401,0.19047619047619002,0,1,0,0,1,0,hist
1213,t20250408_11590221.html,2025-04-08,林剑,法新社记者,foreign,67,55,0.6415103077888481,0.194444444444444,0.30434782608695604,0,1,1,0,1,0,hist
1214,t20250408_11590221.html,2025-04-08,林剑,彭博社记者,foreign,115,59,0.6584401130676271,0.05,0.07142857142857101,0,1,1,0,2,1,hist
1215,t20250408_11590221.html,2025-04-08,林剑,法新社记者,foreign,28,40,0.722647428512573,0.125,0.27272727272727204,0,1,1,0,1,0,hist
1216,t20250408_11590221.html,2025-04-08,林剑,美国全国广播公司记者,foreign,40,86,0.6139169931411741,0.048780487804878,0.133333333333333,0,0,1,0,1,0,hist
1217,t20250408_11590221.html,2025-04-08,林剑,《北京日报》记者,foreign,130,70,0.616807043552398,0.1,0.146341463414634,0,1,0,0,1,0,hist
1218,t20250408_11590221.html,2025-04-08,林剑,塔斯社记者,foreign,56,74,0.7401289939880371,0.1,0.23529411764705802,0,1,1,0,1,0,hist
1219,t20250408_11590221.html,2025-04-08,林剑,深圳卫视记者,cn,90,53,0.7357769012451171,0.045454545454545005,0.07692307692307601,0,1,0,0,1,0,hist
1220,t20250409_11590807.html,2025-04-09,林剑,《北京青年报》记者,foreign,146,46,0.625474333763122,0.050847457627118,0.069767441860465,0,1,1,0,1,0,hist
1221,t20250409_11590807.html,2025-04-09,林剑,阿纳多卢通讯社记者,foreign,86,55,0.5432585477828981,0.073170731707317,0.125,0,1,1,1,1,0,hist
1222,t20250409_11590807.html,2025-04-09,林剑,湖北广电记者,foreign,150,62,0.7121337652206421,0.08928571428571401,0.125,0,1,1,0,1,0,hist
1223,t20250409_11590807.html,2025-04-09,林剑,法新社记者,foreign,91,116,0.798033893108367,0.046875,0.103448275862068,0,1,1,0,3,1,hist
1224,t20250409_11590807.html,2025-04-09,林剑,乌通社记者,foreign,77,72,0.5538003444671631,0.02,0.037037037037037,0,1,0,1,2,1,hist
1225,t20250409_11590807.html,2025-04-09,林剑,新华社记者,cn,206,200,0.789588272571563,0.033613445378151,0.0625,0,1,1,0,1,0,hist
1226,t20250409_11590807.html,2025-04-09,林剑,埃菲社记者,foreign,61,124,0.607304394245147,0.016949152542372,0.045454545454545005,0,1,0,0,1,0,hist
1227,t20250409_11590807.html,2025-04-09,林剑,法新社记者,foreign,63,107,0.668079614639282,0.057692307692307,0.130434782608695,0,1,0,0,2,1,hist
1228,t20250409_11590807.html,2025-04-09,林剑,法新社记者,foreign,77,102,0.7227542400360101,0.096153846153846,0.2,0,1,0,0,1,0,hist
1229,t20250409_11590807.html,2025-04-09,林剑,路透社记者,foreign,135,143,0.792243957519531,0.058823529411764004,0.12195121951219501,0,1,0,0,1,0,hist
1230,t20250409_11590807.html,2025-04-09,林剑,路透社记者,foreign,81,107,0.745097219944,0.06451612903225801,0.133333333333333,0,1,0,0,1,0,hist
1231,t20250410_11592719.html,2025-04-10,林剑,总台华语环球节目中心记者,cn,98,238,0.7381485104560851,0.22784810126582203,0.514285714285714,0,0,0,0,1,0,hist
1232,t20250410_11592719.html,2025-04-10,林剑,法新社记者,foreign,68,202,0.47728562355041504,0.013157894736842,0.05,0,1,1,0,2,1,hist
1233,t20250410_11592719.html,2025-04-10,林剑,法新社记者,foreign,72,132,0.546941697597503,0.05,0.14285714285714202,0,1,0,0,1,0,hist
1234,t20250410_11592719.html,2025-04-10,林剑,阿纳多卢通讯社记者,foreign,58,120,0.7053677439689631,0.037735849056603,0.11764705882352901,0,1,1,0,2,1,hist
1235,t20250410_11592719.html,2025-04-10,林剑,澎湃新闻记者,cn,68,159,0.8477901220321651,0.066666666666666,0.17391304347826,0,1,0,0,1,0,hist
1236,t20250410_11592719.html,2025-04-10,林剑,埃菲社记者,foreign,37,53,0.433470070362091,0.035714285714285005,0.08333333333333301,0,1,0,0,1,0,hist
1237,t20250410_11592719.html,2025-04-10,林剑,法新社记者,foreign,108,105,0.5819849371910091,0.03125,0.066666666666666,0,1,1,0,3,1,hist
1238,t20250410_11592719.html,2025-04-10,林剑,法新社记者,foreign,40,82,0.560648500919342,0.02127659574468,0.058823529411764004,0,1,0,0,1,0,hist
1239,t20250410_11592719.html,2025-04-10,林剑,路透社记者,foreign,63,186,0.518374681472778,0.026315789473684,0.1,0,1,0,0,1,0,hist
1240,t20250410_11592719.html,2025-04-10,林剑,越南之声广播电台记者,foreign,76,73,0.7143367528915401,0.06818181818181801,0.125,1,1,0,0,1,0,hist
1241,t20250411_11593008.html,2025-04-11,林剑,总台央视记者,cn,83,172,0.788207292556762,0.1875,0.5454545454545451,0,1,0,0,1,0,hist
1242,t20250411_11593008.html,2025-04-11,林剑,东方卫视记者,foreign,107,54,0.7322200536727901,0.056603773584905,0.08571428571428501,0,1,1,0,1,0,hist
1243,t20250411_11593008.html,2025-04-11,林剑,《中国日报》记者,cn,82,180,0.8677228093147271,0.14084507042253502,0.33333333333333304,0,1,0,0,1,0,hist
1244,t20250411_11593008.html,2025-04-11,林剑,法新社记者,foreign,44,10,0.11514880508184401,0.0,0.0,0,1,1,0,1,0,hist
1245,t20250411_11593008.html,2025-04-11,林剑,《环球时报》记者,cn,107,23,0.241999208927154,0.0,0.0,0,1,1,0,1,0,hist
1246,t20250411_11593008.html,2025-04-11,林剑,法新社记者,foreign,49,138,0.5601484775543211,0.08,0.25,0,1,1,0,2,1,hist
1247,t20250411_11593008.html,2025-04-11,林剑,法新社记者,foreign,26,19,0.28342542052268904,0.0,0.0,0,1,0,0,1,0,hist
1248,t20250414_11594225.html,2025-04-14,林剑,总台央视记者,cn,86,75,0.6914186477661131,0.053571428571428006,0.09677419354838701,0,1,1,0,0,0,hist
1249,t20250414_11594225.html,2025-04-14,林剑,中阿卫视记者,foreign,50,102,0.646414756774902,0.061224489795918005,0.16666666666666602,0,1,1,0,2,1,hist
1250,t20250414_11594225.html,2025-04-14,林剑,中新社记者,cn,73,114,0.82368516921997,0.109090909090909,0.23076923076923,0,1,0,0,1,0,hist
1251,t20250414_11594225.html,2025-04-14,林剑,印尼安塔拉通讯社记者,foreign,104,106,0.7636448144912721,0.122807017543859,0.21875000000000003,0,1,0,0,1,0,hist
1252,t20250414_11594225.html,2025-04-14,林剑,《中国日报》记者,cn,153,150,0.540512681007385,0.0375,0.06818181818181801,0,1,0,0,1,0,hist
1253,t20250414_11594225.html,2025-04-14,林剑,法新社记者,foreign,60,37,0.422006338834762,0.030303030303030002,0.045454545454545005,0,1,1,0,1,0,hist
1254,t20250414_11594225.html,2025-04-14,林剑,法新社记者,foreign,84,132,0.7034759521484371,0.07692307692307601,0.192307692307692,0,1,0,0,1,0,hist
1255,t20250414_11594225.html,2025-04-14,林剑,深圳卫视记者,cn,107,183,0.719676196575164,0.081395348837209,0.189189189189189,0,1,0,0,1,0,hist
1256,t20250414_11594225.html,2025-04-14,林剑,法新社记者,foreign,85,58,0.5854773521423341,0.025,0.041666666666666005,0,1,1,0,2,1,hist
1257,t20250415_11594910.html,2025-04-15,林剑,总台华语环球节目中心记者,cn,115,226,0.569721102714538,0.16853932584269601,0.365853658536585,0,1,1,0,1,0,hist
1258,t20250415_11594910.html,2025-04-15,林剑,法新社记者,foreign,62,41,0.48367902636528004,0.030303030303030002,0.05,0,1,1,0,1,0,hist
1259,t20250415_11594910.html,2025-04-15,林剑,乌通社记者,foreign,77,109,0.43934261798858604,0.05,0.11111111111111101,0,1,0,0,1,0,hist
1260,t20250415_11594910.html,2025-04-15,林剑,湖北广电记者,foreign,61,55,0.5505131483078001,0.125,0.210526315789473,0,1,0,0,2,1,hist
1261,t20250415_11594910.html,2025-04-15,林剑,法新社记者,foreign,48,135,0.46959078311920105,0.053571428571428006,0.17647058823529402,0,0,1,0,1,0,hist
1262,t20250415_11594910.html,2025-04-15,林剑,《北京青年报》记者,foreign,99,117,0.711324632167816,0.053571428571428006,0.115384615384615,0,0,0,0,1,0,hist
1263,t20250415_11594910.html,2025-04-15,林剑,彭博社记者,foreign,58,128,0.58978247642517,0.074074074074074,0.210526315789473,0,1,0,0,1,0,hist
1264,t20250416_11595405.html,2025-04-16,林剑,《人民日报》记者,cn,85,283,0.799049198627471,0.14285714285714202,0.464285714285714,0,0,0,0,1,0,hist
1265,t20250416_11595405.html,2025-04-16,林剑,巴西劳动者电视台记者,foreign,109,29,0.552916347980499,0.044444444444444,0.054054054054054,1,1,1,0,2,1,hist
1266,t20250416_11595405.html,2025-04-16,林剑,《中国日报》记者,cn,90,164,0.763738214969635,0.097222222222222,0.259259259259259,0,1,0,0,1,0,hist
1267,t20250416_11595405.html,2025-04-16,林剑,日本广播协会记者,foreign,55,140,0.789643824100494,0.048387096774193006,0.15,0,1,1,0,1,0,hist
1268,t20250416_11595405.html,2025-04-16,林剑,中新社记者,cn,86,48,0.522060930728912,0.108108108108108,0.15384615384615302,0,1,0,0,1,0,hist
1269,t20250416_11595405.html,2025-04-16,林剑,《北京日报》记者,foreign,123,162,0.5970880985260011,0.06741573033707801,0.15,0,1,0,0,1,0,hist
1270,t20250416_11595405.html,2025-04-16,林剑,巴西劳动者电视台记者,foreign,66,130,0.46164280176162703,0.065573770491803,0.16666666666666602,1,1,1,0,2,1,hist
1271,t20250417_11596153.html,2025-04-17,林剑,总台央视记者,cn,59,118,0.766290545463562,0.093023255813953,0.25,0,0,0,0,1,0,hist
1272,t20250417_11596153.html,2025-04-17,林剑,路透社记者,foreign,27,94,0.608800172805786,0.051282051282051,0.22222222222222202,0,1,1,0,1,0,hist
1273,t20250417_11596153.html,2025-04-17,林剑,总台中国之声记者,cn,54,87,0.6285163164138791,0.042553191489361,0.11111111111111101,0,1,0,0,2,1,hist
1274,t20250417_11596153.html,2025-04-17,林剑,日本广播协会记者,foreign,69,111,0.33989125490188604,0.037037037037037,0.1,0,1,1,0,0,0,hist
1275,t20250417_11596153.html,2025-04-17,林剑,东方卫视记者,foreign,44,120,0.743260979652404,0.204545454545454,0.642857142857142,0,1,0,0,1,0,hist
1276,t20250417_11596153.html,2025-04-17,林剑,《环球时报》记者,cn,88,83,0.759276390075683,0.239130434782608,0.33333333333333304,0,1,1,0,1,0,hist
1277,t20250417_11596153.html,2025-04-17,林剑,彭博社记者,foreign,46,64,0.442125737667083,0.048780487804878,0.11111111111111101,0,1,0,0,1,0,hist
1278,t20250418_11596848.html,2025-04-18,林剑,总台华语环球节目中心记者,cn,86,176,0.8516709804534911,0.104477611940298,0.259259259259259,0,0,0,0,1,0,hist
1279,t20250418_11596848.html,2025-04-18,林剑,路透社记者,foreign,65,118,0.746984243392944,0.10714285714285701,0.30000000000000004,0,1,0,0,1,0,hist
1280,t20250418_11596848.html,2025-04-18,林剑,《中国日报》记者,cn,57,150,0.737284898757934,0.18,0.45,0,1,0,0,1,0,hist
1281,t20250418_11596848.html,2025-04-18,林剑,法新社记者,foreign,42,104,0.596771359443664,0.042553191489361,0.11111111111111101,1,1,0,0,1,0,hist
1282,t20250418_11596848.html,2025-04-18,林剑,深圳卫视记者,cn,135,176,0.697023093700408,0.075949367088607,0.16666666666666602,0,1,0,0,1,0,hist
1283,t20250418_11596848.html,2025-04-18,林剑,路透社记者,foreign,52,114,0.6612166762351991,0.058823529411764004,0.16666666666666602,0,1,0,0,1,0,hist
1284,t20250418_11596848.html,2025-04-18,林剑,彭博社记者,foreign,50,149,0.700464010238647,0.044117647058823005,0.157894736842105,0,1,0,0,1,0,hist
1285,t20250421_11599248.html,2025-04-21,郭嘉昆,总台央视记者,cn,51,181,0.7105474472045891,0.0625,0.23529411764705802,0,1,0,0,1,0,hist
1286,t20250421_11599248.html,2025-04-21,郭嘉昆,俄新社记者,foreign,51,55,0.457484275102615,0.027027027027027,0.066666666666666,0,1,0,0,1,0,hist
1287,t20250421_11599248.html,2025-04-21,郭嘉昆,《中国日报》记者,cn,48,143,0.86496216058731,0.148148148148148,0.47058823529411703,0,1,1,0,1,0,hist
1288,t20250421_11599248.html,2025-04-21,郭嘉昆,法新社记者,foreign,46,68,0.536001443862915,0.07142857142857101,0.16666666666666602,0,1,0,0,1,0,hist
1289,t20250421_11599248.html,2025-04-21,郭嘉昆,新华社记者,cn,81,136,0.590614199638366,0.14285714285714202,0.33333333333333304,0,1,0,0,1,0,hist
1290,t20250421_11599248.html,2025-04-21,郭嘉昆,韩国新一社记者,foreign,88,158,0.642416477203369,0.093333333333333,0.22580645161290303,0,1,0,0,1,0,hist
1291,t20250421_11599248.html,2025-04-21,郭嘉昆,彭博社记者,foreign,72,141,0.5511623620986931,0.015151515151515001,0.038461538461538006,0,1,1,0,1,0,hist
1292,t20250421_11599248.html,2025-04-21,郭嘉昆,法新社记者,foreign,23,42,0.334981203079223,0.0,0.0,1,1,0,0,1,0,hist
1293,t20250421_11599248.html,2025-04-21,郭嘉昆,法新社记者,foreign,51,61,0.337709784507751,0.026315789473684,0.055555555555555004,1,1,0,0,1,0,hist
1294,t20250421_11599248.html,2025-04-21,郭嘉昆,法新社记者,foreign,67,184,0.573128461837768,0.026666666666666002,0.09523809523809501,0,1,0,0,1,0,hist
1295,t20250422_11601529.html,2025-04-22,郭嘉昆,中新社记者,cn,43,149,0.9235171675682061,0.208333333333333,0.6666666666666661,0,1,0,0,1,0,hist
1296,t20250422_11601529.html,2025-04-22,郭嘉昆,西班牙《阿贝赛报》记者,foreign,41,63,0.735364496707916,0.16129032258064502,0.35714285714285704,0,1,0,0,2,1,hist
1297,t20250422_11601529.html,2025-04-22,郭嘉昆,深圳卫视记者,cn,116,80,0.621772527694702,0.05,0.081081081081081,0,1,0,0,2,1,hist
1298,t20250422_11601529.html,2025-04-22,郭嘉昆,西班牙《阿贝赛报》记者,foreign,58,37,0.632787406444549,0.032258064516129004,0.052631578947368,0,1,1,0,1,0,hist
1299,t20250422_11601529.html,2025-04-22,郭嘉昆,彭博社记者,foreign,24,13,0.067671626806259,0.0,0.0,1,1,0,0,1,0,hist
1300,t20250422_11601529.html,2025-04-22,郭嘉昆,东方卫视记者,foreign,75,22,0.721373677253723,0.09090909090909001,0.10714285714285701,0,1,0,0,1,0,hist
1301,t20250422_11601529.html,2025-04-22,郭嘉昆,彭博社记者,foreign,89,127,0.882681548595428,0.15384615384615302,0.33333333333333304,0,1,0,1,1,0,hist
1302,t20250422_11601529.html,2025-04-22,郭嘉昆,路透社记者,foreign,90,32,0.305139750242233,0.078947368421052,0.103448275862068,1,1,0,0,3,1,hist
1303,t20250422_11601529.html,2025-04-22,郭嘉昆,彭博社记者,foreign,50,74,0.8383827805519101,0.18421052631578902,0.388888888888888,0,1,1,0,1,0,hist
1304,t20250422_11601529.html,2025-04-22,郭嘉昆,埃菲社记者,foreign,64,67,0.765213429927825,0.18421052631578902,0.35000000000000003,0,1,0,0,2,1,hist
1305,t20250422_11601529.html,2025-04-22,郭嘉昆,路透社记者,foreign,92,133,0.88386046886444,0.264150943396226,0.46666666666666606,0,1,1,0,2,1,hist
1306,t20250422_11601529.html,2025-04-22,郭嘉昆,彭博社记者,foreign,60,127,0.7610112428665161,0.140350877192982,0.38095238095238004,0,0,1,0,2,1,hist
1307,t20250422_11601529.html,2025-04-22,郭嘉昆,路透社记者,foreign,75,31,0.24408996105194003,0.035714285714285005,0.052631578947368,0,0,1,1,1,0,hist
1308,t20250422_11601529.html,2025-04-22,郭嘉昆,路透社记者,foreign,64,51,0.8443995714187621,0.172413793103448,0.26315789473684204,0,1,0,0,1,0,hist
1309,t20250422_11601529.html,2025-04-22,郭嘉昆,彭博社记者,foreign,79,42,0.7761954069137571,0.12121212121212101,0.16666666666666602,0,1,0,0,2,1,hist
1310,t20250423_11602442.html,2025-04-23,郭嘉昆,新华社记者,cn,72,125,0.618529796600341,0.068965517241379,0.18181818181818102,0,1,0,0,1,0,hist
1311,t20250423_11602442.html,2025-04-23,郭嘉昆,《环球时报》记者,cn,204,175,0.788734436035156,0.08080808080808001,0.14285714285714202,0,1,1,0,1,0,hist
1312,t20250423_11602442.html,2025-04-23,郭嘉昆,总台央视记者,cn,57,104,0.5403755903244011,0.135135135135135,0.3125,0,1,0,0,1,0,hist
1313,t20250423_11602442.html,2025-04-23,郭嘉昆,法新社记者,foreign,42,91,0.6421881914138791,0.097560975609756,0.28571428571428503,0,1,0,0,2,1,hist
1314,t20250423_11602442.html,2025-04-23,郭嘉昆,澎湃新闻记者,cn,93,128,0.7689377069473261,0.19672131147540903,0.35294117647058804,0,1,0,0,1,0,hist
1315,t20250423_11602442.html,2025-04-23,郭嘉昆,总台华语环球节目中心记者,cn,68,73,0.672461986541748,0.25,0.36,0,1,0,0,1,0,hist
1316,t20250423_11602442.html,2025-04-23,郭嘉昆,彭博社记者,foreign,114,25,0.554628372192382,0.0,0.0,1,1,1,0,1,0,hist
1317,t20250423_11602442.html,2025-04-23,郭嘉昆,湖北广电记者,foreign,114,146,0.882626295089721,0.108108108108108,0.2,0,1,1,0,1,0,hist
1318,t20250423_11602442.html,2025-04-23,郭嘉昆,日本广播协会记者,foreign,48,20,0.610631942749023,0.043478260869565,0.058823529411764004,1,1,0,0,2,1,hist
1319,t20250423_11602442.html,2025-04-23,郭嘉昆,日本朝日电视台记者,foreign,47,109,0.429978311061859,0.06,0.16666666666666602,0,1,1,0,1,0,hist
1320,t20250423_11602442.html,2025-04-23,郭嘉昆,印度报业托拉斯记者,foreign,72,67,0.715159058570861,0.13636363636363602,0.23076923076923,0,1,0,0,1,0,hist
1321,t20250423_11602442.html,2025-04-23,郭嘉昆,法新社记者,foreign,65,32,0.44270205497741705,0.0,0.0,0,1,1,0,1,0,hist
1322,t20250423_11602442.html,2025-04-23,郭嘉昆,日本朝日电视台记者,foreign,60,88,0.552014708518981,0.023809523809523003,0.052631578947368,0,1,1,0,1,0,hist
1323,t20250424_11603549.html,2025-04-24,郭嘉昆,凤凰卫视记者,cn,43,42,0.6066296696662901,0.130434782608695,0.21428571428571402,0,0,0,0,1,0,hist
1324,t20250424_11603549.html,2025-04-24,郭嘉昆,中新社记者,cn,45,121,0.7235008478164671,0.11764705882352901,0.4,0,1,0,0,1,0,hist
1325,t20250424_11603549.html,2025-04-24,郭嘉昆,法新社记者,foreign,59,13,0.110628187656402,0.0,0.0,0,1,1,0,1,0,hist
1326,t20250424_11603549.html,2025-04-24,郭嘉昆,《环球时报》记者,cn,67,200,0.78989952802658,0.05063291139240501,0.2,0,1,0,0,1,0,hist
1327,t20250424_11603549.html,2025-04-24,郭嘉昆,法新社记者,foreign,52,28,0.5366580486297601,0.074074074074074,0.11111111111111101,0,1,0,0,1,0,hist
1328,t20250424_11603549.html,2025-04-24,郭嘉昆,路透社记者,foreign,29,13,0.11900649964809401,0.0,0.0,1,1,0,0,2,1,hist
1329,t20250424_11603549.html,2025-04-24,郭嘉昆,《北京青年报》记者,foreign,80,71,0.943346977233886,0.39393939393939303,0.5416666666666661,0,0,0,0,1,0,hist
1330,t20250424_11603549.html,2025-04-24,郭嘉昆,法新社记者,foreign,51,18,0.502115547657012,0.0,0.0,0,1,0,0,2,1,hist
1331,t20250424_11603549.html,2025-04-24,郭嘉昆,路透社记者,foreign,57,45,0.6298860311508171,0.09677419354838701,0.16666666666666602,0,1,0,0,1,0,hist
1332,t20250424_11603549.html,2025-04-24,郭嘉昆,路透社记者,foreign,34,122,0.816122710704803,0.044444444444444,0.15384615384615302,0,1,0,0,1,0,hist
1333,t20250424_11603549.html,2025-04-24,郭嘉昆,日本广播协会记者,foreign,80,107,0.6839690208435051,0.033898305084745,0.07692307692307601,0,1,1,0,1,0,hist
1334,t20250424_11603549.html,2025-04-24,郭嘉昆,法新社记者,foreign,53,37,0.5216771364212031,0.0625,0.09523809523809501,0,1,0,0,1,0,hist
1335,t20250424_11603549.html,2025-04-24,郭嘉昆,路透社记者,foreign,53,125,0.426899135112762,0.018867924528301,0.058823529411764004,0,0,0,0,1,0,hist
1336,t20250425_11604486.html,2025-04-25,郭嘉昆,《环球时报》记者,cn,73,129,0.7835004329681391,0.086206896551724,0.208333333333333,0,1,0,0,1,0,hist
1337,t20250425_11604486.html,2025-04-25,郭嘉昆,路透社记者,foreign,130,58,0.6510713100433351,0.104166666666666,0.14285714285714202,0,1,1,0,3,1,hist
1338,t20250425_11604486.html,2025-04-25,郭嘉昆,总台央视记者,cn,62,262,0.809744238853454,0.12359550561797701,0.5,0,1,0,0,1,0,hist
1339,t20250425_11604486.html,2025-04-25,郭嘉昆,路透社记者,foreign,17,13,0.15163293480873102,0.0,0.0,1,1,0,0,1,0,hist
1340,t20250425_11604486.html,2025-04-25,郭嘉昆,深圳卫视记者,cn,42,111,0.7590638399124141,0.162790697674418,0.538461538461538,0,1,0,0,1,0,hist
1341,t20250425_11604486.html,2025-04-25,郭嘉昆,中新社记者,cn,87,258,0.7985842227935791,0.097087378640776,0.32258064516129004,0,1,0,0,1,0,hist
1342,t20250425_11604486.html,2025-04-25,郭嘉昆,法新社记者,foreign,48,197,0.5742111206054681,0.063492063492063,0.22222222222222202,0,1,1,0,1,0,hist
1343,t20250425_11604486.html,2025-04-25,郭嘉昆,新华社记者,cn,118,67,0.888909578323364,0.260869565217391,0.33333333333333304,0,1,0,0,1,0,hist
1344,t20250425_11604486.html,2025-04-25,郭嘉昆,埃菲社记者,foreign,85,20,0.43349868059158303,0.028571428571428,0.034482758620689,1,1,0,0,1,0,hist
1345,t20250425_11604486.html,2025-04-25,郭嘉昆,《北京日报》记者,foreign,101,107,0.52222466468811,0.0,0.0,0,1,0,0,2,1,hist
1346,t20250425_11604486.html,2025-04-25,郭嘉昆,法新社记者,foreign,78,218,0.599489092826843,0.065934065934065,0.24,0,1,0,0,1,0,hist
1347,t20250425_11604486.html,2025-04-25,郭嘉昆,法新社记者,foreign,65,16,0.480117529630661,0.04,0.05,1,1,0,0,1,0,hist
1348,t20250425_11604486.html,2025-04-25,郭嘉昆,彭博社记者,foreign,42,45,0.6635249853134151,0.0,0.0,0,1,0,0,1,0,hist
1349,t20250428_11606158.html,2025-04-28,郭嘉昆,凤凰卫视记者,cn,61,16,0.44405180215835505,0.0,0.0,0,1,0,0,2,1,hist
1350,t20250428_11606158.html,2025-04-28,郭嘉昆,韩联社记者,foreign,100,41,0.5466458797454831,0.073170731707317,0.1,0,1,0,0,1,0,hist
1351,t20250428_11606158.html,2025-04-28,郭嘉昆,香港无线电视记者,cn,64,87,0.360047131776809,0.045454545454545005,0.105263157894736,0,1,0,0,1,0,hist
1352,t20250428_11606158.html,2025-04-28,郭嘉昆,《中国日报》记者,cn,97,178,0.7548867464065551,0.115384615384615,0.321428571428571,0,1,1,0,2,1,hist
1353,t20250428_11606158.html,2025-04-28,郭嘉昆,中新社记者,cn,83,133,0.837928533554077,0.15384615384615302,0.36363636363636304,0,1,1,0,1,0,hist
1354,t20250428_11606158.html,2025-04-28,郭嘉昆,彭博社记者,foreign,60,34,0.421135365962982,0.0,0.0,1,0,1,0,1,0,hist
1355,t20250428_11606158.html,2025-04-28,郭嘉昆,法新社记者,foreign,45,35,0.5131315588951111,0.0,0.0,0,1,0,0,1,0,hist
1356,t20250428_11606158.html,2025-04-28,郭嘉昆,总台中文国际频道记者,cn,75,33,0.7431375980377191,0.388888888888888,0.46666666666666606,0,1,0,0,1,0,hist
1357,t20250428_11606158.html,2025-04-28,郭嘉昆,俄新社记者,foreign,73,89,0.531271815299987,0.053571428571428006,0.125,0,1,0,0,1,0,hist
1358,t20250428_11606158.html,2025-04-28,郭嘉昆,总台央视记者,cn,63,59,0.6376439332962031,0.16129032258064502,0.277777777777777,0,1,0,0,1,0,hist
1359,t20250428_11606158.html,2025-04-28,郭嘉昆,法新社记者,foreign,73,75,0.760963439941406,0.041666666666666005,0.08,0,1,1,0,1,0,hist
1360,t20250428_11606158.html,2025-04-28,郭嘉昆,深圳卫视记者,cn,174,106,0.705341100692749,0.048780487804878,0.07142857142857101,0,1,0,0,2,1,hist
1361,t20250428_11606158.html,2025-04-28,郭嘉昆,彭博社记者,foreign,79,100,0.7694493532180781,0.14,0.30434782608695604,0,1,0,0,1,0,hist
1362,t20250428_11606158.html,2025-04-28,郭嘉昆,日本广播协会记者,foreign,81,37,0.579638957977294,0.0,0.0,0,1,0,0,2,1,hist
1363,t20250428_11606158.html,2025-04-28,郭嘉昆,法新社记者,foreign,117,43,0.519350826740264,0.058823529411764004,0.078947368421052,0,1,0,0,2,1,hist
1364,t20250428_11606158.html,2025-04-28,郭嘉昆,印度报业托拉斯记者,foreign,90,103,0.26421752572059604,0.037037037037037,0.08,0,0,0,0,2,1,hist
1365,t20250428_11606158.html,2025-04-28,郭嘉昆,彭博社记者,foreign,126,49,0.5901970267295831,0.10204081632653,0.13157894736842102,0,1,0,0,1,0,hist
1366,t20250428_11606158.html,2025-04-28,郭嘉昆,路透社记者,foreign,19,30,0.527087271213531,0.066666666666666,0.14285714285714202,1,1,0,0,1,0,hist
1367,t20250428_11606158.html,2025-04-28,郭嘉昆,法新社记者,foreign,51,64,0.620096981525421,0.20588235294117602,0.35000000000000003,0,0,1,0,2,1,hist
1368,t20250428_11606158.html,2025-04-28,郭嘉昆,法新社记者,foreign,52,48,0.6578239798545831,0.060606060606060004,0.105263157894736,0,1,0,0,1,0,hist
1369,t20250429_11609382.html,2025-04-29,郭嘉昆,法新社记者,foreign,41,52,0.5467622280120851,0.11111111111111101,0.1875,0,1,0,0,2,1,hist
1370,t20250429_11609382.html,2025-04-29,郭嘉昆,日本共同社记者,foreign,50,163,0.758765578269958,0.03125,0.105263157894736,0,1,0,0,1,0,hist
1371,t20250429_11609382.html,2025-04-29,郭嘉昆,中新社记者,cn,125,182,0.7578130364418031,0.150684931506849,0.33333333333333304,0,1,0,0,2,1,hist
1372,t20250429_11609382.html,2025-04-29,郭嘉昆,彭博社记者,foreign,78,78,0.805288434028625,0.042553191489361,0.08695652173913,0,1,1,0,1,0,hist
1373,t20250429_11609382.html,2025-04-29,郭嘉昆,路透社记者,foreign,85,40,0.6186280846595761,0.073170731707317,0.103448275862068,0,1,0,0,1,0,hist
1374,t20250429_11609382.html,2025-04-29,郭嘉昆,今日俄罗斯记者,foreign,39,55,0.452777981758117,0.030303030303030002,0.07692307692307601,0,1,0,0,1,0,hist
1375,t20250429_11609382.html,2025-04-29,郭嘉昆,彭博社记者,foreign,81,76,0.582604169845581,0.0,0.0,0,1,0,1,2,1,hist
1376,t20250429_11609382.html,2025-04-29,郭嘉昆,法新社记者,foreign,83,76,0.704982638359069,0.08,0.15384615384615302,0,1,0,0,2,1,hist
1377,t20250429_11609382.html,2025-04-29,郭嘉昆,法新社记者,foreign,76,18,0.206995576620101,0.0,0.0,0,0,0,0,1,0,hist
1378,t20250429_11609382.html,2025-04-29,郭嘉昆,法新社记者,foreign,47,92,0.5315176844596861,0.075,0.16666666666666602,0,1,0,0,1,0,hist
1379,t20250429_11609382.html,2025-04-29,郭嘉昆,彭博社记者,foreign,91,86,0.7417466640472411,0.087719298245614,0.15625,0,1,0,0,2,1,hist
1380,t20250430_11614167.html,2025-04-30,郭嘉昆,湖北广电记者,foreign,148,36,0.624011635780334,0.09090909090909001,0.1,0,0,1,0,2,1,hist
1381,t20250430_11614167.html,2025-04-30,郭嘉昆,日本经济新闻记者,foreign,52,159,0.6991277933120721,0.109375,0.35000000000000003,0,1,1,0,1,0,hist
1382,t20250430_11614167.html,2025-04-30,郭嘉昆,路透社记者,foreign,57,120,0.816044807434082,0.058823529411764004,0.16666666666666602,0,1,1,0,1,0,hist
1383,t20250430_11614167.html,2025-04-30,郭嘉昆,法新社记者,foreign,85,121,0.46192264556884705,0.032786885245901,0.08,0,1,1,0,1,0,hist
1384,t20250430_11614167.html,2025-04-30,郭嘉昆,彭博社记者,foreign,29,25,0.588705360889434,0.21428571428571402,0.33333333333333304,0,0,1,0,1,0,hist
1385,t20250430_11614167.html,2025-04-30,郭嘉昆,法新社记者,foreign,39,26,0.424823433160781,0.0,0.0,0,0,0,0,1,0,hist
1386,t20250430_11614167.html,2025-04-30,郭嘉昆,彭博社记者,foreign,135,132,0.6483076810836791,0.128571428571428,0.225,0,1,1,1,1,0,hist
1387,t20250430_11614167.html,2025-04-30,郭嘉昆,法新社记者,foreign,44,90,0.576610326766967,0.022222222222222,0.066666666666666,0,1,1,0,1,0,hist
1388,t20250430_11614167.html,2025-04-30,郭嘉昆,彭博社记者,foreign,42,98,0.6225682497024531,0.05,0.15384615384615302,0,1,1,0,1,0,hist
1389,t20250430_11614167.html,2025-04-30,郭嘉昆,法新社记者,foreign,48,32,0.6255995035171501,0.08333333333333301,0.11764705882352901,0,1,0,0,2,1,hist
1390,t20250430_11614167.html,2025-04-30,郭嘉昆,法新社记者,foreign,68,68,0.45010364055633506,0.042553191489361,0.08,0,1,1,0,1,0,hist
1391,t20250506_11616274.html,2025-05-06,林剑,总台央视记者,cn,50,313,0.545948147773742,0.052631578947368,0.3125,0,1,0,0,2,1,hist
1392,t20250506_11616274.html,2025-05-06,林剑,中新社记者,cn,26,143,0.6791388988494871,0.12244897959183601,0.6000000000000001,0,1,0,0,1,0,hist
1393,t20250506_11616274.html,2025-05-06,林剑,东方卫视记者,foreign,67,39,0.7865273356437681,0.384615384615384,0.45454545454545403,0,1,0,0,2,1,hist
1394,t20250506_11616274.html,2025-05-06,林剑,香港无线电视记者,cn,37,9,0.092753894627094,0.0,0.0,0,1,0,0,1,0,hist
1395,t20250506_11616274.html,2025-05-06,林剑,《中国日报》记者,cn,66,38,0.72058367729187,0.22222222222222202,0.31578947368421,0,1,0,0,1,0,hist
1396,t20250506_11616274.html,2025-05-06,林剑,法新社记者,foreign,82,123,0.834585726261138,0.084745762711864,0.185185185185185,0,1,1,0,2,1,hist
1397,t20250506_11616274.html,2025-05-06,林剑,埃菲社记者,foreign,58,75,0.636631965637207,0.09523809523809501,0.18181818181818102,0,1,1,0,2,1,hist
1398,t20250506_11616274.html,2025-05-06,林剑,法新社记者,foreign,47,59,0.6154539585113521,0.11764705882352901,0.23529411764705802,0,1,1,0,1,0,hist
1399,t20250506_11616274.html,2025-05-06,林剑,《环球时报》记者,cn,62,225,0.720555663108825,0.155844155844155,0.631578947368421,0,1,1,0,1,0,hist
1400,t20250507_11616789.html,2025-05-07,林剑,法新社记者,foreign,35,158,0.7589782476425171,0.125,0.538461538461538,0,1,0,0,1,0,hist
1401,t20250507_11616789.html,2025-05-07,林剑,路透社记者,foreign,44,85,0.5509924888610841,0.093023255813953,0.25,0,1,0,0,1,0,hist
1402,t20250507_11616789.html,2025-05-07,林剑,《北京青年报》记者,foreign,110,64,0.545229077339172,0.074074074074074,0.105263157894736,0,1,0,0,1,0,hist
1403,t20250507_11616789.html,2025-05-07,林剑,深圳卫视记者,cn,106,209,0.733731210231781,0.13580246913580202,0.36666666666666603,0,1,0,0,1,0,hist
1404,t20250507_11616789.html,2025-05-07,林剑,路透社记者,foreign,53,103,0.559159636497497,0.035714285714285005,0.09090909090909001,0,1,0,0,1,0,hist
1405,t20250507_11616789.html,2025-05-07,林剑,彭博社记者,foreign,60,32,0.5173348188400261,0.10714285714285701,0.15,0,1,0,0,2,1,hist
1406,t20250507_11616789.html,2025-05-07,林剑,总台央视记者,cn,56,135,0.580796718597412,0.0,0.0,0,1,1,0,1,0,hist
1407,t20250507_11616789.html,2025-05-07,林剑,总台CGTN记者,cn,60,111,0.8692070841789241,0.35000000000000003,0.6086956521739131,0,1,0,0,1,0,hist
1408,t20250507_11616789.html,2025-05-07,林剑,埃菲社记者,foreign,36,77,0.7352462410926811,0.05,0.14285714285714202,0,1,0,0,1,0,hist
1409,t20250507_11616789.html,2025-05-07,林剑,印度报业托拉斯记者,foreign,126,148,0.703678786754608,0.10588235294117601,0.2,0,1,0,0,1,0,hist
1410,t20250507_11616789.html,2025-05-07,林剑,彭博社记者,foreign,123,115,0.825302481651306,0.10606060606060601,0.2,0,1,1,1,2,1,hist
1411,t20250507_11616789.html,2025-05-07,林剑,法新社记者,foreign,78,139,0.592520236968994,0.116666666666666,0.269230769230769,0,1,0,0,1,0,hist
1412,t20250507_11616789.html,2025-05-07,林剑,彭博社记者,foreign,101,51,0.41312348842620805,0.02127659574468,0.032258064516129004,0,0,0,0,2,1,hist
1413,t20250508_11617542.html,2025-05-08,林剑,总台中国之声记者,cn,146,319,0.704814314842224,0.065573770491803,0.170212765957446,0,1,0,0,1,0,hist
1414,t20250508_11617542.html,2025-05-08,林剑,日本广播协会记者,foreign,97,145,0.5646035671234131,0.093333333333333,0.2,0,1,1,0,1,0,hist
1415,t20250508_11617542.html,2025-05-08,林剑,法新社记者,foreign,53,158,0.575850188732147,0.08064516129032201,0.3125,0,1,0,0,1,0,hist
1416,t20250508_11617542.html,2025-05-08,林剑,澎湃新闻记者,cn,112,64,0.29558902978897,0.053571428571428006,0.081081081081081,0,1,0,0,1,0,hist
1417,t20250508_11617542.html,2025-05-08,林剑,总台央视记者,cn,81,40,0.680474340915679,0.210526315789473,0.25806451612903203,0,0,1,0,1,0,hist
1418,t20250508_11617542.html,2025-05-08,林剑,彭博社记者,foreign,94,98,0.668403387069702,0.12,0.22222222222222202,0,1,1,0,1,0,hist
1419,t20250508_11617542.html,2025-05-08,林剑,埃菲社记者,foreign,25,32,0.616554737091064,0.157894736842105,0.30000000000000004,0,1,0,0,1,0,hist
1420,t20250508_11617542.html,2025-05-08,林剑,法新社记者,foreign,76,124,0.7601018548011781,0.09375000000000001,0.206896551724137,0,1,1,0,2,1,hist
1421,t20250508_11617542.html,2025-05-08,林剑,法新社记者,foreign,38,39,0.6848540902137751,0.08333333333333301,0.14285714285714202,0,1,1,0,2,1,hist
1422,t20250508_11617542.html,2025-05-08,林剑,路透社记者,foreign,61,133,0.445263355970382,0.040816326530612006,0.09523809523809501,0,0,1,0,1,0,hist
1423,t20250508_11617542.html,2025-05-08,林剑,路透社记者,foreign,59,161,0.595460891723632,0.1,0.30000000000000004,0,1,0,0,1,0,hist
1424,t20250509_11618237.html,2025-05-09,林剑,《北京日报》记者,foreign,144,219,0.8696347475051881,0.193181818181818,0.386363636363636,0,0,0,0,1,0,hist
1425,t20250509_11618237.html,2025-05-09,林剑,法新社记者,foreign,65,101,0.792607843875885,0.14285714285714202,0.318181818181818,0,1,0,0,2,1,hist
1426,t20250509_11618237.html,2025-05-09,林剑,彭博社记者,foreign,107,65,0.651500463485717,0.058823529411764004,0.08823529411764701,0,1,0,0,1,0,hist
1427,t20250509_11618237.html,2025-05-09,林剑,共同社记者,foreign,59,199,0.727113306522369,0.138461538461538,0.45,0,1,0,0,2,1,hist
1428,t20250509_11618237.html,2025-05-09,林剑,乌通社记者,foreign,86,131,0.598527371883392,0.046153846153846004,0.11111111111111101,0,1,1,0,2,1,hist
1429,t20250512_11619456.html,2025-05-12,林剑,总台央视记者,cn,177,79,0.745973706245422,0.173333333333333,0.21311475409836,0,0,0,0,1,0,hist
1430,t20250512_11619456.html,2025-05-12,林剑,新华社记者,cn,46,168,0.6892257928848261,0.030303030303030002,0.11764705882352901,0,1,0,0,2,1,hist
1431,t20250512_11619456.html,2025-05-12,林剑,俄新社记者,foreign,50,92,0.546322703361511,0.065217391304347,0.17647058823529402,0,1,0,0,1,0,hist
1432,t20250512_11619456.html,2025-05-12,林剑,彭博社记者,foreign,97,43,0.57410454750061,0.11764705882352901,0.17391304347826,0,1,1,0,1,0,hist
1433,t20250512_11619456.html,2025-05-12,林剑,共同社记者,foreign,80,46,0.5943893194198601,0.108108108108108,0.16,0,1,1,0,2,1,hist
1434,t20250512_11619456.html,2025-05-12,林剑,中新社记者,cn,160,69,0.684036374092102,0.152542372881355,0.20930232558139503,0,1,0,0,1,0,hist
1435,t20250512_11619456.html,2025-05-12,林剑,乌通社记者,foreign,95,90,0.5748018026351921,0.052631578947368,0.103448275862068,0,1,0,0,2,1,hist
1436,t20250512_11619456.html,2025-05-12,林剑,彭博社记者,foreign,33,28,0.506669878959655,0.105263157894736,0.15384615384615302,0,1,1,0,1,0,hist
1437,t20250512_11619456.html,2025-05-12,林剑,《中国日报》记者,cn,121,55,0.35683119297027505,0.018518518518518,0.030303030303030002,0,1,1,0,1,0,hist
1438,t20250512_11619456.html,2025-05-12,林剑,彭博社记者,foreign,47,185,0.5392940640449521,0.029850746268656,0.125,0,1,0,0,1,0,hist
1439,t20250513_11622040.html,2025-05-13,林剑,总台华语环球节目中心记者,cn,210,291,0.813939452171325,0.125,0.265625,0,1,1,0,1,0,hist
1440,t20250513_11622040.html,2025-05-13,林剑,法新社记者,foreign,67,25,0.611275315284729,0.0,0.0,0,0,1,0,3,1,hist
1441,t20250513_11622040.html,2025-05-13,林剑,路透社记者,foreign,47,53,0.41467031836509705,0.0625,0.14285714285714202,0,0,1,1,1,0,hist
1442,t20250513_11622040.html,2025-05-13,林剑,《北京青年报》记者,foreign,40,105,0.7975945472717281,0.21212121212121202,0.46666666666666606,0,0,0,0,1,0,hist
1443,t20250514_11622765.html,2025-05-14,林剑,《人民日报》记者,cn,79,267,0.5387743711471551,0.12359550561797701,0.423076923076923,0,1,0,0,3,1,hist
1444,t20250514_11622765.html,2025-05-14,林剑,总台央视记者,cn,95,105,0.832781851291656,0.146341463414634,0.260869565217391,0,1,1,0,1,0,hist
1445,t20250514_11622765.html,2025-05-14,林剑,埃菲社记者,foreign,23,100,0.738657474517822,0.055555555555555004,0.22222222222222202,0,1,0,0,1,0,hist
1446,t20250514_11622765.html,2025-05-14,林剑,共同社记者,foreign,66,85,0.609289050102233,0.0,0.0,0,1,1,0,1,0,hist
1447,t20250514_11622765.html,2025-05-14,林剑,路透社记者,foreign,76,112,0.69677984714508,0.055555555555555004,0.15,0,1,0,0,2,1,hist
1448,t20250514_11622765.html,2025-05-14,林剑,路透社记者,foreign,41,46,0.551649928092956,0.0,0.0,0,1,0,0,1,0,hist
1449,t20250514_11622765.html,2025-05-14,林剑,《环球时报》记者,cn,36,110,0.552328646183013,0.073170731707317,0.23076923076923,0,1,0,0,1,0,hist
1450,t20250514_11622765.html,2025-05-14,林剑,路透社记者,foreign,65,195,0.605812072753906,0.05063291139240501,0.18181818181818102,0,1,0,0,2,1,hist
1451,t20250514_11622765.html,2025-05-14,林剑,彭博社记者,foreign,71,187,0.822172701358795,0.072463768115942,0.21739130434782603,0,1,0,0,1,0,hist
1452,t20250514_11622765.html,2025-05-14,林剑,路透社记者,foreign,44,33,0.47329777479171703,0.041666666666666005,0.07142857142857101,0,0,0,0,3,1,hist
1453,t20250515_11623651.html,2025-05-15,林剑,深圳卫视记者,cn,42,141,0.7128250598907471,0.06779661016949101,0.266666666666666,0,1,0,0,2,1,hist
1454,t20250515_11623651.html,2025-05-15,林剑,新华社记者,cn,52,230,0.682019770145416,0.044776119402985,0.1875,0,1,1,0,1,0,hist
1455,t20250515_11623651.html,2025-05-15,林剑,《北京日报》记者,foreign,47,268,0.7887475490570061,0.123456790123456,0.625,0,1,0,0,1,0,hist
1456,t20250515_11623651.html,2025-05-15,林剑,《中国日报》记者,cn,53,128,0.663983523845672,0.125,0.30000000000000004,0,1,0,0,1,0,hist
1457,t20250515_11623651.html,2025-05-15,林剑,法新社记者,foreign,40,68,0.69782817363739,0.027027027027027,0.07142857142857101,0,1,1,0,1,0,hist
1458,t20250515_11623651.html,2025-05-15,林剑,彭博社记者,foreign,59,91,0.6824592351913451,0.022222222222222,0.058823529411764004,0,0,0,0,1,0,hist
1459,t20250516_11627209.html,2025-05-16,林剑,总台央视记者,cn,48,128,0.6709160804748531,0.13725490196078402,0.4375,0,1,0,0,2,1,hist
1460,t20250516_11627209.html,2025-05-16,林剑,路透社记者,foreign,117,11,0.6256365776062011,0.028571428571428,0.030303030303030002,0,1,1,0,2,1,hist
1461,t20250516_11627209.html,2025-05-16,林剑,东方卫视记者,foreign,50,162,0.593583226203918,0.06779661016949101,0.266666666666666,0,0,0,0,1,0,hist
1462,t20250516_11627209.html,2025-05-16,林剑,法新社记者,foreign,46,105,0.578664779663085,0.040816326530612006,0.133333333333333,0,1,0,0,1,0,hist
1463,t20250516_11627209.html,2025-05-16,林剑,《环球时报》记者,cn,81,172,0.7117761373519891,0.11111111111111101,0.30769230769230704,0,1,1,0,1,0,hist
1464,t20250516_11627209.html,2025-05-16,林剑,湖北广电记者,foreign,168,117,0.629893481731414,0.11842105263157801,0.19148936170212702,0,1,1,0,1,0,hist
1465,t20250516_11627209.html,2025-05-16,林剑,彭博社记者,foreign,38,11,0.43110677599906905,0.0,0.0,0,0,0,0,1,0,hist
1466,t20250516_11627209.html,2025-05-16,林剑,法新社记者,foreign,90,129,0.6638656854629511,0.044117647058823005,0.12,0,1,1,0,1,0,hist
1467,t20250516_11627209.html,2025-05-16,林剑,日本广播协会记者,foreign,57,11,0.20471960306167603,0.0,0.0,1,1,0,0,2,1,hist
1468,t20250516_11627209.html,2025-05-16,林剑,路透社记者,foreign,57,109,0.367292463779449,0.0,0.0,0,1,0,0,2,1,hist
1469,t20250519_11628222.html,2025-05-19,毛宁,总台央视记者,cn,46,114,0.732341289520263,0.075471698113207,0.23529411764705802,0,1,0,0,2,1,hist
1470,t20250519_11628222.html,2025-05-19,毛宁,《环球时报》记者,cn,46,83,0.641068816184997,0.066666666666666,0.16666666666666602,0,1,0,0,2,1,hist
1471,t20250519_11628222.html,2025-05-19,毛宁,路透社记者,foreign,73,47,0.382026851177215,0.024390243902439,0.04,0,1,0,1,2,1,hist
1472,t20250519_11628222.html,2025-05-19,毛宁,《中国日报》记者,cn,243,186,0.644563913345336,0.146788990825688,0.22222222222222202,0,1,0,0,2,1,hist
1473,t20250519_11628222.html,2025-05-19,毛宁,印度报业托拉斯记者,foreign,69,92,0.718497157096862,0.10204081632653,0.22727272727272702,0,0,0,0,2,1,hist
1474,t20250519_11628222.html,2025-05-19,毛宁,中新社记者,cn,61,121,0.7466769218444821,0.13725490196078402,0.33333333333333304,0,1,0,0,1,0,hist
1475,t20250519_11628222.html,2025-05-19,毛宁,乌通社记者,foreign,132,94,0.5845292806625361,0.029411764705882002,0.051282051282051,0,0,0,0,1,0,hist
1476,t20250519_11628222.html,2025-05-19,毛宁,彭博社记者,foreign,47,155,0.5432747602462761,0.09523809523809501,0.33333333333333304,0,1,0,0,1,0,hist
1477,t20250519_11628222.html,2025-05-19,毛宁,路透社记者,foreign,107,39,0.554273545742034,0.075,0.1,0,1,1,0,3,1,hist
1478,t20250519_11628222.html,2025-05-19,毛宁,深圳卫视记者,cn,50,95,0.6180764436721801,0.08163265306122401,0.210526315789473,0,1,0,0,1,0,hist
1479,t20250519_11628222.html,2025-05-19,毛宁,印度报业托拉斯记者,foreign,118,94,0.7271934151649471,0.175438596491228,0.29411764705882304,0,1,0,0,3,1,hist
1480,t20250520_11629075.html,2025-05-20,毛宁,凤凰卫视记者,cn,66,180,0.767652928829193,0.140350877192982,0.36363636363636304,0,1,0,0,1,0,hist
1481,t20250520_11629075.html,2025-05-20,毛宁,法新社记者,foreign,124,97,0.5993160009384151,0.079365079365079,0.13157894736842102,0,1,0,0,2,1,hist
1482,t20250520_11629075.html,2025-05-20,毛宁,总台央视记者,cn,108,132,0.7775112986564631,0.16363636363636302,0.33333333333333304,0,1,0,0,1,0,hist
1483,t20250520_11629075.html,2025-05-20,毛宁,法新社记者,foreign,78,23,0.623951196670532,0.032258064516129004,0.04,1,1,0,0,3,1,hist
1484,t20250520_11629075.html,2025-05-20,毛宁,埃菲社记者,foreign,58,68,0.6632919311523431,0.069767441860465,0.13636363636363602,0,1,0,0,1,0,hist
1485,t20250521_11629950.html,2025-05-21,毛宁,总台央视记者,cn,48,193,0.7971777915954591,0.11111111111111101,0.41176470588235203,0,1,0,0,1,0,hist
1486,t20250521_11629950.html,2025-05-21,毛宁,塔斯社记者,foreign,91,205,0.605661809444427,0.033707865168539006,0.09677419354838701,0,1,1,0,2,1,hist
1487,t20250521_11629950.html,2025-05-21,毛宁,《金融时报》记者,foreign,67,174,0.622360587120056,0.04225352112676,0.16666666666666602,0,1,0,1,2,1,hist
1488,t20250521_11629950.html,2025-05-21,毛宁,法新社记者,foreign,85,187,0.629674434661865,0.11392405063291101,0.33333333333333304,0,1,1,0,1,0,hist
1489,t20250521_11629950.html,2025-05-21,毛宁,东方卫视记者,foreign,115,172,0.6870183944702141,0.08695652173913,0.206896551724137,0,1,1,1,2,1,hist
1490,t20250521_11629950.html,2025-05-21,毛宁,印度报业托拉斯记者,foreign,124,41,0.6757235527038571,0.204545454545454,0.23076923076923,0,0,0,0,2,1,hist
1491,t20250521_11629950.html,2025-05-21,毛宁,印度报业托拉斯记者,foreign,51,54,0.838439464569091,0.21428571428571402,0.375,0,1,0,0,3,1,hist
1492,t20250521_11629950.html,2025-05-21,毛宁,彭博社记者,foreign,29,43,0.45703262090682906,0.0,0.0,0,1,0,0,1,0,hist
1493,t20250521_11629950.html,2025-05-21,毛宁,埃菲社记者,foreign,94,94,0.442924737930297,0.017241379310344,0.035714285714285005,0,1,1,0,1,0,hist
1494,t20250522_11630780.html,2025-05-22,毛宁,总台央视记者,cn,47,133,0.636915743350982,0.11111111111111101,0.375,0,1,0,0,2,1,hist
1495,t20250522_11630780.html,2025-05-22,毛宁,《环球时报》记者,cn,75,60,0.560774147510528,0.17500000000000002,0.28,0,1,0,0,1,0,hist
1496,t20250522_11630780.html,2025-05-22,毛宁,印尼安塔拉通讯社记者,foreign,72,131,0.6051064133644101,0.047619047619047006,0.125,0,1,0,0,1,0,hist
1497,t20250522_11630780.html,2025-05-22,毛宁,法新社记者,foreign,51,98,0.600685954093933,0.04,0.11111111111111101,0,1,0,0,1,0,hist
1498,t20250522_11630780.html,2025-05-22,毛宁,《北京青年报》记者,foreign,88,262,0.8622937202453611,0.22222222222222202,0.592592592592592,0,1,0,0,2,1,hist
1499,t20250522_11630780.html,2025-05-22,毛宁,路透社记者,foreign,50,41,0.6333208084106441,0.137931034482758,0.22222222222222202,0,1,1,0,1,0,hist
1500,t20250522_11630780.html,2025-05-22,毛宁,《人民日报》记者,cn,91,229,0.7208653092384331,0.08750000000000001,0.269230769230769,0,1,0,0,1,0,hist
1501,t20250522_11630780.html,2025-05-22,毛宁,法新社记者,foreign,38,20,0.295949608087539,0.0,0.0,0,0,1,0,1,0,hist
1502,t20250522_11630780.html,2025-05-22,毛宁,法新社记者,foreign,47,38,0.63041740655899,0.066666666666666,0.105263157894736,0,1,0,0,1,0,hist
1503,t20250522_11630780.html,2025-05-22,毛宁,俄新社记者,foreign,57,61,0.6113877296447751,0.08333333333333301,0.13636363636363602,0,1,0,0,1,0,hist
1504,t20250522_11630780.html,2025-05-22,毛宁,香港中评社记者,cn,70,160,0.7934999465942381,0.122807017543859,0.291666666666666,0,1,0,0,1,0,hist
1505,t20250523_11631472.html,2025-05-23,毛宁,中新社记者,cn,46,138,0.864195704460144,0.145833333333333,0.4375,0,1,0,0,1,0,hist
1506,t20250523_11631472.html,2025-05-23,毛宁,深圳卫视记者,cn,68,139,0.772898912429809,0.10714285714285701,0.25,0,1,0,0,2,1,hist
1507,t20250523_11631472.html,2025-05-23,毛宁,路透社记者,foreign,112,71,0.7313568592071531,0.10204081632653,0.16666666666666602,0,1,0,0,1,0,hist
1508,t20250523_11631472.html,2025-05-23,毛宁,彭博社记者,foreign,133,52,0.48749455809593206,0.038461538461538006,0.055555555555555004,0,1,1,0,1,0,hist
1509,t20250523_11631472.html,2025-05-23,毛宁,《环球时报》记者,cn,109,147,0.7907395362854001,0.08,0.171428571428571,0,1,1,0,1,0,hist
1510,t20250523_11631472.html,2025-05-23,毛宁,香港无线电视记者,cn,87,121,0.8386797904968261,0.160714285714285,0.33333333333333304,0,1,1,0,1,0,hist
1511,t20250523_11631472.html,2025-05-23,毛宁,法新社记者,foreign,60,37,0.35605335235595703,0.027777777777777003,0.045454545454545005,0,1,0,0,1,0,hist
1512,t20250523_11631472.html,2025-05-23,毛宁,彭博社记者,foreign,67,89,0.5975844860076901,0.10204081632653,0.21739130434782603,0,1,1,0,1,0,hist
1513,t20250526_11633176.html,2025-05-26,毛宁,总台央视记者,cn,39,95,0.7706893682479851,0.19354838709677402,0.42857142857142805,0,1,0,0,2,1,hist
1514,t20250526_11633176.html,2025-05-26,毛宁,东京电视台记者,foreign,51,147,0.835260152816772,0.074074074074074,0.25,0,1,0,0,2,1,hist
1515,t20250526_11633176.html,2025-05-26,毛宁,法新社记者,foreign,50,79,0.7866880297660821,0.21875000000000003,0.46666666666666606,0,1,1,0,1,0,hist
1516,t20250527_11634284.html,2025-05-27,毛宁,总台央视记者,cn,95,46,0.780541181564331,0.162162162162162,0.2,0,1,0,0,2,1,hist
1517,t20250527_11634284.html,2025-05-27,毛宁,彭博社记者,foreign,61,34,0.627857565879821,0.060606060606060004,0.09090909090909001,0,1,0,0,1,0,hist
1518,t20250527_11634284.html,2025-05-27,毛宁,《中国日报》记者,cn,149,158,0.700380086898803,0.07058823529411701,0.130434782608695,0,1,0,0,1,0,hist
1519,t20250527_11634284.html,2025-05-27,毛宁,路透社记者,foreign,82,92,0.45348334312438904,0.053571428571428006,0.11111111111111101,0,1,0,0,2,1,hist
1520,t20250527_11634284.html,2025-05-27,毛宁,共同社记者,foreign,81,83,0.597117841243743,0.09090909090909001,0.16666666666666602,0,1,0,0,2,1,hist
1521,t20250527_11634284.html,2025-05-27,毛宁,法新社记者,foreign,116,132,0.8011654019355771,0.09230769230769201,0.17647058823529402,0,1,0,0,1,0,hist
1522,t20250528_11635389.html,2025-05-28,毛宁,总台央视记者,cn,70,52,0.8383039236068721,0.23333333333333303,0.33333333333333304,0,1,0,0,2,1,hist
1523,t20250528_11635389.html,2025-05-28,毛宁,路透社记者,foreign,87,60,0.630892157554626,0.044444444444444,0.07692307692307601,0,1,1,1,2,1,hist
1524,t20250528_11635389.html,2025-05-28,毛宁,总台华语环球节目中心记者,cn,84,64,0.5975799560546871,0.11627906976744101,0.208333333333333,0,1,0,0,1,0,hist
1525,t20250528_11635389.html,2025-05-28,毛宁,法新社记者,foreign,57,68,0.716995596885681,0.043478260869565,0.08695652173913,0,1,0,0,2,1,hist
1526,t20250528_11635389.html,2025-05-28,毛宁,《北京青年报》记者,foreign,139,105,0.667734384536743,0.057971014492753006,0.1,0,1,1,0,1,0,hist
1527,t20250528_11635389.html,2025-05-28,毛宁,澎湃新闻记者,cn,52,123,0.616773247718811,0.127659574468085,0.31578947368421,0,1,0,0,1,0,hist
1528,t20250528_11635389.html,2025-05-28,毛宁,彭博社记者,foreign,63,59,0.611582398414611,0.025641025641025002,0.047619047619047006,0,1,0,0,1,0,hist
1529,t20250529_11636440.html,2025-05-29,毛宁,总台央视记者,cn,60,40,0.831589519977569,0.23076923076923,0.31578947368421,0,1,0,0,2,1,hist
1530,t20250529_11636440.html,2025-05-29,毛宁,彭博社记者,foreign,113,72,0.8762799501419061,0.065573770491803,0.09523809523809501,0,1,0,0,3,1,hist
1531,t20250529_11636440.html,2025-05-29,毛宁,法新社记者,foreign,83,49,0.569942474365234,0.023255813953488,0.035714285714285005,0,1,1,0,2,1,hist
1532,t20250529_11636440.html,2025-05-29,毛宁,共同社记者,foreign,51,64,0.6209388971328731,0.057142857142857,0.133333333333333,0,1,0,1,1,0,hist
1533,t20250529_11636440.html,2025-05-29,毛宁,彭博社记者,foreign,37,62,0.552465319633483,0.0,0.0,0,1,0,0,1,0,hist
1534,t20250529_11636440.html,2025-05-29,毛宁,巴西《环球报》记者,foreign,60,40,0.500123858451843,0.054054054054054,0.08333333333333301,0,1,0,0,1,0,hist
1535,t20250530_11637639.html,2025-05-30,林剑,总台央视记者,cn,42,105,0.829170584678649,0.24242424242424201,0.5,0,0,1,0,1,0,hist
1536,t20250530_11637639.html,2025-05-30,林剑,湖北广电记者,foreign,54,159,0.8889577388763421,0.18181818181818102,0.555555555555555,0,1,0,0,1,0,hist
1537,t20250530_11637639.html,2025-05-30,林剑,香港中评社记者,cn,99,199,0.8299322724342341,0.074074074074074,0.19354838709677402,0,0,1,0,1,0,hist
1538,t20250530_11637639.html,2025-05-30,林剑,彭博社记者,foreign,78,109,0.7237973809242241,0.058823529411764004,0.125,0,1,0,0,1,0,hist
1539,t20250530_11637639.html,2025-05-30,林剑,法新社记者,foreign,82,33,0.551138281822204,0.028571428571428,0.038461538461538006,1,1,0,0,3,1,hist
1540,t20250530_11637639.html,2025-05-30,林剑,路透社记者,foreign,56,128,0.7550475597381591,0.053571428571428006,0.15,0,1,1,0,2,1,hist
1541,t20250530_11637639.html,2025-05-30,林剑,日本广播协会记者,foreign,96,59,0.7106852531433101,0.13636363636363602,0.21428571428571402,0,1,0,0,2,1,hist
1542,t20250530_11637639.html,2025-05-30,林剑,路透社记者,foreign,93,139,0.7517706155776971,0.16129032258064502,0.35714285714285704,0,1,1,0,1,0,hist
1543,t20250603_11639624.html,2025-06-03,林剑,总台CGTN记者,cn,44,172,0.820625782012939,0.078125,0.29411764705882304,0,1,0,0,1,0,hist
1544,t20250603_11639624.html,2025-06-03,林剑,法新社记者,foreign,30,11,0.14025081694126101,0.0,0.0,1,1,0,0,1,0,hist
1545,t20250603_11639624.html,2025-06-03,林剑,共同社记者,foreign,62,96,0.7631320953369141,0.041666666666666005,0.105263157894736,0,1,0,0,1,0,hist
1546,t20250603_11639624.html,2025-06-03,林剑,总台华语环球节目中心记者,cn,51,67,0.5945279598236081,0.162162162162162,0.30000000000000004,0,1,0,0,1,0,hist
1547,t20250603_11639624.html,2025-06-03,林剑,埃菲社记者,foreign,35,15,0.538165152072906,0.055555555555555004,0.07142857142857101,0,1,0,0,1,0,hist
1548,t20250603_11639624.html,2025-06-03,林剑,香港中评社记者,cn,157,210,0.7178180217742921,0.07608695652173901,0.159090909090909,0,1,0,0,2,1,hist
1549,t20250603_11639624.html,2025-06-03,林剑,法新社记者,foreign,45,53,0.619026720523834,0.09090909090909001,0.17647058823529402,0,1,0,0,1,0,hist
1550,t20250603_11639624.html,2025-06-03,林剑,总台央视记者,cn,107,78,0.795617222785949,0.10714285714285701,0.18181818181818102,0,1,1,0,1,0,hist
1551,t20250603_11639624.html,2025-06-03,林剑,法新社记者,foreign,79,140,0.52480399608612,0.032258064516129004,0.09523809523809501,1,1,0,0,1,0,hist
1552,t20250603_11639624.html,2025-06-03,林剑,路透社记者,foreign,76,19,0.5345523953437801,0.028571428571428,0.034482758620689,0,1,1,0,1,0,hist
1553,t20250603_11639624.html,2025-06-03,林剑,日本广播协会记者,foreign,31,45,0.644549369812011,0.08,0.18181818181818102,0,0,0,0,1,0,hist
1554,t20250604_11640760.html,2025-06-04,林剑,新华社记者,cn,141,106,0.839947819709777,0.229508196721311,0.318181818181818,0,1,0,0,1,0,hist
1555,t20250604_11640760.html,2025-06-04,林剑,韩国CHANNEL　A电视台记者,foreign,67,110,0.7012695670127861,0.037735849056603,0.105263157894736,0,1,0,0,2,1,hist
1556,t20250604_11640760.html,2025-06-04,林剑,韩国新一社记者,foreign,55,74,0.6828565597534181,0.066666666666666,0.13636363636363602,0,1,0,0,1,0,hist
1557,t20250604_11640760.html,2025-06-04,林剑,总台国广记者,cn,48,134,0.810671269893646,0.15384615384615302,0.533333333333333,0,1,0,0,1,0,hist
1558,t20250604_11640760.html,2025-06-04,林剑,东方卫视记者,foreign,68,31,0.602202177047729,0.137931034482758,0.16666666666666602,0,1,0,0,1,0,hist
1559,t20250604_11640760.html,2025-06-04,林剑,《中国日报》记者,cn,80,114,0.663157522678375,0.087719298245614,0.185185185185185,0,1,1,0,1,0,hist
1560,t20250604_11640760.html,2025-06-04,林剑,法新社记者,foreign,58,53,0.350032091140747,0.026315789473684,0.045454545454545005,1,1,0,0,1,0,hist
1561,t20250605_11641731.html,2025-06-05,林剑,澎湃新闻记者,cn,77,150,0.7742344141006471,0.09375000000000001,0.23076923076923,0,1,0,0,1,0,hist
1562,t20250605_11641731.html,2025-06-05,林剑,法新社记者,foreign,67,29,0.17602890729904103,0.028571428571428,0.04,0,0,0,0,1,0,hist
1563,t20250605_11641731.html,2025-06-05,林剑,路透社记者,foreign,57,71,0.405734896659851,0.023255813953488,0.05,0,0,0,0,1,0,hist
1564,t20250605_11641731.html,2025-06-05,林剑,路透社记者,foreign,78,83,0.500673592090606,0.035714285714285005,0.066666666666666,0,1,0,0,1,0,hist
1565,t20250605_11641731.html,2025-06-05,林剑,日本广播协会记者,foreign,65,57,0.500803709030151,0.069767441860465,0.115384615384615,0,1,1,0,1,0,hist
1566,t20250605_11641731.html,2025-06-05,林剑,彭博社记者,foreign,59,19,0.29499146342277505,0.09090909090909001,0.11764705882352901,1,0,0,0,2,1,hist
1567,t20250606_11642615.html,2025-06-06,林剑,中新社记者,cn,69,137,0.653835833072662,0.109375,0.259259259259259,0,1,0,0,1,0,hist
1568,t20250606_11642615.html,2025-06-06,林剑,埃菲社记者,foreign,50,115,0.377679646015167,0.0,0.0,0,1,0,0,1,0,hist
1569,t20250606_11642615.html,2025-06-06,林剑,法新社记者,foreign,81,31,0.493551909923553,0.060606060606060004,0.08,0,1,1,0,1,0,hist
1570,t20250606_11642615.html,2025-06-06,林剑,俄新社记者,foreign,45,8,0.34792017936706504,0.055555555555555004,0.0625,0,1,0,0,2,1,hist
1571,t20250606_11642615.html,2025-06-06,林剑,路透社记者,foreign,74,13,0.06254030764102901,0.04,0.047619047619047006,0,1,1,0,1,0,hist
1572,t20250606_11642615.html,2025-06-06,林剑,深圳卫视记者,cn,151,172,0.7533324956893921,0.08641975308641901,0.189189189189189,0,1,0,0,1,0,hist
1573,t20250609_11643733.html,2025-06-09,林剑,中新社记者,cn,45,88,0.8332747220993041,0.16129032258064502,0.3125,0,1,0,0,1,0,hist
1574,t20250609_11643733.html,2025-06-09,林剑,路透社记者,foreign,64,41,0.5411911010742181,0.08571428571428501,0.130434782608695,0,1,0,0,2,1,hist
1575,t20250609_11643733.html,2025-06-09,林剑,共同社记者,foreign,36,49,0.6319416761398311,0.103448275862068,0.21428571428571402,0,1,0,0,1,0,hist
1576,t20250609_11643733.html,2025-06-09,林剑,法新社记者,foreign,75,37,0.511893510818481,0.0,0.0,0,1,1,0,1,0,hist
1577,t20250609_11643733.html,2025-06-09,林剑,路透社记者,foreign,72,50,0.6514267325401301,0.081081081081081,0.125,0,1,1,0,2,1,hist
1578,t20250610_11644977.html,2025-06-10,林剑,法新社记者,foreign,56,67,0.59499168395996,0.044444444444444,0.09090909090909001,0,1,0,0,1,0,hist
1579,t20250610_11644977.html,2025-06-10,林剑,《北京日报》记者,foreign,134,115,0.812923669815063,0.16666666666666602,0.28571428571428503,0,0,0,0,1,0,hist
1580,t20250610_11644977.html,2025-06-10,林剑,深圳卫视记者,cn,142,288,0.8063088655471801,0.082644628099173,0.22727272727272702,0,1,0,0,1,0,hist
1581,t20250611_11645752.html,2025-06-11,林剑,总台央视记者,cn,62,404,0.651882052421569,0.112068965517241,0.59090909090909,0,0,0,0,2,1,hist
1582,t20250611_11645752.html,2025-06-11,林剑,美联社记者,foreign,70,84,0.47108727693557706,0.075471698113207,0.148148148148148,0,0,1,0,1,0,hist
1583,t20250611_11645752.html,2025-06-11,林剑,日本广播协会记者,foreign,66,42,0.600138962268829,0.0625,0.105263157894736,0,0,0,0,1,0,hist
1584,t20250611_11645752.html,2025-06-11,林剑,《中国日报》记者,cn,102,10,0.08284832537174201,0.027027027027027,0.029411764705882002,0,1,1,0,1,0,hist
1585,t20250611_11645752.html,2025-06-11,林剑,法新社记者,foreign,59,21,0.22085289657115903,0.0,0.0,0,1,0,0,1,0,hist
1586,t20250612_11647042.html,2025-06-12,林剑,路透社记者,foreign,76,74,0.8036726117134091,0.17391304347826,0.30769230769230704,0,1,1,0,2,1,hist
1587,t20250612_11647042.html,2025-06-12,林剑,英国天空新闻频道记者,foreign,117,203,0.46101176738739,0.045977011494252006,0.11764705882352901,0,1,1,0,2,1,hist
1588,t20250612_11647042.html,2025-06-12,林剑,澎湃新闻记者,cn,120,130,0.7507906556129451,0.0625,0.11111111111111101,0,1,0,0,1,0,hist
1589,t20250612_11647042.html,2025-06-12,林剑,法新社记者,foreign,72,108,0.7929577827453611,0.065573770491803,0.15384615384615302,0,1,0,0,2,1,hist
1590,t20250612_11647042.html,2025-06-12,林剑,伊拉克如道电视台记者,foreign,126,42,0.6691957116127011,0.08163265306122401,0.102564102564102,0,1,1,0,2,1,hist
1591,t20250612_11647042.html,2025-06-12,林剑,《环球时报》记者,cn,58,86,0.6043177247047421,0.097560975609756,0.210526315789473,0,1,0,0,1,0,hist
1592,t20250612_11647042.html,2025-06-12,林剑,印度报业托拉斯记者,foreign,161,88,0.872538566589355,0.15625,0.24390243902439002,0,1,1,0,3,1,hist
1593,t20250612_11647042.html,2025-06-12,林剑,英国天空新闻频道记者,foreign,74,17,0.40347355604171703,0.0,0.0,0,0,0,0,2,1,hist
1594,t20250612_11647042.html,2025-06-12,林剑,《北京青年报》记者,foreign,31,34,0.7226569652557371,0.41176470588235203,0.583333333333333,0,1,0,0,1,0,hist
1595,t20250612_11647042.html,2025-06-12,林剑,彭博社记者,foreign,72,104,0.6378265619277951,0.034482758620689,0.08333333333333301,0,1,1,0,1,0,hist
1596,t20250612_11647042.html,2025-06-12,林剑,乌通社记者,foreign,106,61,0.6859500408172601,0.061224489795918005,0.08823529411764701,0,1,1,0,1,0,hist
1597,t20250612_11647042.html,2025-06-12,林剑,英国天空新闻频道记者,foreign,41,51,0.693000674247741,0.037037037037037,0.08333333333333301,0,1,0,0,1,0,hist
1598,t20250612_11647042.html,2025-06-12,林剑,埃菲社记者,foreign,66,78,0.682475388050079,0.085106382978723,0.18181818181818102,0,1,0,0,1,0,hist
1599,t20250613_11648029.html,2025-06-13,林剑,半岛电视台记者,foreign,33,139,0.6760406494140621,0.072727272727272,0.28571428571428503,0,1,0,0,1,0,hist
1600,t20250613_11648029.html,2025-06-13,林剑,新华社记者,cn,44,140,0.685193300247192,0.113207547169811,0.375,0,1,0,0,1,0,hist
1601,t20250613_11648029.html,2025-06-13,林剑,总台央视记者,cn,78,146,0.47707903385162304,0.043478260869565,0.12,0,0,0,0,1,0,hist
1602,t20250613_11648029.html,2025-06-13,林剑,中新社记者,cn,35,90,0.7572828531265251,0.108108108108108,0.28571428571428503,0,1,0,0,1,0,hist
1603,t20250613_11648029.html,2025-06-13,林剑,《中国日报》记者,cn,41,143,0.8093577623367311,0.15384615384615302,0.5,0,1,0,0,1,0,hist
1604,t20250613_11648029.html,2025-06-13,林剑,法新社记者,foreign,43,95,0.662183165550231,0.09523809523809501,0.25,0,1,0,0,1,0,hist
1605,t20250613_11648029.html,2025-06-13,林剑,湖北广电记者,foreign,77,129,0.5301657915115351,0.072727272727272,0.17391304347826,0,0,0,0,1,0,hist
1606,t20250613_11648029.html,2025-06-13,林剑,彭博社记者,foreign,65,83,0.5219210982322691,0.02127659574468,0.055555555555555004,0,1,0,0,1,0,hist
1607,t20250613_11648029.html,2025-06-13,林剑,路透社记者,foreign,87,66,0.403200328350067,0.02,0.034482758620689,0,1,0,0,1,0,hist
1608,t20250613_11648029.html,2025-06-13,林剑,法新社记者,foreign,70,151,0.6369835138320921,0.016393442622950002,0.045454545454545005,0,1,0,0,2,1,hist
1609,t20250616_11649328.html,2025-06-16,郭嘉昆,总台CGTN记者,cn,124,276,0.6464465260505671,0.1,0.256410256410256,0,1,0,0,2,1,hist
1610,t20250616_11649328.html,2025-06-16,郭嘉昆,伊拉克如道电视台记者,foreign,83,80,0.766944766044616,0.09433962264150901,0.17857142857142802,0,1,1,0,2,1,hist
1611,t20250616_11649328.html,2025-06-16,郭嘉昆,总台央视记者,cn,39,67,0.8070300817489621,0.15151515151515102,0.33333333333333304,0,1,0,0,1,0,hist
1612,t20250616_11649328.html,2025-06-16,郭嘉昆,法新社记者,foreign,69,156,0.83134514093399,0.138461538461538,0.36,0,1,1,0,2,1,hist
1613,t20250616_11649328.html,2025-06-16,郭嘉昆,《环球时报》记者,cn,168,48,0.596021354198455,0.105263157894736,0.125,0,1,0,0,1,0,hist
1614,t20250616_11649328.html,2025-06-16,郭嘉昆,日本广播协会记者,foreign,90,165,0.6717955470085141,0.10606060606060601,0.25,0,1,1,0,1,0,hist
1615,t20250616_11649328.html,2025-06-16,郭嘉昆,法新社记者,foreign,106,94,0.701667666435241,0.033898305084745,0.0625,1,1,1,0,2,1,hist
1616,t20250616_11649328.html,2025-06-16,郭嘉昆,彭博社记者,foreign,125,72,0.5442379713058471,0.016393442622950002,0.025641025641025002,0,0,1,0,1,0,hist
1617,t20250617_11651778.html,2025-06-17,郭嘉昆,总台央视记者,cn,35,136,0.5605529546737671,0.072727272727272,0.30769230769230704,0,1,0,0,1,0,hist
1618,t20250617_11651778.html,2025-06-17,郭嘉昆,总台CGTN记者,cn,57,157,0.7254167795181271,0.11864406779661,0.35000000000000003,0,1,1,0,1,0,hist
1619,t20250617_11651778.html,2025-06-17,郭嘉昆,阿纳多卢通讯社记者,foreign,105,113,0.500557661056518,0.027777777777777003,0.054054054054054,0,1,1,0,2,1,hist
1620,t20250617_11651778.html,2025-06-17,郭嘉昆,中新社记者,cn,68,114,0.8336278200149531,0.132075471698113,0.291666666666666,0,1,0,0,1,0,hist
1621,t20250617_11651778.html,2025-06-17,郭嘉昆,彭博社记者,foreign,80,103,0.5880500674247741,0.134615384615384,0.259259259259259,0,1,0,0,1,0,hist
1622,t20250617_11651778.html,2025-06-17,郭嘉昆,埃菲社记者,foreign,51,80,0.635974645614624,0.11111111111111101,0.23529411764705802,0,1,0,0,1,0,hist
1623,t20250617_11651778.html,2025-06-17,郭嘉昆,阿纳多卢通讯社记者,foreign,100,109,0.365882039070129,0.029850746268656,0.06451612903225801,0,1,0,0,1,0,hist
1624,t20250617_11651778.html,2025-06-17,郭嘉昆,东方卫视记者,foreign,91,227,0.8392843604087831,0.125,0.33333333333333304,0,1,1,0,1,0,hist
1625,t20250617_11651778.html,2025-06-17,郭嘉昆,乌通社记者,foreign,119,138,0.7318236231803891,0.09090909090909001,0.157894736842105,0,1,0,0,1,0,hist
1626,t20250617_11651778.html,2025-06-17,郭嘉昆,阿纳多卢通讯社记者,foreign,56,56,0.7596298456192011,0.108108108108108,0.2,0,1,0,0,2,1,hist
1627,t20250617_11651778.html,2025-06-17,郭嘉昆,阿纳多卢通讯社记者,foreign,43,84,0.647682130336761,0.093023255813953,0.23529411764705802,0,1,0,1,1,0,hist
1628,t20250617_11651778.html,2025-06-17,郭嘉昆,深圳卫视记者,cn,124,162,0.7114903330802911,0.11111111111111101,0.257142857142857,0,1,0,0,1,0,hist
1629,t20250617_11651778.html,2025-06-17,郭嘉昆,阿纳多卢通讯社记者,foreign,67,100,0.810559689998626,0.14285714285714202,0.30000000000000004,0,1,0,0,1,0,hist
1630,t20250617_11651778.html,2025-06-17,郭嘉昆,彭博社记者,foreign,44,72,0.467403918504714,0.023809523809523003,0.0625,0,0,1,0,1,0,hist
1631,t20250618_11652470.html,2025-06-18,郭嘉昆,总台央视记者,cn,85,163,0.784409582614898,0.112676056338028,0.296296296296296,0,1,0,0,1,0,hist
1632,t20250618_11652470.html,2025-06-18,郭嘉昆,总台华语环球节目中心记者,cn,43,151,0.721337556838989,0.16326530612244802,0.5,0,1,0,0,1,0,hist
1633,t20250618_11652470.html,2025-06-18,郭嘉昆,深圳卫视记者,cn,119,41,0.200215876102447,0.037037037037037,0.047619047619047006,0,1,1,0,1,0,hist
1634,t20250618_11652470.html,2025-06-18,郭嘉昆,韩联社记者,foreign,78,19,0.43948280811309803,0.0,0.0,0,1,0,0,1,0,hist
1635,t20250618_11652470.html,2025-06-18,郭嘉昆,彭博社记者,foreign,118,111,0.731175243854522,0.125,0.25806451612903203,1,1,0,1,1,0,hist
1636,t20250618_11652470.html,2025-06-18,郭嘉昆,《中国日报》记者,cn,123,93,0.694707632064819,0.18032786885245902,0.28205128205128205,0,1,1,0,1,0,hist
1637,t20250618_11652470.html,2025-06-18,郭嘉昆,法新社记者,foreign,68,41,0.361073970794677,0.0625,0.09090909090909001,0,1,0,0,1,0,hist
1638,t20250618_11652470.html,2025-06-18,郭嘉昆,彭博社记者,foreign,111,130,0.435696244239807,0.025,0.058823529411764004,0,1,0,0,1,0,hist
1639,t20250618_11652470.html,2025-06-18,郭嘉昆,路透社记者,foreign,116,131,0.878706097602844,0.185185185185185,0.33333333333333304,0,1,0,0,3,1,hist
1640,t20250618_11652470.html,2025-06-18,郭嘉昆,彭博社记者,foreign,43,63,0.849261283874511,0.125,0.25,0,0,0,0,1,0,hist
1641,t20250618_11652470.html,2025-06-18,郭嘉昆,《北京青年报》记者,foreign,35,148,0.7850791215896601,0.133333333333333,0.4,0,1,0,0,1,0,hist
1642,t20250618_11652470.html,2025-06-18,郭嘉昆,路透社记者,foreign,94,186,0.695148766040802,0.07058823529411701,0.2,1,1,1,0,2,1,hist
1643,t20250618_11652470.html,2025-06-18,郭嘉昆,彭博社记者,foreign,128,85,0.636598348617553,0.08064516129032201,0.128205128205128,0,1,1,1,1,0,hist
1644,t20250618_11652470.html,2025-06-18,郭嘉昆,路透社记者,foreign,60,91,0.7966784238815301,0.194444444444444,0.36842105263157804,0,1,0,0,3,1,hist
1645,t20250619_11653316.html,2025-06-19,郭嘉昆,路透社记者,foreign,75,129,0.653072357177734,0.125,0.30434782608695604,0,1,0,0,1,0,hist
1646,t20250619_11653316.html,2025-06-19,郭嘉昆,中阿卫视记者,foreign,111,135,0.653191745281219,0.067567567567567,0.15151515151515102,0,1,1,0,1,0,hist
1647,t20250619_11653316.html,2025-06-19,郭嘉昆,彭博社记者,foreign,63,139,0.26958423852920504,0.014285714285714,0.043478260869565,0,0,0,0,1,0,hist
1648,t20250619_11653316.html,2025-06-19,郭嘉昆,香港无线电视记者,cn,121,197,0.739709079265594,0.068965517241379,0.16666666666666602,0,0,1,0,1,0,hist
1649,t20250619_11653316.html,2025-06-19,郭嘉昆,法新社记者,foreign,50,69,0.685149013996124,0.16666666666666602,0.277777777777777,0,1,0,0,2,1,hist
1650,t20250619_11653316.html,2025-06-19,郭嘉昆,日本广播协会记者,foreign,69,87,0.6184345483779901,0.018867924528301,0.037037037037037,0,1,0,0,2,1,hist
1651,t20250619_11653316.html,2025-06-19,郭嘉昆,中阿卫视记者,foreign,75,149,0.758907198905944,0.126984126984126,0.36363636363636304,0,1,0,0,1,0,hist
1652,t20250619_11653316.html,2025-06-19,郭嘉昆,法新社记者,foreign,79,76,0.521658420562744,0.054545454545454,0.10714285714285701,0,1,1,0,2,1,hist
1653,t20250620_11654029.html,2025-06-20,郭嘉昆,总台央视记者,cn,58,111,0.828112602233886,0.04,0.08695652173913,0,1,0,0,3,1,hist
1654,t20250620_11654029.html,2025-06-20,郭嘉昆,路透社记者,foreign,70,111,0.6415863037109371,0.127272727272727,0.291666666666666,0,1,0,0,2,1,hist
1655,t20250620_11654029.html,2025-06-20,郭嘉昆,路透社记者,foreign,75,72,0.534248709678649,0.022222222222222,0.037037037037037,0,1,1,0,1,0,hist
1656,t20250620_11654029.html,2025-06-20,郭嘉昆,法新社记者,foreign,49,41,0.15137092769145902,0.038461538461538006,0.066666666666666,0,0,0,0,1,0,hist
1657,t20250620_11654029.html,2025-06-20,郭嘉昆,《北京日报》记者,foreign,101,309,0.704567492008209,0.035087719298245,0.11764705882352901,0,1,0,0,1,0,hist
1658,t20250620_11654029.html,2025-06-20,郭嘉昆,法新社记者,foreign,33,38,0.40183347463607705,0.038461538461538006,0.07692307692307601,0,1,0,0,1,0,hist
1659,t20250620_11654029.html,2025-06-20,郭嘉昆,彭博社记者,foreign,80,71,0.539213776588439,0.058823529411764004,0.103448275862068,0,1,1,0,2,1,hist
1660,t20250620_11654029.html,2025-06-20,郭嘉昆,法新社记者,foreign,64,142,0.461479365825653,0.015873015873015,0.05,1,1,0,0,1,0,hist
1661,t20250620_11654029.html,2025-06-20,郭嘉昆,彭博社记者,foreign,72,116,0.762860417366027,0.07142857142857101,0.18181818181818102,0,1,0,0,1,0,hist
1662,t20250623_11655121.html,2025-06-23,郭嘉昆,总台央视记者,cn,43,143,0.599531233310699,0.04918032786885201,0.2,0,1,0,0,1,0,hist
1663,t20250623_11655121.html,2025-06-23,郭嘉昆,中新社记者,cn,45,158,0.799615263938903,0.11111111111111101,0.4375,0,1,0,0,1,0,hist
1664,t20250623_11655121.html,2025-06-23,郭嘉昆,阿纳多卢通讯社记者,foreign,75,123,0.743379950523376,0.044776119402985,0.12,0,1,1,0,2,1,hist
1665,t20250623_11655121.html,2025-06-23,郭嘉昆,《北京青年报》记者,foreign,62,201,0.650792717933654,0.08064516129032201,0.23809523809523803,0,1,0,0,1,0,hist
1666,t20250623_11655121.html,2025-06-23,郭嘉昆,中阿卫视记者,foreign,62,87,0.390216678380966,0.038461538461538006,0.09523809523809501,0,1,0,0,2,1,hist
1667,t20250623_11655121.html,2025-06-23,郭嘉昆,《中国日报》记者,cn,51,105,0.903120160102844,0.257142857142857,0.529411764705882,0,1,0,0,1,0,hist
1668,t20250623_11655121.html,2025-06-23,郭嘉昆,法新社记者,foreign,91,22,0.34461486339569003,0.125,0.133333333333333,0,1,0,0,2,1,hist
1669,t20250623_11655121.html,2025-06-23,郭嘉昆,乌通社记者,foreign,192,106,0.551418364048004,0.048192771084337005,0.075471698113207,0,0,0,0,2,1,hist
1670,t20250623_11655121.html,2025-06-23,郭嘉昆,阿纳多卢通讯社记者,foreign,80,22,0.33479076623916604,0.030303030303030002,0.035714285714285005,0,1,0,0,2,1,hist
1671,t20250623_11655121.html,2025-06-23,郭嘉昆,中阿卫视记者,foreign,65,48,0.47147297859191806,0.054054054054054,0.09523809523809501,0,1,0,0,2,1,hist
1672,t20250624_11657850.html,2025-06-24,郭嘉昆,总台央视记者,cn,54,127,0.360322088003158,0.018181818181818,0.055555555555555004,0,1,0,0,1,0,hist
1673,t20250624_11657850.html,2025-06-24,郭嘉昆,巴西《圣保罗页报》记者,foreign,44,130,0.391670405864715,0.052631578947368,0.21428571428571402,0,1,0,0,2,1,hist
1674,t20250624_11657850.html,2025-06-24,郭嘉昆,阿纳多卢通讯社记者,foreign,27,115,0.587332725524902,0.042553191489361,0.18181818181818102,0,1,0,0,1,0,hist
1675,t20250624_11657850.html,2025-06-24,郭嘉昆,彭博社记者,foreign,75,93,0.70449548959732,0.058823529411764004,0.130434782608695,0,1,0,0,2,1,hist
1676,t20250624_11657850.html,2025-06-24,郭嘉昆,彭博社记者,foreign,34,56,0.507450759410858,0.03125,0.09090909090909001,0,0,0,0,1,0,hist
1677,t20250624_11657850.html,2025-06-24,郭嘉昆,深圳卫视记者,cn,58,208,0.75268268585205,0.09375000000000001,0.33333333333333304,0,1,0,0,1,0,hist
1678,t20250624_11657850.html,2025-06-24,郭嘉昆,印度报业托拉斯记者,foreign,35,31,0.903333067893981,0.44444444444444403,0.5714285714285711,0,0,0,0,1,0,hist
1679,t20250624_11657850.html,2025-06-24,郭嘉昆,《环球时报》记者,cn,57,123,0.7548528909683221,0.21951219512195103,0.47368421052631504,0,1,0,0,1,0,hist
1680,t20250625_11658600.html,2025-06-25,郭嘉昆,总台央视记者,cn,54,82,0.586283385753631,0.11363636363636301,0.23809523809523803,0,1,1,0,1,0,hist
1681,t20250625_11658600.html,2025-06-25,郭嘉昆,法新社记者,foreign,46,95,0.6295837163925171,0.17073170731707302,0.4375,0,1,0,0,1,0,hist
1682,t20250625_11658600.html,2025-06-25,郭嘉昆,伊拉克如道电视台记者,foreign,38,48,0.6995333433151241,0.068965517241379,0.15384615384615302,0,1,0,0,2,1,hist
1683,t20250625_11658600.html,2025-06-25,郭嘉昆,路透社记者,foreign,89,24,0.43149083852767905,0.029411764705882002,0.04,0,1,1,0,2,1,hist
1684,t20250625_11658600.html,2025-06-25,郭嘉昆,共同社记者,foreign,55,105,0.6936877369880671,0.08163265306122401,0.22222222222222202,0,1,0,0,1,0,hist
1685,t20250625_11658600.html,2025-06-25,郭嘉昆,法新社记者,foreign,77,127,0.46881949901580805,0.033333333333333,0.08333333333333301,0,1,1,0,1,0,hist
1686,t20250626_11659416.html,2025-06-26,郭嘉昆,总台央视记者,cn,126,98,0.698449611663818,0.130434782608695,0.21951219512195103,0,1,0,0,1,0,hist
1687,t20250626_11659416.html,2025-06-26,郭嘉昆,总台CGTN记者,cn,47,172,0.678816258907318,0.066666666666666,0.28571428571428503,0,1,0,0,1,0,hist
1688,t20250626_11659416.html,2025-06-26,郭嘉昆,路透社记者,foreign,89,59,0.684921979904174,0.08333333333333301,0.14285714285714202,0,1,0,0,1,0,hist
1689,t20250626_11659416.html,2025-06-26,郭嘉昆,日本广播协会记者,foreign,63,10,0.092454314231872,0.0,0.0,0,1,1,0,1,0,hist
1690,t20250627_11660512.html,2025-06-27,郭嘉昆,总台央视记者,cn,30,242,0.589313983917236,0.060240963855421006,0.384615384615384,0,1,0,0,1,0,hist
1691,t20250627_11660512.html,2025-06-27,郭嘉昆,凤凰卫视记者,cn,59,46,0.7013202309608461,0.14705882352941102,0.25,0,1,0,0,1,0,hist
1692,t20250627_11660512.html,2025-06-27,郭嘉昆,总台华语环球节目中心记者,cn,26,107,0.6874151825904841,0.1,0.36363636363636304,0,0,0,0,2,1,hist
1693,t20250627_11660512.html,2025-06-27,郭嘉昆,路透社记者,foreign,47,64,0.624380707740783,0.08571428571428501,0.21428571428571402,0,1,0,0,1,0,hist
1694,t20250627_11660512.html,2025-06-27,郭嘉昆,湖北广电记者,foreign,35,125,0.42796951532363803,0.0,0.0,0,1,0,0,1,0,hist
1695,t20250627_11660512.html,2025-06-27,郭嘉昆,法新社记者,foreign,70,104,0.6718042492866511,0.105263157894736,0.23076923076923,0,1,1,0,2,1,hist
1696,t20250627_11660512.html,2025-06-27,郭嘉昆,埃菲社记者,foreign,46,238,0.578545689582824,0.036585365853658,0.17647058823529402,0,1,0,0,2,1,hist
1697,t20250627_11660512.html,2025-06-27,郭嘉昆,《北京日报》记者,foreign,70,124,0.581090807914733,0.06451612903225801,0.18181818181818102,0,1,0,0,2,1,hist
1698,t20250627_11660512.html,2025-06-27,郭嘉昆,朝日电视台记者,foreign,116,128,0.6700145602226251,0.107692307692307,0.21875000000000003,0,1,0,0,2,1,hist
1699,t20250627_11660512.html,2025-06-27,郭嘉昆,路透社记者,foreign,88,22,0.34644860029220503,0.029411764705882002,0.037037037037037,0,1,0,0,2,1,hist
1700,t20250627_11660512.html,2025-06-27,郭嘉昆,伊拉克如道电视台记者,foreign,67,53,0.6303194761276241,0.114285714285714,0.19047619047619002,0,1,0,0,2,1,hist
1701,t20250627_11660512.html,2025-06-27,郭嘉昆,塔斯社记者,foreign,31,42,0.8033932447433471,0.26315789473684204,0.45454545454545403,0,1,0,0,1,0,hist
1702,t20250630_11661730.html,2025-06-30,毛宁,总台央视记者,cn,47,123,0.6850566864013671,0.057692307692307,0.16666666666666602,0,1,0,0,1,0,hist
1703,t20250630_11661730.html,2025-06-30,毛宁,湖北广电记者,foreign,31,86,0.6036797165870661,0.025,0.08333333333333301,0,1,1,0,1,0,hist
1704,t20250630_11661730.html,2025-06-30,毛宁,中阿卫视记者,foreign,65,70,0.50085711479187,0.024390243902439,0.052631578947368,1,1,0,0,1,0,hist
1705,t20250630_11661730.html,2025-06-30,毛宁,深圳卫视记者,cn,156,121,0.698549568653106,0.09638554216867401,0.16326530612244802,0,1,0,0,2,1,hist
1706,t20250630_11661730.html,2025-06-30,毛宁,彭博社记者,foreign,82,26,0.584779262542724,0.068965517241379,0.08695652173913,0,1,0,0,2,1,hist
1707,t20250630_11661730.html,2025-06-30,毛宁,印度报业托拉斯记者,foreign,147,226,0.8437998294830321,0.09375000000000001,0.1875,0,1,0,0,2,1,hist
1708,t20250630_11661730.html,2025-06-30,毛宁,法新社记者,foreign,75,91,0.659825325012207,0.0625,0.125,0,1,1,0,1,0,hist
1709,t20250630_11661730.html,2025-06-30,毛宁,彭博社记者,foreign,70,66,0.47381871938705405,0.08695652173913,0.16,0,1,0,0,3,1,hist
1710,t20250630_11661730.html,2025-06-30,毛宁,共同社记者,foreign,55,47,0.299948573112487,0.035714285714285005,0.07692307692307601,0,1,0,0,1,0,hist
1711,t20250630_11661730.html,2025-06-30,毛宁,彭博社记者,foreign,60,64,0.415794491767883,0.102564102564102,0.19047619047619002,1,1,0,0,2,1,hist
1712,t20250630_11661730.html,2025-06-30,毛宁,法新社记者,foreign,117,24,0.305578112602233,0.052631578947368,0.060606060606060004,1,1,0,0,3,1,hist
1713,t20250630_11661730.html,2025-06-30,毛宁,法新社记者,foreign,69,30,0.24108353257179202,0.09375000000000001,0.130434782608695,1,1,0,0,1,0,hist
1714,t20250701_11662767.html,2025-07-01,毛宁,《北京青年报》记者,foreign,111,112,0.8688639998435971,0.16923076923076902,0.275,0,0,1,0,1,0,hist
1715,t20250701_11662767.html,2025-07-01,毛宁,法新社记者,foreign,49,34,0.501729846000671,0.074074074074074,0.11111111111111101,0,0,0,0,1,0,hist
1716,t20250701_11662767.html,2025-07-01,毛宁,法新社记者,foreign,78,55,0.396593362092971,0.043478260869565,0.068965517241379,0,1,1,0,1,0,hist
1717,t20250701_11662767.html,2025-07-01,毛宁,彭博社记者,foreign,45,56,0.7180564999580381,0.09677419354838701,0.1875,0,1,1,0,2,1,hist
1718,t20250702_11663615.html,2025-07-02,毛宁,总台华语环球节目中心记者,cn,27,66,0.280316412448883,0.066666666666666,0.2,0,1,0,0,1,0,hist
1719,t20250702_11663615.html,2025-07-02,毛宁,韩联社记者,foreign,52,85,0.664775013923645,0.102564102564102,0.22222222222222202,0,1,0,0,1,0,hist
1720,t20250702_11663615.html,2025-07-02,毛宁,总台央视记者,cn,47,136,0.6011942028999321,0.048387096774193006,0.157894736842105,0,1,0,0,1,0,hist
1721,t20250702_11663615.html,2025-07-02,毛宁,中新社记者,cn,104,69,0.6129719018936151,0.054545454545454,0.08571428571428501,0,0,0,0,1,0,hist
1722,t20250702_11663615.html,2025-07-02,毛宁,法新社记者,foreign,52,48,0.6962142586708061,0.058823529411764004,0.1,0,1,1,0,1,0,hist
1723,t20250702_11663615.html,2025-07-02,毛宁,彭博社记者,foreign,59,52,0.547615826129913,0.024390243902439,0.045454545454545005,0,1,1,0,1,0,hist
1724,t20250702_11663615.html,2025-07-02,毛宁,澎湃新闻记者,cn,92,107,0.725596606731414,0.046875,0.08823529411764701,0,1,0,0,1,0,hist
1725,t20250702_11663615.html,2025-07-02,毛宁,印度报业托拉斯记者,foreign,28,185,0.5361475944519041,0.116666666666666,0.636363636363636,0,1,0,0,1,0,hist
1726,t20250702_11663615.html,2025-07-02,毛宁,乌通社记者,foreign,119,43,0.5831303596496581,0.057692307692307,0.069767441860465,0,1,1,1,2,1,hist
1727,t20250703_11664482.html,2025-07-03,毛宁,总台央视记者,cn,90,102,0.6532877087593071,0.047619047619047006,0.08571428571428501,0,0,0,0,2,1,hist
1728,t20250703_11664482.html,2025-07-03,毛宁,法新社记者,foreign,51,123,0.53332245349884,0.061224489795918005,0.16666666666666602,0,1,1,0,1,0,hist
1729,t20250703_11664482.html,2025-07-03,毛宁,《环球时报》记者,cn,87,167,0.6765958070755,0.025641025641025002,0.06451612903225801,0,1,1,0,1,0,hist
1730,t20250703_11664482.html,2025-07-03,毛宁,路透社记者,foreign,94,78,0.7701290845870971,0.11764705882352901,0.19354838709677402,0,1,1,1,2,1,hist
1731,t20250703_11664482.html,2025-07-03,毛宁,彭博社记者,foreign,67,45,0.35669943690299905,0.028571428571428,0.055555555555555004,0,1,1,0,1,0,hist
1732,t20250704_11665456.html,2025-07-04,毛宁,新华社记者,cn,34,111,0.693098306655883,0.157894736842105,0.5454545454545451,0,1,0,0,1,0,hist
1733,t20250704_11665456.html,2025-07-04,毛宁,彭博社记者,foreign,41,60,0.5545773506164551,0.09375000000000001,0.1875,0,1,0,0,1,0,hist
1734,t20250704_11665456.html,2025-07-04,毛宁,西班牙《国家报》记者,foreign,55,138,0.6611974239349361,0.033898305084745,0.105263157894736,0,1,0,0,1,0,hist
1735,t20250704_11665456.html,2025-07-04,毛宁,法新社记者,foreign,54,141,0.6186063885688781,0.072727272727272,0.2,0,1,0,0,2,1,hist
1736,t20250704_11665456.html,2025-07-04,毛宁,法新社记者,foreign,49,82,0.5426146984100341,0.045454545454545005,0.11111111111111101,0,1,1,0,1,0,hist
1737,t20250704_11665456.html,2025-07-04,毛宁,路透社记者,foreign,51,17,0.38669824600219704,0.0,0.0,0,1,0,0,1,0,hist
1738,t20250707_11666634.html,2025-07-07,毛宁,总台央视记者,cn,71,89,0.7810593843460081,0.07843137254901901,0.148148148148148,0,1,0,0,2,1,hist
1739,t20250707_11666634.html,2025-07-07,毛宁,总台CGTN记者,cn,43,115,0.6473894119262691,0.11904761904761901,0.35714285714285704,0,0,0,0,1,0,hist
1740,t20250707_11666634.html,2025-07-07,毛宁,法新社记者,foreign,81,50,0.14581885933876002,0.052631578947368,0.08695652173913,0,1,1,0,1,0,hist
1741,t20250707_11666634.html,2025-07-07,毛宁,印度报业托拉斯记者,foreign,225,160,0.6086437702178951,0.053191489361702,0.086206896551724,0,1,1,0,1,0,hist
1742,t20250707_11666634.html,2025-07-07,毛宁,路透社记者,foreign,107,80,0.46127304434776306,0.09433962264150901,0.15151515151515102,0,1,1,0,2,1,hist
1743,t20250707_11666634.html,2025-07-07,毛宁,法新社记者,foreign,73,11,0.06961795687675401,0.0,0.0,0,1,0,0,1,0,hist
1744,t20250707_11666634.html,2025-07-07,毛宁,《环球时报》记者,cn,67,72,0.5079488754272461,0.022222222222222,0.043478260869565,0,1,0,0,1,0,hist
1745,t20250707_11666634.html,2025-07-07,毛宁,法新社记者,foreign,101,47,0.44006264209747303,0.039215686274509005,0.058823529411764004,0,1,1,0,2,1,hist
1746,t20250707_11666634.html,2025-07-07,毛宁,彭博社记者,foreign,75,24,0.587674260139465,0.074074074074074,0.09090909090909001,0,1,0,0,1,0,hist
1747,t20250707_11666634.html,2025-07-07,毛宁,路透社记者,foreign,96,126,0.5461043715476991,0.06153846153846101,0.14285714285714202,1,1,0,0,2,1,hist
1748,t20250708_11667257.html,2025-07-08,毛宁,新华社记者,cn,89,334,0.5931708812713621,0.10655737704918,0.41935483870967705,0,1,0,0,2,1,hist
1749,t20250708_11667257.html,2025-07-08,毛宁,《北京青年报》记者,foreign,39,109,0.581902623176574,0.09090909090909001,0.28571428571428503,0,1,0,0,1,0,hist
1750,t20250708_11667257.html,2025-07-08,毛宁,总台华语环球节目中心记者,cn,54,106,0.525634944438934,0.042553191489361,0.11764705882352901,0,1,0,0,2,1,hist
1751,t20250708_11667257.html,2025-07-08,毛宁,香港无线电视记者,cn,64,104,0.33750128746032704,0.037735849056603,0.1,0,1,0,0,1,0,hist
1752,t20250708_11667257.html,2025-07-08,毛宁,彭博社记者,foreign,39,13,0.149420976638793,0.0,0.0,1,0,0,0,1,0,hist
1753,t20250708_11667257.html,2025-07-08,毛宁,彭博社记者,foreign,68,64,0.39621174335479703,0.073170731707317,0.12,0,0,1,0,2,1,hist
1754,t20250708_11667257.html,2025-07-08,毛宁,彭博社记者,foreign,46,16,0.6966253519058221,0.09523809523809501,0.11764705882352901,1,1,0,0,1,0,hist
1755,t20250709_11668031.html,2025-07-09,毛宁,深圳卫视记者,cn,45,95,0.7773358821868891,0.27272727272727204,0.6000000000000001,0,1,1,0,1,0,hist
1756,t20250709_11668031.html,2025-07-09,毛宁,塔斯社记者,foreign,114,33,0.536407709121704,0.06818181818181801,0.081081081081081,0,1,0,0,2,1,hist
1757,t20250709_11668031.html,2025-07-09,毛宁,共同社记者,foreign,32,44,0.7860308289527891,0.18181818181818102,0.4,0,1,0,0,1,0,hist
1758,t20250709_11668031.html,2025-07-09,毛宁,法新社记者,foreign,75,28,0.386547863483428,0.078947368421052,0.1,0,1,0,0,1,0,hist
1759,t20250709_11668031.html,2025-07-09,毛宁,中新社记者,cn,88,82,0.453273236751556,0.06,0.115384615384615,0,0,0,0,1,0,hist
1760,t20250709_11668031.html,2025-07-09,毛宁,法新社记者,foreign,78,52,0.37401267886161804,0.0,0.0,0,0,1,0,1,0,hist
1761,t20250709_11668031.html,2025-07-09,毛宁,法新社记者,foreign,60,90,0.6551600694656371,0.07692307692307601,0.17391304347826,0,1,0,0,1,0,hist
1762,t20250709_11668031.html,2025-07-09,毛宁,彭博社记者,foreign,115,124,0.710287153720855,0.07042253521126701,0.128205128205128,0,1,0,0,1,0,hist
1763,t20250710_11668736.html,2025-07-10,毛宁,澎湃新闻记者,cn,47,100,0.732393264770507,0.058823529411764004,0.17647058823529402,0,1,0,0,2,1,hist
1764,t20250710_11668736.html,2025-07-10,毛宁,法新社记者,foreign,42,39,0.516887068748474,0.074074074074074,0.11764705882352901,0,1,1,0,1,0,hist
1765,t20250710_11668736.html,2025-07-10,毛宁,共同社记者,foreign,39,68,0.7541024684906,0.16129032258064502,0.35714285714285704,0,1,0,0,2,1,hist
1766,t20250710_11668736.html,2025-07-10,毛宁,总台中国之声记者,cn,60,67,0.5254439115524291,0.075,0.14285714285714202,0,1,0,0,1,0,hist
1767,t20250710_11668736.html,2025-07-10,毛宁,法新社记者,foreign,37,11,0.10282973945140801,0.0,0.0,0,1,1,0,2,1,hist
1768,t20250710_11668736.html,2025-07-10,毛宁,法新社记者,foreign,42,55,0.492626786231994,0.133333333333333,0.28571428571428503,0,1,1,0,1,0,hist
1769,t20250710_11668736.html,2025-07-10,毛宁,路透社记者,foreign,92,107,0.7765672206878661,0.13725490196078402,0.30434782608695604,0,1,1,0,2,1,hist
1770,t20250711_11669555.html,2025-07-11,毛宁,《北京日报》记者,foreign,33,341,0.7042045593261711,0.043859649122807,0.45454545454545403,0,0,0,0,1,0,hist
1771,t20250711_11669555.html,2025-07-11,毛宁,法新社记者,foreign,67,115,0.45232385396957403,0.033333333333333,0.08695652173913,1,1,0,0,1,0,hist
1772,t20250711_11669555.html,2025-07-11,毛宁,香港中评社记者,cn,51,56,0.8104916214942931,0.185185185185185,0.26315789473684204,0,0,0,0,1,0,hist
1773,t20250711_11669555.html,2025-07-11,毛宁,路透社记者,foreign,100,77,0.611475050449371,0.034482758620689,0.0625,0,1,0,0,4,1,hist
1774,t20250711_11669555.html,2025-07-11,毛宁,中新社记者,cn,77,57,0.338173031806945,0.046511627906976,0.074074074074074,0,1,1,0,1,0,hist
1775,t20250711_11669555.html,2025-07-11,毛宁,共同社记者,foreign,28,21,0.28936538100242604,0.0,0.0,1,0,0,0,0,0,hist
1776,t20250711_11669555.html,2025-07-11,毛宁,路透社记者,foreign,41,38,0.5435831546783441,0.032258064516129004,0.0625,0,1,0,0,1,0,hist
1777,t20250711_11669555.html,2025-07-11,毛宁,法新社记者,foreign,44,25,0.34263932704925504,0.09523809523809501,0.14285714285714202,1,0,0,0,1,0,hist
1778,t20250711_11669555.html,2025-07-11,毛宁,湖北广电记者,foreign,100,82,0.723277568817138,0.074074074074074,0.11764705882352901,0,1,0,0,1,0,hist
1779,t20250711_11669555.html,2025-07-11,毛宁,路透社记者,foreign,25,26,0.799163460731506,0.5454545454545451,0.6666666666666661,0,0,0,0,1,0,hist
1780,t20250714_11670406.html,2025-07-14,林剑,总台央视记者,cn,54,115,0.8180373907089231,0.130434782608695,0.31578947368421,0,1,0,0,1,0,hist
1781,t20250714_11670406.html,2025-07-14,林剑,印度报业托拉斯记者,foreign,27,36,0.78505527973175,0.33333333333333304,0.5454545454545451,0,0,0,0,1,0,hist
1782,t20250714_11670406.html,2025-07-14,林剑,《北京日报》记者,foreign,63,81,0.590112924575805,0.078947368421052,0.16666666666666602,0,1,0,0,1,0,hist
1783,t20250715_11671019.html,2025-07-15,林剑,总台央视记者,cn,117,267,0.685237646102905,0.052173913043478,0.15384615384615302,0,1,0,0,1,0,hist
1784,t20250715_11671019.html,2025-07-15,林剑,路透社记者,foreign,71,86,0.43069586157798706,0.043478260869565,0.09090909090909001,0,1,0,0,2,1,hist
1785,t20250715_11671019.html,2025-07-15,林剑,今日俄罗斯记者,foreign,53,97,0.72195941209793,0.0625,0.1875,0,1,0,0,2,1,hist
1786,t20250715_11671019.html,2025-07-15,林剑,《环球时报》记者,cn,109,163,0.743205606937408,0.10958904109589,0.25,0,1,1,0,1,0,hist
1787,t20250715_11671019.html,2025-07-15,林剑,法新社记者,foreign,42,90,0.73541247844696,0.13157894736842102,0.3125,0,1,1,0,1,0,hist
1788,t20250715_11671019.html,2025-07-15,林剑,路透社记者,foreign,158,129,0.5013746023178101,0.023255813953488,0.042553191489361,0,1,1,1,2,1,hist
1789,t20250715_11671019.html,2025-07-15,林剑,俄新社记者,foreign,96,96,0.701026618480682,0.122807017543859,0.22580645161290303,0,1,1,0,1,0,hist
1790,t20250715_11671019.html,2025-07-15,林剑,路透社记者,foreign,130,267,0.770790338516235,0.14018691588785,0.34090909090909005,0,1,0,0,2,1,hist
1791,t20250715_11671019.html,2025-07-15,林剑,彭博社记者,foreign,46,95,0.49722406268119806,0.041666666666666005,0.11764705882352901,0,1,1,0,1,0,hist
1792,t20250716_11671684.html,2025-07-16,林剑,新华社记者,cn,40,144,0.8030765056610101,0.13725490196078402,0.46666666666666606,0,1,0,0,2,1,hist
1793,t20250716_11671684.html,2025-07-16,林剑,日本广播协会记者,foreign,126,156,0.48303776979446406,0.046511627906976,0.097560975609756,0,1,1,0,1,0,hist
1794,t20250716_11671684.html,2025-07-16,林剑,俄新社记者,foreign,76,88,0.606300234794616,0.057692307692307,0.125,0,1,0,0,1,0,hist
1795,t20250716_11671684.html,2025-07-16,林剑,路透社记者,foreign,75,107,0.660374522209167,0.084745762711864,0.185185185185185,0,1,0,0,1,0,hist
1796,t20250716_11671684.html,2025-07-16,林剑,中新社记者,cn,39,179,0.798613190650939,0.152542372881355,0.5625,0,0,0,0,1,0,hist
1797,t20250716_11671684.html,2025-07-16,林剑,路透社记者,foreign,53,138,0.37855240702629,0.053571428571428006,0.2,0,1,1,0,1,0,hist
1798,t20250716_11671684.html,2025-07-16,林剑,印尼安塔拉通讯社记者,foreign,94,37,0.31359484791755604,0.0,0.0,0,0,1,0,1,0,hist
1799,t20250716_11671684.html,2025-07-16,林剑,俄新社记者,foreign,71,127,0.466190159320831,0.06451612903225801,0.16666666666666602,0,1,1,0,1,0,hist
1800,t20250716_11671684.html,2025-07-16,林剑,《中国日报》记者,cn,95,225,0.433463096618652,0.17948717948717902,0.4375,0,1,1,0,2,1,hist
1801,t20250716_11671684.html,2025-07-16,林剑,沙特东方电视台记者,foreign,57,106,0.7443052530288691,0.056603773584905,0.15,0,1,0,0,1,0,hist
1802,t20250717_11672373.html,2025-07-17,林剑,沙特东方电视台记者,foreign,53,51,0.564568519592285,0.06451612903225801,0.11764705882352901,0,1,0,0,1,0,hist
1803,t20250717_11672373.html,2025-07-17,林剑,路透社记者,foreign,45,124,0.555974960327148,0.08695652173913,0.25,0,1,0,0,1,0,hist
1804,t20250717_11672373.html,2025-07-17,林剑,《北京青年报》记者,foreign,121,310,0.7486468553543091,0.07079646017699101,0.210526315789473,0,0,0,0,1,0,hist
1805,t20250717_11672373.html,2025-07-17,林剑,今日俄罗斯记者,foreign,114,55,0.5728542804718011,0.018181818181818,0.027777777777777003,0,1,0,0,1,0,hist
1806,t20250717_11672373.html,2025-07-17,林剑,塔斯社记者,foreign,63,60,0.7949120998382561,0.025,0.05,0,1,0,0,1,0,hist
1807,t20250717_11672373.html,2025-07-17,林剑,法新社记者,foreign,29,13,0.207798302173614,0.07142857142857101,0.1,1,0,0,0,2,1,hist
1808,t20250718_11673005.html,2025-07-18,林剑,总台央视记者,cn,81,89,0.8755393028259271,0.108108108108108,0.17391304347826,0,1,0,0,1,0,hist
1809,t20250718_11673005.html,2025-07-18,林剑,今日俄罗斯记者,foreign,67,65,0.696285247802734,0.0,0.0,1,1,0,0,1,0,hist
1810,t20250718_11673005.html,2025-07-18,林剑,深圳卫视记者,cn,35,130,0.855179071426391,0.08333333333333301,0.33333333333333304,0,1,0,0,1,0,hist
1811,t20250718_11673005.html,2025-07-18,林剑,印度报业托拉斯记者,foreign,93,60,0.533622205257415,0.044444444444444,0.07692307692307601,0,1,0,0,1,0,hist
1812,t20250718_11673005.html,2025-07-18,林剑,《环球时报》记者,cn,127,230,0.615066885948181,0.07843137254901901,0.17391304347826,0,1,0,0,1,0,hist
1813,t20250718_11673005.html,2025-07-18,林剑,彭博社记者,foreign,50,185,0.6894980072975151,0.026666666666666002,0.105263157894736,0,1,1,0,2,1,hist
1814,t20250718_11673005.html,2025-07-18,林剑,路透社记者,foreign,69,169,0.701978087425231,0.03125,0.08333333333333301,0,1,1,0,1,0,hist
1815,t20250718_11673005.html,2025-07-18,林剑,法新社记者,foreign,64,67,0.36279860138893105,0.0,0.0,1,1,1,0,1,0,hist
1816,t20250718_11673005.html,2025-07-18,林剑,印度报业托拉斯记者,foreign,118,28,0.625548005104064,0.093023255813953,0.11111111111111101,0,1,1,0,1,0,hist
1817,t20250721_11674365.html,2025-07-21,郭嘉昆,总台央视记者,cn,59,151,0.531097412109375,0.109375,0.35000000000000003,0,1,0,0,2,1,hist
1818,t20250721_11674365.html,2025-07-21,郭嘉昆,《金融时报》记者,foreign,84,144,0.782644748687744,0.12121212121212101,0.30769230769230704,0,1,0,0,1,0,hist
1819,t20250721_11674365.html,2025-07-21,郭嘉昆,澎湃新闻记者,cn,41,169,0.597229182720184,0.051724137931034,0.2,0,1,0,0,1,0,hist
1820,t20250721_11674365.html,2025-07-21,郭嘉昆,《澳人报》记者,foreign,32,131,0.6955134272575371,0.10869565217391301,0.45454545454545403,0,1,0,0,1,0,hist
1821,t20250721_11674365.html,2025-07-21,郭嘉昆,《澳人报》记者,foreign,56,60,0.7649434208869931,0.21875000000000003,0.41176470588235203,0,1,0,0,1,0,hist
1822,t20250721_11674365.html,2025-07-21,郭嘉昆,法新社记者,foreign,55,96,0.476882636547088,0.057692307692307,0.14285714285714202,0,0,0,0,1,0,hist
1823,t20250721_11674365.html,2025-07-21,郭嘉昆,彭博社记者,foreign,58,31,0.689282834529876,0.0,0.0,1,1,0,0,1,0,hist
1824,t20250721_11674365.html,2025-07-21,郭嘉昆,共同社记者,foreign,32,146,0.7292737960815431,0.06451612903225801,0.30769230769230704,0,1,0,0,1,0,hist
1825,t20250721_11674365.html,2025-07-21,郭嘉昆,《澳人报》记者,foreign,124,41,0.596978425979614,0.066666666666666,0.08823529411764701,0,1,0,0,1,0,hist
1826,t20250721_11674365.html,2025-07-21,郭嘉昆,《金融时报》记者,foreign,48,13,0.048891104757785006,0.0,0.0,0,1,0,0,1,0,hist
1827,t20250721_11674365.html,2025-07-21,郭嘉昆,路透社记者,foreign,56,48,0.452959358692169,0.030303030303030002,0.0625,1,1,0,0,3,1,hist
1828,t20250721_11674365.html,2025-07-21,郭嘉昆,彭博社记者,foreign,56,178,0.6129243969917291,0.04054054054054,0.157894736842105,0,1,1,0,1,0,hist
1829,t20250721_11674365.html,2025-07-21,郭嘉昆,《澳人报》记者,foreign,55,106,0.842736959457397,0.146341463414634,0.42857142857142805,0,1,0,0,1,0,hist
1830,t20250721_11674365.html,2025-07-21,郭嘉昆,《澳人报》记者,foreign,63,56,0.55850750207901,0.028571428571428,0.052631578947368,0,1,0,0,1,0,hist
1831,t20250721_11674365.html,2025-07-21,郭嘉昆,俄新社记者,foreign,59,95,0.583129286766052,0.042553191489361,0.11111111111111101,0,1,1,0,1,0,hist
1832,t20250722_11675063.html,2025-07-22,郭嘉昆,总台央视记者,cn,153,230,0.46067237854003906,0.073394495412844,0.17391304347826,0,1,1,0,1,0,hist
1833,t20250722_11675063.html,2025-07-22,郭嘉昆,彭博社记者,foreign,46,110,0.612359166145324,0.0,0.0,0,1,0,0,1,0,hist
1834,t20250722_11675063.html,2025-07-22,郭嘉昆,埃菲社记者,foreign,65,294,0.5231693983078001,0.12244897959183601,0.521739130434782,0,1,0,0,2,1,hist
1835,t20250722_11675063.html,2025-07-22,郭嘉昆,法新社记者,foreign,39,31,0.690694689750671,0.09090909090909001,0.14285714285714202,1,1,0,0,1,0,hist
1836,t20250722_11675063.html,2025-07-22,郭嘉昆,法新社记者,foreign,53,11,0.092296928167343,0.0,0.0,0,1,1,0,1,0,hist
1837,t20250722_11675063.html,2025-07-22,郭嘉昆,法新社记者,foreign,56,46,0.48805633187294006,0.057142857142857,0.1,0,1,1,0,1,0,hist
1838,t20250723_11675821.html,2025-07-23,郭嘉昆,总台央视记者,cn,87,231,0.637536466121673,0.07142857142857101,0.21428571428571402,0,1,1,0,1,0,hist
1839,t20250723_11675821.html,2025-07-23,郭嘉昆,路透社记者,foreign,89,37,0.43815991282463,0.024390243902439,0.037037037037037,0,1,1,0,1,0,hist
1840,t20250723_11675821.html,2025-07-23,郭嘉昆,东京电视台记者,foreign,51,89,0.5469871759414671,0.02127659574468,0.055555555555555004,0,1,0,0,2,1,hist
1841,t20250723_11675821.html,2025-07-23,郭嘉昆,彭博社记者,foreign,120,122,0.593380391597747,0.04,0.078947368421052,0,1,1,0,2,1,hist
1842,t20250723_11675821.html,2025-07-23,郭嘉昆,路透社记者,foreign,31,236,0.7257996797561641,0.055555555555555004,0.36363636363636304,0,1,0,0,1,0,hist
1843,t20250723_11675821.html,2025-07-23,郭嘉昆,路透社记者,foreign,91,77,0.6997860670089721,0.019607843137254003,0.034482758620689,0,1,1,0,1,0,hist
1844,t20250723_11675821.html,2025-07-23,郭嘉昆,路透社记者,foreign,39,60,0.406965345144271,0.0,0.0,0,1,0,0,1,0,hist
1845,t20250723_11675821.html,2025-07-23,郭嘉昆,彭博社记者,foreign,71,77,0.478383362293243,0.024390243902439,0.05,0,1,1,0,3,1,hist
1846,t20250723_11675821.html,2025-07-23,郭嘉昆,法新社记者,foreign,50,77,0.6526774764060971,0.07142857142857101,0.17647058823529402,0,1,1,0,1,0,hist
1847,t20250723_11675821.html,2025-07-23,郭嘉昆,彭博社记者,foreign,94,151,0.7148357629776001,0.04,0.103448275862068,0,1,1,0,2,1,hist
1848,t20250723_11675821.html,2025-07-23,郭嘉昆,法新社记者,foreign,35,31,0.6648508310317991,0.1,0.16666666666666602,1,1,0,0,1,0,hist
1849,t20250724_11676529.html,2025-07-24,郭嘉昆,总台央视记者,cn,56,131,0.7516674995422361,0.15217391304347802,0.388888888888888,0,1,0,0,1,0,hist
1850,t20250724_11676529.html,2025-07-24,郭嘉昆,《中国日报》记者,cn,127,180,0.8925806283950801,0.291666666666666,0.5121951219512191,0,1,0,0,1,0,hist
1851,t20250724_11676529.html,2025-07-24,郭嘉昆,路透社记者,foreign,35,141,0.5986254215240471,0.051724137931034,0.25,0,1,0,0,1,0,hist
1852,t20250724_11676529.html,2025-07-24,郭嘉昆,法新社记者,foreign,71,53,0.6068898439407341,0.2,0.30000000000000004,0,1,0,0,1,0,hist
1853,t20250724_11676529.html,2025-07-24,郭嘉昆,《纽约时报》记者,foreign,54,77,0.671394348144531,0.0,0.0,0,0,0,0,1,0,hist
1854,t20250724_11676529.html,2025-07-24,郭嘉昆,香港中评社记者,cn,94,152,0.38141036033630304,0.042857142857142004,0.12,0,1,0,0,1,0,hist
1855,t20250724_11676529.html,2025-07-24,郭嘉昆,俄新社记者,foreign,47,109,0.7051362991333,0.104166666666666,0.35714285714285704,0,1,0,0,1,0,hist
1856,t20250724_11676529.html,2025-07-24,郭嘉昆,法新社记者,foreign,96,57,0.539541482925415,0.020408163265306003,0.034482758620689,0,1,0,0,1,0,hist
1857,t20250724_11676529.html,2025-07-24,郭嘉昆,《纽约时报》记者,foreign,48,60,0.52855360507965,0.114285714285714,0.25,0,1,1,0,1,0,hist
1858,t20250725_11677230.html,2025-07-25,郭嘉昆,总台央视记者,cn,72,147,0.717972755432128,0.101694915254237,0.260869565217391,0,1,0,0,2,1,hist
1859,t20250725_11677230.html,2025-07-25,郭嘉昆,法新社记者,foreign,44,123,0.581891775131225,0.022222222222222,0.07142857142857101,0,1,0,0,1,0,hist
1860,t20250725_11677230.html,2025-07-25,郭嘉昆,法新社记者,foreign,65,22,0.655437231063842,0.08333333333333301,0.105263157894736,0,1,0,0,1,0,hist
1861,t20250725_11677230.html,2025-07-25,郭嘉昆,半岛电视台记者,foreign,72,46,0.48061627149581904,0.05,0.08333333333333301,0,0,0,0,1,0,hist
1862,t20250728_11678284.html,2025-07-28,郭嘉昆,巴西《圣保罗页报》记者,foreign,83,108,0.67065942287445,0.113207547169811,0.24,0,1,1,0,2,1,hist
1863,t20250728_11678284.html,2025-07-28,郭嘉昆,今日俄罗斯记者,foreign,89,67,0.42206090688705405,0.044444444444444,0.08,0,1,1,0,1,0,hist
1864,t20250728_11678284.html,2025-07-28,郭嘉昆,总台央视记者,cn,74,106,0.7094567418098451,0.065573770491803,0.148148148148148,0,1,1,0,1,0,hist
1865,t20250728_11678284.html,2025-07-28,郭嘉昆,香港中评社记者,cn,68,68,0.6528987884521481,0.135135135135135,0.208333333333333,0,0,1,0,1,0,hist
1866,t20250728_11678284.html,2025-07-28,郭嘉昆,路透社记者,foreign,45,164,0.6415495872497551,0.06153846153846101,0.22222222222222202,0,1,0,0,2,1,hist
1867,t20250728_11678284.html,2025-07-28,郭嘉昆,《环球时报》记者,cn,44,109,0.7388168573379511,0.08,0.25,0,1,0,0,1,0,hist
1868,t20250728_11678284.html,2025-07-28,郭嘉昆,路透社记者,foreign,27,141,0.8027904629707331,0.11764705882352901,0.6666666666666661,0,1,0,0,1,0,hist
1869,t20250728_11678284.html,2025-07-28,郭嘉昆,彭博社记者,foreign,82,138,0.668415188789367,0.06779661016949101,0.16,0,0,1,0,1,0,hist
1870,t20250728_11678284.html,2025-07-28,郭嘉昆,法新社记者,foreign,37,93,0.771184384822845,0.047619047619047006,0.133333333333333,0,1,1,0,1,0,hist
1871,t20250728_11678284.html,2025-07-28,郭嘉昆,路透社记者,foreign,76,95,0.788834333419799,0.072727272727272,0.16,0,1,0,0,2,1,hist
1872,t20250728_11678284.html,2025-07-28,郭嘉昆,法新社记者,foreign,72,48,0.48700970411300604,0.0,0.0,0,1,1,0,1,0,hist
1873,t20250728_11678284.html,2025-07-28,郭嘉昆,彭博社记者,foreign,69,97,0.539805889129638,0.035714285714285005,0.08,0,1,0,0,1,0,hist
1874,t20250729_11679055.html,2025-07-29,郭嘉昆,深圳卫视记者,cn,93,76,0.820034861564636,0.17500000000000002,0.28,0,1,0,0,1,0,hist
1875,t20250729_11679055.html,2025-07-29,郭嘉昆,总台央视记者,cn,141,78,0.561640262603759,0.044776119402985,0.0625,0,1,1,0,1,0,hist
1876,t20250729_11679055.html,2025-07-29,郭嘉昆,共同社记者,foreign,71,10,0.446154057979583,0.037037037037037,0.041666666666666005,0,1,0,0,1,0,hist
1877,t20250729_11679055.html,2025-07-29,郭嘉昆,彭博社记者,foreign,92,149,0.6577097177505491,0.07352941176470501,0.185185185185185,0,1,1,0,1,0,hist
1878,t20250729_11679055.html,2025-07-29,郭嘉昆,伊拉克如道电视台记者,foreign,54,130,0.701312780380249,0.15384615384615302,0.421052631578947,0,1,0,0,1,0,hist
1879,t20250729_11679055.html,2025-07-29,郭嘉昆,日本广播协会记者,foreign,79,26,0.6286773681640621,0.08571428571428501,0.103448275862068,0,1,0,0,2,1,hist
1880,t20250729_11679055.html,2025-07-29,郭嘉昆,法新社记者,foreign,56,25,0.58776831626892,0.034482758620689,0.047619047619047006,0,1,0,0,1,0,hist
1881,t20250729_11679055.html,2025-07-29,郭嘉昆,法新社记者,foreign,35,82,0.5896449089050291,0.047619047619047006,0.14285714285714202,0,1,0,0,1,0,hist
1882,t20250729_11679055.html,2025-07-29,郭嘉昆,半岛电视台记者,foreign,92,69,0.5772571563720701,0.02,0.034482758620689,1,1,0,0,1,0,hist
1883,t20250730_11679709.html,2025-07-30,郭嘉昆,中新社记者,cn,62,171,0.8251816034317011,0.13636363636363602,0.409090909090909,0,1,0,0,2,1,hist
1884,t20250730_11679709.html,2025-07-30,郭嘉昆,湖北卫视记者,foreign,134,210,0.5432003140449521,0.09782608695652101,0.2,0,1,1,0,1,0,hist
1885,t20250730_11679709.html,2025-07-30,郭嘉昆,《北京青年报》记者,foreign,93,123,0.7228454351425171,0.155172413793103,0.310344827586206,0,1,0,0,2,1,hist
1886,t20250730_11679709.html,2025-07-30,郭嘉昆,新华社记者,cn,58,117,0.17832349240779802,0.020408163265306003,0.055555555555555004,0,0,0,0,1,0,hist
1887,t20250730_11679709.html,2025-07-30,郭嘉昆,沙特东方电视台记者,foreign,71,228,0.8204994201660151,0.146341463414634,0.5454545454545451,0,1,0,0,1,0,hist
1888,t20250730_11679709.html,2025-07-30,郭嘉昆,彭博社记者,foreign,57,126,0.6241154670715331,0.084745762711864,0.26315789473684204,0,1,1,0,1,0,hist
1889,t20250730_11679709.html,2025-07-30,郭嘉昆,法新社记者,foreign,44,63,0.5388660430908201,0.078947368421052,0.16666666666666602,0,1,1,0,1,0,hist
1890,t20250731_11680516.html,2025-07-31,郭嘉昆,总台央视记者,cn,80,67,0.7548052072525021,0.28571428571428503,0.43478260869565205,0,1,0,0,1,0,hist
1891,t20250731_11680516.html,2025-07-31,郭嘉昆,澎湃新闻记者,cn,157,42,0.592043280601501,0.066666666666666,0.08333333333333301,0,1,0,0,1,0,hist
1892,t20250731_11680516.html,2025-07-31,郭嘉昆,东方卫视记者,foreign,63,60,0.5037240386009211,0.108108108108108,0.210526315789473,0,1,0,0,2,1,hist
1893,t20250731_11680516.html,2025-07-31,郭嘉昆,法新社记者,foreign,54,18,0.639750003814697,0.04,0.05,0,1,1,0,1,0,hist
1894,t20250731_11680516.html,2025-07-31,郭嘉昆,彭博社记者,foreign,42,139,0.6055643558502191,0.051724137931034,0.1875,0,0,0,0,1,0,hist
1895,t20250731_11680516.html,2025-07-31,郭嘉昆,法新社记者,foreign,29,104,0.568611025810241,0.043478260869565,0.16666666666666602,0,1,0,0,1,0,hist
1896,t20250731_11680516.html,2025-07-31,郭嘉昆,法新社记者,foreign,49,46,0.361432909965515,0.030303030303030002,0.0625,0,1,1,0,1,0,hist
1897,t20250731_11680516.html,2025-07-31,郭嘉昆,法新社记者,foreign,31,119,0.5150657296180721,0.043478260869565,0.2,0,1,1,0,1,0,hist
1898,t20250731_11680516.html,2025-07-31,郭嘉昆,法新社记者,foreign,47,57,0.44936990737915006,0.026315789473684,0.055555555555555004,0,1,0,0,1,0,hist
1899,t20250801_11681249.html,2025-08-01,郭嘉昆,总台央视记者,cn,138,165,0.7811119556427001,0.116883116883116,0.225,0,1,1,0,1,0,hist
1900,t20250801_11681249.html,2025-08-01,郭嘉昆,《中国日报》记者,cn,73,152,0.816694021224975,0.08955223880597,0.25,0,1,0,0,1,0,hist
1901,t20250801_11681249.html,2025-08-01,郭嘉昆,深圳卫视记者,cn,127,95,0.814643383026123,0.065573770491803,0.11111111111111101,0,1,1,0,1,0,hist
1902,t20250801_11681249.html,2025-08-01,郭嘉昆,《环球时报》记者,cn,103,44,0.581680417060852,0.063829787234042,0.09090909090909001,0,1,1,0,1,0,hist
1903,t20250801_11681249.html,2025-08-01,郭嘉昆,法新社记者,foreign,40,43,0.35802161693573,0.035714285714285005,0.066666666666666,0,0,1,0,1,0,hist
1904,t20250801_11681249.html,2025-08-01,郭嘉昆,美联社记者,foreign,59,112,0.563359856605529,0.08163265306122401,0.23529411764705802,0,1,0,0,1,0,hist
1905,t20250801_11681249.html,2025-08-01,郭嘉昆,法新社记者,foreign,58,48,0.58631694316864,0.030303030303030002,0.052631578947368,0,1,1,0,1,0,hist
1906,t20250805_11683103.html,2025-08-05,郭嘉昆,《中国日报》记者,cn,68,145,0.7002370357513421,0.16363636363636302,0.5,0,1,0,0,1,0,hist
1907,t20250805_11683103.html,2025-08-05,郭嘉昆,美联社记者,foreign,37,36,0.30056756734848,0.0,0.0,0,0,1,0,1,0,hist
1908,t20250805_11683103.html,2025-08-05,郭嘉昆,彭博社记者,foreign,59,124,0.7169221639633171,0.07142857142857101,0.22222222222222202,0,1,0,0,1,0,hist
1909,t20250806_11683596.html,2025-08-06,郭嘉昆,巴西《圣保罗页报》记者,foreign,61,125,0.532608270645141,0.016393442622950002,0.045454545454545005,0,1,0,0,1,0,hist
1910,t20250806_11683596.html,2025-08-06,郭嘉昆,路透社记者,foreign,87,32,0.46140956878662104,0.081081081081081,0.115384615384615,0,1,1,0,1,0,hist
1911,t20250806_11683596.html,2025-08-06,郭嘉昆,乌通社记者,foreign,77,93,0.35414594411849903,0.037037037037037,0.08333333333333301,0,1,0,0,1,0,hist
1912,t20250807_11686417.html,2025-08-07,郭嘉昆,新华社记者,cn,26,54,0.6358118653297421,0.13636363636363602,0.33333333333333304,0,1,0,0,1,0,hist
1913,t20250807_11686417.html,2025-08-07,郭嘉昆,韩联社记者,foreign,73,28,0.30170977115631104,0.0,0.0,0,1,0,0,1,0,hist
1914,t20250807_11686417.html,2025-08-07,郭嘉昆,彭博社记者,foreign,64,60,0.6143475174903871,0.052631578947368,0.1,0,1,1,0,1,0,hist
1915,t20250807_11686417.html,2025-08-07,郭嘉昆,路透社记者,foreign,47,19,0.350674092769622,0.09523809523809501,0.125,0,1,1,0,1,0,hist
1916,t20250808_11687042.html,2025-08-08,郭嘉昆,法新社记者,foreign,43,191,0.526388585567474,0.042857142857142004,0.2,0,1,0,0,1,0,hist
1917,t20250808_11687042.html,2025-08-08,郭嘉昆,法新社记者,foreign,48,100,0.6899724602699281,0.102564102564102,0.25,0,0,0,0,2,1,hist
1918,t20250808_11687042.html,2025-08-08,郭嘉昆,彭博社记者,foreign,46,76,0.536795973777771,0.043478260869565,0.105263157894736,0,1,1,0,1,0,hist
1919,t20250808_11687042.html,2025-08-08,郭嘉昆,印尼安塔拉通讯社记者,foreign,69,117,0.544557094573974,0.050847457627118,0.125,1,1,0,0,2,1,hist
1920,t20250808_11687042.html,2025-08-08,郭嘉昆,《金融时报》记者,foreign,88,52,0.501354098320007,0.044444444444444,0.068965517241379,0,0,1,0,1,0,hist
1921,t20250811_11688006.html,2025-08-11,林剑,深圳卫视记者,cn,87,47,0.721925258636474,0.046511627906976,0.066666666666666,0,0,1,0,1,0,hist
1922,t20250811_11688006.html,2025-08-11,林剑,路透社记者,foreign,124,89,0.5980284810066221,0.030303030303030002,0.051282051282051,1,1,1,0,2,1,hist
1923,t20250811_11688006.html,2025-08-11,林剑,《纽约时报》记者,foreign,152,131,0.7171244621276851,0.011904761904761,0.025,0,1,0,0,2,1,hist
1924,t20250811_11688006.html,2025-08-11,林剑,埃菲社记者,foreign,113,75,0.474700689315795,0.056603773584905,0.103448275862068,0,1,1,0,2,1,hist
1925,t20250811_11688006.html,2025-08-11,林剑,路透社记者,foreign,71,22,0.608750402927398,0.07692307692307601,0.1,0,1,1,0,1,0,hist
1926,t20250811_11688006.html,2025-08-11,林剑,日本朝日新闻记者,foreign,103,100,0.775529146194458,0.14285714285714202,0.228571428571428,0,1,0,0,2,1,hist
1927,t20250811_11688006.html,2025-08-11,林剑,彭博社记者,foreign,101,118,0.817651629447937,0.06451612903225801,0.12903225806451601,0,1,1,0,2,1,hist
1928,t20250811_11688006.html,2025-08-11,林剑,彭博社记者,foreign,86,96,0.41556650400161704,0.037037037037037,0.08,0,1,0,0,1,0,hist
1929,t20250811_11688006.html,2025-08-11,林剑,半岛电视台记者,foreign,158,102,0.827220320701599,0.093333333333333,0.145833333333333,0,1,1,0,3,1,hist
1930,t20250812_11688531.html,2025-08-12,林剑,乌通社记者,foreign,119,109,0.513107895851135,0.08695652173913,0.16666666666666602,0,1,0,0,2,1,hist
1931,t20250812_11688531.html,2025-08-12,林剑,路透社记者,foreign,130,65,0.659839630126953,0.074074074074074,0.1,0,1,1,0,1,0,hist
1932,t20250812_11688531.html,2025-08-12,林剑,《中国日报》记者,cn,45,117,0.628531455993652,0.12244897959183601,0.35294117647058804,0,1,0,0,1,0,hist
1933,t20250812_11688531.html,2025-08-12,林剑,路透社记者,foreign,89,58,0.5609443783760071,0.047619047619047006,0.07692307692307601,0,1,1,0,1,0,hist
1934,t20250812_11688531.html,2025-08-12,林剑,法新社记者,foreign,61,35,0.46990171074867204,0.033333333333333,0.05,1,1,0,0,1,0,hist
1935,t20250813_11689122.html,2025-08-13,林剑,彭博社记者,foreign,73,56,0.639659404754638,0.022222222222222,0.038461538461538006,0,1,1,0,1,0,hist
1936,t20250813_11689122.html,2025-08-13,林剑,路透社记者,foreign,83,11,0.006786199286580001,0.0,0.0,0,1,1,0,1,0,hist
1937,t20250813_11689122.html,2025-08-13,林剑,路透社记者,foreign,91,40,0.6212440729141231,0.048780487804878,0.06451612903225801,1,1,0,0,2,1,hist
1938,t20250814_11690022.html,2025-08-14,林剑,法新社记者,foreign,60,105,0.528264582157135,0.036363636363636,0.11111111111111101,0,1,0,0,1,0,hist
1939,t20250814_11690022.html,2025-08-14,林剑,日本时事通讯社记者,foreign,108,134,0.724714756011962,0.114285714285714,0.25,1,1,1,0,2,1,hist
1940,t20250814_11690022.html,2025-08-14,林剑,彭博社记者,foreign,104,83,0.596626639366149,0.105263157894736,0.18181818181818102,0,1,0,0,1,0,hist
1941,t20250814_11690022.html,2025-08-14,林剑,彭博社记者,foreign,51,138,0.7598661184310911,0.065573770491803,0.25,0,1,0,0,2,1,hist
1942,t20250815_11690700.html,2025-08-15,林剑,法新社记者,foreign,57,78,0.710995376110076,0.133333333333333,0.30000000000000004,0,1,1,0,2,1,hist
1943,t20250815_11690700.html,2025-08-15,林剑,路透社记者,foreign,60,15,0.6686827540397641,0.07692307692307601,0.08695652173913,0,1,1,0,1,0,hist
1944,t20250818_11691857.html,2025-08-18,毛宁,总台央视记者,cn,46,126,0.768917083740234,0.115384615384615,0.4,0,1,0,0,1,0,hist
1945,t20250818_11691857.html,2025-08-18,毛宁,今日俄罗斯记者,foreign,69,51,0.22738113999366702,0.026315789473684,0.052631578947368,0,1,0,0,1,0,hist
1946,t20250818_11691857.html,2025-08-18,毛宁,路透社记者,foreign,37,64,0.676030039787292,0.1,0.23076923076923,0,1,0,0,1,0,hist
1947,t20250818_11691857.html,2025-08-18,毛宁,真实巴西记者,foreign,87,32,0.45093211531639105,0.054054054054054,0.07142857142857101,0,1,1,0,1,0,hist
1948,t20250818_11691857.html,2025-08-18,毛宁,《环球时报》记者,cn,92,37,0.18907524645328502,0.0,0.0,0,1,1,0,1,0,hist
1949,t20250818_11691857.html,2025-08-18,毛宁,法新社记者,foreign,69,160,0.486860513687133,0.04,0.12,0,1,1,0,1,0,hist
1950,t20250818_11691857.html,2025-08-18,毛宁,路透社记者,foreign,34,99,0.5468565225601191,0.023255813953488,0.08333333333333301,0,0,1,0,1,0,hist
1951,t20250818_11691857.html,2025-08-18,毛宁,印度报业托拉斯记者,foreign,71,113,0.664708137512207,0.15384615384615302,0.347826086956521,0,1,0,0,1,0,hist
1952,t20250818_11691857.html,2025-08-18,毛宁,彭博社记者,foreign,62,117,0.619720458984375,0.065217391304347,0.15,0,1,1,0,1,0,hist
1953,t20250819_11692400.html,2025-08-19,毛宁,今日俄罗斯记者,foreign,62,41,0.438567638397216,0.026315789473684,0.043478260869565,0,1,0,0,2,1,hist
1954,t20250819_11692400.html,2025-08-19,毛宁,中新社记者,cn,47,105,0.725471854209899,0.093023255813953,0.22222222222222202,0,1,0,0,2,1,hist
1955,t20250819_11692400.html,2025-08-19,毛宁,新华社记者,cn,67,21,0.526952743530273,0.17391304347826,0.19047619047619002,0,1,0,0,3,1,hist
1956,t20250819_11692400.html,2025-08-19,毛宁,埃菲社记者,foreign,87,11,0.0033431760966770004,0.0,0.0,0,0,0,0,1,0,hist
1957,t20250819_11692400.html,2025-08-19,毛宁,法新社记者,foreign,90,52,0.428932547569274,0.0,0.0,0,0,0,0,2,1,hist
1958,t20250819_11692400.html,2025-08-19,毛宁,路透社记者,foreign,59,37,0.7142223715782161,0.034482758620689,0.058823529411764004,1,1,0,0,1,0,hist
1959,t20250819_11692400.html,2025-08-19,毛宁,《北京青年报》记者,foreign,122,110,0.7870355844497681,0.122807017543859,0.20588235294117602,0,1,0,0,1,0,hist
1960,t20250819_11692400.html,2025-08-19,毛宁,印度报业托拉斯记者,foreign,99,108,0.778219819068908,0.11764705882352901,0.19354838709677402,0,1,0,0,3,1,hist
1961,t20250819_11692400.html,2025-08-19,毛宁,路透社记者,foreign,38,11,0.064562648534774,0.0,0.0,0,1,0,0,1,0,hist
1962,t20250819_11692400.html,2025-08-19,毛宁,法新社记者,foreign,42,95,0.7045316696166991,0.047619047619047006,0.14285714285714202,0,0,1,0,1,0,hist
1963,t20250819_11692400.html,2025-08-19,毛宁,彭博社记者,foreign,46,67,0.5431503653526301,0.0,0.0,0,0,1,0,1,0,hist
1964,t20250819_11692400.html,2025-08-19,毛宁,路透社记者,foreign,70,50,0.549345791339874,0.025641025641025002,0.047619047619047006,0,1,1,0,2,1,hist
1965,t20250819_11692400.html,2025-08-19,毛宁,法新社记者,foreign,31,67,0.643804192543029,0.0625,0.22222222222222202,0,0,0,0,1,0,hist
1966,t20250819_11692400.html,2025-08-19,毛宁,印度报业托拉斯记者,foreign,52,50,0.7824490070343011,0.192307692307692,0.29411764705882304,0,0,0,0,1,0,hist
1967,t20250819_11692400.html,2025-08-19,毛宁,彭博社记者,foreign,55,46,0.637206017971038,0.137931034482758,0.22222222222222202,1,1,0,0,1,0,hist
1968,t20250819_11692400.html,2025-08-19,毛宁,彭博社记者,foreign,48,66,0.30986076593399003,0.027027027027027,0.066666666666666,0,0,0,0,1,0,hist
1969,t20250819_11692400.html,2025-08-19,毛宁,彭博社记者,foreign,71,72,0.7943282127380371,0.14285714285714202,0.25,0,1,0,0,2,1,hist
1970,t20250820_11693028.html,2025-08-20,毛宁,路透社记者,foreign,56,17,0.330658674240112,0.0,0.0,0,0,0,0,1,0,hist
1971,t20250820_11693028.html,2025-08-20,毛宁,总台华语环球节目中心记者,cn,40,70,0.6448038816452021,0.133333333333333,0.266666666666666,0,0,0,0,1,0,hist
1972,t20250820_11693028.html,2025-08-20,毛宁,半岛电视台记者,foreign,136,52,0.6169413328170771,0.08928571428571401,0.12195121951219501,0,1,0,0,1,0,hist
1973,t20250820_11693028.html,2025-08-20,毛宁,俄新社记者,foreign,52,64,0.720208168029785,0.11111111111111101,0.25,1,1,0,0,1,0,hist
1974,t20250820_11693028.html,2025-08-20,毛宁,彭博社记者,foreign,71,76,0.6195633411407471,0.038461538461538006,0.07692307692307601,0,1,1,0,1,0,hist
1975,t20250820_11693028.html,2025-08-20,毛宁,半岛电视台记者,foreign,71,47,0.245167672634124,0.0,0.0,0,0,0,0,1,0,hist
1976,t20250821_11693619.html,2025-08-21,毛宁,湖北广电记者,foreign,37,71,0.6447072625160211,0.148148148148148,0.30769230769230704,0,0,0,0,1,0,hist
1977,t20250821_11693619.html,2025-08-21,毛宁,拉通社记者,foreign,81,94,0.57883995771408,0.17647058823529402,0.30000000000000004,0,1,0,0,1,0,hist
1978,t20250821_11693619.html,2025-08-21,毛宁,深圳卫视记者,cn,136,90,0.758328437805175,0.08695652173913,0.13636363636363602,0,1,1,0,1,0,hist
1979,t20250821_11693619.html,2025-08-21,毛宁,法新社记者,foreign,44,164,0.8206233978271481,0.06451612903225801,0.266666666666666,0,1,0,0,1,0,hist
1980,t20250821_11693619.html,2025-08-21,毛宁,《中国日报》记者,cn,159,108,0.7816951870918271,0.11111111111111101,0.16666666666666602,0,1,0,0,1,0,hist
1981,t20250821_11693619.html,2025-08-21,毛宁,日本广播协会记者,foreign,37,37,0.47725093364715504,0.041666666666666005,0.1,0,1,0,1,1,0,hist
1982,t20250821_11693619.html,2025-08-21,毛宁,总台央视记者,cn,112,93,0.822706282138824,0.2,0.30769230769230704,0,1,1,0,1,0,hist
1983,t20250822_11694496.html,2025-08-22,毛宁,总台中国之声记者,cn,38,63,0.611315846443176,0.137931034482758,0.30769230769230704,0,0,0,0,1,0,hist
1984,t20250822_11694496.html,2025-08-22,毛宁,今日俄罗斯记者,foreign,110,81,0.6166250705718991,0.037735849056603,0.068965517241379,0,1,0,0,1,0,hist
1985,t20250822_11694496.html,2025-08-22,毛宁,中新社记者,cn,32,147,0.650471150875091,0.0625,0.375,0,1,0,0,1,0,hist
1986,t20250822_11694496.html,2025-08-22,毛宁,韩国新一社记者,foreign,168,46,0.729364275932312,0.14285714285714202,0.170212765957446,0,1,0,0,2,1,hist
1987,t20250822_11694496.html,2025-08-22,毛宁,《北京日报》记者,foreign,54,203,0.8493021726608271,0.09876543209876501,0.36363636363636304,0,1,0,0,1,0,hist
1988,t20250822_11694496.html,2025-08-22,毛宁,路透社记者,foreign,131,47,0.43767929077148404,0.033333333333333,0.045454545454545005,0,1,0,0,3,1,hist
1989,t20250822_11694496.html,2025-08-22,毛宁,澎湃新闻记者,cn,120,146,0.640792906284332,0.12676056338028102,0.23684210526315702,0,1,1,0,1,0,hist
1990,t20250822_11694496.html,2025-08-22,毛宁,法新社记者,foreign,58,52,0.578061342239379,0.17647058823529402,0.30000000000000004,1,0,0,0,1,0,hist
1991,t20250822_11694496.html,2025-08-22,毛宁,印尼安塔拉通讯社记者,foreign,94,55,0.38393941521644503,0.1,0.14285714285714202,0,0,0,0,1,0,hist
1992,t20250822_11694496.html,2025-08-22,毛宁,法新社记者,foreign,69,110,0.6592963933944701,0.07692307692307601,0.18181818181818102,0,1,0,0,2,1,hist
1993,t20250822_11694496.html,2025-08-22,毛宁,彭博社记者,foreign,40,102,0.629235029220581,0.088888888888888,0.266666666666666,0,1,1,0,1,0,hist
1994,t20250822_11694496.html,2025-08-22,毛宁,法新社记者,foreign,54,11,0.149474963545799,0.0,0.0,0,1,1,0,1,0,hist
1995,t20250822_11694496.html,2025-08-22,毛宁,彭博社记者,foreign,62,45,0.38474225997924805,0.026315789473684,0.05,0,1,1,0,1,0,hist
1996,t20250822_11694496.html,2025-08-22,毛宁,法新社记者,foreign,60,27,0.606743931770324,0.08,0.11764705882352901,0,1,0,0,1,0,hist
1997,t20250825_11695438.html,2025-08-25,郭嘉昆,总台央视记者,cn,43,81,0.7743681669235231,0.11764705882352901,0.4,0,0,1,0,2,1,hist
1998,t20250825_11695438.html,2025-08-25,郭嘉昆,法新社记者,foreign,64,25,0.504965424537658,0.0,0.0,0,1,0,0,1,0,hist
1999,t20250825_11695438.html,2025-08-25,郭嘉昆,彭博社记者,foreign,100,60,0.42068114876747104,0.040816326530612006,0.066666666666666,0,0,1,0,1,0,hist
2000,t20250825_11695438.html,2025-08-25,郭嘉昆,德新社记者,foreign,66,31,0.5584973096847531,0.1,0.130434782608695,0,1,0,0,2,1,hist
2001,t20250825_11695438.html,2025-08-25,郭嘉昆,湖北广电记者,foreign,59,172,0.61533099412918,0.053333333333333004,0.17391304347826,0,1,0,0,1,0,hist
2002,t20250826_11696202.html,2025-08-26,郭嘉昆,中阿卫视记者,foreign,49,50,0.5046309232711791,0.060606060606060004,0.1,0,1,0,0,1,0,hist
2003,t20250826_11696202.html,2025-08-26,郭嘉昆,法新社记者,foreign,46,117,0.601653039455413,0.017857142857142003,0.0625,0,1,0,0,1,0,hist
2004,t20250826_11696202.html,2025-08-26,郭嘉昆,《环球时报》记者,cn,123,28,0.659015536308288,0.02127659574468,0.026315789473684,0,1,0,0,1,0,hist
2005,t20250826_11696202.html,2025-08-26,郭嘉昆,彭博社记者,foreign,52,27,0.604785561561584,0.037037037037037,0.055555555555555004,0,1,0,0,1,0,hist
2006,t20250826_11696202.html,2025-08-26,郭嘉昆,德新社记者,foreign,53,11,0.09589365869760501,0.0,0.0,0,1,1,0,1,0,hist
2007,t20250826_11696202.html,2025-08-26,郭嘉昆,彭博社记者,foreign,48,16,0.5643905401229851,0.0,0.0,1,1,0,0,2,1,hist
2008,t20250826_11696202.html,2025-08-26,郭嘉昆,彭博社记者,foreign,77,94,0.6036712527275081,0.016393442622950002,0.035714285714285005,0,1,1,0,1,0,hist
2009,t20250826_11696202.html,2025-08-26,郭嘉昆,法新社记者,foreign,39,128,0.8144674301147461,0.057692307692307,0.25,0,1,0,0,1,0,hist
2010,t20250826_11696202.html,2025-08-26,郭嘉昆,德新社记者,foreign,47,15,0.46038857102394104,0.043478260869565,0.055555555555555004,0,1,1,0,1,0,hist
2011,t20250827_11696779.html,2025-08-27,郭嘉昆,彭博社记者,foreign,83,84,0.798377752304077,0.12244897959183601,0.25,0,1,0,0,1,0,hist
2012,t20250827_11696779.html,2025-08-27,郭嘉昆,俄新社记者,foreign,57,67,0.531157612800598,0.046511627906976,0.09090909090909001,0,1,1,0,1,0,hist
2013,t20250827_11696779.html,2025-08-27,郭嘉昆,韩国《中央日报》记者,foreign,100,145,0.706034660339355,0.028169014084507,0.058823529411764004,0,1,0,0,1,0,hist
2014,t20250828_11697587.html,2025-08-28,郭嘉昆,总台央视记者,cn,74,39,0.8287611007690431,0.275862068965517,0.32,0,1,0,0,1,0,hist
2015,t20250828_11697587.html,2025-08-28,郭嘉昆,《中国日报》记者,cn,99,162,0.812757313251495,0.12307692307692301,0.266666666666666,0,1,0,0,1,0,hist
2016,t20250828_11697587.html,2025-08-28,郭嘉昆,法新社记者,foreign,63,72,0.7010334730148311,0.12195121951219501,0.23809523809523803,0,1,1,0,1,0,hist
2017,t20250828_11697587.html,2025-08-28,郭嘉昆,路透社记者,foreign,93,95,0.8481945991516111,0.27906976744186,0.461538461538461,0,1,0,0,1,0,hist
2018,t20250828_11697587.html,2025-08-28,郭嘉昆,日本广播协会记者,foreign,52,70,0.6822019815444941,0.296296296296296,0.533333333333333,0,1,0,0,2,1,hist
2019,t20250828_11697587.html,2025-08-28,郭嘉昆,彭博社记者,foreign,53,37,0.274116903543472,0.0,0.0,0,1,0,0,1,0,hist
2020,t20250828_11697587.html,2025-08-28,郭嘉昆,深圳卫视记者,cn,94,137,0.745036125183105,0.08823529411764701,0.18181818181818102,0,1,0,0,1,0,hist
2021,t20250828_11697587.html,2025-08-28,郭嘉昆,路透社记者,foreign,79,93,0.482445210218429,0.07692307692307601,0.15384615384615302,0,1,0,0,1,0,hist
2022,t20250828_11697587.html,2025-08-28,郭嘉昆,彭博社记者,foreign,52,149,0.6073280572891231,0.032258064516129004,0.11111111111111101,0,1,1,0,1,0,hist
2023,t20250829_11698385.html,2025-08-29,郭嘉昆,总台央视记者,cn,88,159,0.6946589350700371,0.08823529411764701,0.19354838709677402,0,0,0,0,1,0,hist
2024,t20250829_11698385.html,2025-08-29,郭嘉昆,西班牙《阿贝赛报》记者,foreign,97,71,0.6556653976440431,0.058823529411764004,0.1,0,1,1,0,1,0,hist
2025,t20250829_11698385.html,2025-08-29,郭嘉昆,西班牙《阿贝赛报》记者,foreign,74,107,0.45402511954307506,0.0,0.0,1,1,0,0,2,1,hist
2026,t20250829_11698385.html,2025-08-29,郭嘉昆,路透社记者,foreign,94,78,0.6392163038253781,0.28947368421052605,0.478260869565217,0,1,1,0,3,1,hist
2027,t20250829_11698385.html,2025-08-29,郭嘉昆,新华社记者,cn,68,170,0.611186504364013,0.029411764705882002,0.09090909090909001,0,1,0,0,1,0,hist
2028,t20250829_11698385.html,2025-08-29,郭嘉昆,《环球时报》记者,cn,75,142,0.6214131712913511,0.1,0.260869565217391,0,1,1,0,1,0,hist
2029,t20250829_11698385.html,2025-08-29,郭嘉昆,路透社记者,foreign,35,89,0.32515811920166005,0.022727272727272003,0.07142857142857101,0,0,1,0,1,0,hist
2030,t20250829_11698385.html,2025-08-29,郭嘉昆,彭博社记者,foreign,91,13,0.08159853518009101,0.0,0.0,0,1,1,1,2,1,hist
2031,t20250829_11698385.html,2025-08-29,郭嘉昆,巴西《环球报》记者,foreign,45,45,0.6198465824127191,0.103448275862068,0.17647058823529402,0,1,0,0,1,0,hist
2032,t20250829_11698385.html,2025-08-29,郭嘉昆,中新社记者,cn,94,52,0.4563510119915,0.138888888888888,0.208333333333333,0,1,1,0,1,0,hist
2033,t20250829_11698385.html,2025-08-29,郭嘉昆,日本广播协会记者,foreign,81,79,0.29648572206497104,0.02,0.034482758620689,0,1,0,0,1,0,hist
2034,t20250829_11698385.html,2025-08-29,郭嘉昆,印度报业托拉斯记者,foreign,76,60,0.6386753916740411,0.29411764705882304,0.416666666666666,0,1,0,0,1,0,hist
2035,t20250829_11698385.html,2025-08-29,郭嘉昆,彭博社记者,foreign,82,23,0.660488367080688,0.028571428571428,0.035714285714285005,0,1,0,0,1,0,hist
2036,t20250829_11698385.html,2025-08-29,郭嘉昆,法新社记者,foreign,37,85,0.41697323322296104,0.051282051282051,0.15384615384615302,0,1,0,0,1,0,hist
2037,t20250829_11698385.html,2025-08-29,郭嘉昆,彭博社记者,foreign,68,35,0.439255625009536,0.037037037037037,0.058823529411764004,1,1,0,0,2,1,hist
2038,t20250829_11698385.html,2025-08-29,郭嘉昆,埃菲社记者,foreign,56,105,0.386550277471542,0.017543859649122,0.05,0,1,0,0,1,0,hist
2039,t20250829_11698385.html,2025-08-29,郭嘉昆,法新社记者,foreign,56,47,0.528238534927368,0.09090909090909001,0.15,0,1,0,0,2,1,hist
2040,t20250901_11699496.html,2025-09-01,郭嘉昆,中新社记者,cn,65,80,0.5575565695762631,0.11363636363636301,0.2,0,1,0,0,1,0,recent
2041,t20250901_11699496.html,2025-09-01,郭嘉昆,总台央视记者,cn,55,116,0.8223220109939571,0.148936170212765,0.4375,0,1,0,0,2,1,recent
2042,t20250901_11699496.html,2025-09-01,郭嘉昆,《中国日报》记者,cn,53,293,0.8411924839019771,0.089887640449438,0.44444444444444403,0,1,0,0,1,0,recent
2043,t20250901_11699496.html,2025-09-01,郭嘉昆,路透社记者,foreign,18,49,0.23499655723571702,0.0,0.0,0,0,0,0,1,0,recent
2044,t20250902_11700474.html,2025-09-02,郭嘉昆,深圳卫视记者,cn,137,54,0.894302487373352,0.19298245614035,0.234042553191489,0,1,0,0,1,0,recent
2045,t20250902_11700474.html,2025-09-02,郭嘉昆,总台央视记者,cn,62,114,0.5130934119224541,0.0625,0.130434782608695,0,0,0,0,3,1,recent
2046,t20250902_11700474.html,2025-09-02,郭嘉昆,彭博社记者,foreign,70,57,0.41204738616943304,0.026315789473684,0.055555555555555004,0,1,0,0,1,0,recent
2047,t20250902_11700474.html,2025-09-02,郭嘉昆,《北京青年报》记者,foreign,71,16,0.6458133459091181,0.074074074074074,0.08695652173913,0,1,0,0,1,0,recent
2048,t20250902_11700474.html,2025-09-02,郭嘉昆,法新社记者,foreign,61,91,0.5322660207748411,0.06,0.14285714285714202,0,1,0,0,1,0,recent
2049,t20250902_11700474.html,2025-09-02,郭嘉昆,路透社记者,foreign,36,16,0.21820171177387201,0.0,0.0,1,0,0,0,3,1,recent
2050,t20250902_11700474.html,2025-09-02,郭嘉昆,法新社记者,foreign,49,89,0.723313450813293,0.07142857142857101,0.16666666666666602,0,1,0,0,1,0,recent
2051,t20250902_11700474.html,2025-09-02,郭嘉昆,俄新社记者,foreign,48,65,0.511543750762939,0.12903225806451601,0.266666666666666,1,0,0,0,1,0,recent
2052,t20250904_11702260.html,2025-09-04,郭嘉昆,《北京日报》记者,foreign,124,123,0.9292889237403871,0.58,0.763157894736842,0,1,0,0,1,0,recent
2053,t20250904_11702260.html,2025-09-04,郭嘉昆,中阿卫视记者,foreign,87,107,0.646503686904907,0.056603773584905,0.11111111111111101,0,1,0,0,1,0,recent
2054,t20250904_11702260.html,2025-09-04,郭嘉昆,今日俄罗斯记者,foreign,67,142,0.6861158609390251,0.052631578947368,0.157894736842105,0,1,0,0,1,0,recent
2055,t20250904_11702260.html,2025-09-04,郭嘉昆,彭博社记者,foreign,33,106,0.168723255395889,0.0,0.0,0,0,0,0,1,0,recent
2056,t20250904_11702260.html,2025-09-04,郭嘉昆,《环球时报》记者,cn,81,82,0.5416044592857361,0.056603773584905,0.115384615384615,0,1,0,0,1,0,recent
2057,t20250904_11702260.html,2025-09-04,郭嘉昆,路透社记者,foreign,97,22,0.372325360774993,0.05,0.057142857142857,1,1,0,1,3,1,recent
2058,t20250904_11702260.html,2025-09-04,郭嘉昆,法新社记者,foreign,67,102,0.578149557113647,0.0625,0.14285714285714202,0,1,0,0,2,1,recent
2059,t20250904_11702260.html,2025-09-04,郭嘉昆,日本广播协会记者,foreign,39,103,0.7167834639549251,0.07692307692307601,0.25,0,0,0,0,1,0,recent
2060,t20250905_11703156.html,2025-09-05,郭嘉昆,总台央视记者,cn,55,72,0.6845707893371581,0.102564102564102,0.18181818181818102,0,1,0,0,3,1,recent
2061,t20250905_11703156.html,2025-09-05,郭嘉昆,埃菲社记者,foreign,54,135,0.515577673912048,0.033333333333333,0.105263157894736,0,1,1,0,1,0,recent
2062,t20250905_11703156.html,2025-09-05,郭嘉昆,《澳人报》记者,foreign,88,141,0.441176831722259,0.07462686567164101,0.185185185185185,0,1,0,0,1,0,recent
2063,t20250905_11703156.html,2025-09-05,郭嘉昆,东方卫视记者,foreign,85,46,0.7498127222061151,0.28125,0.375,0,1,0,0,1,0,recent
2064,t20250905_11703156.html,2025-09-05,郭嘉昆,彭博社记者,foreign,72,48,0.401330918073654,0.057142857142857,0.1,1,0,0,0,2,1,recent
2065,t20250905_11703156.html,2025-09-05,郭嘉昆,总台CGTN记者,cn,48,176,0.5709980726242061,0.129629629629629,0.41176470588235203,0,1,0,0,1,0,recent
2066,t20250905_11703156.html,2025-09-05,郭嘉昆,路透社记者,foreign,75,74,0.628070771694183,0.11111111111111101,0.185185185185185,0,1,0,0,1,0,recent
2067,t20250905_11703156.html,2025-09-05,郭嘉昆,澎湃新闻记者,cn,115,112,0.8442436456680291,0.15625,0.277777777777777,0,1,1,0,1,0,recent
2068,t20250905_11703156.html,2025-09-05,郭嘉昆,《澳人报》记者,foreign,53,140,0.565747916698455,0.035087719298245,0.11764705882352901,0,1,0,0,1,0,recent
2069,t20250905_11703156.html,2025-09-05,郭嘉昆,法新社记者,foreign,57,58,0.623869955539703,0.0,0.0,0,1,0,0,1,0,recent
2070,t20250905_11703156.html,2025-09-05,郭嘉昆,《澳人报》记者,foreign,65,135,0.7168391942977901,0.070175438596491,0.2,0,1,1,0,1,0,recent
2071,t20250905_11703156.html,2025-09-05,郭嘉昆,法新社记者,foreign,52,16,0.29823476076126104,0.09090909090909001,0.105263157894736,0,0,0,0,1,0,recent
2072,t20250905_11703156.html,2025-09-05,郭嘉昆,法新社记者,foreign,44,20,0.20595164597034402,0.05,0.066666666666666,0,0,1,0,1,0,recent
2073,t20250905_11703156.html,2025-09-05,郭嘉昆,《澳人报》记者,foreign,74,94,0.180104941129684,0.02127659574468,0.043478260869565,0,0,0,0,1,0,recent
2074,t20250905_11703156.html,2025-09-05,郭嘉昆,彭博社记者,foreign,141,173,0.723887503147125,0.10714285714285701,0.20930232558139503,0,1,0,0,3,1,recent
2075,t20250908_11704383.html,2025-09-08,林剑,总台央视记者,cn,42,91,0.280668199062347,0.045454545454545005,0.125,0,1,0,0,1,0,recent
2076,t20250908_11704383.html,2025-09-08,林剑,今日俄罗斯记者,foreign,78,31,0.33662438392639105,0.026315789473684,0.038461538461538006,0,1,0,0,1,0,recent
2077,t20250908_11704383.html,2025-09-08,林剑,中新社记者,cn,68,96,0.8014941215515131,0.042553191489361,0.09090909090909001,0,1,0,0,1,0,recent
2078,t20250908_11704383.html,2025-09-08,林剑,日本广播协会记者,foreign,29,24,0.610339283943176,0.105263157894736,0.16666666666666602,0,1,0,0,1,0,recent
2079,t20250908_11704383.html,2025-09-08,林剑,《中国日报》记者,cn,87,148,0.707361340522766,0.07692307692307601,0.2,0,1,0,0,1,0,recent
2080,t20250908_11704383.html,2025-09-08,林剑,《北京青年报》记者,foreign,98,168,0.6598069071769711,0.025316455696202,0.07692307692307601,0,1,1,0,1,0,recent
2081,t20250908_11704383.html,2025-09-08,林剑,共同社记者,foreign,34,171,0.5938063263893121,0.03125,0.15384615384615302,0,1,1,0,1,0,recent
2082,t20250908_11704383.html,2025-09-08,林剑,法新社记者,foreign,72,101,0.6437407135963441,0.106382978723404,0.208333333333333,0,1,0,0,1,0,recent
2083,t20250909_11705269.html,2025-09-09,林剑,总台CGTN记者,cn,48,229,0.626847624778747,0.05813953488372001,0.29411764705882304,0,0,0,0,1,0,recent
2084,t20250910_11705822.html,2025-09-10,林剑,中阿卫视记者,foreign,41,173,0.7691510915756221,0.08695652173913,0.461538461538461,0,1,0,0,1,0,recent
2085,t20250910_11705822.html,2025-09-10,林剑,《环球时报》记者,cn,46,147,0.7366622686386101,0.11864406779661,0.4375,0,1,0,0,1,0,recent
2086,t20250910_11705822.html,2025-09-10,林剑,深圳卫视记者,cn,40,77,0.443441033363342,0.047619047619047006,0.133333333333333,0,1,0,0,2,1,recent
2087,t20250910_11705822.html,2025-09-10,林剑,巴西UOL媒体集团记者,foreign,48,38,0.35536503791809004,0.033333333333333,0.055555555555555004,0,1,0,0,2,1,recent
2088,t20250910_11705822.html,2025-09-10,林剑,彭博社记者,foreign,76,74,0.366215050220489,0.042553191489361,0.07692307692307601,0,1,1,0,1,0,recent
2089,t20250910_11705822.html,2025-09-10,林剑,总台央视记者,cn,43,46,0.5860856771469111,0.035714285714285005,0.066666666666666,0,1,0,0,1,0,recent
2090,t20250910_11705822.html,2025-09-10,林剑,中新社记者,cn,179,144,0.7730020284652711,0.066666666666666,0.11111111111111101,0,1,1,0,1,0,recent
2091,t20250910_11705822.html,2025-09-10,林剑,《中国日报》记者,cn,108,56,0.6983821392059321,0.186046511627906,0.25806451612903203,0,1,1,0,1,0,recent
2092,t20250910_11705822.html,2025-09-10,林剑,乌通社记者,foreign,156,90,0.582654595375061,0.07142857142857101,0.10869565217391301,0,1,1,0,2,1,recent
2093,t20250910_11705822.html,2025-09-10,林剑,总台华语环球节目中心记者,cn,41,112,0.661564469337463,0.065217391304347,0.21428571428571402,0,1,0,0,2,1,recent
2094,t20250910_11705822.html,2025-09-10,林剑,彭博社记者,foreign,82,95,0.423386752605438,0.020408163265306003,0.043478260869565,0,1,0,0,1,0,recent
2095,t20250910_11705822.html,2025-09-10,林剑,巴通社记者,foreign,86,95,0.611655592918396,0.037735849056603,0.07142857142857101,0,0,0,0,1,0,recent
2096,t20250910_11705822.html,2025-09-10,林剑,新华社记者,cn,31,147,0.6427781581878661,0.051724137931034,0.23076923076923,0,1,0,0,2,1,recent
2097,t20250910_11705822.html,2025-09-10,林剑,共同社记者,foreign,29,100,0.607069730758667,0.081081081081081,0.30000000000000004,0,0,1,0,1,0,recent
2098,t20250910_11705822.html,2025-09-10,林剑,法新社记者,foreign,35,22,0.541306257247924,0.16666666666666602,0.25,0,1,0,0,3,1,recent
2099,t20250910_11705822.html,2025-09-10,林剑,法新社记者,foreign,39,11,0.010270461440086,0.0,0.0,0,1,0,0,1,0,recent
2100,t20250911_11706651.html,2025-09-11,林剑,《人民日报》记者,cn,124,201,0.8095953464508051,0.07142857142857101,0.159090909090909,0,1,1,0,1,0,recent
2101,t20250911_11706651.html,2025-09-11,林剑,波兰通讯社记者,foreign,127,64,0.335316061973571,0.018518518518518,0.03125,0,1,1,0,2,1,recent
2102,t20250911_11706651.html,2025-09-11,林剑,巴西《圣保罗页报》记者,foreign,80,123,0.7980550527572631,0.25531914893617,0.44444444444444403,0,1,0,0,2,1,recent
2103,t20250911_11706651.html,2025-09-11,林剑,韩联社记者,foreign,62,45,0.7161172628402711,0.08333333333333301,0.14285714285714202,0,1,0,0,2,1,recent
2104,t20250911_11706651.html,2025-09-11,林剑,路透社记者,foreign,64,120,0.724777817726135,0.106382978723404,0.26315789473684204,0,1,0,0,1,0,recent
2105,t20250911_11706651.html,2025-09-11,林剑,香港中评社记者,cn,115,146,0.6312677860260011,0.05952380952380901,0.128205128205128,0,0,1,0,1,0,recent
2106,t20250911_11706651.html,2025-09-11,林剑,彭博社记者,foreign,50,92,0.423278480768203,0.0,0.0,0,1,1,0,1,0,recent
2107,t20250911_11706651.html,2025-09-11,林剑,路透社记者,foreign,80,63,0.713204085826873,0.046511627906976,0.08695652173913,0,1,0,0,1,0,recent
2108,t20250911_11706651.html,2025-09-11,林剑,法新社记者,foreign,41,34,0.23402863740921,0.0,0.0,0,0,0,0,1,0,recent
2109,t20250912_11707489.html,2025-09-12,林剑,总台央视记者,cn,47,241,0.706164836883544,0.126984126984126,0.5714285714285711,0,0,1,0,1,0,recent
2110,t20250912_11707489.html,2025-09-12,林剑,路透社记者,foreign,28,34,0.577221989631652,0.05,0.09090909090909001,0,0,1,0,1,0,recent
2111,t20250912_11707489.html,2025-09-12,林剑,中阿卫视记者,foreign,73,41,0.49189502000808705,0.0,0.0,0,1,1,0,1,0,recent
2112,t20250912_11707489.html,2025-09-12,林剑,巴西《圣保罗页报》记者,foreign,30,12,0.5121244192123411,0.058823529411764004,0.07692307692307601,0,1,0,0,1,0,recent
2113,t20250912_11707489.html,2025-09-12,林剑,法新社记者,foreign,76,85,0.827202558517456,0.447368421052631,0.6538461538461531,0,1,1,0,2,1,recent
2114,t20250912_11707489.html,2025-09-12,林剑,彭博社记者,foreign,81,13,0.19812853634357402,0.030303030303030002,0.034482758620689,1,1,0,0,1,0,recent
2115,t20250912_11707489.html,2025-09-12,林剑,《澎湃新闻》记者,cn,108,161,0.8459702134132381,0.14473684210526302,0.28947368421052605,0,1,0,0,1,0,recent
2116,t20250912_11707489.html,2025-09-12,林剑,法新社记者,foreign,108,40,0.636874079704284,0.063829787234042,0.08571428571428501,0,1,0,0,1,0,recent
2117,t20250912_11707489.html,2025-09-12,林剑,中阿卫视记者,foreign,40,73,0.524340808391571,0.026315789473684,0.07692307692307601,0,1,0,0,1,0,recent
2118,t20250912_11707489.html,2025-09-12,林剑,彭博社记者,foreign,111,117,0.375685095787048,0.07142857142857101,0.128205128205128,0,1,0,0,1,0,recent
2119,t20250915_11708567.html,2025-09-15,林剑,新华社记者,cn,67,102,0.679678678512573,0.053571428571428006,0.125,0,1,1,0,1,0,recent
2120,t20250915_11708567.html,2025-09-15,林剑,中阿卫视记者,foreign,117,92,0.628637015819549,0.084745762711864,0.138888888888888,0,1,0,0,1,0,recent
2121,t20250915_11708567.html,2025-09-15,林剑,总台华语环球节目中心记者,cn,108,232,0.7648577690124511,0.08823529411764701,0.23076923076923,0,1,1,0,1,0,recent
2122,t20250915_11708567.html,2025-09-15,林剑,法新社记者,foreign,95,34,0.5252413749694821,0.045454545454545005,0.057142857142857,1,1,0,0,2,1,recent
2123,t20250915_11708567.html,2025-09-15,林剑,中新社记者,cn,122,79,0.8058565855026241,0.122807017543859,0.17948717948717902,0,1,1,0,1,0,recent
2124,t20250915_11708567.html,2025-09-15,林剑,路透社记者,foreign,84,69,0.576995134353637,0.11111111111111101,0.2,0,1,0,0,1,0,recent
2125,t20250915_11708567.html,2025-09-15,林剑,总台央视记者,cn,31,36,0.82444542646408,0.23529411764705802,0.33333333333333304,0,0,0,0,1,0,recent
2126,t20250915_11708567.html,2025-09-15,林剑,澎湃新闻记者,cn,70,77,0.7951920032501221,0.125,0.277777777777777,0,1,0,0,2,1,recent
2127,t20250915_11708567.html,2025-09-15,林剑,法新社记者,foreign,76,22,0.593011736869812,0.11111111111111101,0.130434782608695,0,1,0,0,1,0,recent
2128,t20250915_11708567.html,2025-09-15,林剑,《环球时报》记者,cn,101,105,0.8707951307296751,0.226415094339622,0.413793103448275,0,1,1,0,1,0,recent
2129,t20250915_11708567.html,2025-09-15,林剑,路透社记者,foreign,107,33,0.7517567276954651,0.043478260869565,0.054054054054054,0,1,1,0,1,0,recent
2130,t20250915_11708567.html,2025-09-15,林剑,《北京日报》记者,foreign,132,149,0.8597671389579771,0.077922077922077,0.15,0,1,0,0,1,0,recent
2131,t20250915_11708567.html,2025-09-15,林剑,路透社记者,foreign,103,63,0.759690046310424,0.16666666666666602,0.23333333333333303,1,1,0,0,2,1,recent
2132,t20250915_11708567.html,2025-09-15,林剑,乌通社记者,foreign,73,96,0.623087704181671,0.05,0.103448275862068,0,1,0,0,1,0,recent
2133,t20250915_11708567.html,2025-09-15,林剑,《北京青年报》记者,foreign,47,184,0.7320126295089721,0.08955223880597,0.35294117647058804,0,1,0,0,1,0,recent
2134,t20250915_11708567.html,2025-09-15,林剑,法新社记者,foreign,74,92,0.48732256889343206,0.018867924528301,0.043478260869565,0,1,1,0,3,1,recent
2135,t20250916_11709281.html,2025-09-16,林剑,总台中国之声记者,cn,22,209,0.625320851802825,0.053571428571428006,0.42857142857142805,0,1,0,0,1,0,recent
2136,t20250916_11709281.html,2025-09-16,林剑,《中国日报》记者,cn,47,244,0.771314144134521,0.107692307692307,0.41176470588235203,0,0,0,0,1,0,recent
2137,t20250916_11709281.html,2025-09-16,林剑,法新社记者,foreign,59,80,0.8084636926651001,0.12195121951219501,0.23809523809523803,0,1,0,0,1,0,recent
2138,t20250916_11709281.html,2025-09-16,林剑,法新社记者,foreign,92,48,0.537094593048095,0.024390243902439,0.041666666666666005,1,1,0,0,1,0,recent
2139,t20250916_11709281.html,2025-09-16,林剑,深圳卫视记者,cn,60,185,0.602202415466308,0.15,0.6000000000000001,0,0,1,0,1,0,recent
2140,t20250916_11709281.html,2025-09-16,林剑,东方卫视记者,foreign,113,88,0.7919871211051941,0.096153846153846,0.16666666666666602,0,1,0,0,1,0,recent
2141,t20250916_11709281.html,2025-09-16,林剑,《北京青年报》记者,foreign,74,192,0.854898929595947,0.140625,0.45,0,1,0,0,1,0,recent
2142,t20250917_11710000.html,2025-09-17,林剑,法新社记者,foreign,66,103,0.549623966217041,0.04,0.1,1,1,0,0,2,1,recent
2143,t20250917_11710000.html,2025-09-17,林剑,《人民日报》记者,cn,143,103,0.7396753430366511,0.04,0.06,0,1,1,0,1,0,recent
2144,t20250917_11710000.html,2025-09-17,林剑,总台央视记者,cn,132,179,0.6462633609771721,0.1,0.22580645161290303,0,1,1,0,1,0,recent
2145,t20250917_11710000.html,2025-09-17,林剑,法新社记者,foreign,66,55,0.503334581851959,0.023809523809523003,0.041666666666666005,0,1,0,0,1,0,recent
2146,t20250917_11710000.html,2025-09-17,林剑,彭博社记者,foreign,91,111,0.50573444366455,0.09433962264150901,0.208333333333333,0,1,0,0,2,1,recent
2147,t20250917_11710000.html,2025-09-17,林剑,法新社记者,foreign,62,47,0.771189153194427,0.12903225806451601,0.210526315789473,0,1,0,0,1,0,recent
2148,t20250917_11710000.html,2025-09-17,林剑,彭博社记者,foreign,95,35,0.39847332239151,0.0,0.0,0,1,0,0,1,0,recent
2149,t20250917_11710000.html,2025-09-17,林剑,《环球时报》记者,cn,123,166,0.6518667936325071,0.043478260869565,0.105263157894736,0,1,0,0,1,0,recent
2150,t20250918_11710955.html,2025-09-18,林剑,法新社记者,foreign,96,115,0.40535563230514504,0.029850746268656,0.06451612903225801,0,1,0,0,1,0,recent
2151,t20250918_11710955.html,2025-09-18,林剑,总台华语环球节目中心记者,cn,110,192,0.877615451812744,0.17283950617283902,0.378378378378378,0,1,1,0,1,0,recent
2152,t20250918_11710955.html,2025-09-18,林剑,法新社记者,foreign,102,66,0.448826014995574,0.0,0.0,0,1,1,0,2,1,recent
2153,t20250918_11710955.html,2025-09-18,林剑,总台国广记者,cn,134,32,0.435036212205886,0.04,0.047619047619047006,0,1,1,0,1,0,recent
2154,t20250918_11710955.html,2025-09-18,林剑,法新社记者,foreign,86,69,0.6217542886734001,0.10204081632653,0.17857142857142802,0,1,0,0,1,0,recent
2155,t20250918_11710955.html,2025-09-18,林剑,法新社记者,foreign,34,11,0.16451273858547202,0.0,0.0,1,1,0,0,1,0,recent
2156,t20250918_11710955.html,2025-09-18,林剑,路透社记者,foreign,84,142,0.543358564376831,0.07462686567164101,0.192307692307692,0,1,0,0,2,1,recent
2157,t20250919_11711727.html,2025-09-19,林剑,新华社记者,cn,41,109,0.317106515169143,0.0625,0.21428571428571402,0,1,0,0,1,0,recent
2158,t20250919_11711727.html,2025-09-19,林剑,阿纳多卢通讯社记者,foreign,116,86,0.45341485738754206,0.068965517241379,0.11764705882352901,0,1,1,0,2,1,recent
2159,t20250919_11711727.html,2025-09-19,林剑,俄罗斯卫星通讯社记者,foreign,90,73,0.531637549400329,0.044444444444444,0.08,0,1,0,0,2,1,recent
2160,t20250919_11711727.html,2025-09-19,林剑,中新社记者,cn,79,110,0.902781009674072,0.26315789473684204,0.45454545454545403,0,0,0,0,1,0,recent
2161,t20250919_11711727.html,2025-09-19,林剑,阿纳多卢通讯社记者,foreign,26,11,0.105931662023067,0.0,0.0,1,1,0,0,1,0,recent
2162,t20250922_11713177.html,2025-09-22,郭嘉昆,总台央视记者,cn,127,42,0.599927425384521,0.018181818181818,0.023255813953488,0,1,0,0,1,0,recent
2163,t20250922_11713177.html,2025-09-22,郭嘉昆,路透社记者,foreign,36,54,0.6060686707496641,0.16,0.36363636363636304,0,0,0,0,2,1,recent
2164,t20250922_11713177.html,2025-09-22,郭嘉昆,彭博社记者,foreign,128,77,0.582777261734008,0.075471698113207,0.133333333333333,1,0,0,0,3,1,recent
2165,t20250922_11713177.html,2025-09-22,郭嘉昆,韩联社记者,foreign,81,94,0.508452892303466,0.018181818181818,0.037037037037037,0,1,1,0,1,0,recent
2166,t20250922_11713177.html,2025-09-22,郭嘉昆,新华社记者,cn,62,115,0.666406393051147,0.022222222222222,0.05,0,1,0,0,1,0,recent
2167,t20250922_11713177.html,2025-09-22,郭嘉昆,路透社记者,foreign,88,23,0.5751849412918091,0.057142857142857,0.068965517241379,0,1,0,0,2,1,recent
2168,t20250922_11713177.html,2025-09-22,郭嘉昆,彭博社记者,foreign,58,138,0.7201382517814631,0.065573770491803,0.210526315789473,0,1,0,0,1,0,recent
2169,t20250922_11713177.html,2025-09-22,郭嘉昆,路透社记者,foreign,55,26,0.165443927049636,0.04,0.055555555555555004,0,0,1,0,1,0,recent
2170,t20250923_11714020.html,2025-09-23,郭嘉昆,中新社记者,cn,123,293,0.750681161880493,0.11,0.305555555555555,0,1,0,0,1,0,recent
2171,t20250923_11714020.html,2025-09-23,郭嘉昆,法新社记者,foreign,63,29,0.48669996857643105,0.037037037037037,0.055555555555555004,0,0,0,0,1,0,recent
2172,t20250923_11714020.html,2025-09-23,郭嘉昆,路透社记者,foreign,63,47,0.7439140081405641,0.14705882352941102,0.21739130434782603,0,0,1,0,1,0,recent
2173,t20250923_11714020.html,2025-09-23,郭嘉昆,今日俄罗斯记者,foreign,93,146,0.6522915363311761,0.09230769230769201,0.22222222222222202,0,1,0,0,1,0,recent
2174,t20250923_11714020.html,2025-09-23,郭嘉昆,法新社记者,foreign,65,134,0.69798058271408,0.075471698113207,0.210526315789473,1,1,0,0,1,0,recent
2175,t20250923_11714020.html,2025-09-23,郭嘉昆,巴西《圣保罗页报》记者,foreign,37,99,0.434888750314712,0.051282051282051,0.18181818181818102,0,1,0,0,1,0,recent
2176,t20250923_11714020.html,2025-09-23,郭嘉昆,法新社记者,foreign,53,109,0.6711982488632201,0.0625,0.16666666666666602,0,1,0,0,1,0,recent
2177,t20250923_11714020.html,2025-09-23,郭嘉昆,巴西《圣保罗页报》记者,foreign,29,66,0.45815932750701904,0.068965517241379,0.2,0,1,1,0,1,0,recent
2178,t20250924_11715972.html,2025-09-24,郭嘉昆,总台央视记者,cn,81,204,0.6382237076759331,0.121621621621621,0.34615384615384603,0,1,0,0,1,0,recent
2179,t20250924_11715972.html,2025-09-24,郭嘉昆,深圳卫视记者,cn,139,182,0.601228713989257,0.047058823529411,0.102564102564102,0,1,1,0,1,0,recent
2180,t20250924_11715972.html,2025-09-24,郭嘉昆,中阿卫视记者,foreign,59,130,0.600483000278472,0.07843137254901901,0.22222222222222202,0,1,0,0,1,0,recent
2181,t20250924_11715972.html,2025-09-24,郭嘉昆,《中国日报》记者,cn,56,160,0.664688408374786,0.06153846153846101,0.210526315789473,0,0,0,0,1,0,recent
2182,t20250924_11715972.html,2025-09-24,郭嘉昆,彭博社记者,foreign,50,70,0.5124076604843141,0.028571428571428,0.058823529411764004,0,1,1,0,1,0,recent
2183,t20250924_11715972.html,2025-09-24,郭嘉昆,中阿卫视记者,foreign,98,58,0.7631338834762571,0.09090909090909001,0.133333333333333,0,1,0,0,1,0,recent
2184,t20250924_11715972.html,2025-09-24,郭嘉昆,法新社记者,foreign,56,53,0.7826601266860961,0.321428571428571,0.47368421052631504,0,1,0,0,2,1,recent
2185,t20250924_11715972.html,2025-09-24,郭嘉昆,法新社记者,foreign,40,69,0.5505990982055661,0.057142857142857,0.15384615384615302,0,1,0,0,1,0,recent
2186,t20250924_11715972.html,2025-09-24,郭嘉昆,凤凰卫视记者,cn,66,160,0.639118075370788,0.048387096774193006,0.15,0,1,0,0,1,0,recent
2187,t20250924_11715972.html,2025-09-24,郭嘉昆,法新社记者,foreign,86,117,0.41167581081390303,0.047619047619047006,0.12,0,1,0,0,2,1,recent
2188,t20250924_11715972.html,2025-09-24,郭嘉昆,法新社记者,foreign,49,103,0.8445886373519891,0.29729729729729704,0.611111111111111,0,1,0,1,1,0,recent
2189,t20250925_11716956.html,2025-09-25,郭嘉昆,总台央视记者,cn,74,127,0.733048439025878,0.125,0.318181818181818,0,1,1,0,1,0,recent
2190,t20250925_11716956.html,2025-09-25,郭嘉昆,总台华语环球节目中心记者,cn,62,120,0.900753259658813,0.28571428571428503,0.636363636363636,0,1,0,0,1,0,recent
2191,t20250925_11716956.html,2025-09-25,郭嘉昆,路透社记者,foreign,30,127,0.7378988862037651,0.10869565217391301,0.416666666666666,0,1,0,0,1,0,recent
2192,t20250925_11716956.html,2025-09-25,郭嘉昆,法新社记者,foreign,51,77,0.16527441143989502,0.0,0.0,0,1,1,0,1,0,recent
2193,t20250925_11716956.html,2025-09-25,郭嘉昆,法新社记者,foreign,34,46,0.6675307750701901,0.148148148148148,0.28571428571428503,0,1,0,0,1,0,recent
2194,t20250926_11717872.html,2025-09-26,郭嘉昆,总台央视记者,cn,139,41,0.6673538684844971,0.14,0.159090909090909,0,1,0,0,1,0,recent
2195,t20250926_11717872.html,2025-09-26,郭嘉昆,路透社记者,foreign,80,148,0.5131704807281491,0.046153846153846004,0.14285714285714202,0,0,0,0,1,0,recent
2196,t20250926_11717872.html,2025-09-26,郭嘉昆,委内瑞拉南方电视台记者,foreign,72,57,0.547991752624511,0.105263157894736,0.16666666666666602,0,1,0,0,1,0,recent
2197,t20250926_11717872.html,2025-09-26,郭嘉昆,《环球时报》记者,cn,186,234,0.9075067043304441,0.38095238095238004,0.5714285714285711,0,1,1,0,1,0,recent
2198,t20250926_11717872.html,2025-09-26,郭嘉昆,日本共同社记者,foreign,69,176,0.636998295783996,0.041666666666666005,0.15,0,1,1,0,1,0,recent
2199,t20250926_11717872.html,2025-09-26,郭嘉昆,波兰通讯社记者,foreign,162,82,0.6345885992050171,0.069444444444444,0.10204081632653,0,1,0,1,2,1,recent
2200,t20250926_11717872.html,2025-09-26,郭嘉昆,俄新社记者,foreign,69,104,0.37791487574577304,0.036363636363636,0.1,0,1,0,0,2,1,recent
2201,t20250926_11717872.html,2025-09-26,郭嘉昆,法新社记者,foreign,82,124,0.657905340194702,0.066666666666666,0.17391304347826,0,1,1,0,1,0,recent
2202,t20250926_11717872.html,2025-09-26,郭嘉昆,中新社记者,cn,123,75,0.919352293014526,0.265306122448979,0.342105263157894,0,1,0,0,1,0,recent
2203,t20250926_11717872.html,2025-09-26,郭嘉昆,《金融时报》记者,foreign,32,13,0.083996839821338,0.0,0.0,0,1,0,0,1,0,recent
2204,t20250926_11717872.html,2025-09-26,郭嘉昆,委内瑞拉南方电视台记者,foreign,109,102,0.7211534976959221,0.125,0.22580645161290303,0,1,0,0,1,0,recent
2205,t20250929_11719904.html,2025-09-29,郭嘉昆,新华社记者,cn,118,200,0.6965811848640441,0.09090909090909001,0.18421052631578902,0,1,1,0,1,0,recent
2206,t20250929_11719904.html,2025-09-29,郭嘉昆,路透社记者,foreign,54,80,0.527844548225402,0.128205128205128,0.26315789473684204,1,0,0,0,1,0,recent
2207,t20250929_11719904.html,2025-09-29,郭嘉昆,香港中评社记者,cn,34,10,0.21083508431911402,0.0625,0.07692307692307601,0,0,1,0,1,0,recent
2208,t20250929_11719904.html,2025-09-29,郭嘉昆,路透社记者,foreign,72,50,0.697813808917999,0.028571428571428,0.05,0,0,1,0,2,1,recent
2209,t20250929_11719904.html,2025-09-29,郭嘉昆,《中国日报》记者,cn,82,67,0.5387805700302121,0.04,0.068965517241379,0,1,1,0,1,0,recent
2210,t20250929_11719904.html,2025-09-29,郭嘉昆,路透社记者,foreign,83,97,0.660834670066833,0.035714285714285005,0.074074074074074,0,1,1,0,1,0,recent
2211,t20250929_11719904.html,2025-09-29,郭嘉昆,彭博社记者,foreign,75,92,0.6915348172187801,0.097560975609756,0.19047619047619002,0,1,1,0,1,0,recent
2212,t20250929_11719904.html,2025-09-29,郭嘉昆,彭博社记者,foreign,82,40,0.6801543235778801,0.16666666666666602,0.26315789473684204,0,1,0,0,1,0,recent
2213,t20250929_11719904.html,2025-09-29,郭嘉昆,澎湃新闻记者,cn,71,82,0.580830037593841,0.046511627906976,0.09090909090909001,0,1,0,0,1,0,recent
2214,t20250930_11721739.html,2025-09-30,郭嘉昆,总台央视记者,cn,157,242,0.7492093443870541,0.148148148148148,0.33333333333333304,0,1,1,0,1,0,recent
2215,t20250930_11721739.html,2025-09-30,郭嘉昆,路透社记者,foreign,44,158,0.5640128850936891,0.015873015873015,0.066666666666666,0,0,1,0,1,0,recent
2216,t20250930_11721739.html,2025-09-30,郭嘉昆,土耳其阿纳多卢通讯社记者,foreign,58,137,0.568225741386413,0.029411764705882002,0.08695652173913,0,1,0,0,1,0,recent
2217,t20250930_11721739.html,2025-09-30,郭嘉昆,路透社记者,foreign,48,22,0.08184228837490001,0.041666666666666005,0.052631578947368,0,0,1,0,1,0,recent
2218,t20250930_11721739.html,2025-09-30,郭嘉昆,中新社记者,cn,40,114,0.769946753978729,0.078947368421052,0.30000000000000004,0,1,0,0,1,0,recent
2219,t20250930_11721739.html,2025-09-30,郭嘉昆,路透社记者,foreign,49,10,0.12922343611717202,0.0,0.0,0,0,0,0,1,0,recent
2220,t20250930_11721739.html,2025-09-30,郭嘉昆,印尼安塔拉通讯社记者,foreign,72,224,0.7553669214248651,0.080459770114942,0.269230769230769,0,1,0,0,1,0,recent
2221,t20251009_11724430.html,2025-10-09,郭嘉昆,总台央视记者,cn,47,140,0.6906855702400201,0.155555555555555,0.388888888888888,0,1,0,0,1,0,recent
2222,t20251009_11724430.html,2025-10-09,郭嘉昆,俄新社记者,foreign,75,131,0.6556599140167231,0.087719298245614,0.208333333333333,0,1,0,0,1,0,recent
2223,t20251009_11724430.html,2025-10-09,郭嘉昆,《中国日报》记者,cn,52,150,0.843419551849365,0.18867924528301802,0.555555555555555,0,1,1,0,1,0,recent
2224,t20251009_11724430.html,2025-10-09,郭嘉昆,《环球时报》记者,cn,81,51,0.64897745847702,0.06818181818181801,0.11111111111111101,0,1,0,0,1,0,recent
2225,t20251009_11724430.html,2025-10-09,郭嘉昆,总台CGTN记者,cn,42,82,0.92304503917694,0.162162162162162,0.42857142857142805,0,1,0,0,1,0,recent
2226,t20251009_11724430.html,2025-10-09,郭嘉昆,英国广播公司记者,foreign,49,103,0.734161078929901,0.093023255813953,0.266666666666666,0,1,1,0,1,0,recent
2227,t20251009_11724430.html,2025-10-09,郭嘉昆,法新社记者,foreign,72,153,0.7736053466796871,0.125,0.347826086956521,0,1,0,0,1,0,recent
2228,t20251009_11724430.html,2025-10-09,郭嘉昆,英国广播公司记者,foreign,60,71,0.389882206916809,0.045454545454545005,0.105263157894736,1,0,0,0,2,1,recent
2229,t20251009_11724430.html,2025-10-09,郭嘉昆,《北京青年报》记者,foreign,51,154,0.701220452785491,0.1,0.31578947368421,0,1,0,0,1,0,recent
2230,t20251009_11724430.html,2025-10-09,郭嘉昆,法新社记者,foreign,45,36,0.320232033729553,0.038461538461538006,0.0625,0,1,0,0,1,0,recent
2231,t20251009_11724430.html,2025-10-09,郭嘉昆,法新社记者,foreign,16,109,0.796726822853088,0.048780487804878,0.33333333333333304,0,1,0,0,1,0,recent
2232,t20251010_11729208.html,2025-10-10,郭嘉昆,总台央视记者,cn,36,129,0.68971312046051,0.085106382978723,0.28571428571428503,0,0,0,0,1,0,recent
2233,t20251010_11729208.html,2025-10-10,郭嘉昆,中新社记者,cn,81,92,0.601078450679779,0.08163265306122401,0.15384615384615302,0,1,0,0,1,0,recent
2234,t20251010_11729208.html,2025-10-10,郭嘉昆,阿纳多卢通讯社记者,foreign,63,109,0.642430663108825,0.051724137931034,0.125,0,1,0,0,1,0,recent
2235,t20251010_11729208.html,2025-10-10,郭嘉昆,路透社记者,foreign,39,99,0.601118206977844,0.022727272727272003,0.08333333333333301,0,0,1,0,1,0,recent
2236,t20251010_11729208.html,2025-10-10,郭嘉昆,阿拉比电视网记者,foreign,223,116,0.7139424681663511,0.06741573033707801,0.09375000000000001,0,1,1,0,3,1,recent
2237,t20251010_11729208.html,2025-10-10,郭嘉昆,澎湃新闻记者,cn,76,162,0.728009462356567,0.094594594594594,0.25,0,1,0,0,1,0,recent
2238,t20251010_11729208.html,2025-10-10,郭嘉昆,法新社记者,foreign,78,49,0.6889460086822511,0.135135135135135,0.208333333333333,0,1,0,0,2,1,recent
2239,t20251010_11729208.html,2025-10-10,郭嘉昆,路透社记者,foreign,70,89,0.744822680950164,0.055555555555555004,0.115384615384615,1,1,0,0,1,0,recent
2240,t20251010_11729208.html,2025-10-10,郭嘉昆,深圳卫视记者,cn,55,88,0.7708027362823481,0.155555555555555,0.35000000000000003,0,1,0,0,1,0,recent
2241,t20251010_11729208.html,2025-10-10,郭嘉昆,彭博社记者,foreign,67,109,0.509820103645324,0.070175438596491,0.16,0,1,1,0,2,1,recent
2242,t20251010_11729208.html,2025-10-10,郭嘉昆,共同社记者,foreign,29,15,0.6067181825637811,0.07142857142857101,0.1,0,1,0,0,1,0,recent
2243,t20251013_11731737.html,2025-10-13,林剑,总台央视记者,cn,46,36,0.881266474723815,0.631578947368421,0.7058823529411761,0,0,0,0,1,0,recent
2244,t20251013_11731737.html,2025-10-13,林剑,法新社记者,foreign,84,215,0.7381843328475951,0.066666666666666,0.21428571428571402,0,1,1,0,2,1,recent
2245,t20251013_11731737.html,2025-10-13,林剑,总台华语环球节目中心记者,cn,45,172,0.592146039009094,0.08196721311475401,0.35714285714285704,0,1,0,0,2,1,recent
2246,t20251013_11731737.html,2025-10-13,林剑,《北京日报》记者,foreign,37,158,0.755786180496215,0.150943396226415,0.533333333333333,0,0,0,0,1,0,recent
2247,t20251013_11731737.html,2025-10-13,林剑,法新社记者,foreign,57,65,0.43719670176506004,0.027777777777777003,0.066666666666666,0,1,0,0,1,0,recent
2248,t20251013_11731737.html,2025-10-13,林剑,彭博社记者,foreign,36,103,0.41361895203590304,0.0,0.0,0,0,1,0,1,0,recent
2249,t20251013_11731737.html,2025-10-13,林剑,《金融时报》记者,foreign,60,16,0.732822835445404,0.041666666666666005,0.05,1,1,1,0,2,1,recent
2250,t20251013_11731737.html,2025-10-13,林剑,彭博社记者,foreign,89,43,0.47880035638809204,0.048780487804878,0.066666666666666,0,1,1,0,1,0,recent
2251,t20251013_11731737.html,2025-10-13,林剑,湖北广电记者,foreign,45,32,0.5180067420005791,0.08695652173913,0.133333333333333,0,1,0,0,1,0,recent
2252,t20251013_11731737.html,2025-10-13,林剑,《环球时报》记者,cn,124,190,0.602474987506866,0.075,0.18181818181818102,0,1,1,0,1,0,recent
2253,t20251014_11732754.html,2025-10-14,林剑,总台央视记者,cn,54,122,0.6346306204795831,0.056603773584905,0.15,0,1,0,0,2,1,recent
2254,t20251014_11732754.html,2025-10-14,林剑,中新社记者,cn,43,150,0.5743421316146851,0.04918032786885201,0.1875,0,1,0,0,2,1,recent
2255,t20251014_11732754.html,2025-10-14,林剑,《中国日报》记者,cn,36,103,0.6423568725585931,0.102564102564102,0.28571428571428503,0,1,0,0,1,0,recent
2256,t20251014_11732754.html,2025-10-14,林剑,深圳卫视记者,cn,70,130,0.828054666519165,0.084745762711864,0.2,0,1,0,0,1,0,recent
2257,t20251015_11733752.html,2025-10-15,林剑,总台中国之声记者,cn,177,152,0.716707170009613,0.14285714285714202,0.23636363636363603,0,1,1,0,1,0,recent
2258,t20251015_11733752.html,2025-10-15,林剑,日本共同社记者,foreign,54,71,0.413784712553024,0.025,0.052631578947368,0,1,0,0,1,0,recent
2259,t20251015_11733752.html,2025-10-15,林剑,委内瑞拉南方电视台记者,foreign,114,101,0.425812542438507,0.015873015873015,0.027027027027027,0,1,1,0,2,1,recent
2260,t20251015_11733752.html,2025-10-15,林剑,彭博社记者,foreign,61,107,0.627146065235137,0.053571428571428006,0.14285714285714202,0,1,0,0,1,0,recent
2261,t20251015_11733752.html,2025-10-15,林剑,澎湃新闻记者,cn,147,85,0.7527334690093991,0.057971014492753006,0.09090909090909001,0,1,0,0,1,0,recent
2262,t20251015_11733752.html,2025-10-15,林剑,路透社记者,foreign,131,86,0.64321219921112,0.0625,0.105263157894736,0,1,1,0,3,1,recent
2263,t20251015_11733752.html,2025-10-15,林剑,彭博社记者,foreign,38,103,0.7363094091415401,0.0625,0.1875,0,1,1,0,1,0,recent
2264,t20251015_11733752.html,2025-10-15,林剑,法新社记者,foreign,60,103,0.6481491327285761,0.07843137254901901,0.210526315789473,0,1,1,0,1,0,recent
2265,t20251015_11733752.html,2025-10-15,林剑,路透社记者,foreign,88,176,0.771250963211059,0.08641975308641901,0.23333333333333303,0,1,1,0,1,0,recent
2266,t20251015_11733752.html,2025-10-15,林剑,路透社记者,foreign,47,13,0.6978486180305481,0.05,0.058823529411764004,0,1,1,0,1,0,recent
2267,t20251015_11733752.html,2025-10-15,林剑,法新社记者,foreign,71,11,0.17456284165382302,0.033333333333333,0.035714285714285005,0,1,0,0,1,0,recent
2268,t20251015_11733752.html,2025-10-15,林剑,路透社记者,foreign,86,111,0.7224990129470821,0.044776119402985,0.09090909090909001,0,1,0,0,1,0,recent
2269,t20251016_11734735.html,2025-10-16,林剑,新华社记者,cn,141,97,0.620163738727569,0.086206896551724,0.138888888888888,0,1,0,0,1,0,recent
2270,t20251016_11734735.html,2025-10-16,林剑,法新社记者,foreign,71,69,0.818181157112121,0.155555555555555,0.269230769230769,0,1,1,0,1,0,recent
2271,t20251016_11734735.html,2025-10-16,林剑,阿拉比电视网记者,foreign,85,26,0.554639279842376,0.078947368421052,0.09677419354838701,0,1,1,0,1,0,recent
2272,t20251016_11734735.html,2025-10-16,林剑,深圳卫视记者,cn,138,71,0.813722252845764,0.264150943396226,0.33333333333333304,0,1,0,0,1,0,recent
2273,t20251016_11734735.html,2025-10-16,林剑,彭博社记者,foreign,51,59,0.552638888359069,0.0,0.0,0,1,0,0,1,0,recent
2274,t20251016_11734735.html,2025-10-16,林剑,埃菲社记者,foreign,81,122,0.524784445762634,0.063492063492063,0.16,0,1,0,0,3,1,recent
2275,t20251016_11734735.html,2025-10-16,林剑,英国广播公司记者,foreign,103,46,0.6678975820541381,0.0,0.0,0,1,1,0,1,0,recent
2276,t20251016_11734735.html,2025-10-16,林剑,韩联社记者,foreign,32,80,0.8231672048568721,0.18181818181818102,0.6000000000000001,0,1,0,0,1,0,recent
2277,t20251016_11734735.html,2025-10-16,林剑,彭博社记者,foreign,99,26,0.526388645172119,0.045454545454545005,0.055555555555555004,0,1,0,0,1,0,recent
2278,t20251016_11734735.html,2025-10-16,林剑,法新社记者,foreign,88,89,0.56402039527893,0.072727272727272,0.16,0,1,0,0,2,1,recent
2279,t20251016_11734735.html,2025-10-16,林剑,路透社记者,foreign,51,118,0.576290667057037,0.018181818181818,0.052631578947368,0,1,1,0,1,0,recent
2280,t20251016_11734735.html,2025-10-16,林剑,英国广播公司记者,foreign,46,31,0.566191732883453,0.07692307692307601,0.11764705882352901,0,1,1,0,1,0,recent
2281,t20251016_11734735.html,2025-10-16,林剑,彭博社记者,foreign,56,69,0.6460945606231691,0.022222222222222,0.047619047619047006,0,1,0,0,1,0,recent
2282,t20251016_11734735.html,2025-10-16,林剑,法新社记者,foreign,64,102,0.680572152137756,0.051724137931034,0.115384615384615,0,1,1,0,1,0,recent
2283,t20251016_11734735.html,2025-10-16,林剑,彭博社记者,foreign,99,37,0.220599710941314,0.020833333333333003,0.029411764705882002,0,1,0,0,1,0,recent
2284,t20251017_11735526.html,2025-10-17,林剑,路透社记者,foreign,94,155,0.668198585510253,0.053333333333333004,0.12121212121212101,0,1,0,0,1,0,recent
2285,t20251017_11735526.html,2025-10-17,林剑,日本广播协会记者,foreign,24,29,0.755827546119689,0.11764705882352901,0.25,0,1,0,0,1,0,recent
2286,t20251017_11735526.html,2025-10-17,林剑,俄新社记者,foreign,45,132,0.566187143325805,0.017241379310344,0.0625,0,0,0,0,1,0,recent
2287,t20251017_11735526.html,2025-10-17,林剑,法新社记者,foreign,66,51,0.223036855459213,0.024390243902439,0.045454545454545005,0,0,0,0,1,0,recent
2288,t20251017_11735526.html,2025-10-17,林剑,彭博社记者,foreign,58,188,0.770620942115783,0.041666666666666005,0.17647058823529402,0,1,0,0,1,0,recent
2289,t20251017_11735526.html,2025-10-17,林剑,共同社记者,foreign,88,82,0.48844200372695906,0.085106382978723,0.148148148148148,0,1,0,0,1,0,recent
2290,t20251017_11735526.html,2025-10-17,林剑,路透社记者,foreign,53,120,0.452179729938507,0.016666666666666,0.052631578947368,0,1,1,0,1,0,recent
2291,t20251017_11735526.html,2025-10-17,林剑,《北京青年报》记者,foreign,76,227,0.6897374391555781,0.10843373493975901,0.321428571428571,0,1,0,0,1,0,recent
2292,t20251020_11736625.html,2025-10-20,郭嘉昆,《环球时报》记者,cn,76,107,0.45930904150009105,0.053571428571428006,0.13636363636363602,0,1,0,0,2,1,recent
2293,t20251020_11736625.html,2025-10-20,郭嘉昆,彭博社记者,foreign,70,65,0.47856450080871504,0.073170731707317,0.125,0,1,1,0,1,0,recent
2294,t20251020_11736625.html,2025-10-20,郭嘉昆,中新社记者,cn,81,97,0.48395663499832103,0.037735849056603,0.07142857142857101,0,1,0,0,1,0,recent
2295,t20251020_11736625.html,2025-10-20,郭嘉昆,新华社记者,cn,108,142,0.553646028041839,0.08955223880597,0.22222222222222202,0,1,0,0,1,0,recent
2296,t20251020_11736625.html,2025-10-20,郭嘉昆,日本广播协会记者,foreign,43,13,0.08715030550956701,0.0,0.0,0,1,0,0,1,0,recent
2297,t20251021_11737437.html,2025-10-21,郭嘉昆,总台央视记者,cn,34,73,0.841720819473266,0.23076923076923,0.461538461538461,0,0,1,0,0,0,recent
2298,t20251021_11737437.html,2025-10-21,郭嘉昆,法新社记者,foreign,136,117,0.6322973966598511,0.066666666666666,0.114285714285714,0,1,1,0,2,1,recent
2299,t20251021_11737437.html,2025-10-21,郭嘉昆,总台国广记者,cn,73,41,0.441097617149353,0.12903225806451601,0.18181818181818102,0,1,0,0,1,0,recent
2300,t20251021_11737437.html,2025-10-21,郭嘉昆,彭博社记者,foreign,93,74,0.6167081594467161,0.11111111111111101,0.1875,0,0,0,0,1,0,recent
2301,t20251021_11737437.html,2025-10-21,郭嘉昆,《中国日报》记者,cn,84,145,0.8581693768501281,0.11594202898550701,0.28571428571428503,0,1,0,0,1,0,recent
2302,t20251021_11737437.html,2025-10-21,郭嘉昆,路透社记者,foreign,61,65,0.5169802308082581,0.024390243902439,0.045454545454545005,0,1,0,0,1,0,recent
2303,t20251021_11737437.html,2025-10-21,郭嘉昆,共同社记者,foreign,48,122,0.676327466964721,0.037037037037037,0.133333333333333,0,1,0,0,3,1,recent
2304,t20251021_11737437.html,2025-10-21,郭嘉昆,《北京青年报》记者,foreign,43,197,0.519550383090972,0.060606060606060004,0.25,0,0,0,0,1,0,recent
2305,t20251021_11737437.html,2025-10-21,郭嘉昆,路透社记者,foreign,44,59,0.250570923089981,0.027777777777777003,0.0625,0,1,0,0,1,0,recent
2306,t20251022_11738029.html,2025-10-22,郭嘉昆,总台央视记者,cn,142,53,0.7131158113479611,0.035087719298245,0.05,0,1,0,0,2,1,recent
2307,t20251022_11738029.html,2025-10-22,郭嘉昆,法新社记者,foreign,86,132,0.6263126134872431,0.041666666666666005,0.09677419354838701,0,1,1,0,1,0,recent
2308,t20251022_11738029.html,2025-10-22,郭嘉昆,埃菲社记者,foreign,29,72,0.711890518665313,0.09677419354838701,0.33333333333333304,0,1,0,0,1,0,recent
2309,t20251022_11738029.html,2025-10-22,郭嘉昆,韩联社记者,foreign,59,41,0.47603470087051303,0.125,0.18181818181818102,0,1,1,0,1,0,recent
2310,t20251022_11738029.html,2025-10-22,郭嘉昆,乌通社记者,foreign,133,64,0.625606298446655,0.05,0.073170731707317,0,1,0,0,1,0,recent
2311,t20251022_11738029.html,2025-10-22,郭嘉昆,法新社记者,foreign,75,67,0.48647946119308405,0.0,0.0,1,1,0,0,1,0,recent
2312,t20251023_11739394.html,2025-10-23,郭嘉昆,《人民日报》记者,cn,135,114,0.658143520355224,0.060606060606060004,0.114285714285714,0,0,0,0,1,0,recent
2313,t20251023_11739394.html,2025-10-23,郭嘉昆,法新社记者,foreign,52,31,0.318181872367858,0.068965517241379,0.105263157894736,0,1,0,0,1,0,recent
2314,t20251023_11739394.html,2025-10-23,郭嘉昆,拉通社记者,foreign,67,112,0.735788762569427,0.11111111111111101,0.260869565217391,0,1,0,0,1,0,recent
2315,t20251023_11739394.html,2025-10-23,郭嘉昆,总台中国之声记者,cn,76,79,0.848937213420867,0.324324324324324,0.521739130434782,0,1,0,0,1,0,recent
2316,t20251023_11739394.html,2025-10-23,郭嘉昆,路透社记者,foreign,81,70,0.7157625555992121,0.11111111111111101,0.192307692307692,0,1,0,0,2,1,recent
2317,t20251023_11739394.html,2025-10-23,郭嘉昆,深圳卫视记者,cn,77,222,0.58006340265274,0.080459770114942,0.241379310344827,0,1,0,0,1,0,recent
2318,t20251023_11739394.html,2025-10-23,郭嘉昆,法新社记者,foreign,101,49,0.609432935714721,0.08695652173913,0.125,0,1,1,0,1,0,recent
2319,t20251023_11739394.html,2025-10-23,郭嘉昆,《读卖新闻》记者,foreign,43,118,0.5359119176864621,0.0,0.0,0,1,0,0,1,0,recent
2320,t20251023_11739394.html,2025-10-23,郭嘉昆,路透社记者,foreign,71,220,0.747450292110443,0.035294117647058004,0.13636363636363602,0,1,0,0,2,1,recent
2321,t20251023_11739394.html,2025-10-23,郭嘉昆,澎湃新闻记者,cn,103,133,0.655811071395874,0.051282051282051,0.105263157894736,0,1,0,0,1,0,recent
2322,t20251023_11739394.html,2025-10-23,郭嘉昆,路透社记者,foreign,55,30,0.31900668144226,0.0,0.0,0,0,1,0,1,0,recent
2323,t20251024_11740195.html,2025-10-24,郭嘉昆,新华社记者,cn,52,144,0.699345588684082,0.16326530612244802,0.47058823529411703,0,1,0,0,1,0,recent
2324,t20251024_11740195.html,2025-10-24,郭嘉昆,总台央视记者,cn,34,128,0.8032145500183101,0.186046511627906,0.6666666666666661,0,1,0,0,1,0,recent
2325,t20251024_11740195.html,2025-10-24,郭嘉昆,总台华语环球节目中心记者,cn,47,120,0.7427519559860231,0.066666666666666,0.17647058823529402,0,1,0,0,2,1,recent
2326,t20251024_11740195.html,2025-10-24,郭嘉昆,中新社记者,cn,51,147,0.5759170651435851,0.051724137931034,0.17647058823529402,0,1,0,0,2,1,recent
2327,t20251024_11740195.html,2025-10-24,郭嘉昆,《中国日报》记者,cn,132,197,0.727618217468261,0.065217391304347,0.13953488372093,0,1,0,0,1,0,recent
2328,t20251024_11740195.html,2025-10-24,郭嘉昆,深圳卫视记者,cn,98,172,0.6031360626220701,0.10958904109589,0.275862068965517,0,1,1,0,1,0,recent
2329,t20251024_11740195.html,2025-10-24,郭嘉昆,法新社记者,foreign,75,210,0.598873257637023,0.045454545454545005,0.15384615384615302,0,1,1,0,1,0,recent
2330,t20251024_11740195.html,2025-10-24,郭嘉昆,彭博社记者,foreign,81,35,0.48804327845573403,0.0,0.0,0,0,0,0,1,0,recent
2331,t20251024_11740195.html,2025-10-24,郭嘉昆,湖北广电记者,foreign,31,139,0.7037609815597531,0.162162162162162,0.5,0,0,1,0,1,0,recent
2332,t20251024_11740195.html,2025-10-24,郭嘉昆,《环球时报》记者,cn,95,46,0.7641186118125911,0.159090909090909,0.20588235294117602,0,1,1,0,1,0,recent
2333,t20251024_11740195.html,2025-10-24,郭嘉昆,日本广播协会记者,foreign,56,145,0.71118688583374,0.160714285714285,0.47368421052631504,0,1,0,0,1,0,recent
2334,t20251024_11740195.html,2025-10-24,郭嘉昆,乌通社记者,foreign,81,109,0.5203502774238581,0.033333333333333,0.07692307692307601,0,1,0,0,1,0,recent
2335,t20251024_11740195.html,2025-10-24,郭嘉昆,法新社记者,foreign,46,144,0.802636563777923,0.11290322580645101,0.4375,0,1,0,0,2,1,recent
2336,t20251024_11740195.html,2025-10-24,郭嘉昆,《北京青年报》记者,foreign,78,84,0.39275488257408103,0.043478260869565,0.074074074074074,0,1,0,0,1,0,recent
2337,t20251024_11740195.html,2025-10-24,郭嘉昆,日本广播协会记者,foreign,26,68,0.800092697143554,0.1,0.27272727272727204,0,0,0,0,1,0,recent
2338,t20251027_11741651.html,2025-10-27,郭嘉昆,总台央视记者,cn,45,109,0.7522756457328791,0.159090909090909,0.41176470588235203,0,1,0,0,2,1,recent
2339,t20251027_11741651.html,2025-10-27,郭嘉昆,《中国日报》记者,cn,65,214,0.7284864187240601,0.10389610389610301,0.32,0,1,0,0,1,0,recent
2340,t20251027_11741651.html,2025-10-27,郭嘉昆,总台华语环球节目中心记者,cn,68,127,0.659309804439544,0.031746031746031,0.074074074074074,0,1,0,0,2,1,recent
2341,t20251027_11741651.html,2025-10-27,郭嘉昆,德新社记者,foreign,67,97,0.385096788406372,0.039215686274509005,0.09090909090909001,0,1,0,0,1,0,recent
2342,t20251027_11741651.html,2025-10-27,郭嘉昆,彭博社记者,foreign,67,135,0.6864745616912841,0.116666666666666,0.28,1,1,0,0,1,0,recent
2343,t20251027_11741651.html,2025-10-27,郭嘉昆,香港中评社记者,cn,53,92,0.5950795412063591,0.0,0.0,0,1,1,0,2,1,recent
2344,t20251027_11741651.html,2025-10-27,郭嘉昆,路透社记者,foreign,47,10,0.203713655471801,0.0,0.0,0,0,1,0,1,0,recent
2345,t20251027_11741651.html,2025-10-27,郭嘉昆,《环球时报》记者,cn,113,84,0.44279754161834706,0.048387096774193006,0.073170731707317,0,1,1,0,1,0,recent
2346,t20251027_11741651.html,2025-10-27,郭嘉昆,路透社记者,foreign,86,179,0.622466802597045,0.0375,0.103448275862068,0,0,1,0,1,0,recent
2347,t20251027_11741651.html,2025-10-27,郭嘉昆,法新社记者,foreign,106,66,0.719029545783996,0.14,0.18421052631578902,1,1,1,0,1,0,recent
2348,t20251027_11741651.html,2025-10-27,郭嘉昆,彭博社记者,foreign,35,33,0.5860718488693231,0.043478260869565,0.09090909090909001,1,1,0,0,1,0,recent
2349,t20251027_11741651.html,2025-10-27,郭嘉昆,湖北广电记者,foreign,80,93,0.9351565241813661,0.46666666666666606,0.636363636363636,0,1,1,0,1,0,recent
2350,t20251027_11741651.html,2025-10-27,郭嘉昆,路透社记者,foreign,37,87,0.6237582564353941,0.045454545454545005,0.133333333333333,0,0,0,0,1,0,recent
2351,t20251027_11741651.html,2025-10-27,郭嘉昆,法新社记者,foreign,69,35,0.676399588584899,0.0625,0.09090909090909001,0,1,0,0,2,1,recent
2352,t20251027_11741651.html,2025-10-27,郭嘉昆,德新社记者,foreign,57,67,0.42832303047180104,0.0,0.0,1,1,0,0,2,1,recent
2353,t20251027_11741651.html,2025-10-27,郭嘉昆,彭博社记者,foreign,39,109,0.700983226299285,0.065217391304347,0.23076923076923,0,0,1,0,1,0,recent
2354,t20251028_11742415.html,2025-10-28,郭嘉昆,新华社记者,cn,50,126,0.7627322077751161,0.22222222222222202,0.5263157894736841,0,0,0,0,1,0,recent
2355,t20251028_11742415.html,2025-10-28,郭嘉昆,法新社记者,foreign,61,135,0.5392329692840571,0.063492063492063,0.2,1,1,1,0,2,1,recent
2356,t20251028_11742415.html,2025-10-28,郭嘉昆,日本电视网记者,foreign,32,49,0.40372434258461,0.0,0.0,0,1,0,0,1,0,recent
2357,t20251028_11742415.html,2025-10-28,郭嘉昆,路透社记者,foreign,54,220,0.671227693557739,0.049382716049382006,0.22222222222222202,0,1,1,0,1,0,recent
2358,t20251028_11742415.html,2025-10-28,郭嘉昆,中新社记者,cn,165,77,0.7108965516090391,0.078947368421052,0.12,0,1,1,0,1,0,recent
2359,t20251028_11742415.html,2025-10-28,郭嘉昆,真实巴西记者,foreign,105,150,0.695090293884277,0.09090909090909001,0.2,0,1,1,0,2,1,recent
2360,t20251028_11742415.html,2025-10-28,郭嘉昆,路透社记者,foreign,95,161,0.7128219008445741,0.10975609756097501,0.28125,0,1,0,0,2,1,recent
2361,t20251028_11742415.html,2025-10-28,郭嘉昆,英国广播公司记者,foreign,71,45,0.722039341926574,0.081081081081081,0.13636363636363602,0,1,1,1,1,0,recent
2362,t20251028_11742415.html,2025-10-28,郭嘉昆,真实巴西记者,foreign,39,127,0.47062981128692605,0.039215686274509005,0.133333333333333,0,1,0,0,1,0,recent
2363,t20251028_11742415.html,2025-10-28,郭嘉昆,《北京青年报》记者,foreign,136,94,0.655492544174194,0.15151515151515102,0.22222222222222202,0,1,1,0,1,0,recent
2364,t20251028_11742415.html,2025-10-28,郭嘉昆,法新社记者,foreign,44,14,0.24269068241119301,0.045454545454545005,0.058823529411764004,0,1,1,0,1,0,recent
2365,t20251029_11743157.html,2025-10-29,郭嘉昆,总台央视记者,cn,163,252,0.820786416530609,0.174757281553398,0.34615384615384603,0,1,1,0,2,1,recent
2366,t20251029_11743157.html,2025-10-29,郭嘉昆,法新社记者,foreign,49,127,0.5419483780860901,0.037037037037037,0.11111111111111101,0,1,0,0,1,0,recent
2367,t20251029_11743157.html,2025-10-29,郭嘉昆,共同社记者,foreign,45,22,0.312734127044677,0.047619047619047006,0.07142857142857101,1,1,0,0,1,0,recent
2368,t20251029_11743157.html,2025-10-29,郭嘉昆,法新社记者,foreign,50,140,0.5182783007621761,0.033333333333333,0.105263157894736,0,1,1,0,1,0,recent
2369,t20251029_11743157.html,2025-10-29,郭嘉昆,法新社记者,foreign,37,32,0.43157953023910506,0.047619047619047006,0.07692307692307601,1,1,0,0,1,0,recent
2370,t20251029_11743157.html,2025-10-29,郭嘉昆,日本电视网记者,foreign,57,130,0.6600289344787591,0.087719298245614,0.26315789473684204,0,1,0,0,1,0,recent
2371,t20251029_11743157.html,2025-10-29,郭嘉昆,法新社记者,foreign,53,57,0.6792310476303101,0.1,0.2,1,1,1,0,1,0,recent
2372,t20251030_11744014.html,2025-10-30,郭嘉昆,深圳卫视记者,cn,98,65,0.8462973833084101,0.11363636363636301,0.2,0,1,1,0,1,0,recent
2373,t20251030_11744014.html,2025-10-30,郭嘉昆,法新社记者,foreign,63,67,0.842315196990966,0.15384615384615302,0.30000000000000004,0,1,0,0,2,1,recent
2374,t20251030_11744014.html,2025-10-30,郭嘉昆,韩国《中央日报》记者,foreign,54,47,0.565836787223815,0.055555555555555004,0.09523809523809501,0,1,1,0,1,0,recent
2375,t20251030_11744014.html,2025-10-30,郭嘉昆,路透社记者,foreign,72,95,0.5456527471542351,0.021739130434782,0.052631578947368,0,1,1,0,2,1,recent
2376,t20251030_11744014.html,2025-10-30,郭嘉昆,俄新社记者,foreign,80,66,0.7187005877494811,0.046511627906976,0.08,0,1,1,0,1,0,recent
2377,t20251030_11744014.html,2025-10-30,郭嘉昆,彭博社记者,foreign,48,112,0.548230707645416,0.018867924528301,0.058823529411764004,0,1,0,0,1,0,recent
2378,t20251030_11744014.html,2025-10-30,郭嘉昆,俄新社记者,foreign,55,21,0.6003591418266291,0.125,0.15,0,1,1,0,1,0,recent
2379,t20251031_11744942.html,2025-10-31,郭嘉昆,总台央视记者,cn,39,128,0.7130495905876161,0.056603773584905,0.21428571428571402,0,1,0,0,2,1,recent
2380,t20251031_11744942.html,2025-10-31,郭嘉昆,中新社记者,cn,53,248,0.662003278732299,0.05434782608695601,0.25,0,1,0,0,1,0,recent
2381,t20251031_11744942.html,2025-10-31,郭嘉昆,日本电视网记者,foreign,32,18,0.38590931892395003,0.058823529411764004,0.08333333333333301,0,1,0,0,1,0,recent
2382,t20251031_11744942.html,2025-10-31,郭嘉昆,路透社记者,foreign,100,204,0.573116660118103,0.041666666666666005,0.11764705882352901,0,1,1,0,3,1,recent
2383,t20251031_11744942.html,2025-10-31,郭嘉昆,总台中国之声记者,cn,24,88,0.651763141155242,0.08333333333333301,0.30000000000000004,0,1,0,0,1,0,recent
2384,t20251031_11744942.html,2025-10-31,郭嘉昆,《环球时报》记者,cn,87,75,0.64491057395935,0.065217391304347,0.12,0,1,0,0,1,0,recent
2385,t20251031_11744942.html,2025-10-31,郭嘉昆,路透社记者,foreign,44,16,0.445646405220031,0.047619047619047006,0.0625,1,1,0,0,1,0,recent
2386,t20251031_11744942.html,2025-10-31,郭嘉昆,印度报业托拉斯记者,foreign,122,82,0.713073253631591,0.029850746268656,0.052631578947368,0,1,0,0,2,1,recent
2387,t20251031_11744942.html,2025-10-31,郭嘉昆,法新社记者,foreign,44,49,0.768237233161926,0.06451612903225801,0.11764705882352901,0,1,0,0,2,1,recent
2388,t20251031_11744942.html,2025-10-31,郭嘉昆,彭博社记者,foreign,69,118,0.704958796501159,0.031746031746031,0.09090909090909001,0,1,0,0,1,0,recent
2389,t20251103_11745952.html,2025-11-03,毛宁,总台央视记者,cn,53,107,0.7531405687332151,0.104166666666666,0.25,0,1,0,0,3,1,recent
2390,t20251103_11745952.html,2025-11-03,毛宁,深圳卫视记者,cn,77,163,0.8764404654502861,0.185185185185185,0.43478260869565205,0,1,0,0,1,0,recent
2391,t20251103_11745952.html,2025-11-03,毛宁,《环球时报》记者,cn,41,122,0.7662742137908931,0.127659574468085,0.4,0,1,0,0,2,1,recent
2392,t20251103_11745952.html,2025-11-03,毛宁,中新社记者,cn,57,162,0.8015389442443841,0.15384615384615302,0.555555555555555,0,1,0,0,1,0,recent
2393,t20251103_11745952.html,2025-11-03,毛宁,法新社记者,foreign,37,115,0.628364622592926,0.042553191489361,0.14285714285714202,0,1,1,0,1,0,recent
2394,t20251103_11745952.html,2025-11-03,毛宁,湖北广电记者,foreign,35,130,0.7391117811203001,0.07692307692307601,0.27272727272727204,1,1,0,0,1,0,recent
2395,t20251103_11745952.html,2025-11-03,毛宁,乌通社记者,foreign,81,82,0.7419353723526001,0.130434782608695,0.25,0,1,0,0,1,0,recent
2396,t20251103_11745952.html,2025-11-03,毛宁,《北京青年报》记者,foreign,34,138,0.8258585333824151,0.125,0.461538461538461,0,1,0,0,1,0,recent
2397,t20251103_11745952.html,2025-11-03,毛宁,澎湃新闻记者,cn,76,66,0.6239165067672731,0.13953488372093,0.260869565217391,0,1,0,0,1,0,recent
2398,t20251103_11745952.html,2025-11-03,毛宁,法新社记者,foreign,44,119,0.630620837211608,0.053571428571428006,0.16666666666666602,0,1,1,0,1,0,recent
2399,t20251103_11745952.html,2025-11-03,毛宁,乌通社记者,foreign,61,52,0.443041414022445,0.048780487804878,0.08695652173913,0,1,1,0,1,0,recent
2400,t20251104_11746610.html,2025-11-04,毛宁,总台央视记者,cn,54,89,0.754507958889007,0.256410256410256,0.555555555555555,0,1,0,0,1,0,recent
2401,t20251104_11746610.html,2025-11-04,毛宁,新华社记者,cn,62,93,0.6864576339721681,0.09523809523809501,0.23529411764705802,0,1,0,0,1,0,recent
2402,t20251104_11746610.html,2025-11-04,毛宁,埃菲社记者,foreign,66,180,0.8155778646469111,0.11764705882352901,0.36363636363636304,0,1,0,0,2,1,recent
2403,t20251104_11746610.html,2025-11-04,毛宁,总台中国之声记者,cn,122,74,0.4966521859169,0.029850746268656,0.047619047619047006,0,1,1,0,1,0,recent
2404,t20251104_11746610.html,2025-11-04,毛宁,法新社记者,foreign,79,92,0.48449343442916804,0.037037037037037,0.08,0,1,1,0,1,0,recent
2405,t20251104_11746610.html,2025-11-04,毛宁,埃菲社记者,foreign,65,138,0.5898582935333251,0.032258064516129004,0.1,0,1,1,0,1,0,recent
2406,t20251105_11747484.html,2025-11-05,毛宁,中新社记者,cn,85,81,0.713200569152832,0.07843137254901901,0.12903225806451601,0,1,0,0,2,1,recent
2407,t20251105_11747484.html,2025-11-05,毛宁,路透社记者,foreign,75,79,0.7305005788803101,0.11363636363636301,0.2,0,1,1,0,1,0,recent
2408,t20251105_11747484.html,2025-11-05,毛宁,总台央视记者,cn,51,214,0.8049520254135131,0.136986301369863,0.5882352941176471,0,1,0,0,2,1,recent
2409,t20251105_11747484.html,2025-11-05,毛宁,今日俄罗斯记者,foreign,71,95,0.6437801122665401,0.039215686274509005,0.09090909090909001,0,1,0,0,1,0,recent
2410,t20251105_11747484.html,2025-11-05,毛宁,法新社记者,foreign,48,112,0.20689326524734403,0.0,0.0,0,1,0,0,1,0,recent
2411,t20251106_11748200.html,2025-11-06,毛宁,《人民日报》记者,cn,56,109,0.8417815566062921,0.162790697674418,0.35000000000000003,0,1,0,0,3,1,recent
2412,t20251106_11748200.html,2025-11-06,毛宁,总台国广记者,cn,50,167,0.512286722660064,0.09090909090909001,0.33333333333333304,0,1,0,0,2,1,recent
2413,t20251106_11748200.html,2025-11-06,毛宁,《北京日报》记者,foreign,101,60,0.40928441286087003,0.0,0.0,0,1,0,0,1,0,recent
2414,t20251106_11748200.html,2025-11-06,毛宁,总台央视记者,cn,116,40,0.58553123474121,0.08333333333333301,0.11111111111111101,0,1,1,0,1,0,recent
2415,t20251106_11748200.html,2025-11-06,毛宁,路透社记者,foreign,58,67,0.726372838020324,0.08333333333333301,0.157894736842105,0,1,1,0,1,0,recent
2416,t20251106_11748200.html,2025-11-06,毛宁,路透社记者,foreign,59,95,0.65785264968872,0.10204081632653,0.29411764705882304,0,1,1,0,1,0,recent
2417,t20251106_11748200.html,2025-11-06,毛宁,法新社记者,foreign,45,64,0.31045976281166004,0.027027027027027,0.0625,0,1,0,0,2,1,recent
2418,t20251107_11748950.html,2025-11-07,毛宁,总台华语环球节目中心记者,cn,40,137,0.799986660480499,0.09090909090909001,0.35714285714285704,0,1,0,0,2,1,recent
2419,t20251107_11748950.html,2025-11-07,毛宁,日本电视台记者,foreign,59,21,0.8425110578536981,0.115384615384615,0.14285714285714202,0,1,0,0,1,0,recent
2420,t20251107_11748950.html,2025-11-07,毛宁,俄新社记者,foreign,75,60,0.7420771121978761,0.105263157894736,0.18181818181818102,0,1,1,0,2,1,recent
2421,t20251107_11748950.html,2025-11-07,毛宁,《环球时报》记者,cn,113,239,0.7776935100555421,0.11224489795918301,0.28205128205128205,0,1,0,0,2,1,recent
2422,t20251107_11748950.html,2025-11-07,毛宁,路透社记者,foreign,47,85,0.299801439046859,0.02127659574468,0.058823529411764004,0,1,0,0,1,0,recent
2423,t20251110_11749991.html,2025-11-10,林剑,香港中评社记者,cn,110,131,0.7097479701042171,0.078947368421052,0.171428571428571,0,1,1,0,1,0,recent
2424,t20251110_11749991.html,2025-11-10,林剑,总台中文国际频道记者,cn,79,187,0.675278782844543,0.052631578947368,0.14285714285714202,0,1,0,0,1,0,recent
2425,t20251110_11749991.html,2025-11-10,林剑,彭博社记者,foreign,113,116,0.582835912704467,0.07575757575757501,0.138888888888888,0,1,1,0,2,1,recent
2426,t20251110_11749991.html,2025-11-10,林剑,《北京青年报》记者,foreign,152,94,0.6628450155258171,0.14285714285714202,0.208333333333333,0,0,0,0,1,0,recent
2427,t20251111_11750805.html,2025-11-11,林剑,《北京日报》记者,foreign,118,238,0.632969975471496,0.063829787234042,0.15,0,1,0,0,1,0,recent
2428,t20251111_11750805.html,2025-11-11,林剑,深圳卫视记者,cn,73,63,0.7618713378906251,0.264705882352941,0.39130434782608703,0,1,0,0,1,0,recent
2429,t20251111_11750805.html,2025-11-11,林剑,彭博社记者,foreign,48,106,0.5030586123466491,0.0,0.0,0,1,0,0,1,0,recent
2430,t20251111_11750805.html,2025-11-11,林剑,新华社记者,cn,62,85,0.7785038948059081,0.16666666666666602,0.33333333333333304,1,1,0,0,2,1,recent
2431,t20251111_11750805.html,2025-11-11,林剑,朝日电视台记者,foreign,71,82,0.8078761100769041,0.28205128205128205,0.478260869565217,0,1,0,0,1,0,recent
2432,t20251111_11750805.html,2025-11-11,林剑,总台央视记者,cn,97,260,0.729727745056152,0.104166666666666,0.33333333333333304,0,1,1,0,1,0,recent
2433,t20251111_11750805.html,2025-11-11,林剑,彭博社记者,foreign,60,97,0.3458152115345,0.037735849056603,0.1,0,0,1,0,1,0,recent
2434,t20251112_11751582.html,2025-11-12,郭嘉昆,《中国日报》记者,cn,89,58,0.582471847534179,0.097560975609756,0.16,1,1,0,0,2,1,recent
2435,t20251112_11751582.html,2025-11-12,郭嘉昆,中新社记者,cn,170,160,0.7179939150810241,0.09574468085106301,0.17647058823529402,0,1,0,0,1,0,recent
2436,t20251112_11751582.html,2025-11-12,郭嘉昆,彭博社记者,foreign,64,93,0.8200361132621761,0.388888888888888,0.6666666666666661,0,1,0,0,1,0,recent
2437,t20251112_11751582.html,2025-11-12,郭嘉昆,《环球时报》记者,cn,89,65,0.6267685294151301,0.065217391304347,0.103448275862068,0,1,0,0,1,0,recent
2438,t20251112_11751582.html,2025-11-12,郭嘉昆,彭博社记者,foreign,47,99,0.5952184796333311,0.02127659574468,0.066666666666666,0,1,0,0,1,0,recent
2439,t20251112_11751582.html,2025-11-12,郭嘉昆,《巴西圣保罗页报》记者,foreign,40,81,0.803993225097656,0.2,0.538461538461538,0,1,0,0,1,0,recent
2440,t20251112_11751582.html,2025-11-12,郭嘉昆,印度报业托拉斯记者,foreign,101,65,0.612743139266967,0.08,0.125,0,1,0,0,1,0,recent
2441,t20251113_11752486.html,2025-11-13,林剑,总台国广记者,cn,66,133,0.6913378238677971,0.06153846153846101,0.19047619047619002,0,1,0,0,2,1,recent
2442,t20251113_11752486.html,2025-11-13,林剑,新华社记者,cn,46,207,0.531615138053894,0.06578947368421001,0.33333333333333304,0,1,0,0,1,0,recent
2443,t20251113_11752486.html,2025-11-13,林剑,《人民日报》记者,cn,86,176,0.7862393856048581,0.134146341463414,0.34375000000000006,0,1,1,0,1,0,recent
2444,t20251113_11752486.html,2025-11-13,林剑,深圳卫视记者,cn,108,128,0.5253748297691341,0.07142857142857101,0.15625,0,1,0,0,1,0,recent
2445,t20251113_11752486.html,2025-11-13,林剑,埃菲社记者,foreign,56,101,0.8326089978218071,0.162790697674418,0.35000000000000003,0,1,0,0,2,1,recent
2446,t20251113_11752486.html,2025-11-13,林剑,路透社记者,foreign,85,56,0.513719201087951,0.051282051282051,0.08,0,0,1,0,1,0,recent
2447,t20251113_11752486.html,2025-11-13,林剑,总台央视记者,cn,116,144,0.773942232131958,0.13157894736842102,0.256410256410256,0,1,1,0,1,0,recent
2448,t20251113_11752486.html,2025-11-13,林剑,中新社记者,cn,47,125,0.6337152719497681,0.052631578947368,0.16666666666666602,0,1,0,0,2,1,recent
2449,t20251113_11752486.html,2025-11-13,林剑,法新社记者,foreign,76,57,0.735539615154266,0.08695652173913,0.14285714285714202,0,0,0,0,1,0,recent
2450,t20251113_11752486.html,2025-11-13,林剑,今日俄罗斯记者,foreign,54,70,0.726184368133544,0.13157894736842102,0.25,0,1,1,0,1,0,recent
2451,t20251114_11753464.html,2025-11-14,林剑,总台央视记者,cn,168,127,0.7566146850585931,0.13636363636363602,0.218181818181818,0,1,1,0,1,0,recent
2452,t20251114_11753464.html,2025-11-14,林剑,路透社记者,foreign,38,146,0.573482811450958,0.050847457627118,0.21428571428571402,0,1,0,0,1,0,recent
2453,t20251114_11753464.html,2025-11-14,林剑,《环球时报》记者,cn,89,99,0.44140768051147405,0.018518518518518,0.041666666666666005,0,1,1,0,1,0,recent
2454,t20251114_11753464.html,2025-11-14,林剑,法新社记者,foreign,68,74,0.5437414050102231,0.039215686274509005,0.07692307692307601,0,1,1,0,1,0,recent
2455,t20251114_11753464.html,2025-11-14,林剑,深圳卫视记者,cn,169,33,0.6974127292633051,0.075471698113207,0.088888888888888,0,1,0,0,1,0,recent
2456,t20251114_11753464.html,2025-11-14,林剑,日本电视台记者,foreign,48,196,0.663268566131591,0.066666666666666,0.3125,0,1,0,1,1,0,recent
2457,t20251114_11753464.html,2025-11-14,林剑,彭博社记者,foreign,118,136,0.5169386267662041,0.067567567567567,0.14285714285714202,0,1,1,0,1,0,recent
2458,t20251114_11753464.html,2025-11-14,林剑,彭博社记者,foreign,76,74,0.683883845806121,0.02127659574468,0.045454545454545005,0,1,1,0,1,0,recent
2459,t20251117_11754501.html,2025-11-17,毛宁,新华社记者,cn,68,94,0.747158885002136,0.09090909090909001,0.2,0,1,0,0,0,0,recent
2460,t20251117_11754501.html,2025-11-17,毛宁,总台央视记者,cn,89,64,0.773764729499816,0.186046511627906,0.28571428571428503,0,1,1,0,1,0,recent
2461,t20251117_11754501.html,2025-11-17,毛宁,共同社记者,foreign,99,92,0.742877542972564,0.101694915254237,0.171428571428571,0,1,0,0,2,1,recent
2462,t20251117_11754501.html,2025-11-17,毛宁,日本《朝日新闻》记者,foreign,54,118,0.6928325295448301,0.052631578947368,0.16666666666666602,0,1,0,0,2,1,recent
2463,t20251117_11754501.html,2025-11-17,毛宁,沙特东方电视台记者,foreign,32,154,0.6206895112991331,0.054545454545454,0.25,0,0,0,0,1,0,recent
2464,t20251117_11754501.html,2025-11-17,毛宁,澳大利亚广播公司记者,foreign,55,25,0.059020936489105,0.0,0.0,0,0,0,0,1,0,recent
2465,t20251117_11754501.html,2025-11-17,毛宁,日本朝日电视台记者,foreign,57,80,0.6865240335464471,0.040816326530612006,0.09523809523809501,0,1,0,0,1,0,recent
2466,t20251117_11754501.html,2025-11-17,毛宁,《环球时报》记者,cn,75,85,0.6424705982208251,0.018518518518518,0.04,0,1,0,0,1,0,recent
2467,t20251117_11754501.html,2025-11-17,毛宁,彭博社记者,foreign,59,21,0.14677646756172102,0.0,0.0,1,1,0,0,3,1,recent
2468,t20251117_11754501.html,2025-11-17,毛宁,凤凰卫视记者,cn,55,112,0.8247079849243161,0.239130434782608,0.5238095238095231,0,1,0,0,1,0,recent
2469,t20251117_11754501.html,2025-11-17,毛宁,彭博社记者,foreign,81,30,0.599131107330322,0.026315789473684,0.037037037037037,0,1,1,0,1,0,recent
2470,t20251117_11754501.html,2025-11-17,毛宁,彭博社记者,foreign,113,63,0.394898355007171,0.037037037037037,0.058823529411764004,0,1,1,0,2,1,recent
2471,t20251118_11755239.html,2025-11-18,毛宁,总台华语环球节目中心记者,cn,48,102,0.745704889297485,0.162162162162162,0.35294117647058804,0,1,0,0,1,0,recent
2472,t20251118_11755239.html,2025-11-18,毛宁,法新社记者,foreign,80,34,0.7475759387016291,0.08823529411764701,0.12,0,1,1,0,2,1,recent
2473,t20251118_11755239.html,2025-11-18,毛宁,中新社记者,cn,105,161,0.724611043930053,0.08536585365853601,0.18421052631578902,0,1,0,0,1,0,recent
2474,t20251118_11755239.html,2025-11-18,毛宁,日本广播协会记者,foreign,49,40,0.9090890884399411,0.47368421052631504,0.5625,0,1,0,0,1,0,recent
2475,t20251118_11755239.html,2025-11-18,毛宁,深圳卫视记者,cn,78,127,0.741764783859252,0.06779661016949101,0.16,0,1,1,0,1,0,recent
2476,t20251118_11755239.html,2025-11-18,毛宁,法新社记者,foreign,36,24,0.5172881484031671,0.052631578947368,0.08333333333333301,0,0,0,0,1,0,recent
2477,t20251118_11755239.html,2025-11-18,毛宁,印度报业托拉斯记者,foreign,81,55,0.399534285068511,0.045454545454545005,0.07142857142857101,0,1,0,0,1,0,recent
2478,t20251118_11755239.html,2025-11-18,毛宁,《环球时报》记者,cn,51,75,0.501056611537933,0.09523809523809501,0.2,0,1,0,0,1,0,recent
2479,t20251118_11755239.html,2025-11-18,毛宁,德新社记者,foreign,72,72,0.47553908824920604,0.066666666666666,0.125,0,0,1,0,1,0,recent
2480,t20251118_11755239.html,2025-11-18,毛宁,路透社记者,foreign,56,49,0.5516971349716181,0.0625,0.11111111111111101,0,1,0,0,1,0,recent
2481,t20251118_11755239.html,2025-11-18,毛宁,总台央视记者,cn,60,76,0.8330132961273191,0.16666666666666602,0.33333333333333304,0,1,0,0,1,0,recent
2482,t20251118_11755239.html,2025-11-18,毛宁,法新社记者,foreign,59,39,0.21476277709007202,0.03125,0.05,0,0,0,0,1,0,recent
2483,t20251118_11755239.html,2025-11-18,毛宁,《中国日报》记者,cn,116,173,0.746866703033447,0.05494505494505401,0.125,0,0,1,0,1,0,recent
2484,t20251118_11755239.html,2025-11-18,毛宁,印度报业托拉斯记者,foreign,45,201,0.7724400758743281,0.041666666666666005,0.21428571428571402,0,1,0,0,1,0,recent
2485,t20251119_11756095.html,2025-11-19,毛宁,总台央视记者,cn,115,151,0.652611851692199,0.064102564102564,0.128205128205128,0,1,1,0,1,0,recent
2486,t20251119_11756095.html,2025-11-19,毛宁,英国天空新闻频道记者,foreign,104,69,0.7068958878517151,0.035087719298245,0.058823529411764004,0,1,0,0,1,0,recent
2487,t20251119_11756095.html,2025-11-19,毛宁,中阿卫视记者,foreign,50,104,0.8876768946647641,0.292682926829268,0.631578947368421,0,1,0,0,1,0,recent
2488,t20251119_11756095.html,2025-11-19,毛宁,总台CGTN记者,cn,74,204,0.6117337346076961,0.08536585365853601,0.318181818181818,0,1,0,0,1,0,recent
2489,t20251119_11756095.html,2025-11-19,毛宁,法新社记者,foreign,60,8,0.23136380314826901,0.0,0.0,0,0,1,0,1,0,recent
2490,t20251119_11756095.html,2025-11-19,毛宁,日本广播协会记者,foreign,36,60,0.737057626247406,0.1,0.21428571428571402,0,1,0,0,1,0,recent
2491,t20251119_11756095.html,2025-11-19,毛宁,《北京日报》记者,foreign,59,71,0.7693216204643251,0.23076923076923,0.45,0,0,0,0,1,0,recent
2492,t20251119_11756095.html,2025-11-19,毛宁,日本电视网记者,foreign,48,36,0.7857594490051271,0.14285714285714202,0.2,0,1,0,1,1,0,recent
2493,t20251119_11756095.html,2025-11-19,毛宁,俄新社记者,foreign,52,57,0.6938232183456421,0.0,0.0,0,1,0,0,2,1,recent
2494,t20251119_11756095.html,2025-11-19,毛宁,路透社记者,foreign,67,151,0.7297565937042231,0.09375000000000001,0.25,0,0,0,0,1,0,recent
2495,t20251119_11756095.html,2025-11-19,毛宁,澎湃新闻记者,cn,126,137,0.34719747304916304,0.064102564102564,0.128205128205128,0,1,1,0,1,0,recent
2496,t20251119_11756095.html,2025-11-19,毛宁,英国广播公司记者,foreign,54,87,0.838394224643707,0.195121951219512,0.4,0,1,0,0,1,0,recent
2497,t20251120_11756952.html,2025-11-20,毛宁,新华社记者,cn,56,72,0.725563406944274,0.15,0.27272727272727204,0,1,0,0,3,1,recent
2498,t20251120_11756952.html,2025-11-20,毛宁,路透社记者,foreign,88,53,0.547986209392547,0.093023255813953,0.137931034482758,0,1,1,0,1,0,recent
2499,t20251120_11756952.html,2025-11-20,毛宁,《环球时报》记者,cn,71,121,0.727773785591125,0.075471698113207,0.17391304347826,0,1,1,0,1,0,recent
2500,t20251120_11756952.html,2025-11-20,毛宁,法新社记者,foreign,51,11,0.10428732633590601,0.0,0.0,0,1,0,0,1,0,recent
2501,t20251120_11756952.html,2025-11-20,毛宁,总台央视记者,cn,63,80,0.780657768249511,0.093023255813953,0.18181818181818102,0,1,0,0,1,0,recent
2502,t20251120_11756952.html,2025-11-20,毛宁,日本广播协会记者,foreign,48,72,0.555314064025878,0.022222222222222,0.055555555555555004,0,1,0,0,1,0,recent
2503,t20251120_11756952.html,2025-11-20,毛宁,日本广播协会记者,foreign,106,51,0.5830111503601071,0.13636363636363602,0.19354838709677402,0,1,0,0,1,0,recent
2504,t20251120_11756952.html,2025-11-20,毛宁,中新社记者,cn,75,23,0.7617858648300171,0.28,0.291666666666666,0,1,0,0,1,0,recent
2505,t20251120_11756952.html,2025-11-20,毛宁,路透社记者,foreign,42,49,0.1535115391016,0.034482758620689,0.066666666666666,0,0,0,0,1,0,recent
2506,t20251121_11757685.html,2025-11-21,毛宁,总台央视记者,cn,101,276,0.7432361841201781,0.15476190476190402,0.481481481481481,0,1,0,0,1,0,recent
2507,t20251121_11757685.html,2025-11-21,毛宁,法新社记者,foreign,79,11,0.094437934458255,0.0,0.0,0,1,1,0,1,0,recent
2508,t20251121_11757685.html,2025-11-21,毛宁,路透社记者,foreign,86,111,0.6754717826843261,0.0625,0.16,0,1,1,0,1,0,recent
2509,t20251121_11757685.html,2025-11-21,毛宁,法新社记者,foreign,65,64,0.554650783538818,0.11363636363636301,0.21739130434782603,0,0,1,0,1,0,recent
2510,t20251121_11757685.html,2025-11-21,毛宁,凤凰卫视记者,cn,112,75,0.6549168229103081,0.034482758620689,0.052631578947368,0,0,1,0,1,0,recent
2511,t20251121_11757685.html,2025-11-21,毛宁,乌通社记者,foreign,120,48,0.598168432712554,0.06,0.08333333333333301,0,1,1,0,2,1,recent
2512,t20251124_11758881.html,2025-11-24,毛宁,新华社记者,cn,85,150,0.702719628810882,0.060606060606060004,0.148148148148148,0,1,0,0,1,0,recent
2513,t20251124_11758881.html,2025-11-24,毛宁,总台中国之声记者,cn,120,64,0.7530828714370721,0.17647058823529402,0.243243243243243,0,1,1,0,1,0,recent
2514,t20251124_11758881.html,2025-11-24,毛宁,今日俄罗斯记者,foreign,81,51,0.7148751020431511,0.1,0.14285714285714202,0,1,0,0,1,0,recent
2515,t20251124_11758881.html,2025-11-24,毛宁,路透社记者,foreign,86,83,0.7359962463378901,0.05,0.09677419354838701,0,0,1,0,1,0,recent
2516,t20251124_11758881.html,2025-11-24,毛宁,《中国日报》记者,cn,134,173,0.866512775421142,0.182926829268292,0.35714285714285704,0,1,0,0,1,0,recent
2517,t20251124_11758881.html,2025-11-24,毛宁,日本广播协会记者,foreign,63,34,0.6382927298545831,0.08571428571428501,0.125,0,1,0,0,1,0,recent
2518,t20251124_11758881.html,2025-11-24,毛宁,《北京日报》记者,foreign,65,33,0.8153228759765621,0.2,0.24,0,1,0,0,3,1,recent
2519,t20251124_11758881.html,2025-11-24,毛宁,日本广播协会记者,foreign,49,86,0.7391676306724541,0.125,0.26315789473684204,0,1,0,0,1,0,recent
2520,t20251125_11759683.html,2025-11-25,毛宁,《环球时报》记者,cn,88,34,0.385697543621063,0.054054054054054,0.068965517241379,0,1,1,0,1,0,recent
2521,t20251125_11759683.html,2025-11-25,毛宁,日本广播协会记者,foreign,72,91,0.44671005010604803,0.085106382978723,0.19047619047619002,0,1,0,0,3,1,recent
2522,t20251125_11759683.html,2025-11-25,毛宁,印度报业托拉斯记者,foreign,97,162,0.5411584973335261,0.04054054054054,0.10714285714285701,0,0,0,0,1,0,recent
2523,t20251125_11759683.html,2025-11-25,毛宁,彭博社记者,foreign,91,47,0.7693156003952021,0.11904761904761901,0.172413793103448,0,1,1,0,2,1,recent
2524,t20251125_11759683.html,2025-11-25,毛宁,印度报业托拉斯记者,foreign,54,107,0.45952415466308505,0.10204081632653,0.277777777777777,0,1,0,0,1,0,recent
2525,t20251125_11759683.html,2025-11-25,毛宁,彭博社记者,foreign,122,84,0.589576542377471,0.03076923076923,0.054054054054054,0,1,0,0,3,1,recent
2526,t20251125_11759683.html,2025-11-25,毛宁,中国新闻社记者,foreign,83,128,0.7269234061241151,0.172413793103448,0.384615384615384,0,1,0,0,1,0,recent
2527,t20251125_11759683.html,2025-11-25,毛宁,彭博社记者,foreign,87,178,0.8270971179008481,0.07352941176470501,0.2,0,1,0,0,2,1,recent
2528,t20251126_11760587.html,2025-11-26,毛宁,《人民日报》记者,cn,181,106,0.65087616443634,0.094117647058823,0.148148148148148,0,1,1,0,1,0,recent
2529,t20251126_11760587.html,2025-11-26,毛宁,路透社记者,foreign,43,42,0.771050810813903,0.115384615384615,0.21428571428571402,1,1,0,0,1,0,recent
2530,t20251126_11760587.html,2025-11-26,毛宁,日本广播协会记者,foreign,48,13,0.507884860038757,0.0,0.0,0,1,0,0,1,0,recent
2531,t20251126_11760587.html,2025-11-26,毛宁,法新社记者,foreign,65,48,0.36490172147750805,0.060606060606060004,0.105263157894736,0,0,1,0,1,0,recent
2532,t20251126_11760587.html,2025-11-26,毛宁,澎湃新闻记者,cn,49,93,0.560532987117767,0.128205128205128,0.277777777777777,0,1,0,0,1,0,recent
2533,t20251126_11760587.html,2025-11-26,毛宁,法新社记者,foreign,81,102,0.510156393051147,0.019607843137254003,0.041666666666666005,0,1,0,0,2,1,recent
2534,t20251126_11760587.html,2025-11-26,毛宁,日本广播协会记者,foreign,91,144,0.828665614128112,0.152542372881355,0.33333333333333304,0,1,0,0,1,0,recent
2535,t20251126_11760587.html,2025-11-26,毛宁,彭博社记者,foreign,106,41,0.690318703651428,0.066666666666666,0.09375000000000001,0,1,0,0,2,1,recent
2536,t20251126_11760587.html,2025-11-26,毛宁,凤凰卫视记者,cn,52,96,0.544349789619445,0.0,0.0,0,1,0,0,1,0,recent
2537,t20251127_11761781.html,2025-11-27,郭嘉昆,《中国日报》记者,cn,94,107,0.750215172767639,0.25,0.409090909090909,0,1,0,0,1,0,recent
2538,t20251127_11761781.html,2025-11-27,郭嘉昆,总台央视记者,cn,73,350,0.7192001342773431,0.05494505494505401,0.192307692307692,0,1,1,0,1,0,recent
2539,t20251127_11761781.html,2025-11-27,郭嘉昆,《北京青年报》记者,foreign,80,167,0.8711781501770021,0.269841269841269,0.6071428571428571,0,1,0,0,1,0,recent
2540,t20251127_11761781.html,2025-11-27,郭嘉昆,深圳卫视记者,cn,65,126,0.7283418774604791,0.105263157894736,0.25,0,1,0,0,1,0,recent
2541,t20251127_11761781.html,2025-11-27,郭嘉昆,日本广播协会记者,foreign,48,48,0.48369655013084406,0.09375000000000001,0.17647058823529402,0,0,0,0,1,0,recent
2542,t20251127_11761781.html,2025-11-27,郭嘉昆,总台国广记者,cn,112,48,0.6606093645095821,0.057692307692307,0.081081081081081,0,1,1,0,1,0,recent
2543,t20251127_11761781.html,2025-11-27,郭嘉昆,总台华语环球节目中心记者,cn,48,78,0.6872096657752991,0.05,0.125,0,1,0,0,2,1,recent
2544,t20251128_11762706.html,2025-11-28,毛宁,新华社记者,cn,43,185,0.850346982479095,0.12,0.42857142857142805,0,0,0,0,1,0,recent
2545,t20251128_11762706.html,2025-11-28,毛宁,总台CGTN记者,cn,24,135,0.716150403022766,0.063829787234042,0.33333333333333304,0,1,0,0,1,0,recent
2546,t20251128_11762706.html,2025-11-28,毛宁,彭博社记者,foreign,128,60,0.42254275083541804,0.204081632653061,0.28571428571428503,1,1,1,0,2,1,recent
2547,t20251128_11762706.html,2025-11-28,毛宁,俄新社记者,foreign,45,61,0.38445669412612904,0.034482758620689,0.07142857142857101,0,0,0,0,1,0,recent
2548,t20251128_11762706.html,2025-11-28,毛宁,《环球时报》记者,cn,111,45,0.6191967725753781,0.04,0.051282051282051,0,1,1,0,1,0,recent
2549,t20251128_11762706.html,2025-11-28,毛宁,乌通社记者,foreign,92,108,0.7023018598556511,0.0625,0.12121212121212101,0,1,0,0,3,1,recent
2550,t20251128_11762706.html,2025-11-28,毛宁,彭博社记者,foreign,52,164,0.7603903412818901,0.127272727272727,0.4375,0,1,0,0,1,0,recent
2551,t20251128_11762706.html,2025-11-28,毛宁,彭博社记者,foreign,73,235,0.7614831924438471,0.1,0.42857142857142805,0,1,0,0,1,0,recent
2552,t20251128_11762706.html,2025-11-28,毛宁,湖北广电记者,foreign,131,87,0.338890224695205,0.125,0.189189189189189,0,1,1,0,1,0,recent
2553,t20251201_11764036.html,2025-12-01,林剑,总台央视记者,cn,60,137,0.7257996797561641,0.11764705882352901,0.27272727272727204,0,1,0,0,3,1,recent
2554,t20251201_11764036.html,2025-12-01,林剑,《环球时报》记者,cn,151,137,0.8407211303710931,0.08695652173913,0.146341463414634,0,1,1,0,1,0,recent
2555,t20251201_11764036.html,2025-12-01,林剑,中新社记者,cn,67,125,0.8393368721008301,0.18181818181818102,0.45454545454545403,0,1,1,0,1,0,recent
2556,t20251201_11764036.html,2025-12-01,林剑,路透社记者,foreign,64,22,0.36978200078010504,0.037037037037037,0.047619047619047006,0,1,1,0,1,0,recent
2557,t20251201_11764036.html,2025-12-01,林剑,澳大利亚广播公司记者,foreign,84,55,0.6775820255279541,0.097560975609756,0.14285714285714202,1,1,0,0,2,1,recent
2558,t20251201_11764036.html,2025-12-01,林剑,彭博社记者,foreign,75,33,0.08575439453125,0.0,0.0,0,0,0,0,2,1,recent
2559,t20251201_11764036.html,2025-12-01,林剑,《北京青年报》记者,foreign,34,95,0.842183947563171,0.19354838709677402,0.6666666666666661,0,1,0,0,1,0,recent
2560,t20251202_11764961.html,2025-12-02,林剑,深圳卫视记者,cn,128,74,0.764814019203186,0.12903225806451601,0.195121951219512,0,1,0,0,1,0,recent
2561,t20251202_11764961.html,2025-12-02,林剑,今日俄罗斯记者,foreign,91,122,0.668250441551208,0.10714285714285701,0.21428571428571402,0,1,0,0,1,0,recent
2562,t20251202_11764961.html,2025-12-02,林剑,朝日电视台记者,foreign,57,134,0.623012602329254,0.06779661016949101,0.210526315789473,0,1,0,0,1,0,recent
2563,t20251202_11764961.html,2025-12-02,林剑,彭博社记者,foreign,36,137,0.767255902290344,0.036363636363636,0.18181818181818102,0,0,1,0,1,0,recent
2564,t20251202_11764961.html,2025-12-02,林剑,路透社记者,foreign,40,126,0.70411729812622,0.08695652173913,0.33333333333333304,0,1,0,1,2,1,recent
2565,t20251203_11765754.html,2025-12-03,林剑,《澳门月刊》记者,foreign,46,189,0.78214031457901,0.114754098360655,0.5,0,0,0,0,2,1,recent
2566,t20251203_11765754.html,2025-12-03,林剑,《北京青年报》记者,foreign,109,85,0.533726096153259,0.148148148148148,0.25806451612903203,0,1,0,0,1,0,recent
2567,t20251203_11765754.html,2025-12-03,林剑,路透社记者,foreign,60,250,0.37115526199340804,0.022988505747126003,0.1,0,0,1,0,1,0,recent
2568,t20251203_11765754.html,2025-12-03,林剑,俄新社记者,foreign,93,68,0.374210447072982,0.017543859649122,0.029411764705882002,0,1,0,0,1,0,recent
2569,t20251203_11765754.html,2025-12-03,林剑,法新社记者,foreign,68,74,0.742567479610443,0.1,0.266666666666666,0,1,0,0,1,0,recent
2570,t20251203_11765754.html,2025-12-03,林剑,彭博社记者,foreign,50,40,0.24028573930263503,0.0,0.0,0,0,0,0,1,0,recent
2571,t20251204_11766635.html,2025-12-04,林剑,总台央视记者,cn,88,67,0.7406984567642211,0.125,0.2,0,1,1,0,1,0,recent
2572,t20251204_11766635.html,2025-12-04,林剑,俄新社记者,foreign,76,79,0.5862329006195061,0.10869565217391301,0.2,0,1,1,0,1,0,recent
2573,t20251204_11766635.html,2025-12-04,林剑,中阿卫视记者,foreign,74,50,0.604813337326049,0.045454545454545005,0.07692307692307601,0,1,1,0,1,0,recent
2574,t20251205_11767615.html,2025-12-05,林剑,总台CGTN记者,cn,54,76,0.592765033245086,0.045454545454545005,0.105263157894736,0,1,0,0,1,0,recent
2575,t20251205_11767615.html,2025-12-05,林剑,路透社记者,foreign,84,94,0.7566596865653991,0.087719298245614,0.15625,1,1,1,0,3,1,recent
2576,t20251205_11767615.html,2025-12-05,林剑,路透社记者,foreign,72,59,0.558052897453308,0.023255813953488,0.045454545454545005,1,1,1,0,1,0,recent
2577,t20251205_11767615.html,2025-12-05,林剑,《中国日报》记者,cn,118,108,0.9206318855285641,0.478260869565217,0.647058823529411,0,1,0,0,1,0,recent
2578,t20251205_11767615.html,2025-12-05,林剑,澎湃新闻记者,cn,88,224,0.6971221566200251,0.036144578313253004,0.11111111111111101,0,1,0,0,1,0,recent
2579,t20251205_11767615.html,2025-12-05,林剑,法新社记者,foreign,114,140,0.7809038758277891,0.11594202898550701,0.23529411764705802,0,1,0,0,2,1,recent
2580,t20251205_11767615.html,2025-12-05,林剑,印尼安塔拉通讯社记者,foreign,80,106,0.734882175922393,0.1875,0.310344827586206,0,1,0,0,1,0,recent
2581,t20251205_11767615.html,2025-12-05,林剑,今日俄罗斯记者,foreign,84,103,0.38767623901367104,0.0,0.0,0,0,0,0,2,1,recent
2582,t20251208_11768723.html,2025-12-08,郭嘉昆,总台央视记者,cn,58,158,0.7163735628128051,0.029411764705882002,0.11111111111111101,0,1,0,0,1,0,recent
2583,t20251208_11768723.html,2025-12-08,郭嘉昆,中阿卫视记者,foreign,57,97,0.6812673807144161,0.06,0.14285714285714202,0,1,0,0,2,1,recent
2584,t20251208_11768723.html,2025-12-08,郭嘉昆,德新社记者,foreign,85,135,0.5016546845436091,0.014925373134328,0.034482758620689,0,1,0,1,2,1,recent
2585,t20251208_11768723.html,2025-12-08,郭嘉昆,中新社记者,cn,60,60,0.891237020492553,0.41935483870967705,0.5416666666666661,0,1,0,0,1,0,recent
2586,t20251208_11768723.html,2025-12-08,郭嘉昆,共同社记者,foreign,49,208,0.7265876531600951,0.056338028169014,0.30769230769230704,0,1,0,0,1,0,recent
2587,t20251208_11768723.html,2025-12-08,郭嘉昆,法新社记者,foreign,60,72,0.557965397834777,0.043478260869565,0.09523809523809501,0,1,0,0,1,0,recent
2588,t20251208_11768723.html,2025-12-08,郭嘉昆,日本广播协会记者,foreign,47,119,0.7183871269226071,0.036363636363636,0.11111111111111101,0,1,0,0,1,0,recent
2589,t20251208_11768723.html,2025-12-08,郭嘉昆,印度报业托拉斯记者,foreign,186,91,0.584851503372192,0.034090909090909005,0.04918032786885201,0,1,1,0,1,0,recent
2590,t20251208_11768723.html,2025-12-08,郭嘉昆,路透社记者,foreign,93,192,0.5844767093658441,0.073170731707317,0.2,0,1,0,0,2,1,recent
2591,t20251208_11768723.html,2025-12-08,郭嘉昆,路透社记者,foreign,60,115,0.7162869572639461,0.052631578947368,0.14285714285714202,0,1,0,0,1,0,recent
2592,t20251208_11768723.html,2025-12-08,郭嘉昆,法新社记者,foreign,72,20,0.44637513160705505,0.035714285714285005,0.043478260869565,0,1,1,0,2,1,recent
2593,t20251208_11768723.html,2025-12-08,郭嘉昆,朝日新闻记者,foreign,40,247,0.8000245094299311,0.074074074074074,0.4,0,1,0,0,1,0,recent
2594,t20251209_11769561.html,2025-12-09,郭嘉昆,深圳卫视记者,cn,183,60,0.715178787708282,0.023529411764705,0.029411764705882002,0,0,1,0,1,0,recent
2595,t20251209_11769561.html,2025-12-09,郭嘉昆,中新社记者,cn,88,116,0.578023850917816,0.086206896551724,0.2,0,1,0,0,1,0,recent
2596,t20251209_11769561.html,2025-12-09,郭嘉昆,彭博社记者,foreign,51,30,0.526256084442138,0.035714285714285005,0.055555555555555004,0,1,1,0,2,1,recent
2597,t20251209_11769561.html,2025-12-09,郭嘉昆,路透社记者,foreign,121,42,0.6801573038101191,0.06,0.08333333333333301,0,1,1,0,2,1,recent
2598,t20251209_11769561.html,2025-12-09,郭嘉昆,印尼安塔拉通讯社记者,foreign,90,116,0.808850586414337,0.116666666666666,0.22580645161290303,0,1,0,0,1,0,recent
2599,t20251209_11769561.html,2025-12-09,郭嘉昆,朝日新闻记者,foreign,67,44,0.811843991279602,0.08823529411764701,0.130434782608695,0,1,0,0,1,0,recent
2600,t20251209_11769561.html,2025-12-09,郭嘉昆,朝日新闻记者,foreign,50,177,0.714260816574096,0.043478260869565,0.17647058823529402,0,1,0,0,1,0,recent
2601,t20251209_11769561.html,2025-12-09,郭嘉昆,路透社记者,foreign,50,10,0.23438473045825903,0.0,0.0,0,1,1,0,1,0,recent
2602,t20251209_11769561.html,2025-12-09,郭嘉昆,印尼安塔拉通讯社记者,foreign,60,68,0.45020008087158203,0.073170731707317,0.16666666666666602,0,0,0,0,1,0,recent
2603,t20251209_11769561.html,2025-12-09,郭嘉昆,彭博社记者,foreign,62,60,0.615797102451324,0.078947368421052,0.14285714285714202,0,1,0,0,1,0,recent
2604,t20251210_11770291.html,2025-12-10,郭嘉昆,《北京青年报》记者,foreign,54,82,0.595486581325531,0.042553191489361,0.1,0,1,0,0,1,0,recent
2605,t20251210_11770291.html,2025-12-10,郭嘉昆,总台华语环球节目中心记者,cn,114,133,0.8402628898620601,0.10126582278481001,0.205128205128205,0,1,1,0,1,0,recent
2606,t20251210_11770291.html,2025-12-10,郭嘉昆,彭博社记者,foreign,57,37,0.63868761062622,0.068965517241379,0.105263157894736,0,1,0,0,1,0,recent
2607,t20251210_11770291.html,2025-12-10,郭嘉昆,新华社记者,cn,56,77,0.482920616865158,0.12121212121212101,0.25,0,1,1,0,2,1,recent
2608,t20251210_11770291.html,2025-12-10,郭嘉昆,中新社记者,cn,70,85,0.656149268150329,0.0,0.0,0,1,1,0,1,0,recent
2609,t20251210_11770291.html,2025-12-10,郭嘉昆,总台央视记者,cn,42,58,0.705862402915954,0.066666666666666,0.16666666666666602,0,0,0,0,1,0,recent
2610,t20251210_11770291.html,2025-12-10,郭嘉昆,荷兰广播电视协会记者,foreign,46,13,0.10887914150953201,0.0,0.0,0,1,1,0,1,0,recent
2611,t20251210_11770291.html,2025-12-10,郭嘉昆,《朝日新闻》记者,foreign,65,144,0.6848728656768791,0.014705882352941001,0.047619047619047006,0,1,0,0,2,1,recent
2612,t20251210_11770291.html,2025-12-10,郭嘉昆,路透社记者,foreign,52,126,0.696738302707672,0.070175438596491,0.22222222222222202,0,1,0,0,1,0,recent
2613,t20251210_11770291.html,2025-12-10,郭嘉昆,日本广播协会记者,foreign,72,150,0.5440629720687861,0.04054054054054,0.11111111111111101,0,1,0,0,1,0,recent
2614,t20251210_11770291.html,2025-12-10,郭嘉昆,彭博社记者,foreign,33,88,0.6334098577499391,0.0,0.0,0,1,0,0,1,0,recent
2615,t20251210_11770291.html,2025-12-10,郭嘉昆,路透社记者,foreign,62,31,0.452790051698684,0.032258064516129004,0.047619047619047006,1,1,1,0,1,0,recent
2616,t20251210_11770291.html,2025-12-10,郭嘉昆,法新社记者,foreign,61,171,0.5577404499053951,0.054794520547945,0.17391304347826,0,0,1,0,1,0,recent
2617,t20251210_11770291.html,2025-12-10,郭嘉昆,路透社记者,foreign,88,13,-0.0023720562458030003,0.0,0.0,0,1,1,0,2,1,recent
2618,t20251211_11770955.html,2025-12-11,郭嘉昆,总台央视记者,cn,59,125,0.763380229473114,0.13953488372093,0.31578947368421,0,1,0,0,0,0,recent
2619,t20251211_11770955.html,2025-12-11,郭嘉昆,湖北广电记者,foreign,43,121,0.661953687667846,0.08,0.25,0,1,0,0,1,0,recent
2620,t20251211_11770955.html,2025-12-11,郭嘉昆,中阿卫视记者,foreign,199,145,0.678788423538208,0.091836734693877,0.147540983606557,0,1,1,1,3,1,recent
2621,t20251211_11770955.html,2025-12-11,郭嘉昆,《环球时报》记者,cn,69,106,0.7748469710350031,0.113207547169811,0.31578947368421,0,1,1,0,1,0,recent
2622,t20251211_11770955.html,2025-12-11,郭嘉昆,日本电视网记者,foreign,53,153,0.7677751779556271,0.086206896551724,0.277777777777777,0,1,1,0,1,0,recent
2623,t20251211_11770955.html,2025-12-11,郭嘉昆,埃菲社记者,foreign,70,85,0.464476913213729,0.020408163265306003,0.045454545454545005,0,1,1,0,1,0,recent
2624,t20251211_11770955.html,2025-12-11,郭嘉昆,日本广播协会记者,foreign,53,27,0.554881811141967,0.04,0.058823529411764004,0,1,0,0,1,0,recent
2625,t20251211_11770955.html,2025-12-11,郭嘉昆,法新社记者,foreign,77,83,0.71535575389862,0.115384615384615,0.21428571428571402,0,1,0,0,2,1,recent
2626,t20251211_11770955.html,2025-12-11,郭嘉昆,彭博社记者,foreign,71,118,0.6874728798866271,0.032786885245901,0.08,0,0,0,0,1,0,recent
2627,t20251212_11771726.html,2025-12-12,郭嘉昆,中新社记者,cn,127,101,0.723751664161682,0.11864406779661,0.20588235294117602,0,1,0,0,1,0,recent
2628,t20251212_11771726.html,2025-12-12,郭嘉昆,深圳卫视记者,cn,46,111,0.8485052585601801,0.20588235294117602,0.46666666666666606,0,0,0,0,1,0,recent
2629,t20251212_11771726.html,2025-12-12,郭嘉昆,路透社记者,foreign,40,60,0.5561008453369141,0.0,0.0,0,1,0,0,1,0,recent
2630,t20251212_11771726.html,2025-12-12,郭嘉昆,《北京日报》记者,foreign,77,51,0.808587551116943,0.171428571428571,0.24,0,1,0,0,1,0,recent
2631,t20251212_11771726.html,2025-12-12,郭嘉昆,总台央视记者,cn,173,219,0.568558096885681,0.050420168067226004,0.09677419354838701,0,1,1,0,1,0,recent
2632,t20251212_11771726.html,2025-12-12,郭嘉昆,法新社记者,foreign,68,62,0.273775309324264,0.0,0.0,0,0,1,0,1,0,recent
2633,t20251212_11771726.html,2025-12-12,郭嘉昆,澎湃新闻记者,cn,64,163,0.6635584831237791,0.103448275862068,0.30000000000000004,0,1,0,0,1,0,recent
2634,t20251212_11771726.html,2025-12-12,郭嘉昆,总台国广记者,cn,66,46,0.43350934982299805,0.057142857142857,0.09090909090909001,0,1,1,0,1,0,recent
2635,t20251212_11771726.html,2025-12-12,郭嘉昆,法新社记者,foreign,62,158,0.36023151874542203,0.013333333333333001,0.043478260869565,0,1,1,0,1,0,recent
2636,t20251215_11772954.html,2025-12-15,郭嘉昆,总台央视记者,cn,113,45,0.7547696828842161,0.128205128205128,0.16666666666666602,0,1,0,0,1,0,recent
2637,t20251215_11772954.html,2025-12-15,郭嘉昆,新华社记者,cn,71,19,0.627064108848571,0.21739130434782603,0.23809523809523803,0,1,0,0,1,0,recent
2638,t20251215_11772954.html,2025-12-15,郭嘉昆,朝日电视台记者,foreign,80,23,0.41053646802902205,0.03125,0.04,1,1,0,0,1,0,recent
2639,t20251215_11772954.html,2025-12-15,郭嘉昆,共同社记者,foreign,36,232,0.8200657963752741,0.069444444444444,0.416666666666666,0,1,0,0,1,0,recent
2640,t20251215_11772954.html,2025-12-15,郭嘉昆,总台CGTN记者,cn,48,43,0.179345443844795,0.0,0.0,0,0,0,0,1,0,recent
2641,t20251215_11772954.html,2025-12-15,郭嘉昆,彭博社记者,foreign,80,302,0.7181259393692011,0.074074074074074,0.275862068965517,0,1,1,0,1,0,recent
2642,t20251215_11772954.html,2025-12-15,郭嘉昆,法新社记者,foreign,53,41,0.46796089410781805,0.03125,0.052631578947368,0,0,1,0,1,0,recent
2643,t20251215_11772954.html,2025-12-15,郭嘉昆,深圳卫视记者,cn,72,155,0.8292798995971681,0.125,0.36363636363636304,0,1,0,0,2,1,recent
2644,t20251216_11774310.html,2025-12-16,郭嘉昆,总台央视记者,cn,120,350,0.8389539718627931,0.177083333333333,0.515151515151515,0,1,1,0,1,0,recent
2645,t20251216_11774310.html,2025-12-16,郭嘉昆,中阿卫视记者,foreign,79,66,0.7567645311355591,0.216216216216216,0.347826086956521,0,0,0,0,2,1,recent
2646,t20251216_11774310.html,2025-12-16,郭嘉昆,法新社记者,foreign,51,54,0.16242173314094502,0.027027027027027,0.055555555555555004,0,0,0,0,1,0,recent
2647,t20251216_11774310.html,2025-12-16,郭嘉昆,《北京日报》记者,foreign,72,83,0.7350138425827021,0.042553191489361,0.08,0,1,1,0,1,0,recent
2648,t20251216_11774310.html,2025-12-16,郭嘉昆,《中国日报》记者,cn,84,132,0.648475050926208,0.015873015873015,0.041666666666666005,0,1,0,0,1,0,recent
2649,t20251216_11774310.html,2025-12-16,郭嘉昆,朝日电视台记者,foreign,47,84,0.616296887397766,0.048780487804878,0.11764705882352901,0,1,0,0,1,0,recent
2650,t20251217_11775184.html,2025-12-17,郭嘉昆,凤凰卫视记者,cn,122,54,0.648109138011932,0.054545454545454,0.07692307692307601,0,1,0,0,1,0,recent
2651,t20251217_11775184.html,2025-12-17,郭嘉昆,路透社记者,foreign,57,44,0.6390472054481501,0.0625,0.105263157894736,1,1,0,0,1,0,recent
2652,t20251217_11775184.html,2025-12-17,郭嘉昆,日本电视网记者,foreign,75,22,0.6677442789077751,0.034482758620689,0.043478260869565,0,1,0,0,1,0,recent
2653,t20251217_11775184.html,2025-12-17,郭嘉昆,中新社记者,cn,50,68,0.6998515725135801,0.14705882352941102,0.29411764705882304,0,1,1,0,1,0,recent
2654,t20251217_11775184.html,2025-12-17,郭嘉昆,俄新社记者,foreign,67,71,0.45648664236068703,0.08695652173913,0.16666666666666602,0,1,0,0,1,0,recent
2655,t20251217_11775184.html,2025-12-17,郭嘉昆,俄新社记者,foreign,71,68,0.417516350746154,0.0,0.0,0,1,0,0,1,0,recent
2656,t20251218_11775796.html,2025-12-18,郭嘉昆,深圳卫视记者,cn,112,40,0.349204123020172,0.044444444444444,0.060606060606060004,0,1,1,0,1,0,recent
2657,t20251218_11775796.html,2025-12-18,郭嘉昆,彭博社记者,foreign,40,97,0.513779461383819,0.044444444444444,0.16666666666666602,0,0,1,0,1,0,recent
2658,t20251218_11775796.html,2025-12-18,郭嘉昆,日本广播协会记者,foreign,82,102,0.577344059944152,0.127272727272727,0.241379310344827,0,1,0,0,2,1,recent
2659,t20251219_11776886.html,2025-12-19,郭嘉昆,《环球时报》记者,cn,68,114,0.692278861999511,0.105263157894736,0.260869565217391,0,1,1,0,1,0,recent
2660,t20251219_11776886.html,2025-12-19,郭嘉昆,法新社记者,foreign,73,39,0.5065404772758481,0.030303030303030002,0.041666666666666005,1,1,0,0,2,1,recent
2661,t20251219_11776886.html,2025-12-19,郭嘉昆,路透社记者,foreign,72,33,0.6080075502395631,0.09090909090909001,0.125,0,1,0,0,1,0,recent
2662,t20251219_11776886.html,2025-12-19,郭嘉昆,总台央视记者,cn,52,72,0.7760573625564571,0.194444444444444,0.388888888888888,0,1,0,0,1,0,recent
2663,t20251219_11776886.html,2025-12-19,郭嘉昆,彭博社记者,foreign,40,75,0.5836666822433471,0.051282051282051,0.15384615384615302,0,0,1,0,1,0,recent
2664,t20251219_11776886.html,2025-12-19,郭嘉昆,印度报业托拉斯记者,foreign,67,181,0.6885215640068051,0.05063291139240501,0.17391304347826,0,1,1,0,1,0,recent
2665,t20251219_11776886.html,2025-12-19,郭嘉昆,《人民日报》记者,cn,130,100,0.679928183555603,0.09230769230769201,0.15384615384615302,0,1,0,0,1,0,recent
2666,t20251219_11776886.html,2025-12-19,郭嘉昆,印度报业托拉斯记者,foreign,54,79,0.562255501747131,0.09523809523809501,0.19047619047619002,0,1,0,0,1,0,recent
2667,t20251219_11776886.html,2025-12-19,郭嘉昆,日本电视网记者,foreign,47,255,0.6355658769607541,0.030303030303030002,0.16666666666666602,0,1,1,0,1,0,recent
2668,t20251219_11776886.html,2025-12-19,郭嘉昆,《北京日报》记者,foreign,94,308,0.812326908111572,0.11111111111111101,0.375,0,0,0,0,1,0,recent
2669,t20251222_11780592.html,2025-12-22,林剑,新华社记者,cn,105,204,0.9428515434265131,0.246913580246913,0.5263157894736841,0,1,1,0,1,0,recent
2670,t20251222_11780592.html,2025-12-22,林剑,今日俄罗斯记者,foreign,46,95,0.788110256195068,0.146341463414634,0.375,0,1,0,0,1,0,recent
2671,t20251222_11780592.html,2025-12-22,林剑,《环球时报》记者,cn,92,144,0.6102470159530641,0.04,0.1,0,1,0,0,1,0,recent
2672,t20251222_11780592.html,2025-12-22,林剑,总台中国之声记者,cn,88,96,0.720988273620605,0.122807017543859,0.21212121212121202,0,1,0,0,2,1,recent
2673,t20251222_11780592.html,2025-12-22,林剑,韩联社记者,foreign,88,35,0.777544975280761,0.047619047619047006,0.066666666666666,0,1,1,0,1,0,recent
2674,t20251222_11780592.html,2025-12-22,林剑,彭博社记者,foreign,48,89,0.6589421629905701,0.045454545454545005,0.11764705882352901,0,0,1,0,1,0,recent
2675,t20251223_11781789.html,2025-12-23,林剑,路透社记者,foreign,68,146,0.41928583383560103,0.044117647058823005,0.13636363636363602,0,1,1,0,1,0,recent
2676,t20251223_11781789.html,2025-12-23,林剑,法新社记者,foreign,61,65,0.841410636901855,0.241379310344827,0.388888888888888,0,1,0,0,1,0,recent
2677,t20251223_11781789.html,2025-12-23,林剑,路透社记者,foreign,73,65,0.62373948097229,0.063829787234042,0.11111111111111101,0,1,0,0,1,0,recent
2678,t20251223_11781789.html,2025-12-23,林剑,乌通社记者,foreign,118,90,0.749558806419372,0.104477611940298,0.162790697674418,0,1,1,0,3,1,recent
2679,t20251223_11781789.html,2025-12-23,林剑,深圳卫视记者,cn,111,108,0.8593358993530271,0.09677419354838701,0.15384615384615302,0,1,0,0,1,0,recent
2680,t20251223_11781789.html,2025-12-23,林剑,路透社记者,foreign,94,11,-0.036769226193428005,0.0,0.0,0,1,1,0,2,1,recent
2681,t20251224_11785912.html,2025-12-24,林剑,总台央视记者,cn,199,38,0.5837998390197751,0.10294117647058801,0.11111111111111101,0,1,1,0,1,0,recent
2682,t20251224_11785912.html,2025-12-24,林剑,法新社记者,foreign,61,164,0.655927419662475,0.072463768115942,0.23809523809523803,0,1,1,0,1,0,recent
2683,t20251224_11785912.html,2025-12-24,林剑,中新社记者,cn,106,42,0.657087206840515,0.069767441860465,0.09677419354838701,0,1,1,0,1,0,recent
2684,t20251224_11785912.html,2025-12-24,林剑,《中国日报》记者,cn,48,148,0.6650031805038451,0.074074074074074,0.25,0,1,0,0,1,0,recent
2685,t20251225_11786942.html,2025-12-25,林剑,法新社记者,foreign,56,63,0.7270320653915401,0.105263157894736,0.2,0,1,1,0,1,0,recent
2686,t20251225_11786942.html,2025-12-25,林剑,巴通社记者,foreign,53,124,0.851439714431762,0.20930232558139503,0.47368421052631504,0,0,0,0,1,0,recent
2687,t20251225_11786942.html,2025-12-25,林剑,印尼安塔拉通讯社记者,foreign,45,92,0.89350152015686,0.228571428571428,0.5714285714285711,0,1,1,0,1,0,recent
2688,t20251225_11786942.html,2025-12-25,林剑,《北京青年报》记者,foreign,101,36,0.641495704650878,0.045454545454545005,0.0625,0,1,0,0,1,0,recent
2689,t20251225_11786942.html,2025-12-25,林剑,今日俄罗斯记者,foreign,76,50,0.8005602955818171,0.11111111111111101,0.172413793103448,0,1,0,0,1,0,recent
2690,t20251226_11787943.html,2025-12-26,林剑,今日俄罗斯记者,foreign,49,97,0.6603512763977051,0.04,0.125,0,1,0,0,1,0,recent
2691,t20251226_11787943.html,2025-12-26,林剑,今日俄罗斯记者,foreign,112,197,0.651200771331787,0.10465116279069701,0.257142857142857,0,1,0,0,1,0,recent
2692,t20251226_11787943.html,2025-12-26,林剑,《人民日报》记者,cn,110,82,0.859133005142211,0.211538461538461,0.323529411764705,0,1,1,0,1,0,recent
2693,t20251226_11787943.html,2025-12-26,林剑,澎湃新闻记者,cn,79,101,0.632808685302734,0.07843137254901901,0.148148148148148,0,1,1,0,1,0,recent
2694,t20251229_11789718.html,2025-12-29,林剑,总台央视记者,cn,67,78,0.6756734251976011,0.157894736842105,0.260869565217391,0,0,1,0,1,0,recent
2695,t20251229_11789718.html,2025-12-29,林剑,中新社记者,cn,92,91,0.557399988174438,0.040816326530612006,0.08333333333333301,0,1,0,0,1,0,recent
2696,t20251229_11789718.html,2025-12-29,林剑,塔斯社记者,foreign,38,223,0.745504438877105,0.116666666666666,0.5,0,1,0,0,1,0,recent
2697,t20251229_11789718.html,2025-12-29,林剑,《环球时报》记者,cn,125,230,0.765354633331298,0.14,0.35000000000000003,0,1,0,0,1,0,recent
2698,t20251229_11789718.html,2025-12-29,林剑,路透社记者,foreign,66,61,0.618522047996521,0.025641025641025002,0.05,0,1,1,0,2,1,recent
2699,t20251229_11789718.html,2025-12-29,林剑,乌通社记者,foreign,128,72,0.528291463851928,0.046875,0.07692307692307601,0,1,0,0,2,1,recent
2700,t20251229_11789718.html,2025-12-29,林剑,俄新社记者,foreign,64,82,0.673219203948974,0.093023255813953,0.18181818181818102,0,1,0,0,1,0,recent
2701,t20251229_11789718.html,2025-12-29,林剑,俄新社记者,foreign,64,70,0.720266759395599,0.042553191489361,0.08695652173913,0,1,0,0,1,0,recent
2702,t20251229_11789718.html,2025-12-29,林剑,总台CGTN记者,cn,33,131,0.8283802270889281,0.08163265306122401,0.36363636363636304,0,1,0,0,1,0,recent
2703,t20251229_11789718.html,2025-12-29,林剑,路透社记者,foreign,50,70,0.658745765686035,0.1,0.22222222222222202,0,1,0,0,2,1,recent
2704,t20251229_11789718.html,2025-12-29,林剑,法新社记者,foreign,84,270,0.621711790561676,0.10204081632653,0.35714285714285704,0,1,0,0,1,0,recent
2705,t20251230_11790696.html,2025-12-30,林剑,总台央视记者,cn,35,114,0.8445240259170531,0.157894736842105,0.5,0,1,0,0,1,0,recent
2706,t20251230_11790696.html,2025-12-30,林剑,新华社记者,cn,60,27,0.8015898466110231,0.17857142857142802,0.22727272727272702,0,1,0,0,2,1,recent
2707,t20251230_11790696.html,2025-12-30,林剑,《金融时报》记者,foreign,44,12,0.6133847832679741,0.055555555555555004,0.066666666666666,1,1,0,0,1,0,recent
2708,t20251230_11790696.html,2025-12-30,林剑,法新社记者,foreign,82,72,0.7247765064239501,0.069767441860465,0.115384615384615,0,1,1,0,1,0,recent
2709,t20251230_11790696.html,2025-12-30,林剑,俄新社记者,foreign,86,72,0.338560581207275,0.039215686274509005,0.07142857142857101,0,1,0,0,1,0,recent
2710,t20251230_11790696.html,2025-12-30,林剑,《北京青年报》记者,foreign,39,51,0.740200459957122,0.16,0.30769230769230704,0,1,0,0,1,0,recent
2711,t20251230_11790696.html,2025-12-30,林剑,日本东京电视台记者,foreign,26,34,0.6521369814872741,0.17647058823529402,0.30000000000000004,0,1,0,0,1,0,recent
2712,t20251231_11796240.html,2025-12-31,林剑,中新社记者,cn,84,145,0.8261585831642151,0.133333333333333,0.32,0,1,1,0,1,0,recent
2713,t20251231_11796240.html,2025-12-31,林剑,总台央视记者,cn,55,103,0.5671426057815551,0.085106382978723,0.2,0,1,1,0,1,0,recent
2714,t20251231_11796240.html,2025-12-31,林剑,彭博社记者,foreign,53,113,0.48894011974334706,0.018181818181818,0.047619047619047006,0,1,0,0,1,0,recent
2715,t20251231_11796240.html,2025-12-31,林剑,深圳卫视记者,cn,40,68,0.5464627146720881,0.027027027027027,0.066666666666666,0,1,0,0,1,0,recent
2716,t20251231_11796240.html,2025-12-31,林剑,东京电视台记者,foreign,75,15,0.026802986860275,0.0,0.0,0,1,1,0,1,0,recent
2717,t20251231_11796240.html,2025-12-31,林剑,中阿卫视记者,foreign,49,181,0.6879674792289731,0.055555555555555004,0.22222222222222202,0,1,0,0,1,0,recent
2718,t20251231_11796240.html,2025-12-31,林剑,总台中国之声记者,cn,52,89,0.763804614543914,0.105263157894736,0.30769230769230704,0,1,0,0,1,0,recent
2719,t20251231_11796240.html,2025-12-31,林剑,彭博社记者,foreign,63,26,0.41368985176086404,0.033333333333333,0.047619047619047006,0,0,0,0,2,1,recent
2720,t20260105_11806730.html,2026-01-05,林剑,深圳卫视记者,cn,205,143,0.8228743076324461,0.22727272727272702,0.36363636363636304,0,1,0,0,1,0,recent
2721,t20260105_11806730.html,2026-01-05,林剑,美国全国广播公司记者,foreign,88,157,0.7733851075172421,0.131147540983606,0.30769230769230704,0,1,0,0,2,1,recent
2722,t20260105_11806730.html,2026-01-05,林剑,湖北广电记者,foreign,78,128,0.7707588076591491,0.086206896551724,0.23809523809523803,0,1,0,0,1,0,recent
2723,t20260105_11806730.html,2026-01-05,林剑,西班牙《阿贝赛报》记者,foreign,87,48,0.568284392356872,0.051282051282051,0.08,0,1,0,0,2,1,recent
2724,t20260105_11806730.html,2026-01-05,林剑,中阿卫视记者,foreign,58,115,0.631607711315155,0.08928571428571401,0.22727272727272702,0,1,0,0,1,0,recent
2725,t20260105_11806730.html,2026-01-05,林剑,东京电视台记者,foreign,44,60,0.40432497859001104,0.0,0.0,0,1,0,0,1,0,recent
2726,t20260105_11806730.html,2026-01-05,林剑,韩联社记者,foreign,77,82,0.501867055892944,0.039215686274509005,0.07692307692307601,0,1,1,0,3,1,recent
2727,t20260105_11806730.html,2026-01-05,林剑,中阿卫视记者,foreign,76,30,0.33797961473464905,0.027027027027027,0.037037037037037,0,1,0,0,1,0,recent
2728,t20260105_11806730.html,2026-01-05,林剑,彭博社记者,foreign,85,86,0.49837306141853305,0.037735849056603,0.066666666666666,0,1,1,0,1,0,recent
2729,t20260105_11806730.html,2026-01-05,林剑,巴西《圣保罗页报》记者,foreign,61,27,0.6892317533493041,0.15384615384615302,0.2,0,1,0,0,1,0,recent
2730,t20260105_11806730.html,2026-01-05,林剑,埃菲社记者,foreign,57,133,0.7049291133880611,0.079365079365079,0.208333333333333,0,1,0,0,2,1,recent
2731,t20260105_11806730.html,2026-01-05,林剑,委内瑞拉南方电视台记者,foreign,148,219,0.8653101921081541,0.147368421052631,0.325581395348837,0,1,1,0,2,1,recent
2732,t20260105_11806730.html,2026-01-05,林剑,彭博社记者,foreign,115,214,0.49747437238693204,0.05747126436781601,0.172413793103448,0,1,1,0,3,1,recent
2733,t20260105_11806730.html,2026-01-05,林剑,阿纳多卢通讯社记者,foreign,75,194,0.5297336578369141,0.064935064935064,0.21739130434782603,0,1,1,0,2,1,recent
2734,t20260105_11806730.html,2026-01-05,林剑,法新社记者,foreign,43,29,0.40828281641006403,0.04,0.07142857142857101,0,1,0,0,1,0,recent
2735,t20260105_11806730.html,2026-01-05,林剑,朝日电视台记者,foreign,34,22,0.16551491618156403,0.0,0.0,1,0,0,0,1,0,recent
2736,t20260106_11807212.html,2026-01-06,毛宁,总台央视记者,cn,148,111,0.736408293247222,0.09090909090909001,0.14285714285714202,0,1,0,0,1,0,recent
2737,t20260106_11807212.html,2026-01-06,毛宁,委内瑞拉南方电视台记者,foreign,128,149,0.8420139551162721,0.197183098591549,0.35000000000000003,0,1,1,0,2,1,recent
2738,t20260106_11807212.html,2026-01-06,毛宁,法新社记者,foreign,43,10,0.11148211359977701,0.0,0.0,0,0,1,0,1,0,recent
2739,t20260106_11807212.html,2026-01-06,毛宁,乌通社记者,foreign,131,163,0.6156487464904781,0.078947368421052,0.162162162162162,0,1,0,0,2,1,recent
2740,t20260106_11807212.html,2026-01-06,毛宁,路透社记者,foreign,100,44,0.6403704285621641,0.043478260869565,0.060606060606060004,0,1,1,1,2,1,recent
2741,t20260106_11807212.html,2026-01-06,毛宁,彭博社记者,foreign,98,117,0.6833336353302001,0.070175438596491,0.16666666666666602,0,0,0,0,1,0,recent
2742,t20260106_11807212.html,2026-01-06,毛宁,法新社记者,foreign,49,61,0.454980432987213,0.08333333333333301,0.16666666666666602,0,1,0,0,2,1,recent
2743,t20260106_11807212.html,2026-01-06,毛宁,路透社记者,foreign,31,21,0.5249804258346551,0.0,0.0,0,1,0,0,2,1,recent
2744,t20260106_11807212.html,2026-01-06,毛宁,路透社记者,foreign,66,64,0.737095773220062,0.16666666666666602,0.26315789473684204,0,1,0,0,2,1,recent
2745,t20260107_11807855.html,2026-01-07,毛宁,总台央视记者,cn,29,202,0.695065319538116,0.07692307692307601,0.416666666666666,0,1,0,0,2,1,recent
2746,t20260107_11807855.html,2026-01-07,毛宁,中阿卫视记者,foreign,48,53,0.49781951308250405,0.034482758620689,0.066666666666666,0,0,0,0,1,0,recent
2747,t20260107_11807855.html,2026-01-07,毛宁,委内瑞拉南方电视台记者,foreign,170,127,0.610543131828308,0.08235294117647,0.134615384615384,0,1,0,0,3,1,recent
2748,t20260107_11807855.html,2026-01-07,毛宁,彭博社记者,foreign,80,151,0.6706491708755491,0.09523809523809501,0.22222222222222202,0,1,0,0,1,0,recent
2749,t20260107_11807855.html,2026-01-07,毛宁,日本广播协会记者,foreign,142,144,0.6394825577735901,0.0375,0.081081081081081,0,1,1,0,2,1,recent
2750,t20260107_11807855.html,2026-01-07,毛宁,《金融时报》记者,foreign,68,130,0.5993766188621521,0.038461538461538006,0.09523809523809501,0,1,1,0,1,0,recent
2751,t20260107_11807855.html,2026-01-07,毛宁,《环球时报》记者,cn,51,246,0.7499973177909851,0.08536585365853601,0.388888888888888,0,1,0,0,2,1,recent
2752,t20260107_11807855.html,2026-01-07,毛宁,法新社记者,foreign,76,68,0.6396969556808471,0.041666666666666005,0.08,0,1,1,0,2,1,recent
2753,t20260107_11807855.html,2026-01-07,毛宁,新华社记者,cn,100,131,0.6755595207214351,0.13636363636363602,0.264705882352941,0,1,0,0,1,0,recent
2754,t20260107_11807855.html,2026-01-07,毛宁,法新社记者,foreign,49,30,0.45049268007278404,0.0,0.0,0,1,0,0,1,0,recent
2755,t20260107_11807855.html,2026-01-07,毛宁,印度报业托拉斯记者,foreign,75,125,0.5502549409866331,0.065573770491803,0.15384615384615302,0,1,0,0,1,0,recent
2756,t20260107_11807855.html,2026-01-07,毛宁,彭博社记者,foreign,78,47,0.381415426731109,0.025641025641025002,0.04,0,1,0,0,1,0,recent
2757,t20260107_11807855.html,2026-01-07,毛宁,委内瑞拉南方电视台记者,foreign,167,70,0.695106744766235,0.08219178082191701,0.10714285714285701,0,1,1,0,2,1,recent
2758,t20260108_11808407.html,2026-01-08,毛宁,中新社记者,cn,108,153,0.790495872497558,0.10958904109589,0.24242424242424201,0,1,1,0,1,0,recent
2759,t20260108_11808407.html,2026-01-08,毛宁,深圳卫视记者,cn,87,195,0.41919404268264704,0.047619047619047006,0.16,0,1,0,0,1,0,recent
2760,t20260108_11808407.html,2026-01-08,毛宁,《中国日报》记者,cn,110,253,0.531407356262207,0.057142857142857,0.16666666666666602,0,1,0,0,1,0,recent
2761,t20260108_11808407.html,2026-01-08,毛宁,总台央视记者,cn,166,132,0.567901253700256,0.07692307692307601,0.133333333333333,0,1,1,0,1,0,recent
2762,t20260108_11808407.html,2026-01-08,毛宁,俄新社记者,foreign,86,86,0.60589188337326,0.09433962264150901,0.172413793103448,0,1,1,0,1,0,recent
2763,t20260108_11808407.html,2026-01-08,毛宁,路透社记者,foreign,133,138,0.62537932395935,0.060240963855421006,0.12195121951219501,0,1,0,0,4,1,recent
2764,t20260108_11808407.html,2026-01-08,毛宁,总台国广记者,cn,106,117,0.6891684532165521,0.07042253521126701,0.14285714285714202,0,1,0,0,1,0,recent
2765,t20260108_11808407.html,2026-01-08,毛宁,俄新社记者,foreign,82,51,0.612583994865417,0.022222222222222,0.035714285714285005,0,1,1,0,1,0,recent
2766,t20260109_11810157.html,2026-01-09,毛宁,《北京日报》记者,foreign,64,136,0.734176754951477,0.196428571428571,0.5,0,1,0,0,2,1,recent
2767,t20260109_11810157.html,2026-01-09,毛宁,路透社记者,foreign,86,49,0.467154473066329,0.051282051282051,0.07142857142857101,0,1,1,0,1,0,recent
2768,t20260109_11810157.html,2026-01-09,毛宁,澎湃新闻记者,cn,35,168,0.7296452522277831,0.08928571428571401,0.416666666666666,0,0,0,0,1,0,recent
2769,t20260109_11810157.html,2026-01-09,毛宁,中阿卫视记者,foreign,47,93,0.6786926388740541,0.106382978723404,0.3125,0,1,0,0,1,0,recent
2770,t20260109_11810157.html,2026-01-09,毛宁,日本广播协会记者,foreign,58,99,0.633838653564453,0.02,0.055555555555555004,0,1,0,0,2,1,recent
2771,t20260109_11810157.html,2026-01-09,毛宁,法新社记者,foreign,103,46,0.6916153430938721,0.14285714285714202,0.19354838709677402,0,1,0,0,2,1,recent
2772,t20260109_11810157.html,2026-01-09,毛宁,日本广播协会记者,foreign,27,120,0.7338570356369011,0.08163265306122401,0.4,0,0,0,0,1,0,recent
2773,t20260109_11810157.html,2026-01-09,毛宁,德新社记者,foreign,80,83,0.5449008345603941,0.040816326530612006,0.08333333333333301,0,1,0,0,3,1,recent
2774,t20260112_11811154.html,2026-01-12,毛宁,总台CGTN记者,cn,35,182,0.713375091552734,0.101694915254237,0.42857142857142805,0,1,0,0,1,0,recent
2775,t20260112_11811154.html,2026-01-12,毛宁,朝日新闻记者,foreign,117,47,0.513579607009887,0.057692307692307,0.07692307692307601,0,1,1,0,2,1,recent
2776,t20260112_11811154.html,2026-01-12,毛宁,今日俄罗斯记者,foreign,156,67,0.53902918100357,0.047619047619047006,0.06818181818181801,0,1,0,0,1,0,recent
2777,t20260112_11811154.html,2026-01-12,毛宁,拉通社记者,foreign,53,63,0.6391938328742981,0.048780487804878,0.09523809523809501,0,1,0,0,1,0,recent
2778,t20260112_11811154.html,2026-01-12,毛宁,阿纳多卢通讯社记者,foreign,96,88,0.64145940542221,0.056603773584905,0.115384615384615,0,1,0,0,1,0,recent
2779,t20260112_11811154.html,2026-01-12,毛宁,彭博社记者,foreign,63,96,0.354409933090209,0.0,0.0,0,0,1,0,1,0,recent
2780,t20260112_11811154.html,2026-01-12,毛宁,《北京青年报》记者,foreign,74,254,0.644167482852935,0.08641975308641901,0.291666666666666,0,1,1,0,1,0,recent
2781,t20260112_11811154.html,2026-01-12,毛宁,阿纳多卢通讯社记者,foreign,92,69,0.635474920272827,0.08333333333333301,0.137931034482758,0,1,0,0,2,1,recent
2782,t20260112_11811154.html,2026-01-12,毛宁,俄新社记者,foreign,50,76,0.610257446765899,0.073170731707317,0.15,0,1,0,0,1,0,recent
2783,t20260112_11811154.html,2026-01-12,毛宁,彭博社记者,foreign,58,104,0.38041186332702603,0.018518518518518,0.052631578947368,0,0,0,0,1,0,recent
2784,t20260112_11811154.html,2026-01-12,毛宁,印度报业托拉斯记者,foreign,147,158,0.7900062799453731,0.17808219178082102,0.282608695652173,0,1,0,0,1,0,recent
2785,t20260112_11811154.html,2026-01-12,毛宁,法新社记者,foreign,44,111,0.6968560218811031,0.1,0.28571428571428503,0,1,0,0,2,1,recent
2786,t20260112_11811154.html,2026-01-12,毛宁,阿纳多卢通讯社记者,foreign,86,53,0.352586209774017,0.0,0.0,0,1,1,0,1,0,recent
2787,t20260112_11811154.html,2026-01-12,毛宁,法新社记者,foreign,55,104,0.7426398396492001,0.069767441860465,0.21428571428571402,0,1,0,0,2,1,recent
2788,t20260113_11811859.html,2026-01-13,毛宁,中阿卫视记者,foreign,57,40,0.38088443875312805,0.037037037037037,0.066666666666666,0,1,1,0,1,0,recent
2789,t20260113_11811859.html,2026-01-13,毛宁,总台央视记者,cn,33,204,0.7063915133476251,0.126984126984126,0.6153846153846151,0,0,0,0,1,0,recent
2790,t20260113_11811859.html,2026-01-13,毛宁,路透社记者,foreign,59,32,0.626209378242492,0.066666666666666,0.1,0,1,1,0,1,0,recent
2791,t20260113_11811859.html,2026-01-13,毛宁,阿纳多卢通讯社记者,foreign,73,65,0.41903150081634505,0.022727272727272003,0.043478260869565,0,0,1,0,1,0,recent
2792,t20260113_11811859.html,2026-01-13,毛宁,彭博社记者,foreign,33,14,0.5967278480529781,0.0625,0.08333333333333301,0,0,0,0,1,0,recent
2793,t20260113_11811859.html,2026-01-13,毛宁,彭博社记者,foreign,52,12,0.169929236173629,0.0,0.0,0,0,0,0,1,0,recent
2794,t20260113_11811859.html,2026-01-13,毛宁,法新社记者,foreign,43,33,0.478792488574981,0.12,0.21428571428571402,0,1,0,0,1,0,recent
2795,t20260113_11811859.html,2026-01-13,毛宁,日本电视网记者,foreign,28,15,0.7342561483383171,0.133333333333333,0.18181818181818102,0,1,0,0,1,0,recent
2796,t20260113_11811859.html,2026-01-13,毛宁,日本电视网记者,foreign,41,36,0.480097830295562,0.034482758620689,0.0625,0,1,1,0,1,0,recent
2797,t20260114_11812645.html,2026-01-14,毛宁,法新社记者,foreign,39,80,0.6990386247634881,0.051282051282051,0.15384615384615302,1,1,0,0,2,1,recent
2798,t20260114_11812645.html,2026-01-14,毛宁,新华社记者,cn,90,88,0.864292502403259,0.1,0.172413793103448,0,1,0,0,1,0,recent
2799,t20260114_11812645.html,2026-01-14,毛宁,中新社记者,cn,51,44,0.9235783219337461,0.7000000000000001,0.777777777777777,0,1,0,0,1,0,recent
2800,t20260114_11812645.html,2026-01-14,毛宁,中阿卫视记者,foreign,49,94,0.572364807128906,0.022222222222222,0.058823529411764004,0,1,0,0,1,0,recent
2801,t20260114_11812645.html,2026-01-14,毛宁,法新社记者,foreign,44,94,0.579078495502471,0.043478260869565,0.133333333333333,0,1,0,0,1,0,recent
2802,t20260114_11812645.html,2026-01-14,毛宁,法新社记者,foreign,80,81,0.560649216175079,0.0625,0.115384615384615,0,1,0,0,2,1,recent
2803,t20260115_11813344.html,2026-01-15,毛宁,东京电视台记者,foreign,85,14,0.48401832580566406,0.035714285714285005,0.041666666666666005,0,1,0,0,2,1,recent
2804,t20260115_11813344.html,2026-01-15,毛宁,法新社记者,foreign,61,43,0.5251477360725401,0.060606060606060004,0.09090909090909001,0,1,1,0,2,1,recent
2805,t20260115_11813344.html,2026-01-15,毛宁,深圳卫视记者,cn,123,173,0.7499835491180421,0.081395348837209,0.159090909090909,0,1,0,0,1,0,recent
2806,t20260115_11813344.html,2026-01-15,毛宁,法新社记者,foreign,61,22,0.5292896628379821,0.07142857142857101,0.1,0,0,1,0,1,0,recent
2807,t20260115_11813344.html,2026-01-15,毛宁,路透社记者,foreign,75,125,0.7479475140571591,0.15686274509803902,0.347826086956521,0,1,0,0,1,0,recent
2808,t20260116_11814163.html,2026-01-16,郭嘉昆,中国日报记者,cn,49,65,0.73609173297882,0.19354838709677402,0.375,0,1,0,0,2,1,recent
2809,t20260116_11814163.html,2026-01-16,郭嘉昆,路透社记者,foreign,55,61,0.49805414676666204,0.0,0.0,0,0,1,0,1,0,recent
2810,t20260116_11814163.html,2026-01-16,郭嘉昆,今日俄罗斯记者,foreign,96,42,0.530494928359985,0.09523809523809501,0.125,0,1,1,0,2,1,recent
2811,t20260116_11814163.html,2026-01-16,郭嘉昆,总台央视记者,cn,37,204,0.757445693016052,0.08955223880597,0.4,0,1,0,0,2,1,recent
2812,t20260116_11814163.html,2026-01-16,郭嘉昆,北京青年报记者,foreign,131,158,0.8433960676193231,0.140350877192982,0.266666666666666,0,1,0,0,2,1,recent
2813,t20260116_11814163.html,2026-01-16,郭嘉昆,日本电视网记者,foreign,60,136,0.672550678253173,0.050847457627118,0.14285714285714202,0,1,1,0,1,0,recent
2814,t20260119_11815242.html,2026-01-19,郭嘉昆,《北京日报》记者,foreign,45,171,0.8158877491950981,0.109090909090909,0.42857142857142805,0,1,0,0,1,0,recent
2815,t20260119_11815242.html,2026-01-19,郭嘉昆,总台央视记者,cn,177,96,0.7674624323844911,0.088607594936708,0.132075471698113,0,1,0,0,1,0,recent
2816,t20260119_11815242.html,2026-01-19,郭嘉昆,法新社 记者,foreign,168,81,0.7376272678375241,0.107692307692307,0.159090909090909,0,1,0,0,5,1,recent
2817,t20260119_11815242.html,2026-01-19,郭嘉昆,波兰通讯社记者,foreign,54,28,0.604238629341125,0.034482758620689,0.055555555555555004,0,1,1,0,1,0,recent
2818,t20260119_11815242.html,2026-01-19,郭嘉昆,彭博社记者,foreign,107,84,0.47730219364166204,0.018181818181818,0.037037037037037,0,0,1,0,1,0,recent
2819,t20260120_11815950.html,2026-01-20,郭嘉昆,总台央视记者,cn,72,76,0.8342490196228021,0.35483870967741904,0.5238095238095231,0,1,0,0,1,0,recent
2820,t20260120_11815950.html,2026-01-20,郭嘉昆,俄新社记者,foreign,85,10,0.583695650100708,0.10714285714285701,0.11111111111111101,0,1,0,0,2,1,recent
2821,t20260120_11815950.html,2026-01-20,郭嘉昆,中阿卫视记者,foreign,81,126,0.6327745914459221,0.10714285714285701,0.206896551724137,0,1,0,0,2,1,recent
2822,t20260120_11815950.html,2026-01-20,郭嘉昆,新华社记者,cn,158,91,0.756952166557312,0.125,0.18181818181818102,0,1,0,0,2,1,recent
2823,t20260120_11815950.html,2026-01-20,郭嘉昆,日本广播协会记者,foreign,124,172,0.599753141403198,0.043010752688172005,0.097560975609756,1,1,0,0,2,1,recent
2824,t20260120_11815950.html,2026-01-20,郭嘉昆,伊拉克如道电视台记者,foreign,25,58,0.607885181903839,0.032258064516129004,0.1,0,1,0,0,1,0,recent
2825,t20260120_11815950.html,2026-01-20,郭嘉昆,彭博社记者,foreign,35,13,0.15123558044433502,0.0,0.0,0,0,1,0,1,0,recent
2826,t20260121_11835365.html,2026-01-21,郭嘉昆,《北京青年报》记者,foreign,126,42,0.778447031974792,0.1875,0.23076923076923,0,1,0,0,1,0,recent
2827,t20260121_11835365.html,2026-01-21,郭嘉昆,中阿卫视记者,foreign,108,26,0.518276453018188,0.12121212121212101,0.14285714285714202,0,1,0,0,2,1,recent
2828,t20260121_11835365.html,2026-01-21,郭嘉昆,路透社记者,foreign,91,101,0.9016448259353631,0.155555555555555,0.269230769230769,0,1,0,0,2,1,recent
2829,t20260121_11835365.html,2026-01-21,郭嘉昆,德新社记者,foreign,53,35,0.41604399681091303,0.06451612903225801,0.09523809523809501,1,1,0,0,1,0,recent
2830,t20260121_11835365.html,2026-01-21,郭嘉昆,英国广播公司记者,foreign,27,73,0.7234414815902711,0.172413793103448,0.5,0,1,0,0,1,0,recent
2831,t20260121_11835365.html,2026-01-21,郭嘉昆,中阿卫视记者,foreign,59,206,0.696790218353271,0.036585365853658,0.157894736842105,0,1,0,0,1,0,recent
2832,t20260121_11835365.html,2026-01-21,郭嘉昆,总台CGTN记者,cn,145,82,0.6368550658226011,0.107692307692307,0.17073170731707302,0,1,1,0,1,0,recent
2833,t20260121_11835365.html,2026-01-21,郭嘉昆,彭博社记者,foreign,145,70,0.685937464237213,0.066666666666666,0.097560975609756,1,1,0,0,4,1,recent
2834,t20260121_11835365.html,2026-01-21,郭嘉昆,英国广播公司记者,foreign,65,95,0.661381244659423,0.12195121951219501,0.22727272727272702,0,1,1,0,1,0,recent
2835,t20260121_11835365.html,2026-01-21,郭嘉昆,英国广播公司记者,foreign,146,166,0.575823783874511,0.022471910112359002,0.045454545454545005,0,1,1,0,2,1,recent
2836,t20260122_11843506.html,2026-01-22,郭嘉昆,总台央视记者,cn,48,63,0.684165239334106,0.058823529411764004,0.11111111111111101,0,1,0,0,2,1,recent
2837,t20260122_11843506.html,2026-01-22,郭嘉昆,法新社记者,foreign,104,65,0.37904781103134105,0.037735849056603,0.058823529411764004,0,1,1,0,2,1,recent
2838,t20260122_11843506.html,2026-01-22,郭嘉昆,伊拉克如道电视台记者,foreign,97,65,0.6113369464874261,0.041666666666666005,0.068965517241379,0,1,1,0,1,0,recent
2839,t20260122_11843506.html,2026-01-22,郭嘉昆,湖北广电记者,foreign,59,50,0.48366051912307706,0.0625,0.11111111111111101,0,1,0,0,1,0,recent
2840,t20260122_11843506.html,2026-01-22,郭嘉昆,日本广播协会记者,foreign,58,13,0.5320165753364561,0.045454545454545005,0.052631578947368,0,1,0,0,1,0,recent
2841,t20260122_11843506.html,2026-01-22,郭嘉昆,路透社记者,foreign,70,206,0.675628662109375,0.013157894736842,0.052631578947368,0,1,0,0,1,0,recent
2842,t20260122_11843506.html,2026-01-22,郭嘉昆,《中国日报》记者,cn,132,69,0.794613540172576,0.078125,0.10869565217391301,0,1,0,0,1,0,recent
2843,t20260122_11843506.html,2026-01-22,郭嘉昆,法新社记者,foreign,89,36,0.48665478825569103,0.0625,0.09090909090909001,1,1,0,0,2,1,recent
2844,t20260122_11843506.html,2026-01-22,郭嘉昆,路透社记者,foreign,78,54,0.5366857051849361,0.06818181818181801,0.11111111111111101,1,1,0,0,1,0,recent
2845,t20260122_11843506.html,2026-01-22,郭嘉昆,法新社记者,foreign,101,43,0.43423798680305403,0.022222222222222,0.030303030303030002,0,1,0,0,2,1,recent
2846,t20260123_11844286.html,2026-01-23,郭嘉昆,总台央视记者,cn,116,145,0.633296728134155,0.077922077922077,0.171428571428571,0,1,0,0,2,1,recent
2847,t20260123_11844286.html,2026-01-23,郭嘉昆,路透社记者,foreign,47,73,0.5458162426948541,0.0,0.0,0,0,0,0,3,1,recent
2848,t20260123_11844286.html,2026-01-23,郭嘉昆,今日俄罗斯记者,foreign,63,43,0.439557939767837,0.103448275862068,0.157894736842105,0,1,0,0,1,0,recent
2849,t20260123_11844286.html,2026-01-23,郭嘉昆,路透社记者,foreign,67,114,0.47528064250946006,0.033333333333333,0.09523809523809501,0,1,1,0,1,0,recent
2850,t20260123_11844286.html,2026-01-23,郭嘉昆,法新社记者,foreign,66,41,0.56329596042633,0.066666666666666,0.09090909090909001,1,1,0,0,1,0,recent
2851,t20260123_11844286.html,2026-01-23,郭嘉昆,巴西《圣保罗页报》记者,foreign,77,57,0.6345143914222711,0.102564102564102,0.16666666666666602,0,1,1,0,1,0,recent
2852,t20260123_11844286.html,2026-01-23,郭嘉昆,路透社记者,foreign,42,21,0.527179479598999,0.052631578947368,0.07142857142857101,0,1,0,0,1,0,recent
2853,t20260123_11844286.html,2026-01-23,郭嘉昆,印尼安塔拉通讯社记者,foreign,75,29,0.41955617070198004,0.07142857142857101,0.09523809523809501,0,0,0,0,1,0,recent
2854,t20260123_11844286.html,2026-01-23,郭嘉昆,今日俄罗斯记者,foreign,130,46,0.693344950675964,0.074074074074074,0.097560975609756,1,1,0,0,2,1,recent
2855,t20260123_11844286.html,2026-01-23,郭嘉昆,共同社记者,foreign,25,14,0.5645651817321771,0.07142857142857101,0.1,0,1,0,0,1,0,recent
2856,t20260123_11844286.html,2026-01-23,郭嘉昆,法新社记者,foreign,52,36,0.458348751068115,0.058823529411764004,0.09090909090909001,0,1,0,0,1,0,recent
2857,t20260126_11845353.html,2026-01-26,郭嘉昆,法新社记者,foreign,76,36,0.443600058555603,0.030303030303030002,0.043478260869565,0,1,1,0,1,0,recent
2858,t20260126_11845353.html,2026-01-26,郭嘉昆,新华社记者,cn,29,138,0.68664002418518,0.06,0.30000000000000004,0,1,0,0,1,0,recent
2859,t20260126_11845353.html,2026-01-26,郭嘉昆,总台华语环球节目中心记者,cn,43,77,0.9023114442825311,0.22580645161290303,0.538461538461538,0,1,0,0,1,0,recent
2860,t20260126_11845353.html,2026-01-26,郭嘉昆,彭博社记者,foreign,40,80,0.736724615097045,0.081081081081081,0.23076923076923,0,1,0,0,2,1,recent
2861,t20260126_11845353.html,2026-01-26,郭嘉昆,中新社记者,cn,136,65,0.45864903926849304,0.08064516129032201,0.11627906976744101,0,1,0,0,1,0,recent
2862,t20260126_11845353.html,2026-01-26,郭嘉昆,阿纳多卢通讯社记者,foreign,25,65,0.621376633644104,0.0,0.0,0,0,0,0,1,0,recent
2863,t20260126_11845353.html,2026-01-26,郭嘉昆,《北京日报》记者,foreign,31,61,0.731518864631652,0.15384615384615302,0.44444444444444403,0,1,0,0,1,0,recent
2864,t20260126_11845353.html,2026-01-26,郭嘉昆,深圳卫视记者,cn,112,143,0.5777374505996701,0.05,0.108108108108108,0,1,0,0,1,0,recent
2865,t20260127_11846080.html,2026-01-27,郭嘉昆,总台央视记者,cn,43,70,0.5694252252578731,0.029411764705882002,0.058823529411764004,0,1,0,0,2,1,recent
2866,t20260127_11846080.html,2026-01-27,郭嘉昆,委内瑞拉南方电视台记者,foreign,99,109,0.6968809366226191,0.137931034482758,0.266666666666666,0,1,0,0,1,0,recent
2867,t20260127_11846080.html,2026-01-27,郭嘉昆,日本广播协会记者,foreign,111,95,0.8775106668472291,0.11864406779661,0.194444444444444,0,1,0,0,3,1,recent
2868,t20260127_11846080.html,2026-01-27,郭嘉昆,凤凰卫视记者,cn,123,112,0.6783397793769831,0.191176470588235,0.342105263157894,0,1,0,0,2,1,recent
2869,t20260127_11846080.html,2026-01-27,郭嘉昆,伊拉克如道电视台记者,foreign,55,53,0.6792725920677181,0.055555555555555004,0.105263157894736,0,1,0,0,1,0,recent
2870,t20260127_11846080.html,2026-01-27,郭嘉昆,委内瑞拉南方电视台记者,foreign,125,62,0.794316351413726,0.06451612903225801,0.09523809523809501,0,0,0,0,1,0,recent
2871,t20260127_11846080.html,2026-01-27,郭嘉昆,彭博社记者,foreign,66,64,0.528966605663299,0.078947368421052,0.13636363636363602,0,1,0,0,1,0,recent
2872,t20260127_11846080.html,2026-01-27,郭嘉昆,彭博社记者,foreign,67,181,0.6172882318496701,0.016129032258064002,0.043478260869565,0,0,1,0,1,0,recent
2873,t20260127_11846080.html,2026-01-27,郭嘉昆,法新社记者,foreign,79,96,0.271141618490219,0.08695652173913,0.16,0,1,0,0,1,0,recent
2874,t20260128_11846551.html,2026-01-28,郭嘉昆,深圳卫视记者,cn,64,191,0.9149838685989381,0.114754098360655,0.318181818181818,0,1,0,0,2,1,recent
2875,t20260128_11846551.html,2026-01-28,郭嘉昆,韩联社记者,foreign,53,62,0.26513448357582003,0.0,0.0,0,1,1,0,1,0,recent
2876,t20260128_11846551.html,2026-01-28,郭嘉昆,法新社记者,foreign,51,169,0.8505725264549251,0.125,0.41176470588235203,0,1,0,0,1,0,recent
2877,t20260128_11846551.html,2026-01-28,郭嘉昆,路透社记者,foreign,51,41,0.722316443920135,0.09677419354838701,0.16666666666666602,0,1,0,0,1,0,recent
2878,t20260129_11847318.html,2026-01-29,郭嘉昆,总台央视记者,cn,37,125,0.8533715009689331,0.074074074074074,0.266666666666666,0,1,0,0,1,0,recent
2879,t20260129_11847318.html,2026-01-29,郭嘉昆,《中国日报》记者,cn,61,154,0.6740430593490601,0.122807017543859,0.35000000000000003,0,0,0,0,1,0,recent
2880,t20260129_11847318.html,2026-01-29,郭嘉昆,法新社记者,foreign,49,33,0.488777428865432,0.0,0.0,0,1,1,0,2,1,recent
2881,t20260129_11847318.html,2026-01-29,郭嘉昆,路透社记者,foreign,57,84,0.6202955842018121,0.097560975609756,0.23529411764705802,0,1,0,0,2,1,recent
2882,t20260129_11847318.html,2026-01-29,郭嘉昆,乌通社记者,foreign,154,60,0.545626401901245,0.033333333333333,0.046511627906976,0,1,1,0,3,1,recent
2883,t20260129_11847318.html,2026-01-29,郭嘉昆,法新社记者,foreign,76,131,0.716310739517211,0.08064516129032201,0.208333333333333,0,1,0,0,2,1,recent
2884,t20260129_11847318.html,2026-01-29,郭嘉昆,路透社记者,foreign,39,58,0.746281921863555,0.16129032258064502,0.35714285714285704,0,1,0,0,1,0,recent
2885,t20260130_11848280.html,2026-01-30,郭嘉昆,总台央视记者,cn,67,213,0.779060781002044,0.159420289855072,0.478260869565217,0,1,0,0,2,1,recent
2886,t20260130_11848280.html,2026-01-30,郭嘉昆,拉通社记者,foreign,72,51,0.587252140045166,0.081081081081081,0.130434782608695,0,1,1,0,1,0,recent
2887,t20260130_11848280.html,2026-01-30,郭嘉昆,彭博社记者,foreign,80,70,0.5504801273345941,0.088888888888888,0.16666666666666602,0,0,0,0,2,1,recent
2888,t20260130_11848280.html,2026-01-30,郭嘉昆,路透社记者,foreign,30,9,0.08095390349626501,0.0,0.0,1,1,0,0,1,0,recent
2889,t20260130_11848280.html,2026-01-30,郭嘉昆,埃菲社记者,foreign,74,51,0.5064458847045891,0.069767441860465,0.115384615384615,0,1,1,0,1,0,recent
2890,t20260130_11848280.html,2026-01-30,郭嘉昆,路透社记者,foreign,66,27,0.5046003460884091,0.0,0.0,0,1,0,0,1,0,recent
2891,t20260130_11848280.html,2026-01-30,郭嘉昆,法新社记者,foreign,47,46,0.448427587747573,0.07692307692307601,0.14285714285714202,0,1,0,0,1,0,recent
2892,t20260130_11848280.html,2026-01-30,郭嘉昆,彭博社记者,foreign,77,176,0.8117514848709101,0.138888888888888,0.384615384615384,0,1,0,0,3,1,recent
2893,t20260130_11848280.html,2026-01-30,郭嘉昆,法新社记者,foreign,50,34,0.36774444580078103,0.16,0.23529411764705802,0,1,0,0,2,1,recent
2894,t20260202_11849304.html,2026-02-02,林剑,韩联社记者,foreign,58,54,0.6900970935821531,0.11111111111111101,0.210526315789473,0,1,0,0,1,0,recent
2895,t20260202_11849304.html,2026-02-02,林剑,法新社记者,foreign,67,65,0.6381814479827881,0.157894736842105,0.25,0,0,0,0,1,0,recent
2896,t20260202_11849304.html,2026-02-02,林剑,中新社记者,cn,48,120,0.7009696960449211,0.148148148148148,0.44444444444444403,0,1,0,0,1,0,recent
2897,t20260202_11849304.html,2026-02-02,林剑,路透社记者,foreign,82,43,0.549864828586578,0.051282051282051,0.08,0,0,0,0,1,0,recent
2898,t20260202_11849304.html,2026-02-02,林剑,深圳卫视记者,cn,76,124,0.762841939926147,0.125,0.33333333333333304,0,1,0,0,1,0,recent
2899,t20260202_11849304.html,2026-02-02,林剑,法新社记者,foreign,91,144,0.651494264602661,0.08823529411764701,0.22222222222222202,0,1,0,0,1,0,recent
2900,t20260202_11849304.html,2026-02-02,林剑,路透社记者,foreign,65,10,0.46862024068832403,0.037037037037037,0.041666666666666005,0,1,0,0,1,0,recent
2901,t20260203_11850245.html,2026-02-03,林剑,《中国日报》记者,cn,79,50,0.829599738121032,0.1,0.148148148148148,0,1,1,0,1,0,recent
2902,t20260203_11850245.html,2026-02-03,林剑,法新社记者,foreign,59,47,0.41735047101974404,0.052631578947368,0.09090909090909001,0,1,1,0,1,0,recent
2903,t20260203_11850245.html,2026-02-03,林剑,中阿卫视记者,foreign,104,43,0.39163070917129505,0.052631578947368,0.08333333333333301,0,1,0,0,1,0,recent
2904,t20260203_11850245.html,2026-02-03,林剑,委内瑞拉南方电视台记者,foreign,83,146,0.6905862092971801,0.12307692307692301,0.296296296296296,0,1,1,0,2,1,recent
2905,t20260203_11850245.html,2026-02-03,林剑,日本电视网记者,foreign,49,23,0.490955293178558,0.08,0.105263157894736,0,0,1,0,1,0,recent
2906,t20260203_11850245.html,2026-02-03,林剑,俄新社记者,foreign,104,57,0.7865854501724241,0.21739130434782603,0.28571428571428503,0,1,1,0,1,0,recent
2907,t20260203_11850245.html,2026-02-03,林剑,俄新社记者,foreign,50,61,0.730900526046752,0.09090909090909001,0.16666666666666602,0,1,1,0,1,0,recent
2908,t20260204_11851053.html,2026-02-04,林剑,《环球时报》记者,cn,109,57,0.780083954334259,0.133333333333333,0.17647058823529402,0,1,1,0,1,0,recent
2909,t20260204_11851053.html,2026-02-04,林剑,英国天空新闻频道记者,foreign,103,190,0.6149353981018061,0.034883720930232,0.09375000000000001,0,1,1,0,1,0,recent
2910,t20260204_11851053.html,2026-02-04,林剑,法新社记者,foreign,53,161,0.663454353809356,0.047619047619047006,0.17647058823529402,0,1,0,0,1,0,recent
2911,t20260204_11851053.html,2026-02-04,林剑,彭博社记者,foreign,69,126,0.429376542568206,0.046875,0.130434782608695,0,0,0,0,1,0,recent
2912,t20260204_11851053.html,2026-02-04,林剑,《北京青年报》记者,foreign,47,21,0.7364172935485841,0.3125,0.35714285714285704,0,1,0,0,1,0,recent
2913,t20260204_11851053.html,2026-02-04,林剑,彭博社记者,foreign,46,96,0.469215750694274,0.046511627906976,0.125,0,0,0,0,1,0,recent
2914,t20260205_11851821.html,2026-02-05,林剑,总台央视记者,cn,89,107,0.917848289012908,0.160714285714285,0.30000000000000004,0,1,1,0,2,1,recent
2915,t20260205_11851821.html,2026-02-05,林剑,总台央视记者,cn,81,32,0.524404823780059,0.025641025641025002,0.034482758620689,0,1,0,0,1,0,recent
2916,t20260205_11851821.html,2026-02-05,林剑,今日俄罗斯记者,foreign,84,82,0.714055597782135,0.11764705882352901,0.22222222222222202,0,1,0,0,1,0,recent
2917,t20260205_11851821.html,2026-02-05,林剑,今日俄罗斯记者,foreign,84,83,0.757980704307556,0.183673469387755,0.29032258064516103,0,1,0,0,2,1,recent
2918,t20260205_11851821.html,2026-02-05,林剑,日本广播协会记者,foreign,128,41,0.443117767572402,0.038461538461538006,0.051282051282051,0,1,1,0,4,1,recent
2919,t20260205_11851821.html,2026-02-05,林剑,彭博社记者,foreign,56,39,0.5814665555953981,0.066666666666666,0.11764705882352901,1,0,0,0,2,1,recent
2920,t20260205_11851821.html,2026-02-05,林剑,澎湃新闻记者,cn,77,109,0.82906424999237,0.162790697674418,0.30434782608695604,0,0,1,0,1,0,recent
2921,t20260205_11851821.html,2026-02-05,林剑,韩联社记者,foreign,40,84,0.447457790374755,0.045454545454545005,0.125,0,1,0,0,1,0,recent
2922,t20260205_11851821.html,2026-02-05,林剑,彭博社记者,foreign,85,21,0.533849120140075,0.066666666666666,0.08,0,1,1,0,2,1,recent
2923,t20260206_11852777.html,2026-02-06,林剑,路透社记者,foreign,75,91,0.6191382408142091,0.054545454545454,0.10714285714285701,0,1,1,0,2,1,recent
2924,t20260206_11852777.html,2026-02-06,林剑,埃菲社记者,foreign,75,49,0.7738953828811641,0.125,0.19047619047619002,0,1,0,0,2,1,recent
2925,t20260206_11852777.html,2026-02-06,林剑,俄新社记者,foreign,67,96,0.6927686333656311,0.106382978723404,0.23809523809523803,1,1,0,0,1,0,recent
2926,t20260206_11852777.html,2026-02-06,林剑,彭博社记者,foreign,76,33,0.7249238491058351,0.11764705882352901,0.15384615384615302,0,0,0,0,2,1,recent
2927,t20260206_11852777.html,2026-02-06,林剑,法新社记者,foreign,105,52,0.7003233432769771,0.042553191489361,0.058823529411764004,0,1,0,0,1,0,recent
2928,t20260206_11852777.html,2026-02-06,林剑,新华社记者,cn,119,44,0.6038273572921751,0.020408163265306003,0.028571428571428,0,1,0,0,1,0,recent
2929,t20260206_11852777.html,2026-02-06,林剑,俄新社记者,foreign,68,99,0.7469659447669981,0.075471698113207,0.17391304347826,0,1,1,0,2,1,recent
2930,t20260209_11854350.html,2026-02-09,林剑,共同社记者,foreign,62,169,0.6343803405761711,0.028169014084507,0.09523809523809501,0,1,0,0,1,0,recent
2931,t20260209_11854350.html,2026-02-09,林剑,朝日电视台记者,foreign,47,208,0.326941341161727,0.03076923076923,0.133333333333333,0,1,0,0,1,0,recent
2932,t20260209_11854350.html,2026-02-09,林剑,法新社记者,foreign,88,76,0.436180472373962,0.053571428571428006,0.09090909090909001,0,1,1,0,1,0,recent
2933,t20260209_11854350.html,2026-02-09,林剑,东京电视台记者,foreign,45,135,0.6436994075775141,0.033333333333333,0.125,0,1,0,0,1,0,recent
2934,t20260209_11854350.html,2026-02-09,林剑,东京电视台记者,foreign,49,141,0.6370446681976311,0.016949152542372,0.052631578947368,0,1,0,0,1,0,recent
2935,t20260209_11854350.html,2026-02-09,林剑,朝日电视台记者,foreign,56,30,0.578312814235687,0.07142857142857101,0.105263157894736,0,1,0,0,1,0,recent
2936,t20260209_11854350.html,2026-02-09,林剑,法新社记者,foreign,74,30,0.45488721132278404,0.103448275862068,0.130434782608695,0,1,0,0,3,1,recent
2937,t20260209_11854350.html,2026-02-09,林剑,法新社记者,foreign,56,42,0.8555110692977901,0.03125,0.05,0,1,0,0,2,1,recent
2938,t20260210_11855248.html,2026-02-10,林剑,深圳卫视记者,cn,59,62,0.693422675132751,0.07692307692307601,0.15,0,1,1,0,1,0,recent
2939,t20260210_11855248.html,2026-02-10,林剑,总台央视记者,cn,21,123,0.610575258731842,0.044444444444444,0.25,0,1,0,0,1,0,recent
2940,t20260210_11855248.html,2026-02-10,林剑,法新社记者,foreign,59,138,0.678100228309631,0.050847457627118,0.16666666666666602,0,1,0,0,2,1,recent
2941,t20260210_11855248.html,2026-02-10,林剑,路透社记者,foreign,88,78,0.7178524732589721,0.055555555555555004,0.1,0,1,1,0,3,1,recent
2942,t20260210_11855248.html,2026-02-10,林剑,彭博社记者,foreign,142,141,0.5064790248870851,0.033707865168539006,0.066666666666666,1,1,1,0,2,1,recent
2943,t20260210_11855248.html,2026-02-10,林剑,《北京青年报》记者,foreign,51,95,0.7431697249412531,0.041666666666666005,0.11111111111111101,0,1,0,0,1,0,recent
2944,t20260210_11855248.html,2026-02-10,林剑,路透社记者,foreign,75,27,0.35971271991729703,0.09677419354838701,0.130434782608695,1,1,0,0,2,1,recent
2945,t20260211_11856246.html,2026-02-11,林剑,总台央视记者,cn,51,202,0.7976269721984861,0.101694915254237,0.4,0,0,0,0,1,0,recent
2946,t20260211_11856246.html,2026-02-11,林剑,路透社记者,foreign,56,44,0.7003463506698601,0.057142857142857,0.1,1,1,0,0,1,0,recent
2947,t20260211_11856246.html,2026-02-11,林剑,《中国日报》记者,cn,145,61,0.6295508146286011,0.086206896551724,0.11111111111111101,0,1,1,0,1,0,recent
2948,t20260211_11856246.html,2026-02-11,林剑,路透社记者,foreign,47,89,0.6920620203018181,0.093023255813953,0.22222222222222202,1,1,0,0,1,0,recent
2949,t20260211_11856246.html,2026-02-11,林剑,总台CGTN记者,cn,96,69,0.795983850955963,0.11764705882352901,0.19354838709677402,0,1,1,0,1,0,recent
2950,t20260211_11856246.html,2026-02-11,林剑,埃菲社记者,foreign,66,114,0.8244554996490471,0.16666666666666602,0.421052631578947,1,1,0,0,2,1,recent
2951,t20260211_11856246.html,2026-02-11,林剑,法新社记者,foreign,57,79,0.576944947242736,0.046511627906976,0.105263157894736,0,1,0,0,1,0,recent
2952,t20260212_11857627.html,2026-02-12,林剑,总台央视记者,cn,141,92,0.8417252898216241,0.079365079365079,0.11904761904761901,0,1,0,0,1,0,recent
2953,t20260212_11857627.html,2026-02-12,林剑,中阿卫视记者,foreign,67,136,0.7317657470703121,0.053571428571428006,0.13636363636363602,0,1,0,0,1,0,recent
2954,t20260212_11857627.html,2026-02-12,林剑,法新社记者,foreign,41,113,0.532126069068908,0.061224489795918005,0.17647058823529402,0,1,1,0,1,0,recent
2955,t20260212_11857627.html,2026-02-12,林剑,真实巴西记者,foreign,82,26,0.5843737125396721,0.028571428571428,0.038461538461538006,0,1,0,0,1,0,recent
2956,t20260212_11857627.html,2026-02-12,林剑,法新社记者,foreign,48,181,0.6267287135124201,0.03125,0.125,0,1,1,0,1,0,recent
2957,t20260212_11857627.html,2026-02-12,林剑,印尼安塔拉通讯社记者,foreign,100,63,0.5812132358551021,0.019230769230769003,0.035714285714285005,0,1,0,0,1,0,recent
2958,t20260212_11857627.html,2026-02-12,林剑,路透社记者,foreign,57,53,0.575764298439025,0.0,0.0,0,1,0,0,1,0,recent
2959,t20260212_11857627.html,2026-02-12,林剑,彭博社记者,foreign,161,92,0.728609025478363,0.08823529411764701,0.133333333333333,0,1,0,0,3,1,recent
2960,t20260212_11857627.html,2026-02-12,林剑,法新社记者,foreign,40,36,0.152574390172958,0.0,0.0,0,0,1,0,1,0,recent
2961,t20260213_11858655.html,2026-02-13,林剑,中新社记者,cn,61,86,0.7913514375686641,0.243243243243243,0.45,0,1,0,0,1,0,recent
2962,t20260213_11858655.html,2026-02-13,林剑,彭博社记者,foreign,48,70,0.653114557266235,0.026315789473684,0.0625,0,1,0,0,1,0,recent
2963,t20260213_11858655.html,2026-02-13,林剑,湖北广电记者,foreign,69,119,0.33174780011177,0.09090909090909001,0.23809523809523803,0,1,0,0,1,0,recent
2964,t20260223_11862032.html,2026-02-23,林剑,彭博社记者,foreign,55,82,0.7268179655075071,0.11627906976744101,0.26315789473684204,0,1,0,0,1,0,recent
2965,t20260223_11862032.html,2026-02-23,林剑,路透社记者,foreign,85,31,0.182622492313385,0.0,0.0,0,1,0,0,2,1,recent
2966,t20260223_11862032.html,2026-02-23,林剑,法新社记者,foreign,40,96,0.22788679599761902,0.0,0.0,0,0,0,0,1,0,recent
2967,t20260223_11862032.html,2026-02-23,林剑,法新社记者,foreign,42,109,0.682647764682769,0.105263157894736,0.266666666666666,0,0,1,0,1,0,recent
2968,t20260223_11862032.html,2026-02-23,林剑,共同社记者,foreign,77,68,0.584320306777954,0.046511627906976,0.09523809523809501,0,0,0,0,2,1,recent
2969,t20260223_11862032.html,2026-02-23,林剑,韩联社记者,foreign,58,87,0.724852859973907,0.042553191489361,0.105263157894736,0,1,0,0,1,0,recent
2970,t20260223_11862032.html,2026-02-23,林剑,塔斯社记者,foreign,99,29,0.5301965475082391,0.07692307692307601,0.09375000000000001,0,1,0,0,2,1,recent
2971,t20260223_11862032.html,2026-02-23,林剑,富士电视台记者,foreign,114,110,0.7722568511962891,0.09589041095890401,0.17073170731707302,0,1,0,0,1,0,recent
2972,t20260224_11862591.html,2026-02-24,毛宁,中新社记者,cn,93,112,0.763032793998718,0.032258064516129004,0.066666666666666,0,1,0,0,1,0,recent
2973,t20260224_11862591.html,2026-02-24,毛宁,中阿卫视记者,foreign,41,51,0.541573047637939,0.029411764705882002,0.066666666666666,0,1,1,0,1,0,recent
2974,t20260224_11862591.html,2026-02-24,毛宁,总台央视记者,cn,55,62,0.792654514312744,0.114285714285714,0.2,0,1,0,0,3,1,recent
2975,t20260224_11862591.html,2026-02-24,毛宁,法新社记者,foreign,51,77,0.553656995296478,0.027777777777777003,0.07692307692307601,0,0,1,0,1,0,recent
2976,t20260224_11862591.html,2026-02-24,毛宁,韩国《中央日报》记者,foreign,64,40,0.763623356819152,0.15151515151515102,0.23809523809523803,0,1,0,0,1,0,recent
2977,t20260224_11862591.html,2026-02-24,毛宁,日本广播协会记者,foreign,70,79,0.58235216140747,0.02127659574468,0.047619047619047006,0,1,0,1,2,1,recent
2978,t20260224_11862591.html,2026-02-24,毛宁,印尼安塔拉通讯社记者,foreign,73,43,0.37171277403831404,0.0,0.0,0,0,1,0,1,0,recent
2979,t20260224_11862591.html,2026-02-24,毛宁,路透社记者,foreign,143,33,0.6351355314254761,0.045454545454545005,0.058823529411764004,0,1,1,0,2,1,recent
2980,t20260224_11862591.html,2026-02-24,毛宁,乌通社记者,foreign,51,138,0.5467345714569091,0.017543859649122,0.0625,0,0,0,0,1,0,recent
2981,t20260224_11862591.html,2026-02-24,毛宁,彭博社记者,foreign,24,68,0.5322219729423521,0.10714285714285701,0.5,1,0,0,0,1,0,recent
2982,t20260224_11862591.html,2026-02-24,毛宁,埃菲社记者,foreign,55,60,0.7787733674049371,0.18181818181818102,0.33333333333333304,0,1,0,0,2,1,recent
2983,t20260224_11862591.html,2026-02-24,毛宁,路透社记者,foreign,114,68,0.677819430828094,0.037037037037037,0.060606060606060004,0,1,0,0,1,0,recent
2984,t20260224_11862591.html,2026-02-24,毛宁,法新社记者,foreign,101,11,0.15447594225406602,0.0,0.0,0,1,0,0,1,0,recent
2985,t20260224_11862591.html,2026-02-24,毛宁,彭博社记者,foreign,50,67,0.763258099555969,0.027027027027027,0.058823529411764004,0,1,0,0,2,1,recent
2986,t20260225_11863408.html,2026-02-25,毛宁,《中国日报》记者,cn,129,71,0.7839173674583431,0.08196721311475401,0.11627906976744101,0,1,1,0,1,0,recent
2987,t20260225_11863408.html,2026-02-25,毛宁,俄新社记者,foreign,56,118,0.5462021827697751,0.017241379310344,0.05,0,1,1,0,1,0,recent
2988,t20260225_11863408.html,2026-02-25,毛宁,德新社记者,foreign,58,108,0.48900404572486805,0.037037037037037,0.09523809523809501,0,1,0,0,1,0,recent
2989,t20260225_11863408.html,2026-02-25,毛宁,俄新社记者,foreign,75,128,0.531304240226745,0.043478260869565,0.11111111111111101,1,1,1,0,1,0,recent
2990,t20260225_11863408.html,2026-02-25,毛宁,俄新社记者,foreign,74,45,0.43884557485580405,0.025641025641025002,0.04,0,1,0,0,1,0,recent
2991,t20260225_11863408.html,2026-02-25,毛宁,日本电视网记者,foreign,52,186,0.7263488769531251,0.05063291139240501,0.2,0,0,0,0,1,0,recent
2992,t20260226_11863973.html,2026-02-26,毛宁,深圳卫视记者,cn,40,89,0.697228908538818,0.05,0.133333333333333,0,1,0,0,2,1,recent
2993,t20260226_11863973.html,2026-02-26,毛宁,伊朗声像组织记者,foreign,38,125,0.739634096622467,0.036363636363636,0.15384615384615302,0,1,0,0,2,1,recent
2994,t20260226_11863973.html,2026-02-26,毛宁,韩联社记者,foreign,102,64,0.50030767917633,0.017241379310344,0.028571428571428,0,1,1,0,1,0,recent
2995,t20260227_11865619.html,2026-02-27,毛宁,《北京日报》记者,foreign,88,71,0.5779899358749391,0.146341463414634,0.22222222222222202,0,1,0,0,1,0,recent
2996,t20260227_11865619.html,2026-02-27,毛宁,路透社记者,foreign,68,35,0.5811884999275201,0.09677419354838701,0.13636363636363602,0,1,0,0,1,0,recent
2997,t20260227_11865619.html,2026-02-27,毛宁,总台央视记者,cn,92,122,0.736660122871398,0.11864406779661,0.25,0,0,0,0,1,0,recent
2998,t20260227_11865619.html,2026-02-27,毛宁,俄新社记者,foreign,49,29,0.508553564548492,0.07692307692307601,0.11764705882352901,0,1,0,0,2,1,recent
2999,t20260227_11865619.html,2026-02-27,毛宁,湖北广电记者,foreign,134,76,0.309172183275222,0.050847457627118,0.07692307692307601,0,1,0,0,1,0,recent
3000,t20260227_11865619.html,2026-02-27,毛宁,彭博社记者,foreign,82,44,0.6725391745567321,0.05,0.07692307692307601,0,1,1,0,1,0,recent
3001,t20260227_11865619.html,2026-02-27,毛宁,俄新社记者,foreign,70,105,0.8633156418800351,0.050847457627118,0.125,0,1,1,0,1,0,recent
3002,t20260302_11867140.html,2026-03-02,毛宁,新华社记者,cn,69,183,0.533335328102111,0.1125,0.36,0,1,1,0,1,0,recent
3003,t20260302_11867140.html,2026-03-02,毛宁,伊朗声像组织记者,foreign,78,105,0.8209930658340451,0.015873015873015,0.038461538461538006,0,1,1,0,1,0,recent
3004,t20260302_11867140.html,2026-03-02,毛宁,阿纳多卢通讯社记者,foreign,91,97,0.683574080467224,0.08333333333333301,0.172413793103448,0,1,0,0,1,0,recent
3005,t20260302_11867140.html,2026-03-02,毛宁,总台央视记者,cn,63,123,0.8340370655059811,0.130434782608695,0.27272727272727204,0,1,0,0,1,0,recent
3006,t20260302_11867140.html,2026-03-02,毛宁,法新社记者,foreign,30,77,0.6421650648117061,0.09375000000000001,0.27272727272727204,0,1,0,0,1,0,recent
3007,t20260302_11867140.html,2026-03-02,毛宁,阿纳多卢通讯社记者,foreign,69,87,0.48301586508750904,0.07843137254901901,0.16666666666666602,0,0,0,0,1,0,recent
3008,t20260302_11867140.html,2026-03-02,毛宁,深圳卫视记者,cn,86,147,0.7261587381362911,0.138888888888888,0.3125,0,1,1,0,1,0,recent
3009,t20260302_11867140.html,2026-03-02,毛宁,彭博社记者,foreign,39,39,0.581633806228637,0.11111111111111101,0.2,1,1,0,0,2,1,recent
3010,t20260302_11867140.html,2026-03-02,毛宁,阿纳多卢通讯社记者,foreign,50,43,0.5519025921821591,0.035714285714285005,0.066666666666666,1,0,1,0,2,1,recent
3011,t20260302_11867140.html,2026-03-02,毛宁,日本广播协会记者,foreign,40,102,0.7455096244812011,0.07843137254901901,0.266666666666666,0,1,1,0,1,0,recent
3012,t20260302_11867140.html,2026-03-02,毛宁,《环球时报》记者,cn,78,58,0.5315644145011901,0.066666666666666,0.115384615384615,0,1,1,0,1,0,recent
3013,t20260302_11867140.html,2026-03-02,毛宁,法新社记者,foreign,44,52,0.62446641921997,0.027027027027027,0.0625,0,1,0,0,1,0,recent
3014,t20260302_11867140.html,2026-03-02,毛宁,阿纳多卢通讯社记者,foreign,33,29,0.46621274948120106,0.055555555555555004,0.11111111111111101,0,0,1,0,1,0,recent
3015,t20260302_11867140.html,2026-03-02,毛宁,《北京青年报》记者,foreign,58,50,0.44656500220298706,0.057142857142857,0.1,0,1,0,0,1,0,recent
3016,t20260302_11867140.html,2026-03-02,毛宁,美国全国公共广播电台记者,foreign,66,75,0.790728986263275,0.11627906976744101,0.21739130434782603,0,1,1,0,3,1,recent
3017,t20260302_11867140.html,2026-03-02,毛宁,埃菲社记者,foreign,111,17,0.40622395277023304,0.025,0.028571428571428,0,1,0,0,1,0,recent
3018,t20260303_11867941.html,2026-03-03,毛宁,总台央视记者,cn,56,41,0.8013813495635981,0.16666666666666602,0.23809523809523803,0,1,1,0,1,0,recent
3019,t20260303_11867941.html,2026-03-03,毛宁,阿纳多卢通讯社记者,foreign,79,97,0.6979572772979731,0.15384615384615302,0.33333333333333304,0,1,1,0,1,0,recent
3020,t20260303_11867941.html,2026-03-03,毛宁,阿纳多卢通讯社记者,foreign,94,99,0.561730861663818,0.09230769230769201,0.18181818181818102,0,1,1,0,1,0,recent
3021,t20260303_11867941.html,2026-03-03,毛宁,中新社记者,cn,81,55,0.5266590714454651,0.069767441860465,0.12,0,1,1,0,2,1,recent
3022,t20260303_11867941.html,2026-03-03,毛宁,乌通社记者,foreign,114,47,0.7164005041122431,0.06,0.08333333333333301,0,1,1,0,2,1,recent
3023,t20260303_11867941.html,2026-03-03,毛宁,法新社记者,foreign,65,112,0.8302836418151851,0.159090909090909,0.33333333333333304,0,1,0,0,2,1,recent
3024,t20260303_11867941.html,2026-03-03,毛宁,彭博社记者,foreign,65,82,0.530577480792999,0.085106382978723,0.18181818181818102,0,1,0,0,1,0,recent
3025,t20260303_11867941.html,2026-03-03,毛宁,路透社记者,foreign,117,49,0.48707783222198403,0.073170731707317,0.09090909090909001,0,1,1,0,2,1,recent
3026,t20260303_11867941.html,2026-03-03,毛宁,法新社记者,foreign,52,176,0.19343116879463101,0.012987012987012,0.058823529411764004,0,0,0,0,1,0,recent
3027,t20260304_11868732.html,2026-03-04,毛宁,《人民日报》记者,cn,42,171,0.7969617843627931,0.106382978723404,0.384615384615384,0,1,0,0,2,1,recent
3028,t20260304_11868732.html,2026-03-04,毛宁,法新社记者,foreign,81,95,0.634798645973205,0.08064516129032201,0.16129032258064502,0,1,1,0,1,0,recent
3029,t20260304_11868732.html,2026-03-04,毛宁,埃菲社记者,foreign,63,24,0.25108498334884605,0.0,0.0,0,0,0,0,2,1,recent
3030,t20260304_11868732.html,2026-03-04,毛宁,《北京日报》记者,foreign,54,127,0.7350742220878601,0.12,0.30000000000000004,0,1,0,0,1,0,recent
3031,t20260304_11868732.html,2026-03-04,毛宁,埃菲社记者,foreign,56,31,0.43881952762603704,0.115384615384615,0.16666666666666602,0,1,0,0,1,0,recent
3032,t20260304_11868732.html,2026-03-04,毛宁,路透社记者,foreign,46,45,0.7843102216720581,0.14285714285714202,0.23529411764705802,0,1,0,0,1,0,recent
3033,t20260305_11869312.html,2026-03-05,毛宁,总台CGTN记者,cn,57,187,0.605204701423645,0.13157894736842102,0.47619047619047605,0,1,1,0,1,0,recent
3034,t20260305_11869312.html,2026-03-05,毛宁,埃菲社记者,foreign,34,32,0.616454601287841,0.08695652173913,0.15384615384615302,0,1,0,0,2,1,recent
3035,t20260305_11869312.html,2026-03-05,毛宁,彭博社记者,foreign,49,28,0.37041088938713,0.035714285714285005,0.052631578947368,0,1,1,0,1,0,recent
3036,t20260305_11869312.html,2026-03-05,毛宁,路透社记者,foreign,68,68,0.6070176362991331,0.023255813953488,0.045454545454545005,0,1,1,0,1,0,recent
3037,t20260305_11869312.html,2026-03-05,毛宁,法新社记者,foreign,54,11,0.001713143661618,0.0,0.0,0,1,0,0,1,0,recent
3038,t20260306_11870039.html,2026-03-06,毛宁,中新社记者,cn,89,143,0.528022766113281,0.025316455696202,0.06451612903225801,0,1,0,0,1,0,recent
3039,t20260306_11870039.html,2026-03-06,毛宁,彭博社记者,foreign,56,110,0.671724498271942,0.096153846153846,0.25,0,1,1,0,1,0,recent
3040,t20260306_11870039.html,2026-03-06,毛宁,路透社记者,foreign,73,98,0.6155462265014641,0.05,0.115384615384615,0,1,0,0,1,0,recent
3041,t20260306_11870039.html,2026-03-06,毛宁,总台央视记者,cn,54,100,0.724786639213562,0.1,0.25,0,1,0,0,1,0,recent
3042,t20260306_11870039.html,2026-03-06,毛宁,路透社记者,foreign,102,19,0.15022864937782202,0.0,0.0,1,1,0,0,3,1,recent
3043,t20260306_11870039.html,2026-03-06,毛宁,乌通社记者,foreign,75,51,0.43815210461616505,0.022727272727272003,0.038461538461538006,0,0,0,0,1,0,recent
3044,t20260306_11870039.html,2026-03-06,毛宁,埃菲社记者,foreign,77,39,0.446416079998016,0.081081081081081,0.12,0,1,0,0,1,0,recent
3045,t20260306_11870039.html,2026-03-06,毛宁,东方卫视记者,foreign,73,128,0.5053049325942991,0.13559322033898302,0.347826086956521,0,1,0,0,1,0,recent
3046,t20260306_11870039.html,2026-03-06,毛宁,乌通社记者,foreign,84,113,0.6881189346313471,0.068965517241379,0.137931034482758,0,1,0,0,1,0,recent
3047,t20260309_11871477.html,2026-03-09,郭嘉昆,总台央视记者,cn,45,166,0.274760603904724,0.0,0.0,0,0,0,0,1,0,recent
3048,t20260309_11871477.html,2026-03-09,郭嘉昆,路透社记者,foreign,34,26,0.378719687461853,0.0,0.0,0,1,0,0,1,0,recent
3049,t20260309_11871477.html,2026-03-09,郭嘉昆,彭博社记者,foreign,62,66,0.5727021098136901,0.0,0.0,0,1,0,0,2,1,recent
3050,t20260309_11871477.html,2026-03-09,郭嘉昆,韩联社记者,foreign,113,64,0.28497058153152405,0.13725490196078402,0.189189189189189,0,1,1,0,2,1,recent
3051,t20260309_11871477.html,2026-03-09,郭嘉昆,澎湃新闻记者,cn,117,110,0.611992716789245,0.15625,0.26315789473684204,0,1,0,0,1,0,recent
3052,t20260309_11871477.html,2026-03-09,郭嘉昆,彭博社记者,foreign,74,55,0.416278779506683,0.025641025641025002,0.04,0,1,1,0,2,1,recent
3053,t20260309_11871477.html,2026-03-09,郭嘉昆,今日俄罗斯记者,foreign,80,67,0.39869683980941706,0.041666666666666005,0.07692307692307601,0,1,0,0,1,0,recent
3054,t20260309_11871477.html,2026-03-09,郭嘉昆,法新社记者,foreign,35,8,0.22514715790748502,0.0,0.0,0,0,1,0,1,0,recent
3055,t20260309_11871477.html,2026-03-09,郭嘉昆,乌通社记者,foreign,78,78,0.6807698011398311,0.08,0.137931034482758,0,1,0,0,1,0,recent
3056,t20260309_11871477.html,2026-03-09,郭嘉昆,路透社记者,foreign,138,111,0.41901767253875705,0.053333333333333004,0.088888888888888,0,1,0,0,1,0,recent
3057,t20260309_11871477.html,2026-03-09,郭嘉昆,彭博社记者,foreign,125,18,0.452935814857482,0.0,0.0,0,1,0,1,2,1,recent
3058,t20260309_11871477.html,2026-03-09,郭嘉昆,法新社记者,foreign,57,69,0.341473519802093,0.022727272727272003,0.047619047619047006,0,0,0,0,1,0,recent
3059,t20260310_11872097.html,2026-03-10,郭嘉昆,中新社记者,cn,55,129,0.811944782733917,0.14285714285714202,0.4,0,1,0,0,1,0,recent
3060,t20260310_11872097.html,2026-03-10,郭嘉昆,阿拉比电视网记者,foreign,166,63,0.5300778150558471,0.107692307692307,0.148936170212765,0,1,1,0,2,1,recent
3061,t20260310_11872097.html,2026-03-10,郭嘉昆,阿纳多卢通讯社记者,foreign,150,175,0.7373609542846681,0.09677419354838701,0.2,0,1,0,0,2,1,recent
3062,t20260310_11872097.html,2026-03-10,郭嘉昆,沙特东方电视台记者,foreign,77,39,0.37821888923645003,0.024390243902439,0.037037037037037,0,1,0,0,2,1,recent
3063,t20260310_11872097.html,2026-03-10,郭嘉昆,阿纳多卢通讯社记者,foreign,167,102,0.730265140533447,0.16,0.24,0,1,0,0,5,1,recent
3064,t20260310_11872097.html,2026-03-10,郭嘉昆,阿纳多卢通讯社记者,foreign,49,39,0.512689173221588,0.133333333333333,0.2,0,1,0,0,1,0,recent
3065,t20260310_11872097.html,2026-03-10,郭嘉昆,彭博社记者,foreign,65,133,0.526932120323181,0.0,0.0,0,0,1,0,1,0,recent
3066,t20260310_11872097.html,2026-03-10,郭嘉昆,法新社记者,foreign,58,33,0.543259978294372,0.035714285714285005,0.052631578947368,0,1,0,0,2,1,recent
3067,t20260310_11872097.html,2026-03-10,郭嘉昆,阿纳多卢通讯社记者,foreign,133,116,0.528608202934265,0.052631578947368,0.102564102564102,0,1,0,0,1,0,recent
3068,t20260310_11872097.html,2026-03-10,郭嘉昆,法新社记者,foreign,47,70,0.522379875183105,0.0,0.0,0,0,0,0,1,0,recent
3069,t20260311_11872831.html,2026-03-11,郭嘉昆,总台央视记者,cn,112,48,0.766306519508361,0.14,0.17948717948717902,0,1,0,0,2,1,recent
3070,t20260311_11872831.html,2026-03-11,郭嘉昆,深圳卫视记者,cn,102,97,0.686342716217041,0.160714285714285,0.257142857142857,0,1,1,0,1,0,recent
3071,t20260311_11872831.html,2026-03-11,郭嘉昆,法新社记者,foreign,74,26,0.287796974182128,0.0,0.0,0,0,0,0,1,0,recent
3072,t20260311_11872831.html,2026-03-11,郭嘉昆,彭博社记者,foreign,62,37,0.6605734825134271,0.2,0.28571428571428503,0,1,0,0,2,1,recent
3073,t20260311_11872831.html,2026-03-11,郭嘉昆,印度报业托拉斯记者,foreign,70,14,0.405489325523376,0.0,0.0,0,1,0,0,1,0,recent
3074,t20260311_11872831.html,2026-03-11,郭嘉昆,法新社记者,foreign,68,59,0.40566211938858004,0.023809523809523003,0.047619047619047006,0,1,0,0,2,1,recent
3075,t20260311_11872831.html,2026-03-11,郭嘉昆,印度报业托拉斯记者,foreign,58,128,0.789444267749786,0.12068965517241301,0.36842105263157804,0,1,0,0,3,1,recent
3076,t20260312_11873576.html,2026-03-12,郭嘉昆,路透社记者,foreign,130,109,0.526313364505767,0.060606060606060004,0.114285714285714,0,1,1,0,2,1,recent
3077,t20260312_11873576.html,2026-03-12,郭嘉昆,法新社记者,foreign,26,84,0.531790018081665,0.078947368421052,0.33333333333333304,0,0,0,0,1,0,recent
3078,t20260312_11873576.html,2026-03-12,郭嘉昆,路透社记者,foreign,84,98,0.45250004529953003,0.052631578947368,0.130434782608695,0,1,0,0,2,1,recent
3079,t20260312_11873576.html,2026-03-12,郭嘉昆,彭博社记者,foreign,64,52,0.49027720093727106,0.055555555555555004,0.105263157894736,0,1,1,0,2,1,recent
3080,t20260312_11873576.html,2026-03-12,郭嘉昆,法新社记者,foreign,32,39,0.61120593547821,0.0,0.0,1,1,0,0,1,0,recent
3081,t20260312_11873576.html,2026-03-12,郭嘉昆,彭博社记者,foreign,54,13,0.009997018612921,0.0,0.0,0,1,0,0,1,0,recent
3082,t20260312_11873576.html,2026-03-12,郭嘉昆,法新社记者,foreign,51,27,0.508358538150787,0.038461538461538006,0.055555555555555004,1,1,0,0,1,0,recent
3083,t20260313_11874556.html,2026-03-13,郭嘉昆,中新社记者,cn,92,168,0.70390635728836,0.15384615384615302,0.344827586206896,0,1,0,0,2,1,recent
3084,t20260313_11874556.html,2026-03-13,郭嘉昆,总台央视记者,cn,124,46,0.6676058173179621,0.0625,0.078947368421052,0,1,0,0,1,0,recent
3085,t20260313_11874556.html,2026-03-13,郭嘉昆,沙特东方电视台记者,foreign,41,165,0.698092103004455,0.044776119402985,0.2,0,1,0,0,1,0,recent
3086,t20260313_11874556.html,2026-03-13,郭嘉昆,彭博社记者,foreign,55,98,0.45845448970794606,0.06,0.15,0,0,1,0,1,0,recent
3087,t20260313_11874556.html,2026-03-13,郭嘉昆,法新社记者,foreign,56,42,0.667515814304351,0.09375000000000001,0.14285714285714202,1,1,0,0,1,0,recent
3088,t20260313_11874556.html,2026-03-13,郭嘉昆,《北京青年报》记者,foreign,87,180,0.7196997404098511,0.16438356164383502,0.44444444444444403,0,1,1,0,1,0,recent
3089,t20260313_11874556.html,2026-03-13,郭嘉昆,新华社记者,cn,78,79,0.39407542347908003,0.019230769230769003,0.038461538461538006,0,1,1,0,1,0,recent
3090,t20260313_11874556.html,2026-03-13,郭嘉昆,沙特东方电视台记者,foreign,65,104,0.49115031957626304,0.068965517241379,0.18181818181818102,0,1,0,0,1,0,recent
3091,t20260313_11874556.html,2026-03-13,郭嘉昆,路透社记者,foreign,76,12,0.605008363723754,0.04,0.045454545454545005,1,1,0,0,1,0,recent
3092,t20260313_11874556.html,2026-03-13,郭嘉昆,共同社记者,foreign,53,113,0.599433720111846,0.07843137254901901,0.22222222222222202,0,1,1,0,1,0,recent
3093,t20260313_11874556.html,2026-03-13,郭嘉昆,彭博社记者,foreign,74,84,0.5463263392448421,0.036363636363636,0.074074074074074,0,1,0,0,1,0,recent
3094,t20260316_11875472.html,2026-03-16,林剑,总台央视记者,cn,32,123,0.7677567601203911,0.194444444444444,0.7000000000000001,0,1,0,0,1,0,recent
3095,t20260316_11875472.html,2026-03-16,林剑,阿纳多卢通讯社记者,foreign,138,96,0.5269702672958371,0.04,0.07142857142857101,0,1,0,0,2,1,recent
3096,t20260316_11875472.html,2026-03-16,林剑,埃菲社记者,foreign,68,30,0.7317320108413691,0.115384615384615,0.17647058823529402,0,1,1,0,1,0,recent
3097,t20260316_11875472.html,2026-03-16,林剑,韩联社记者,foreign,37,44,0.37020486593246404,0.074074074074074,0.15384615384615302,0,1,0,0,1,0,recent
3098,t20260316_11875472.html,2026-03-16,林剑,卡塔尔阿拉比电视网记者,foreign,35,101,0.622524261474609,0.020408163265306003,0.07692307692307601,0,1,0,0,1,0,recent
3099,t20260316_11875472.html,2026-03-16,林剑,阿纳多卢通讯社记者,foreign,111,28,0.29241031408309903,0.023809523809523003,0.030303030303030002,0,1,0,0,2,1,recent
3100,t20260316_11875472.html,2026-03-16,林剑,法新社记者,foreign,80,58,0.48764908313751204,0.022727272727272003,0.038461538461538006,0,0,0,0,1,0,recent
3101,t20260316_11875472.html,2026-03-16,林剑,英国广播公司记者,foreign,20,15,0.42291182279586703,0.0,0.0,0,0,0,0,1,0,recent
3102,t20260316_11875472.html,2026-03-16,林剑,路透社记者,foreign,71,79,0.5903999209403991,0.1,0.208333333333333,0,0,0,0,1,0,recent
3103,t20260316_11875472.html,2026-03-16,林剑,英国广播公司记者,foreign,67,39,0.5781613588333131,0.11764705882352901,0.16666666666666602,0,1,0,1,2,1,recent
3104,t20260317_11876240.html,2026-03-17,林剑,《环球时报》记者,cn,55,54,0.387861460447311,0.16129032258064502,0.29411764705882304,0,1,0,0,1,0,recent
3105,t20260317_11876240.html,2026-03-17,林剑,彭博社记者,foreign,79,19,0.44586604833602905,0.10714285714285701,0.12,0,1,0,0,3,1,recent
3106,t20260317_11876240.html,2026-03-17,林剑,美国全国广播公司记者,foreign,43,39,0.7132098674774171,0.115384615384615,0.2,1,1,0,0,2,1,recent
3107,t20260317_11876240.html,2026-03-17,林剑,总台CGTN记者,cn,113,76,0.6512926220893861,0.08928571428571401,0.138888888888888,0,1,0,0,1,0,recent
3108,t20260317_11876240.html,2026-03-17,林剑,中新社记者,cn,96,124,0.7827519178390501,0.16666666666666602,0.36,0,1,0,0,1,0,recent
3109,t20260317_11876240.html,2026-03-17,林剑,美国全国广播公司记者,foreign,44,16,0.184217125177383,0.0,0.0,0,0,0,0,1,0,recent
3110,t20260317_11876240.html,2026-03-17,林剑,法新社记者,foreign,43,128,0.642278492450714,0.074074074074074,0.25,0,1,0,0,2,1,recent
3111,t20260317_11876240.html,2026-03-17,林剑,日本广播协会记者,foreign,67,26,0.24485087394714303,0.029411764705882002,0.04,0,1,0,0,1,0,recent
3112,t20260317_11876240.html,2026-03-17,林剑,法新社记者,foreign,49,60,0.5083546638488771,0.028571428571428,0.0625,0,1,1,0,1,0,recent
3113,t20260318_11876825.html,2026-03-18,林剑,凤凰卫视记者,cn,55,126,0.6926587820053101,0.054545454545454,0.14285714285714202,0,0,1,0,1,0,recent
3114,t20260318_11876825.html,2026-03-18,林剑,路透社记者,foreign,46,45,0.45717865228652904,0.09677419354838701,0.16666666666666602,0,1,0,0,2,1,recent
3115,t20260319_11877656.html,2026-03-19,林剑,总台央视记者,cn,84,123,0.5208275318145751,0.04054054054054,0.09375000000000001,0,1,0,0,1,0,recent
3116,t20260319_11877656.html,2026-03-19,林剑,韩联社记者,foreign,59,82,0.5985977649688721,0.023809523809523003,0.052631578947368,0,1,1,0,1,0,recent
3117,t20260319_11877656.html,2026-03-19,林剑,埃菲社记者,foreign,74,26,0.5290505886077881,0.060606060606060004,0.074074074074074,0,1,0,0,1,0,recent
3118,t20260319_11877656.html,2026-03-19,林剑,《北京日报》记者,foreign,56,49,0.77682089805603,0.148148148148148,0.23529411764705802,0,1,0,0,2,1,recent
3119,t20260319_11877656.html,2026-03-19,林剑,路透社记者,foreign,77,118,0.7748286724090571,0.034482758620689,0.08,0,1,1,0,1,0,recent
3120,t20260319_11877656.html,2026-03-19,林剑,新华社记者,cn,44,117,0.792796492576599,0.155555555555555,0.5,0,1,0,0,1,0,recent
3121,t20260319_11877656.html,2026-03-19,林剑,《中国日报》记者,cn,82,120,0.658057808876037,0.155172413793103,0.39130434782608703,0,1,0,0,1,0,recent
3122,t20260319_11877656.html,2026-03-19,林剑,路透社记者,foreign,108,210,0.8238884210586541,0.11340206185567,0.29729729729729704,0,1,0,0,1,0,recent
3123,t20260319_11877656.html,2026-03-19,林剑,路透社记者,foreign,133,75,0.52105176448822,0.063492063492063,0.102564102564102,0,1,0,0,4,1,recent
3124,t20260319_11877656.html,2026-03-19,林剑,路透社记者,foreign,57,37,0.8113933801651001,0.15384615384615302,0.25,0,1,0,0,2,1,recent
3125,t20260320_11878245.html,2026-03-20,林剑,《人民日报》记者,cn,51,160,0.63459038734436,0.063492063492063,0.210526315789473,0,1,0,0,1,0,recent
3126,t20260320_11878245.html,2026-03-20,林剑,路透社记者,foreign,34,15,0.582596838474273,0.0625,0.09090909090909001,0,1,0,0,1,0,recent
3127,t20260320_11878245.html,2026-03-20,林剑,中新社记者,cn,95,72,0.6666015386581421,0.268292682926829,0.40740740740740705,0,1,0,0,1,0,recent
3128,t20260320_11878245.html,2026-03-20,林剑,印度报业托拉斯记者,foreign,51,79,0.747519612312316,0.073170731707317,0.2,0,0,0,0,1,0,recent
3129,t20260320_11878245.html,2026-03-20,林剑,共同社记者,foreign,43,89,0.747022151947021,0.11764705882352901,0.28571428571428503,0,1,1,0,1,0,recent
3130,t20260320_11878245.html,2026-03-20,林剑,印尼安塔拉通讯社记者,foreign,59,148,0.383210271596908,0.014705882352941001,0.052631578947368,0,0,0,0,1,0,recent
3131,t20260320_11878245.html,2026-03-20,林剑,深圳卫视记者,cn,133,114,0.6968502998352051,0.09589041095890401,0.17500000000000002,0,1,1,0,1,0,recent
3132,t20260320_11878245.html,2026-03-20,林剑,法新社记者,foreign,66,107,0.464166224002838,0.036363636363636,0.105263157894736,0,0,1,0,2,1,recent
3133,t20260320_11878245.html,2026-03-20,林剑,法新社记者,foreign,52,11,0.116740748286247,0.0,0.0,0,1,1,0,1,0,recent
3134,t20260320_11878245.html,2026-03-20,林剑,日本电视网记者,foreign,48,138,0.6539947986602781,0.054545454545454,0.17647058823529402,0,1,0,0,1,0,recent
3135,t20260323_11879269.html,2026-03-23,林剑,总台央视记者,cn,47,220,0.465697586536407,0.028985507246376004,0.14285714285714202,0,0,0,0,2,1,recent
3136,t20260323_11879269.html,2026-03-23,林剑,中阿卫视记者,foreign,73,113,0.6355020999908441,0.08064516129032201,0.17857142857142802,0,1,0,0,1,0,recent
3137,t20260323_11879269.html,2026-03-23,林剑,《北京日报》记者,foreign,48,60,0.6003837585449211,0.11764705882352901,0.23529411764705802,0,1,0,0,1,0,recent
3138,t20260323_11879269.html,2026-03-23,林剑,法新社记者,foreign,75,101,0.31237974762916504,0.0,0.0,0,0,0,0,1,0,recent
3139,t20260323_11879269.html,2026-03-23,林剑,路透社记者,foreign,61,74,0.369342625141143,0.066666666666666,0.157894736842105,0,1,0,0,3,1,recent
3140,t20260323_11879269.html,2026-03-23,林剑,路透社记者,foreign,44,79,0.583295881748199,0.022222222222222,0.0625,0,1,0,0,1,0,recent
3141,t20260323_11879269.html,2026-03-23,林剑,路透社记者,foreign,49,12,0.59484052658081,0.045454545454545005,0.052631578947368,0,1,0,0,2,1,recent
3142,t20260323_11879269.html,2026-03-23,林剑,路透社记者,foreign,44,41,0.423087060451507,0.034482758620689,0.066666666666666,0,1,0,0,1,0,recent
3143,t20260323_11879269.html,2026-03-23,林剑,彭博社记者,foreign,35,63,0.5041370391845701,0.060606060606060004,0.15384615384615302,0,1,0,0,1,0,recent
3144,t20260324_11880190.html,2026-03-24,林剑,法新社记者,foreign,94,81,0.45456904172897306,0.015873015873015,0.030303030303030002,0,1,0,0,2,1,recent
3145,t20260324_11880190.html,2026-03-24,林剑,路透社记者,foreign,117,231,0.5770382285118101,0.05,0.13157894736842102,0,1,0,0,1,0,recent
3146,t20260324_11880190.html,2026-03-24,林剑,法新社记者,foreign,66,143,0.589196801185607,0.068965517241379,0.18181818181818102,0,1,1,0,1,0,recent
3147,t20260324_11880190.html,2026-03-24,林剑,路透社记者,foreign,75,121,0.715945124626159,0.0,0.0,0,1,0,0,1,0,recent
3148,t20260324_11880190.html,2026-03-24,林剑,法新社记者,foreign,51,61,0.5625898838043211,0.058823529411764004,0.11764705882352901,1,1,0,0,2,1,recent
3149,t20260324_11880190.html,2026-03-24,林剑,《环球时报》记者,cn,42,72,0.830907344818115,0.15625,0.3125,0,1,0,0,1,0,recent
3150,t20260325_11880819.html,2026-03-25,林剑,中阿卫视记者,foreign,40,232,0.821646571159362,0.075,0.42857142857142805,0,1,0,0,2,1,recent
3151,t20260325_11880819.html,2026-03-25,林剑,总台央视记者,cn,72,149,0.78004252910614,0.12676056338028102,0.36,0,1,0,0,1,0,recent
3152,t20260325_11880819.html,2026-03-25,林剑,法新社记者,foreign,72,70,0.5747193098068231,0.040816326530612006,0.08333333333333301,0,1,0,0,1,0,recent
3153,t20260325_11880819.html,2026-03-25,林剑,路透社记者,foreign,46,114,0.544993877410888,0.017857142857142003,0.066666666666666,0,1,0,0,1,0,recent
3154,t20260325_11880819.html,2026-03-25,林剑,深圳卫视记者,cn,97,75,0.634016156196594,0.08,0.14285714285714202,0,1,1,0,1,0,recent
3155,t20260325_11880819.html,2026-03-25,林剑,法新社记者,foreign,107,44,0.5258876681327821,0.023255813953488,0.035714285714285005,0,1,1,0,1,0,recent
3156,t20260325_11880819.html,2026-03-25,林剑,路透社记者,foreign,83,91,0.587029695510864,0.109090909090909,0.23076923076923,0,1,0,0,3,1,recent
3157,t20260325_11880819.html,2026-03-25,林剑,委内瑞拉南方电视台记者,foreign,125,72,0.6669092178344721,0.103448275862068,0.157894736842105,0,1,0,0,2,1,recent
3158,t20260325_11880819.html,2026-03-25,林剑,日本电视网记者,foreign,40,11,0.089054301381111,0.058823529411764004,0.066666666666666,0,0,0,0,1,0,recent
3159,t20260325_11880819.html,2026-03-25,林剑,路透社记者,foreign,39,176,0.7957347631454461,0.104477611940298,0.5,0,1,0,0,2,1,recent
3160,t20260325_11880819.html,2026-03-25,林剑,共同社记者,foreign,56,116,0.7554602622985841,0.145833333333333,0.41176470588235203,0,1,0,0,1,0,recent
3161,t20260325_11880819.html,2026-03-25,林剑,埃菲社记者,foreign,62,94,0.7319209575653071,0.14285714285714202,0.33333333333333304,0,1,0,0,2,1,recent
3162,t20260325_11880819.html,2026-03-25,林剑,委内瑞拉南方电视台记者,foreign,89,128,0.8238646984100341,0.126984126984126,0.25806451612903203,0,1,0,0,2,1,recent
3163,t20260325_11880819.html,2026-03-25,林剑,埃菲社记者,foreign,78,42,0.288064658641815,0.0,0.0,0,0,0,0,1,0,recent
3164,t20260325_11880819.html,2026-03-25,林剑,埃菲社记者,foreign,57,56,0.559550404548645,0.024390243902439,0.05,0,1,0,0,1,0,recent
3165,t20260326_11881537.html,2026-03-26,林剑,澎湃新闻记者,cn,154,157,0.7702646851539611,0.069767441860465,0.13636363636363602,0,1,0,0,1,0,recent
3166,t20260326_11881537.html,2026-03-26,林剑,共同社记者,foreign,59,43,0.45249027013778603,0.06451612903225801,0.11111111111111101,0,1,0,0,1,0,recent
3167,t20260326_11881537.html,2026-03-26,林剑,今日俄罗斯记者,foreign,134,174,0.662033855915069,0.12195121951219501,0.23809523809523803,0,1,1,0,3,1,recent
3168,t20260326_11881537.html,2026-03-26,林剑,法新社记者,foreign,53,25,0.5987089872360231,0.043478260869565,0.0625,1,1,0,0,1,0,recent
3169,t20260326_11881537.html,2026-03-26,林剑,法新社记者,foreign,57,143,0.41406583786010703,0.030303030303030002,0.11111111111111101,0,1,0,0,2,1,recent
3170,t20260326_11881537.html,2026-03-26,林剑,彭博社记者,foreign,42,72,0.253253936767578,0.027027027027027,0.07142857142857101,0,0,0,0,1,0,recent
3171,t20260327_11882425.html,2026-03-27,林剑,总台CGTN记者,cn,74,161,0.8170005083084101,0.048387096774193006,0.14285714285714202,0,1,0,0,1,0,recent
3172,t20260327_11882425.html,2026-03-27,林剑,《环球时报》记者,cn,114,111,0.6830888986587521,0.044776119402985,0.08571428571428501,0,1,0,0,1,0,recent
3173,t20260327_11882425.html,2026-03-27,林剑,中新社记者,cn,84,49,0.6832060813903801,0.046511627906976,0.07142857142857101,0,1,1,0,1,0,recent
3174,t20260327_11882425.html,2026-03-27,林剑,法新社记者,foreign,36,53,0.191820114850997,0.0,0.0,0,0,1,0,1,0,recent
3175,t20260327_11882425.html,2026-03-27,林剑,总台央视记者,cn,47,60,0.578689932823181,0.060606060606060004,0.133333333333333,0,1,0,0,1,0,recent
3176,t20260327_11882425.html,2026-03-27,林剑,巴西《圣保罗页报》记者,foreign,57,139,0.568448066711425,0.084745762711864,0.21739130434782603,0,1,0,0,1,0,recent
3177,t20260327_11882425.html,2026-03-27,林剑,法新社记者,foreign,74,63,0.701781928539276,0.097560975609756,0.16666666666666602,1,1,0,0,2,1,recent
3178,t20260327_11882425.html,2026-03-27,林剑,《北京青年报》记者,foreign,34,119,0.5796351432800291,0.06818181818181801,0.27272727272727204,0,1,0,0,1,0,recent
3179,t20260327_11882425.html,2026-03-27,林剑,法新社记者,foreign,92,38,0.42720854282379106,0.114285714285714,0.148148148148148,0,1,1,0,3,1,recent
3180,t20260330_11883715.html,2026-03-30,毛宁,总台华语环球节目中心记者,cn,50,222,0.616749286651611,0.130434782608695,0.5,0,0,0,0,1,0,recent
3181,t20260330_11883715.html,2026-03-30,毛宁,阿纳多卢通讯社记者,foreign,63,119,0.740888535976409,0.127272727272727,0.33333333333333304,0,1,0,0,1,0,recent
3182,t20260330_11883715.html,2026-03-30,毛宁,中新社记者,cn,79,204,0.690017819404602,0.067567567567567,0.2,0,0,0,0,2,1,recent
3183,t20260330_11883715.html,2026-03-30,毛宁,巴西《晚报》记者,foreign,59,107,0.706555485725402,0.10204081632653,0.23809523809523803,0,1,1,0,1,0,recent
3184,t20260330_11883715.html,2026-03-30,毛宁,《环球时报》记者,cn,63,144,0.813589036464691,0.306122448979591,0.75,0,0,1,0,1,0,recent
3185,t20260330_11883715.html,2026-03-30,毛宁,阿纳多卢通讯社记者,foreign,96,105,0.6094586849212641,0.045454545454545005,0.1,0,1,0,0,1,0,recent
3186,t20260330_11883715.html,2026-03-30,毛宁,法新社记者,foreign,33,42,0.46635836362838706,0.09090909090909001,0.22222222222222202,0,1,0,0,1,0,recent
3187,t20260330_11883715.html,2026-03-30,毛宁,路透社记者,foreign,66,80,0.501675009727478,0.1,0.208333333333333,0,0,0,0,1,0,recent
3188,t20260330_11883715.html,2026-03-30,毛宁,阿纳多卢通讯社记者,foreign,51,62,0.44846260547637906,0.066666666666666,0.133333333333333,0,1,1,0,1,0,recent
3189,t20260330_11883715.html,2026-03-30,毛宁,法新社记者,foreign,65,102,0.42454683780670105,0.016393442622950002,0.043478260869565,0,0,0,0,1,0,recent
3190,t20260330_11883715.html,2026-03-30,毛宁,路透社记者,foreign,110,53,0.5183221101760861,0.063829787234042,0.1,0,1,0,0,2,1,recent
3191,t20260330_11883715.html,2026-03-30,毛宁,路透社记者,foreign,73,155,0.604447960853576,0.028571428571428,0.08333333333333301,0,1,1,0,2,1,recent
3192,t20260330_11883715.html,2026-03-30,毛宁,彭博社记者,foreign,72,121,0.621780753135681,0.084745762711864,0.208333333333333,1,1,0,0,2,1,recent
3193,t20260331_11884120.html,2026-03-31,毛宁,澎湃新闻记者,cn,60,115,0.598301887512207,0.063829787234042,0.17647058823529402,0,1,0,0,1,0,recent
3194,t20260331_11884120.html,2026-03-31,毛宁,阿纳多卢通讯社记者,foreign,119,81,0.8285314440727231,0.13559322033898302,0.210526315789473,0,0,0,0,1,0,recent
3195,t20260331_11884120.html,2026-03-31,毛宁,总台央视记者,cn,42,147,0.528694033622741,0.04918032786885201,0.2,0,1,0,0,1,0,recent
3196,t20260331_11884120.html,2026-03-31,毛宁,伊朗声像组织记者,foreign,153,89,0.7550006508827211,0.1,0.15217391304347802,0,1,0,0,1,0,recent
3197,t20260331_11884120.html,2026-03-31,毛宁,《北京日报》记者,foreign,159,152,0.71888792514801,0.105263157894736,0.192307692307692,0,1,1,0,1,0,recent
3198,t20260331_11884120.html,2026-03-31,毛宁,印尼安塔拉通讯社记者,foreign,102,115,0.7833420038223261,0.171875,0.314285714285714,0,1,0,0,2,1,recent
3199,t20260331_11884120.html,2026-03-31,毛宁,法新社记者,foreign,75,92,0.658873677253723,0.057692307692307,0.115384615384615,0,1,0,0,1,0,recent
3200,t20260331_11884120.html,2026-03-31,毛宁,彭博社记者,foreign,58,116,0.6500971317291261,0.065217391304347,0.1875,0,1,0,0,1,0,recent
3201,t20260401_11885126.html,2026-04-01,毛宁,总台CGTN记者,cn,105,159,0.836077809333801,0.32258064516129004,0.6060606060606061,0,1,0,0,2,1,recent
3202,t20260401_11885126.html,2026-04-01,毛宁,韩联社记者,foreign,50,35,0.34900814294815,0.0,0.0,0,1,0,0,1,0,recent
3203,t20260401_11885126.html,2026-04-01,毛宁,法新社记者,foreign,49,53,0.614151537418365,0.137931034482758,0.25,1,0,0,0,2,1,recent
3204,t20260401_11885126.html,2026-04-01,毛宁,新华社记者,cn,78,67,0.7900648117065431,0.22222222222222202,0.36363636363636304,0,1,0,0,1,0,recent
3205,t20260401_11885126.html,2026-04-01,毛宁,英国广播公司记者,foreign,66,105,0.6772910356521601,0.056603773584905,0.13636363636363602,0,0,0,0,1,0,recent
3206,t20260401_11885126.html,2026-04-01,毛宁,湖北广电记者,foreign,85,205,0.7338627576828001,0.05617977528089801,0.172413793103448,0,1,1,0,1,0,recent
3207,t20260401_11885126.html,2026-04-01,毛宁,法新社记者,foreign,50,108,0.426868200302124,0.018867924528301,0.0625,0,1,1,0,1,0,recent
3208,t20260401_11885126.html,2026-04-01,毛宁,《北京青年报》记者,foreign,108,113,0.6889792084693901,0.06779661016949101,0.11764705882352901,0,1,0,0,1,0,recent
3209,t20260401_11885126.html,2026-04-01,毛宁,法新社记者,foreign,62,138,0.739933967590332,0.09433962264150901,0.25,0,1,0,0,1,0,recent
3210,t20260402_11886005.html,2026-04-02,毛宁,法新社记者,foreign,58,90,0.45748490095138505,0.02127659574468,0.058823529411764004,0,1,0,0,1,0,recent
3211,t20260402_11886005.html,2026-04-02,毛宁,阿纳多卢通讯社记者,foreign,80,105,0.6602649092674251,0.050847457627118,0.12,0,1,0,0,1,0,recent
3212,t20260402_11886005.html,2026-04-02,毛宁,伊朗声像组织记者,foreign,98,65,0.48131960630416804,0.018181818181818,0.032258064516129004,0,1,1,0,1,0,recent
3213,t20260402_11886005.html,2026-04-02,毛宁,深圳卫视记者,cn,78,214,0.6558786630630491,0.060975609756097005,0.23809523809523803,0,1,0,0,1,0,recent
3214,t20260402_11886005.html,2026-04-02,毛宁,美联社记者,foreign,95,78,0.5607888102531431,0.07692307692307601,0.133333333333333,0,1,0,0,2,1,recent
3215,t20260402_11886005.html,2026-04-02,毛宁,路透社记者,foreign,93,65,0.38148671388626104,0.0,0.0,0,1,0,0,2,1,recent
3216,t20260402_11886005.html,2026-04-02,毛宁,印度报业托拉斯记者,foreign,33,11,0.13921797275543202,0.0,0.0,1,0,0,0,1,0,recent
3217,t20260402_11886005.html,2026-04-02,毛宁,法新社记者,foreign,46,65,0.5451221466064451,0.08333333333333301,0.17647058823529402,0,1,0,0,1,0,recent
3218,t20260402_11886005.html,2026-04-02,毛宁,彭博社记者,foreign,27,39,0.5983612537384031,0.105263157894736,0.18181818181818102,0,1,0,0,1,0,recent
3219,t20260402_11886005.html,2026-04-02,毛宁,印度报业托拉斯记者,foreign,68,92,0.735825657844543,0.11764705882352901,0.260869565217391,0,1,0,0,1,0,recent
3220,t20260402_11886005.html,2026-04-02,毛宁,法新社记者,foreign,51,13,0.16146586835384302,0.0,0.0,1,1,0,1,1,0,recent
3221,t20260402_11886005.html,2026-04-02,毛宁,彭博社记者,foreign,49,63,0.508174777030944,0.027027027027027,0.058823529411764004,0,1,0,0,2,1,recent
3222,t20260403_11886540.html,2026-04-03,毛宁,中阿卫视记者,foreign,79,98,0.6311047077178951,0.033898305084745,0.07142857142857101,0,1,0,0,1,0,recent
3223,t20260403_11886540.html,2026-04-03,毛宁,中阿卫视记者,foreign,81,76,0.6201539039611811,0.096153846153846,0.172413793103448,0,1,0,0,1,0,recent
3224,t20260403_11886540.html,2026-04-03,毛宁,路透社记者,foreign,103,148,0.7645081281661981,0.10666666666666601,0.23529411764705802,0,1,1,0,3,1,recent
3225,t20260403_11886540.html,2026-04-03,毛宁,《中国日报》记者,cn,31,16,0.735134482383728,0.14285714285714202,0.22222222222222202,0,1,0,0,1,0,recent
3226,t20260403_11886540.html,2026-04-03,毛宁,《人民日报》记者,cn,52,159,0.604151010513305,0.08955223880597,0.27272727272727204,0,1,0,0,1,0,recent
3227,t20260403_11886540.html,2026-04-03,毛宁,法新社记者,foreign,50,27,0.28374189138412403,0.0,0.0,0,1,0,1,3,1,recent
3228,t20260403_11886540.html,2026-04-03,毛宁,彭博社记者,foreign,44,119,0.7238469123840331,0.038461538461538006,0.125,0,1,0,0,1,0,recent
3229,t20260403_11886540.html,2026-04-03,毛宁,法新社记者,foreign,73,69,0.5245675444602961,0.042553191489361,0.07692307692307601,0,1,0,0,2,1,recent
3230,t20260407_11887644.html,2026-04-07,毛宁,中阿卫视记者,foreign,62,94,0.532762289047241,0.038461538461538006,0.105263157894736,0,1,0,0,1,0,recent
3231,t20260407_11887644.html,2026-04-07,毛宁,北京广播电视台记者,cn,112,169,0.666700601577758,0.073170731707317,0.16666666666666602,0,1,0,0,1,0,recent
3232,t20260407_11887644.html,2026-04-07,毛宁,俄新社记者,foreign,60,45,0.66683006286621,0.137931034482758,0.210526315789473,0,1,0,0,1,0,recent
3233,t20260407_11887644.html,2026-04-07,毛宁,总台CGTN记者,cn,87,40,0.48360538482666005,0.097560975609756,0.12903225806451601,0,1,0,0,1,0,recent
3234,t20260407_11887644.html,2026-04-07,毛宁,路透社记者,foreign,135,95,0.56303721666336,0.057142857142857,0.097560975609756,0,1,0,0,3,1,recent
3235,t20260407_11887644.html,2026-04-07,毛宁,《环球时报》记者,cn,49,104,0.831009268760681,0.16666666666666602,0.41176470588235203,0,1,0,0,1,0,recent
3236,t20260407_11887644.html,2026-04-07,毛宁,印度报业托拉斯记者,foreign,45,89,0.8608101010322571,0.135135135135135,0.35714285714285704,0,1,0,0,2,1,recent
3237,t20260407_11887644.html,2026-04-07,毛宁,印度报业托拉斯记者,foreign,44,126,0.627541065216064,0.041666666666666005,0.15384615384615302,0,1,0,0,2,1,recent
3238,t20260407_11887644.html,2026-04-07,毛宁,法新社记者,foreign,70,42,0.46669146418571406,0.028571428571428,0.047619047619047006,0,1,1,0,2,1,recent
3239,t20260408_11888456.html,2026-04-08,毛宁,总台央视记者,cn,41,117,0.772010385990142,0.11363636363636301,0.3125,0,1,0,0,2,1,recent
3240,t20260408_11888456.html,2026-04-08,毛宁,英国天空新闻频道记者,foreign,136,138,0.611335515975952,0.0625,0.12195121951219501,0,1,0,0,3,1,recent
3241,t20260408_11888456.html,2026-04-08,毛宁,《中国日报》记者,cn,30,132,0.6514626741409301,0.06,0.23076923076923,0,1,0,0,2,1,recent
3242,t20260408_11888456.html,2026-04-08,毛宁,俄罗斯卫星通讯社记者,foreign,88,68,0.39555495977401706,0.039215686274509005,0.066666666666666,0,1,0,0,2,1,recent
3243,t20260408_11888456.html,2026-04-08,毛宁,中新社记者,cn,47,139,0.8064108490943901,0.09803921568627401,0.35714285714285704,0,1,0,0,2,1,recent
3244,t20260408_11888456.html,2026-04-08,毛宁,湖北广电记者,foreign,112,235,0.7179106473922731,0.10989010989010901,0.3125,0,1,0,0,1,0,recent
3245,t20260408_11888456.html,2026-04-08,毛宁,《纽约时报》记者,foreign,26,34,0.678408145904541,0.0,0.0,0,1,0,0,1,0,recent
3246,t20260408_11888456.html,2026-04-08,毛宁,阿纳多卢通讯社记者,foreign,94,89,0.788861632347106,0.08928571428571401,0.16666666666666602,0,1,0,0,2,1,recent
3247,t20260408_11888456.html,2026-04-08,毛宁,英国天空新闻频道记者,foreign,156,57,0.6748002171516411,0.028985507246376004,0.039215686274509005,0,1,1,0,2,1,recent
3248,t20260408_11888456.html,2026-04-08,毛宁,韩联社记者,foreign,159,30,0.37574088573455805,0.038461538461538006,0.047619047619047006,0,1,1,0,2,1,recent
3249,t20260408_11888456.html,2026-04-08,毛宁,美联社记者,foreign,114,72,0.716824293136596,0.129629629629629,0.2,0,1,0,1,3,1,recent
3250,t20260408_11888456.html,2026-04-08,毛宁,《纽约时报》记者,foreign,40,50,0.5491384267807,0.03125,0.07142857142857101,0,1,0,0,2,1,recent
3251,t20260408_11888456.html,2026-04-08,毛宁,英国广播公司记者,foreign,36,11,0.0031193951144810003,0.0,0.0,1,1,0,0,2,1,recent
3252,t20260408_11888456.html,2026-04-08,毛宁,埃菲社记者,foreign,65,33,0.619664907455444,0.0,0.0,0,1,0,0,1,0,recent
3253,t20260408_11888456.html,2026-04-08,毛宁,路透社记者,foreign,68,67,0.6469368934631341,0.046511627906976,0.08333333333333301,0,1,1,0,1,0,recent
3254,t20260408_11888456.html,2026-04-08,毛宁,英国广播公司记者,foreign,59,99,0.7162954211235041,0.06,0.14285714285714202,0,1,0,0,2,1,recent
3255,t20260408_11888456.html,2026-04-08,毛宁,美联社记者,foreign,30,13,0.235251516103744,0.0625,0.08333333333333301,1,0,0,0,1,0,recent
3256,t20260409_11889143.html,2026-04-09,毛宁,中阿卫视记者,foreign,112,56,0.42265388369560203,0.039215686274509005,0.06451612903225801,0,1,0,0,1,0,recent
3257,t20260409_11889143.html,2026-04-09,毛宁,深圳卫视记者,cn,100,30,0.387715876102447,0.023255813953488,0.027777777777777003,0,1,0,0,1,0,recent
3258,t20260409_11889143.html,2026-04-09,毛宁,中阿卫视记者,foreign,78,67,0.5857435464859,0.10869565217391301,0.16129032258064502,0,1,0,0,2,1,recent
3259,t20260409_11889143.html,2026-04-09,毛宁,法新社记者,foreign,69,33,0.666054487228393,0.125,0.16666666666666602,0,1,0,0,2,1,recent
3260,t20260409_11889143.html,2026-04-09,毛宁,俄罗斯卫星通讯社记者,foreign,65,42,0.39254808425903304,0.0,0.0,0,0,0,0,1,0,recent
3261,t20260409_11889143.html,2026-04-09,毛宁,越南之声记者,foreign,90,107,0.8280400633811951,0.186046511627906,0.266666666666666,0,1,0,0,3,1,recent
3262,t20260409_11889143.html,2026-04-09,毛宁,法新社记者,foreign,42,60,0.786839067935943,0.14705882352941102,0.3125,0,0,0,0,2,1,recent
3263,t20260409_11889143.html,2026-04-09,毛宁,彭博社记者,foreign,157,26,0.447616040706634,0.08,0.09090909090909001,0,1,1,0,2,1,recent
3264,t20260409_11889143.html,2026-04-09,毛宁,法新社记者,foreign,65,75,0.46609497070312506,0.020408163265306003,0.047619047619047006,0,1,0,0,1,0,recent
3265,t20260410_11889948.html,2026-04-10,毛宁,总台央视记者,cn,86,94,0.6632419824600221,0.105263157894736,0.21428571428571402,0,1,0,0,1,0,recent
3266,t20260410_11889948.html,2026-04-10,毛宁,日本电视网记者,foreign,48,45,0.787952601909637,0.185185185185185,0.29411764705882304,0,0,0,0,2,1,recent
3267,t20260410_11889948.html,2026-04-10,毛宁,阿纳多卢通讯社记者,foreign,113,60,0.5929910540580751,0.034482758620689,0.057142857142857,0,1,0,0,1,0,recent
3268,t20260410_11889948.html,2026-04-10,毛宁,澎湃新闻记者,cn,95,150,0.641836166381835,0.104477611940298,0.22580645161290303,0,1,0,0,1,0,recent
3269,t20260410_11889948.html,2026-04-10,毛宁,白俄罗斯国家广播电视公司记者,foreign,38,119,0.7481611967086791,0.046511627906976,0.16666666666666602,0,1,0,0,2,1,recent
3270,t20260410_11889948.html,2026-04-10,毛宁,日本广播协会记者,foreign,61,95,0.6345495581626891,0.02,0.05,0,1,0,0,1,0,recent
3271,t20260410_11889948.html,2026-04-10,毛宁,拉通社记者,foreign,74,100,0.862209737300872,0.204081632653061,0.4,0,1,1,0,1,0,recent
3272,t20260413_11890974.html,2026-04-13,郭嘉昆,今日俄罗斯记者,foreign,106,105,0.542735338211059,0.11111111111111101,0.21875000000000003,0,1,0,0,2,1,recent
3273,t20260413_11890974.html,2026-04-13,郭嘉昆,新华社记者,cn,53,106,0.5595431923866271,0.0,0.0,0,1,0,0,2,1,recent
3274,t20260413_11890974.html,2026-04-13,郭嘉昆,《环球时报》记者,cn,86,35,0.675719618797302,0.321428571428571,0.36,0,1,0,0,2,1,recent
3275,t20260413_11890974.html,2026-04-13,郭嘉昆,总台央视记者,cn,77,293,0.6782566308975221,0.09,0.36,0,0,0,0,2,1,recent
3276,t20260413_11890974.html,2026-04-13,郭嘉昆,路透社记者,foreign,36,72,0.646585702896118,0.06451612903225801,0.15384615384615302,0,0,0,0,2,1,recent
3277,t20260413_11890974.html,2026-04-13,郭嘉昆,法新社记者,foreign,74,87,0.591619491577148,0.038461538461538006,0.09523809523809501,0,1,1,0,1,0,recent
3278,t20260413_11890974.html,2026-04-13,郭嘉昆,路透社记者,foreign,32,10,0.12826018035411801,0.0,0.0,0,0,0,0,1,0,recent
3279,t20260413_11890974.html,2026-04-13,郭嘉昆,深圳卫视记者,cn,100,81,0.49596819281578003,0.016949152542372,0.030303030303030002,0,1,0,0,1,0,recent
3280,t20260413_11890974.html,2026-04-13,郭嘉昆,俄新社记者,foreign,46,18,0.5256327390670771,0.08695652173913,0.11111111111111101,0,1,1,0,1,0,recent
3281,t20260413_11890974.html,2026-04-13,郭嘉昆,彭博社记者,foreign,140,120,0.5736451148986811,0.08571428571428501,0.146341463414634,0,1,0,0,3,1,recent
3282,t20260414_11891610.html,2026-04-14,郭嘉昆,凤凰卫视记者,cn,135,170,0.598692893981933,0.04,0.08163265306122401,0,1,1,0,1,0,recent
3283,t20260414_11891610.html,2026-04-14,郭嘉昆,新华社记者,cn,47,90,0.701090455055236,0.108108108108108,0.23529411764705802,0,1,0,0,2,1,recent
3284,t20260414_11891610.html,2026-04-14,郭嘉昆,法新社记者,foreign,66,111,0.6179007887840271,0.032786885245901,0.09090909090909001,0,1,0,0,2,1,recent
3285,t20260414_11891610.html,2026-04-14,郭嘉昆,《中国日报》记者,cn,85,68,0.7829819917678831,0.21951219512195103,0.33333333333333304,0,1,0,0,1,0,recent
3286,t20260414_11891610.html,2026-04-14,郭嘉昆,澎湃新闻记者,cn,108,193,0.46750363707542403,0.044444444444444,0.105263157894736,0,1,1,0,1,0,recent
3287,t20260414_11891610.html,2026-04-14,郭嘉昆,《人民日报》记者,cn,65,86,0.6712797880172731,0.10204081632653,0.23809523809523803,0,1,1,0,1,0,recent
3288,t20260414_11891610.html,2026-04-14,郭嘉昆,中新社记者,cn,277,117,0.7173805832862851,0.09677419354838701,0.125,0,1,1,0,1,0,recent
3289,t20260415_11892411.html,2026-04-15,郭嘉昆,总台央视记者,cn,40,157,0.7895354032516481,0.084745762711864,0.33333333333333304,0,1,0,0,2,1,recent
3290,t20260415_11892411.html,2026-04-15,郭嘉昆,今日俄罗斯记者,foreign,33,88,0.560880064964294,0.0,0.0,0,1,0,0,1,0,recent
3291,t20260415_11892411.html,2026-04-15,郭嘉昆,新华社记者,cn,64,86,0.40336328744888306,0.10204081632653,0.21739130434782603,0,1,0,0,3,1,recent
3292,t20260415_11892411.html,2026-04-15,郭嘉昆,《卫报》记者,foreign,68,19,0.718439042568206,0.03125,0.04,0,1,1,0,1,0,recent
3293,t20260415_11892411.html,2026-04-15,郭嘉昆,《环球时报》记者,cn,68,151,0.6074506044387811,0.06451612903225801,0.210526315789473,0,1,1,0,1,0,recent
3294,t20260415_11892411.html,2026-04-15,郭嘉昆,法新社记者,foreign,76,59,0.743040800094604,0.06818181818181801,0.115384615384615,0,1,0,0,2,1,recent
3295,t20260415_11892411.html,2026-04-15,郭嘉昆,《北京日报》记者,foreign,107,144,0.8301944732666011,0.07692307692307601,0.15625,0,0,0,0,1,0,recent
3296,t20260415_11892411.html,2026-04-15,郭嘉昆,湖北广电记者,foreign,138,157,0.6451898813247681,0.068965517241379,0.146341463414634,0,0,0,0,1,0,recent
3297,t20260415_11892411.html,2026-04-15,郭嘉昆,深圳卫视记者,cn,138,32,0.536070704460144,0.054545454545454,0.063829787234042,0,1,1,0,1,0,recent
3298,t20260416_11893136.html,2026-04-16,郭嘉昆,《北京青年报》记者,foreign,104,169,0.6994103193283081,0.108108108108108,0.25806451612903203,0,1,0,0,1,0,recent
3299,t20260416_11893136.html,2026-04-16,郭嘉昆,今日俄罗斯记者,foreign,114,45,0.672825217247009,0.08,0.105263157894736,1,1,0,0,2,1,recent
3300,t20260416_11893136.html,2026-04-16,郭嘉昆,路透社记者,foreign,44,32,0.5041792392730711,0.038461538461538006,0.0625,0,1,1,0,1,0,recent
3301,t20260416_11893136.html,2026-04-16,郭嘉昆,法新社记者,foreign,67,84,0.6365944147109981,0.1,0.208333333333333,0,1,0,0,2,1,recent
3302,t20260417_11894119.html,2026-04-17,郭嘉昆,总台央视记者,cn,48,97,0.704008936882019,0.145833333333333,0.35000000000000003,0,1,0,0,1,0,recent
3303,t20260417_11894119.html,2026-04-17,郭嘉昆,中阿卫视记者,foreign,98,212,0.655610918998718,0.06,0.171428571428571,0,1,0,0,1,0,recent
3304,t20260417_11894119.html,2026-04-17,郭嘉昆,委内瑞拉南方电视台记者,foreign,98,81,0.5963005423545831,0.06779661016949101,0.108108108108108,0,1,1,0,2,1,recent
3305,t20260417_11894119.html,2026-04-17,郭嘉昆,《环球时报》记者,cn,27,168,0.7898014783859251,0.105263157894736,0.6000000000000001,0,1,1,0,1,0,recent
3306,t20260417_11894119.html,2026-04-17,郭嘉昆,委内瑞拉南方电视台记者,foreign,121,41,0.49447280168533303,0.039215686274509005,0.054054054054054,0,1,1,0,1,0,recent
3307,t20260417_11894119.html,2026-04-17,郭嘉昆,路透社记者,foreign,67,86,0.658992648124694,0.106382978723404,0.22727272727272702,0,1,0,0,2,1,recent
3308,t20260417_11894119.html,2026-04-17,郭嘉昆,法新社记者,foreign,75,51,0.54116415977478,0.023809523809523003,0.043478260869565,0,1,0,0,1,0,recent
3309,t20260417_11894119.html,2026-04-17,郭嘉昆,法新社记者,foreign,59,152,0.49362713098526,0.032258064516129004,0.11111111111111101,0,0,1,0,1,0,recent
3310,t20260420_11895519.html,2026-04-20,郭嘉昆,总台央视记者,cn,62,73,0.852779567241668,0.36666666666666603,0.611111111111111,0,1,1,0,2,1,recent
3311,t20260420_11895519.html,2026-04-20,郭嘉昆,中阿卫视记者,foreign,94,208,0.588251233100891,0.05813953488372001,0.16666666666666602,0,0,0,0,1,0,recent
3312,t20260420_11895519.html,2026-04-20,郭嘉昆,路透社记者,foreign,102,92,0.606935143470764,0.065573770491803,0.12121212121212101,0,1,0,0,3,1,recent
3313,t20260420_11895519.html,2026-04-20,郭嘉昆,中阿卫视记者,foreign,74,111,0.6363508701324461,0.05,0.11111111111111101,0,1,0,0,2,1,recent
3314,t20260420_11895519.html,2026-04-20,郭嘉昆,法新社记者,foreign,74,150,0.453261762857437,0.014925373134328,0.041666666666666005,0,1,0,0,1,0,recent
3315,t20260420_11895519.html,2026-04-20,郭嘉昆,印度报业托拉斯记者,foreign,131,107,0.609939932823181,0.07692307692307601,0.138888888888888,0,1,0,0,2,1,recent
3316,t20260420_11895519.html,2026-04-20,郭嘉昆,中阿卫视记者,foreign,70,94,0.7757903337478631,0.096153846153846,0.22727272727272702,0,0,0,0,1,0,recent
3317,t20260420_11895519.html,2026-04-20,郭嘉昆,路透社记者,foreign,54,125,0.6954790353775021,0.072727272727272,0.23529411764705802,0,1,1,0,1,0,recent
3318,t20260421_11896396.html,2026-04-21,郭嘉昆,中新社记者,cn,43,69,0.721568703651428,0.08333333333333301,0.1875,0,1,0,0,1,0,recent
3319,t20260421_11896396.html,2026-04-21,郭嘉昆,新华社记者,cn,42,69,0.7493593692779541,0.16666666666666602,0.33333333333333304,0,0,0,0,2,1,recent
3320,t20260421_11896396.html,2026-04-21,郭嘉昆,日本电视台记者,foreign,60,234,0.682764291763305,0.129870129870129,0.43478260869565205,0,1,0,0,1,0,recent
3321,t20260421_11896396.html,2026-04-21,郭嘉昆,《北京日报》记者,foreign,49,61,0.7300777435302731,0.16666666666666602,0.33333333333333304,0,1,1,0,1,0,recent
3322,t20260421_11896396.html,2026-04-21,郭嘉昆,总台央视记者,cn,110,331,0.636817574501037,0.084033613445378,0.27027027027027,0,1,0,0,2,1,recent
3323,t20260421_11896396.html,2026-04-21,郭嘉昆,法新社记者,foreign,68,104,0.5644012689590451,0.08928571428571401,0.208333333333333,0,1,0,0,1,0,recent
3324,t20260421_11896396.html,2026-04-21,郭嘉昆,彭博社记者,foreign,61,30,0.583978056907653,0.0,0.0,0,1,1,0,1,0,recent
3325,t20260421_11896396.html,2026-04-21,郭嘉昆,共同社记者,foreign,58,41,0.46397593617439203,0.066666666666666,0.11111111111111101,0,1,0,0,1,0,recent
3326,t20260421_11896396.html,2026-04-21,郭嘉昆,澎湃新闻记者,cn,74,53,0.519104301929473,0.060606060606060004,0.1,0,1,0,0,1,0,recent
3327,t20260421_11896396.html,2026-04-21,郭嘉昆,《北京青年报》记者,foreign,188,98,0.790401697158813,0.08235294117647,0.11864406779661,0,1,1,0,1,0,recent
3328,t20260422_11897449.html,2026-04-22,郭嘉昆,《环球时报》记者,cn,82,64,0.41732397675514205,0.058823529411764004,0.103448275862068,0,1,0,0,1,0,recent
3329,t20260422_11897449.html,2026-04-22,郭嘉昆,《中国日报》记者,cn,145,206,0.8007132411003111,0.045454545454545005,0.1,0,1,1,0,1,0,recent
3330,t20260422_11897449.html,2026-04-22,郭嘉昆,法新社记者,foreign,51,120,0.572478413581848,0.06451612903225801,0.2,0,1,0,0,2,1,recent
3331,t20260422_11897449.html,2026-04-22,郭嘉昆,路透社记者,foreign,103,295,0.530092000961303,0.066037735849056,0.21212121212121202,0,1,1,0,2,1,recent
3332,t20260422_11897449.html,2026-04-22,郭嘉昆,路透社记者,foreign,81,42,0.44720512628555303,0.046511627906976,0.07142857142857101,0,1,0,0,2,1,recent
3333,t20260423_11898539.html,2026-04-23,郭嘉昆,《人民日报》记者,cn,112,221,0.694376230239868,0.032608695652173,0.075,0,1,0,0,2,1,recent
3334,t20260423_11898539.html,2026-04-23,郭嘉昆,彭博社记者,foreign,43,210,0.563046634197235,0.013698630136986,0.0625,0,1,0,0,1,0,recent
3335,t20260423_11898539.html,2026-04-23,郭嘉昆,CGTN记者,cn,144,111,0.698498904705047,0.068493150684931,0.11363636363636301,0,1,0,0,1,0,recent
3336,t20260424_11899403.html,2026-04-24,郭嘉昆,中新社记者,cn,111,220,0.7843072414398191,0.07608695652173901,0.189189189189189,0,1,0,0,2,1,recent
3337,t20260424_11899403.html,2026-04-24,郭嘉昆,总台CGTN记者,cn,202,35,0.760691285133361,0.051948051948051,0.057142857142857,0,1,1,0,1,0,recent
3338,t20260424_11899403.html,2026-04-24,郭嘉昆,英国广播公司记者,foreign,56,28,0.49268883466720503,0.032258064516129004,0.045454545454545005,0,1,0,1,2,1,recent
3339,t20260424_11899403.html,2026-04-24,郭嘉昆,今日俄罗斯记者,foreign,71,113,0.644246995449066,0.032786885245901,0.08333333333333301,0,1,0,0,2,1,recent
3340,t20260424_11899403.html,2026-04-24,郭嘉昆,彭博社记者,foreign,37,82,0.768290340900421,0.11111111111111101,0.30769230769230704,0,1,1,0,1,0,recent
3341,t20260424_11899403.html,2026-04-24,郭嘉昆,彭博社记者,foreign,78,98,0.645692825317382,0.020408163265306003,0.043478260869565,0,0,0,0,3,1,recent
3342,t20260424_11899403.html,2026-04-24,郭嘉昆,总台央视记者,cn,60,39,0.305173993110656,0.0,0.0,0,1,0,0,2,1,recent
3343,t20260427_11900828.html,2026-04-27,林剑,总台华语环球节目中心记者,cn,37,92,0.559613823890686,0.078947368421052,0.21428571428571402,0,1,0,0,1,0,recent
3344,t20260427_11900828.html,2026-04-27,林剑,路透社记者,foreign,17,27,0.524006128311157,0.2,0.42857142857142805,0,1,0,0,1,0,recent
3345,t20260427_11900828.html,2026-04-27,林剑,彭博社记者,foreign,39,61,0.604854583740234,0.028571428571428,0.066666666666666,0,1,1,0,1,0,recent
3346,t20260427_11900828.html,2026-04-27,林剑,《北京日报》记者,foreign,46,65,0.324634611606597,0.0,0.0,0,1,0,0,2,1,recent
3347,t20260427_11900828.html,2026-04-27,林剑,中新社记者,cn,31,110,0.692554354667663,0.069767441860465,0.30000000000000004,0,0,0,0,1,0,recent
3348,t20260428_11901650.html,2026-04-28,林剑,中阿卫视记者,foreign,109,101,0.57886528968811,0.0625,0.105263157894736,0,0,0,0,1,0,recent
3349,t20260428_11901650.html,2026-04-28,林剑,总台央视记者,cn,55,102,0.502502858638763,0.061224489795918005,0.1875,0,1,0,0,1,0,recent
3350,t20260428_11901650.html,2026-04-28,林剑,法新社记者,foreign,81,45,0.5445035696029661,0.054054054054054,0.08333333333333301,0,1,0,0,2,1,recent
3351,t20260428_11901650.html,2026-04-28,林剑,新华社记者,cn,112,84,0.7487545013427731,0.079365079365079,0.13157894736842102,0,1,1,0,1,0,recent
3352,t20260428_11901650.html,2026-04-28,林剑,法新社记者,foreign,41,23,0.11617666482925401,0.09523809523809501,0.133333333333333,1,1,0,0,1,0,recent
3353,t20260429_11902540.html,2026-04-29,林剑,《中国日报》记者,cn,89,149,0.7538381814956661,0.08695652173913,0.21428571428571402,0,1,1,0,1,0,recent
3354,t20260429_11902540.html,2026-04-29,林剑,朝日新闻记者,foreign,51,97,0.427363783121109,0.040816326530612006,0.1,0,1,0,0,1,0,recent
3355,t20260429_11902540.html,2026-04-29,林剑,《人民日报》记者,cn,124,120,0.801391243934631,0.14516129032258002,0.27272727272727204,0,0,0,0,1,0,recent
3356,t20260429_11902540.html,2026-04-29,林剑,法新社记者,foreign,83,210,0.7486387491226191,0.1,0.28571428571428503,0,1,0,0,1,0,recent
3357,t20260429_11902540.html,2026-04-29,林剑,埃菲社记者,foreign,91,124,0.8257389068603511,0.078125,0.16666666666666602,0,1,0,0,2,1,recent
3358,t20260429_11902540.html,2026-04-29,林剑,《北京青年报》记者,foreign,83,141,0.7991220951080321,0.119402985074626,0.28571428571428503,0,1,0,0,1,0,recent
3359,t20260429_11902540.html,2026-04-29,林剑,法新社记者,foreign,35,34,0.829525351524353,0.210526315789473,0.36363636363636304,0,1,0,0,1,0,recent
3360,t20260429_11902540.html,2026-04-29,林剑,澎湃新闻记者,cn,53,254,0.8609733581542961,0.08433734939759001,0.35000000000000003,0,1,0,0,1,0,recent
3361,t20260429_11902540.html,2026-04-29,林剑,路透社记者,foreign,71,123,0.392461419105529,0.03125,0.09090909090909001,0,1,0,0,2,1,recent
3362,t20260429_11902540.html,2026-04-29,林剑,路透社记者,foreign,49,43,0.644516885280609,0.06451612903225801,0.11111111111111101,0,1,1,0,1,0,recent
3363,t20260430_11903286.html,2026-04-30,林剑,《环球时报》记者,cn,124,137,0.796075224876403,0.097222222222222,0.17073170731707302,0,0,0,0,1,0,recent
3364,t20260430_11903286.html,2026-04-30,林剑,法新社记者,foreign,42,100,0.7061630487442011,0.11627906976744101,0.33333333333333304,0,0,0,0,1,0,recent
3365,t20260430_11903286.html,2026-04-30,林剑,湖北广电记者,foreign,126,97,0.5485739707946771,0.026666666666666002,0.041666666666666005,0,1,1,0,1,0,recent
3366,t20260430_11903286.html,2026-04-30,林剑,中新社记者,cn,35,208,0.8348836302757261,0.097222222222222,0.636363636363636,0,1,0,0,1,0,recent
3367,t20260506_11905572.html,2026-05-06,林剑,中阿卫视记者,foreign,53,273,0.6480162143707271,0.040404040404040005,0.28571428571428503,0,1,1,0,1,0,recent
3368,t20260506_11905572.html,2026-05-06,林剑,《中国日报》记者,cn,71,160,0.759395778179168,0.07575757575757501,0.22727272727272702,0,0,0,0,1,0,recent
3369,t20260506_11905572.html,2026-05-06,林剑,法新社记者,foreign,66,80,0.690703630447387,0.11627906976744101,0.23809523809523803,0,0,0,0,3,1,recent
3370,t20260506_11905572.html,2026-05-06,林剑,北京广电记者,foreign,169,220,0.801285624504089,0.10377358490566001,0.224489795918367,0,1,0,0,1,0,recent
3371,t20260506_11905572.html,2026-05-06,林剑,今日俄罗斯记者,foreign,193,70,0.78364098072052,0.094594594594594,0.122807017543859,1,1,1,0,3,1,recent
3372,t20260506_11905572.html,2026-05-06,林剑,湖北广电记者,foreign,66,87,0.401987016201019,0.11904761904761901,0.23809523809523803,0,1,0,0,1,0,recent
3373,t20260506_11905572.html,2026-05-06,林剑,美联社记者,foreign,43,94,0.45749807357788,0.022727272727272003,0.066666666666666,0,1,0,0,1,0,recent
3374,t20260506_11905572.html,2026-05-06,林剑,彭博社记者,foreign,39,10,0.327407419681549,0.0625,0.07692307692307601,0,0,0,0,1,0,recent
3375,t20260506_11905572.html,2026-05-06,林剑,《纽约时报》记者,foreign,58,90,0.644755125045776,0.019607843137254003,0.045454545454545005,0,1,0,0,1,0,recent
3376,t20260506_11905572.html,2026-05-06,林剑,路透社记者,foreign,157,94,0.6153070330619811,0.07142857142857101,0.11627906976744101,0,1,1,0,3,1,recent
3377,t20260506_11905572.html,2026-05-06,林剑,法新社记者,foreign,37,36,0.633749425411224,0.157894736842105,0.27272727272727204,0,1,0,0,2,1,recent
3378,t20260506_11905572.html,2026-05-06,林剑,乌通社记者,foreign,146,55,0.42500638961791903,0.04918032786885201,0.069767441860465,0,1,0,0,2,1,recent
3379,t20260506_11905572.html,2026-05-06,林剑,《纽约时报》记者,foreign,29,94,0.42445692420005804,0.022727272727272003,0.07692307692307601,0,1,0,0,1,0,recent
3380,t20260506_11905572.html,2026-05-06,林剑,彭博社记者,foreign,69,297,0.6697948575019831,0.067961165048543,0.318181818181818,0,1,0,0,1,0,recent
3381,t20260506_11905572.html,2026-05-06,林剑,中阿卫视记者,foreign,66,131,0.65741741657257,0.014705882352941001,0.04,0,1,1,0,1,0,recent
3382,t20260506_11905572.html,2026-05-06,林剑,俄新社记者,foreign,76,133,0.671328067779541,0.063492063492063,0.15384615384615302,0,1,1,0,1,0,recent
3383,t20260507_11906358.html,2026-05-07,林剑,总台央视记者,cn,37,161,0.7468215227127071,0.054545454545454,0.21428571428571402,0,1,1,0,1,0,recent
3384,t20260507_11906358.html,2026-05-07,林剑,东京电视台记者,foreign,76,175,0.562827408313751,0.078947368421052,0.22222222222222202,0,1,1,0,1,0,recent
3385,t20260507_11906358.html,2026-05-07,林剑,委内瑞拉南方电视台记者,foreign,102,107,0.6961709260940551,0.07575757575757501,0.138888888888888,0,1,1,0,1,0,recent
3386,t20260507_11906358.html,2026-05-07,林剑,法新社记者,foreign,128,39,0.39626929163932806,0.11363636363636301,0.14705882352941102,0,1,1,0,4,1,recent
3387,t20260507_11906358.html,2026-05-07,林剑,埃菲社记者,foreign,45,105,0.564833283424377,0.044444444444444,0.11111111111111101,0,1,1,0,1,0,recent
3388,t20260507_11906358.html,2026-05-07,林剑,中阿卫视记者,foreign,55,104,0.6180258989334101,0.056603773584905,0.15,0,1,0,0,1,0,recent
3389,t20260507_11906358.html,2026-05-07,林剑,委内瑞拉南方电视台记者,foreign,104,129,0.871783852577209,0.069444444444444,0.15151515151515102,0,1,1,0,1,0,recent
3390,t20260507_11906358.html,2026-05-07,林剑,中阿卫视记者,foreign,97,147,0.729711234569549,0.066666666666666,0.15151515151515102,0,1,0,0,3,1,recent
3391,t20260507_11906358.html,2026-05-07,林剑,澎湃新闻记者,cn,128,95,0.8614090085029601,0.07462686567164101,0.11904761904761901,0,1,0,0,1,0,recent
3392,t20260507_11906358.html,2026-05-07,林剑,委内瑞拉南方电视台记者,foreign,124,131,0.7352100610733031,0.134328358208955,0.23076923076923,0,1,0,0,2,1,recent
3393,t20260507_11906358.html,2026-05-07,林剑,朝日新闻记者,foreign,34,124,0.531146228313446,0.040816326530612006,0.15384615384615302,0,1,0,0,1,0,recent
3394,t20260507_11906358.html,2026-05-07,林剑,路透社记者,foreign,61,43,0.49340134859085005,0.03125,0.055555555555555004,1,1,0,0,1,0,recent
3395,t20260508_11907163.html,2026-05-08,林剑,总台央视记者,cn,117,142,0.739542245864868,0.138461538461538,0.257142857142857,0,1,1,0,1,0,recent
3396,t20260508_11907163.html,2026-05-08,林剑,英国广播公司记者,foreign,45,116,0.606486618518829,0.09803921568627401,0.29411764705882304,0,1,1,0,1,0,recent
3397,t20260508_11907163.html,2026-05-08,林剑,挪威国家广播电视台记者,foreign,38,55,0.659126162528991,0.066666666666666,0.14285714285714202,0,1,1,0,1,0,recent
3398,t20260508_11907163.html,2026-05-08,林剑,中阿卫视记者,foreign,64,130,0.6096646785736081,0.060606060606060004,0.16666666666666602,0,1,0,0,1,0,recent
3399,t20260508_11907163.html,2026-05-08,林剑,深圳卫视记者,cn,84,112,0.740247130393981,0.08928571428571401,0.208333333333333,0,1,0,0,1,0,recent
3400,t20260508_11907163.html,2026-05-08,林剑,总台CGTN记者,cn,179,208,0.7629262208938591,0.061224489795918005,0.10714285714285701,0,1,0,0,1,0,recent
3401,t20260508_11907163.html,2026-05-08,林剑,路透社记者,foreign,99,189,0.573485016822814,0.102564102564102,0.25806451612903203,0,1,0,0,2,1,recent
3402,t20260508_11907163.html,2026-05-08,林剑,日本广播协会记者,foreign,68,35,0.489384859800338,0.09375000000000001,0.130434782608695,1,1,0,0,3,1,recent
3403,t20260508_11907163.html,2026-05-08,林剑,中阿卫视记者,foreign,85,163,0.678208708763122,0.08,0.22222222222222202,0,1,0,0,2,1,recent
3404,t20260508_11907163.html,2026-05-08,林剑,《北京日报》记者,foreign,109,172,0.7543697953224181,0.0625,0.14705882352941102,0,1,0,0,1,0,recent
3405,t20260508_11907163.html,2026-05-08,林剑,彭博社记者,foreign,71,286,0.422538876533508,0.019047619047619,0.08333333333333301,0,1,0,0,1,0,recent
3406,t20260508_11907163.html,2026-05-08,林剑,总台国广记者,cn,68,21,0.790232241153717,0.130434782608695,0.15,0,1,0,0,1,0,recent
3407,t20260508_11907163.html,2026-05-08,林剑,路透社记者,foreign,61,234,0.594900250434875,0.035294117647058004,0.15,0,1,0,0,4,1,recent
3408,t20260511_11908352.html,2026-05-11,郭嘉昆,总台央视记者,cn,44,109,0.871930956840515,0.11363636363636301,0.3125,0,1,0,0,1,0,recent
3409,t20260511_11908352.html,2026-05-11,郭嘉昆,凤凰卫视记者,cn,52,143,0.5844066739082331,0.063829787234042,0.1875,0,1,1,0,1,0,recent
3410,t20260511_11908352.html,2026-05-11,郭嘉昆,乌通社记者,foreign,75,21,0.38380897045135504,0.06451612903225801,0.074074074074074,0,1,0,0,1,0,recent
3411,t20260511_11908352.html,2026-05-11,郭嘉昆,法新社记者,foreign,52,28,0.5261511802673341,0.0,0.0,0,0,0,0,2,1,recent
3412,t20260511_11908352.html,2026-05-11,郭嘉昆,法新社记者,foreign,88,66,0.5047366619110101,0.061224489795918005,0.103448275862068,0,1,1,0,1,0,recent
3413,t20260511_11908352.html,2026-05-11,郭嘉昆,印尼安塔拉通讯社记者,foreign,97,124,0.8057950139045711,0.07692307692307601,0.15625,0,0,1,0,1,0,recent
3414,t20260511_11908352.html,2026-05-11,郭嘉昆,新华社记者,cn,66,65,0.8754605054855341,0.073170731707317,0.130434782608695,0,1,0,0,1,0,recent
3415,t20260511_11908352.html,2026-05-11,郭嘉昆,彭博社记者,foreign,34,36,0.634454846382141,0.08333333333333301,0.15384615384615302,0,1,0,0,1,0,recent
3416,t20260512_11909048.html,2026-05-12,郭嘉昆,《环球时报》记者,cn,131,246,0.7028812170028681,0.087378640776699,0.225,0,1,1,0,1,0,recent
3417,t20260512_11909048.html,2026-05-12,郭嘉昆,法新社记者,foreign,63,49,0.45458897948265004,0.058823529411764004,0.105263157894736,0,1,1,0,1,0,recent
3418,t20260512_11909048.html,2026-05-12,郭嘉昆,路透社记者,foreign,45,43,0.740765810012817,0.068965517241379,0.125,0,1,1,0,1,0,recent
3419,t20260512_11909048.html,2026-05-12,郭嘉昆,路透社记者,foreign,119,101,0.6095612049102781,0.08571428571428501,0.15384615384615302,0,1,1,0,2,1,recent
3420,t20260512_11909048.html,2026-05-12,郭嘉昆,路透社记者,foreign,84,72,0.36531522870063704,0.019230769230769003,0.035714285714285005,1,1,0,0,1,0,recent
3421,t20260512_11909048.html,2026-05-12,郭嘉昆,深圳卫视记者,cn,180,228,0.75699633359909,0.033613445378151,0.066666666666666,0,1,0,0,1,0,recent
3422,t20260512_11909048.html,2026-05-12,郭嘉昆,中阿卫视记者,foreign,60,66,0.6612862348556511,0.045454545454545005,0.1,0,1,1,0,1,0,recent
3423,t20260512_11909048.html,2026-05-12,郭嘉昆,法新社记者,foreign,36,55,0.36316913366317705,0.068965517241379,0.15384615384615302,0,1,0,0,1,0,recent
3424,t20260513_11909783.html,2026-05-13,郭嘉昆,《中国日报》记者,cn,136,56,0.6386362314224241,0.25,0.295454545454545,0,1,0,0,1,0,recent
3425,t20260513_11909783.html,2026-05-13,郭嘉昆,法新社记者,foreign,51,28,0.5900744199752801,0.07692307692307601,0.11111111111111101,0,0,0,0,1,0,recent
3426,t20260513_11909783.html,2026-05-13,郭嘉昆,总台CGTN记者,cn,122,123,0.743887543678283,0.08,0.14285714285714202,0,0,0,0,1,0,recent
3427,t20260513_11909783.html,2026-05-13,郭嘉昆,法新社记者,foreign,64,134,0.7686076760292051,0.04918032786885201,0.14285714285714202,0,1,0,0,1,0,recent
3428,t20260513_11909783.html,2026-05-13,郭嘉昆,巴西劳动者电视台记者,foreign,164,81,0.7762951850891111,0.253968253968253,0.30188679245283,0,1,1,0,1,0,recent
3429,t20260513_11909783.html,2026-05-13,郭嘉昆,凤凰卫视记者,cn,102,88,0.557156920433044,0.066666666666666,0.11764705882352901,0,0,1,0,1,0,recent
3430,t20260514_11910530.html,2026-05-14,郭嘉昆,沙特东方电视台记者,foreign,48,88,0.5716835856437681,0.108108108108108,0.28571428571428503,0,0,0,0,2,1,recent
3431,t20260514_11910530.html,2026-05-14,郭嘉昆,《纽约时报》记者,foreign,19,54,0.53326678276062,0.0,0.0,0,0,0,0,1,0,recent
3432,t20260514_11910530.html,2026-05-14,郭嘉昆,澎湃新闻记者,cn,67,125,0.8747640252113341,0.25,0.47619047619047605,0,1,0,0,2,1,recent
3433,t20260514_11910530.html,2026-05-14,郭嘉昆,路透社记者,foreign,131,180,0.771297335624694,0.260869565217391,0.47368421052631504,0,0,1,0,2,1,recent
3434,t20260514_11910530.html,2026-05-14,郭嘉昆,《纽约时报》记者,foreign,18,28,0.12385123968124301,0.0,0.0,0,0,1,0,1,0,recent
3435,t20260514_11910530.html,2026-05-14,郭嘉昆,俄新社记者,foreign,76,10,0.20917378365993503,0.0,0.0,0,0,1,0,1,0,recent
3436,t20260514_11910530.html,2026-05-14,郭嘉昆,法新社记者,foreign,97,31,0.755853116512298,0.17647058823529402,0.22222222222222202,0,1,1,0,2,1,recent
3437,t20260514_11910530.html,2026-05-14,郭嘉昆,巴西《环球报》记者,foreign,112,35,0.684328854084014,0.15,0.1875,0,1,0,1,3,1,recent
3438,t20260514_11910530.html,2026-05-14,郭嘉昆,《纽约时报》记者,foreign,24,43,0.432922065258026,0.0,0.0,0,0,0,0,1,0,recent
3439,t20260515_11911293.html,2026-05-15,郭嘉昆,深圳卫视记者,cn,48,92,0.7724916934967041,0.15384615384615302,0.42857142857142805,0,1,0,0,2,1,recent
3440,t20260515_11911293.html,2026-05-15,郭嘉昆,《纽约时报》记者,foreign,32,55,0.19784918427467302,0.0,0.0,0,1,0,0,1,0,recent
3441,t20260515_11911293.html,2026-05-15,郭嘉昆,朝日电视台记者,foreign,45,30,0.5500245094299311,0.038461538461538006,0.066666666666666,0,1,0,0,2,1,recent
3442,t20260515_11911293.html,2026-05-15,郭嘉昆,总台央视记者,cn,45,91,0.5635490417480461,0.11904761904761901,0.277777777777777,0,1,0,0,1,0,recent
3443,t20260515_11911293.html,2026-05-15,郭嘉昆,路透社记者,foreign,38,110,0.558603942394256,0.019230769230769003,0.07692307692307601,1,1,0,0,2,1,recent
3444,t20260515_11911293.html,2026-05-15,郭嘉昆,《纽约时报》记者,foreign,28,94,0.6245204210281371,0.048780487804878,0.2,0,0,0,0,1,0,recent
3445,t20260515_11911293.html,2026-05-15,郭嘉昆,法新社记者,foreign,25,44,0.46021637320518405,0.043478260869565,0.11111111111111101,0,1,0,0,1,0,recent
3446,t20260515_11911293.html,2026-05-15,郭嘉昆,路透社记者,foreign,56,79,0.48145115375518804,0.024390243902439,0.05,0,1,0,0,1,0,recent
3447,t20260515_11911293.html,2026-05-15,郭嘉昆,日本广播协会记者,foreign,18,31,0.593785047531127,0.0,0.0,0,0,0,0,1,0,recent
3448,t20260515_11911293.html,2026-05-15,郭嘉昆,《北京日报》记者,foreign,48,96,0.704411923885345,0.146341463414634,0.4,0,1,0,0,2,1,recent
3449,t20260515_11911293.html,2026-05-15,郭嘉昆,《纽约时报》记者,foreign,18,42,0.44971847534179604,0.0,0.0,0,0,1,0,1,0,recent
3450,t20260515_11911293.html,2026-05-15,郭嘉昆,彭博社记者,foreign,78,79,0.607710123062133,0.08695652173913,0.17391304347826,0,1,0,0,1,0,recent
3451,t20260515_11911293.html,2026-05-15,郭嘉昆,法新社记者,foreign,43,152,0.42400282621383606,0.015625,0.066666666666666,0,1,0,0,1,0,recent
3452,t20260515_11911293.html,2026-05-15,郭嘉昆,《纽约时报》记者,foreign,23,22,0.48173132538795405,0.066666666666666,0.11111111111111101,0,0,1,0,1,0,recent
3453,t20260515_11911293.html,2026-05-15,郭嘉昆,法新社记者,foreign,26,93,0.44664615392684903,0.08333333333333301,0.375,1,0,1,0,2,1,recent
3454,t20260515_11911293.html,2026-05-15,郭嘉昆,《纽约时报》记者,foreign,72,91,0.23555219173431302,0.018867924528301,0.047619047619047006,1,1,0,0,1,0,recent
3455,t20260518_11912522.html,2026-05-18,郭嘉昆,中新社记者,cn,66,55,0.8091458678245541,0.08823529411764701,0.14285714285714202,0,1,0,0,3,1,recent
3456,t20260518_11912522.html,2026-05-18,郭嘉昆,中阿卫视记者,foreign,91,200,0.6011335849761961,0.044444444444444,0.125,0,0,0,0,1,0,recent
3457,t20260518_11912522.html,2026-05-18,郭嘉昆,总台央视记者,cn,39,151,0.6385253667831421,0.079365079365079,0.3125,0,1,0,0,1,0,recent
3458,t20260518_11912522.html,2026-05-18,郭嘉昆,法新社记者,foreign,57,56,0.6587201356887811,0.08571428571428501,0.157894736842105,0,1,1,0,1,0,recent
3459,t20260518_11912522.html,2026-05-18,郭嘉昆,总台华语环球节目中心记者,cn,69,112,0.29504039883613503,0.018518518518518,0.05,0,1,1,0,1,0,recent
3460,t20260518_11912522.html,2026-05-18,郭嘉昆,白俄罗斯国家广播电视公司记者,foreign,81,37,0.647543311119079,0.09375000000000001,0.130434782608695,0,1,0,0,1,0,recent
3461,t20260518_11912522.html,2026-05-18,郭嘉昆,新华社记者,cn,57,100,0.7127502560615541,0.145833333333333,0.30434782608695604,0,0,0,0,1,0,recent
3462,t20260518_11912522.html,2026-05-18,郭嘉昆,路透社记者,foreign,45,220,0.49244350194931,0.04225352112676,0.1875,0,1,0,0,1,0,recent
3463,t20260518_11912522.html,2026-05-18,郭嘉昆,深圳卫视记者,cn,148,106,0.755689978599548,0.08823529411764701,0.14285714285714202,0,0,1,0,1,0,recent
3464,t20260518_11912522.html,2026-05-18,郭嘉昆,法新社记者,foreign,73,31,0.555930614471435,0.09677419354838701,0.125,0,0,1,0,1,0,recent
3465,t20260518_11912522.html,2026-05-18,郭嘉昆,凤凰卫视记者,cn,123,36,0.153466016054153,0.041666666666666005,0.054054054054054,0,1,1,0,1,0,recent
3466,t20260518_11912522.html,2026-05-18,郭嘉昆,日本广播协会记者,foreign,40,80,0.8137733936309811,0.081081081081081,0.25,0,0,0,0,2,1,recent
3467,t20260518_11912522.html,2026-05-18,郭嘉昆,法新社记者,foreign,60,82,0.616607189178466,0.039215686274509005,0.08333333333333301,0,1,1,0,1,0,recent
3468,t20260519_11913599.html,2026-05-19,郭嘉昆,深圳卫视记者,cn,116,155,0.8296962976455681,0.051282051282051,0.11764705882352901,0,1,0,0,1,0,recent
3469,t20260519_11913599.html,2026-05-19,郭嘉昆,总台央视记者,cn,47,101,0.691941440105438,0.19047619047619002,0.44444444444444403,0,1,0,0,1,0,recent
3470,t20260519_11913599.html,2026-05-19,郭嘉昆,中阿卫视记者,foreign,116,106,0.7347889542579651,0.119402985074626,0.216216216216216,0,1,1,0,2,1,recent
3471,t20260519_11913599.html,2026-05-19,郭嘉昆,《北京日报》记者,foreign,62,128,0.65540611743927,0.127272727272727,0.388888888888888,0,0,0,0,1,0,recent
3472,t20260519_11913599.html,2026-05-19,郭嘉昆,法新社记者,foreign,43,68,0.538600921630859,0.057142857142857,0.11764705882352901,0,1,0,0,1,0,recent
3473,t20260519_11913599.html,2026-05-19,郭嘉昆,《环球时报》记者,cn,177,300,0.8005299568176271,0.082089552238805,0.211538461538461,0,1,0,0,1,0,recent
3474,t20260519_11913599.html,2026-05-19,郭嘉昆,《北京青年报》记者,foreign,167,79,0.602139413356781,0.054794520547945,0.08,0,1,1,0,1,0,recent
3475,t20260519_11913599.html,2026-05-19,郭嘉昆,日本广播协会记者,foreign,75,100,0.713691115379333,0.075471698113207,0.16666666666666602,0,1,0,0,2,1,recent
3476,t20260519_11913599.html,2026-05-19,郭嘉昆,澎湃新闻记者,cn,143,163,0.820789456367492,0.0625,0.12195121951219501,0,1,0,0,1,0,recent
3477,t20260519_11913599.html,2026-05-19,郭嘉昆,彭博社记者,foreign,84,99,0.47761976718902505,0.017857142857142003,0.041666666666666005,0,0,1,0,1,0,recent
3478,t20260519_11913599.html,2026-05-19,郭嘉昆,彭博社记者,foreign,52,42,0.545004308223724,0.11111111111111101,0.1875,0,1,1,0,1,0,recent
3479,t20260520_11914508.html,2026-05-20,郭嘉昆,总台央视记者,cn,32,87,0.5724458694458,0.09375000000000001,0.25,0,0,0,0,1,0,recent
3480,t20260520_11914508.html,2026-05-20,郭嘉昆,法新社记者,foreign,48,90,0.768586695194244,0.17948717948717902,0.36842105263157804,0,0,0,0,2,1,recent
3481,t20260520_11914508.html,2026-05-20,郭嘉昆,《中国日报》记者,cn,51,269,0.7603430747985841,0.08641975308641901,0.46666666666666606,0,0,0,0,1,0,recent
3482,t20260520_11914508.html,2026-05-20,郭嘉昆,《人民日报》记者,cn,52,280,0.664602875709533,0.072164948453608,0.35000000000000003,0,1,0,0,3,1,recent
3483,t20260520_11914508.html,2026-05-20,郭嘉昆,总台CGTN记者,cn,64,162,0.7354536652565,0.14705882352941102,0.416666666666666,0,1,0,0,1,0,recent
3484,t20260520_11914508.html,2026-05-20,郭嘉昆,共同社记者,foreign,40,97,0.574649035930633,0.097560975609756,0.266666666666666,0,0,0,0,2,1,recent
3485,t20260520_11914508.html,2026-05-20,郭嘉昆,埃菲社记者,foreign,51,191,0.74410331249237,0.11290322580645101,0.388888888888888,0,1,0,0,2,1,recent
3486,t20260520_11914508.html,2026-05-20,郭嘉昆,日本广播协会记者,foreign,31,81,0.569565296173095,0.027027027027027,0.09090909090909001,0,0,0,0,1,0,recent
3487,t20260520_11914508.html,2026-05-20,郭嘉昆,路透社记者,foreign,69,142,0.654659748077392,0.032258064516129004,0.09523809523809501,1,1,0,0,1,0,recent
3488,t20260520_11914508.html,2026-05-20,郭嘉昆,朝日新闻记者,foreign,79,185,0.7625455260276791,0.08,0.22222222222222202,0,1,1,0,1,0,recent
3489,t20260520_11914508.html,2026-05-20,郭嘉昆,法新社记者,foreign,55,225,0.623590588569641,0.042857142857142004,0.157894736842105,0,1,1,0,1,0,recent
3490,t20260520_11914508.html,2026-05-20,郭嘉昆,埃菲社记者,foreign,61,56,0.5978764891624451,0.108108108108108,0.18181818181818102,0,1,0,0,1,0,recent
3491,t20260520_11914508.html,2026-05-20,郭嘉昆,彭博社记者,foreign,43,140,0.7960593700408931,0.072727272727272,0.25,0,1,0,0,2,1,recent
3492,t20260521_11915149.html,2026-05-21,郭嘉昆,总台央视记者,cn,30,165,0.678332686424255,0.054545454545454,0.27272727272727204,0,1,0,0,1,0,recent
3493,t20260521_11915149.html,2026-05-21,郭嘉昆,拉通社记者,foreign,33,118,0.774813413619995,0.06818181818181801,0.23076923076923,0,1,0,0,1,0,recent
3494,t20260521_11915149.html,2026-05-21,郭嘉昆,巴通社记者,foreign,133,79,0.7334051132202141,0.092592592592592,0.14285714285714202,0,1,0,0,4,1,recent
3495,t20260521_11915149.html,2026-05-21,郭嘉昆,路透社记者,foreign,43,60,0.688690185546875,0.0,0.0,0,1,0,0,1,0,recent
3496,t20260521_11915149.html,2026-05-21,郭嘉昆,法新社记者,foreign,42,72,0.282358169555664,0.0,0.0,1,1,0,0,2,1,recent
3497,t20260521_11915149.html,2026-05-21,郭嘉昆,韩联社记者,foreign,67,77,0.5746636390686031,0.15384615384615302,0.28571428571428503,0,1,1,0,1,0,recent
3498,t20260521_11915149.html,2026-05-21,郭嘉昆,法新社记者,foreign,58,135,0.288638889789581,0.032786885245901,0.105263157894736,0,0,1,0,1,0,recent
3499,t20260521_11915149.html,2026-05-21,郭嘉昆,路透社记者,foreign,54,80,0.73408305644989,0.08571428571428501,0.25,0,1,0,1,1,0,recent
3500,t20260521_11915149.html,2026-05-21,郭嘉昆,法新社记者,foreign,26,131,0.76205426454544,0.13725490196078402,0.7000000000000001,0,0,0,0,1,0,recent
3501,t20260521_11915149.html,2026-05-21,郭嘉昆,彭博社记者,foreign,81,49,0.5440432429313661,0.0,0.0,0,1,1,0,1,0,recent
3502,t20260522_11916126.html,2026-05-22,郭嘉昆,总台央视记者,cn,39,200,0.7119318842887871,0.041095890410958,0.21428571428571402,0,1,0,0,1,0,recent
3503,t20260522_11916126.html,2026-05-22,郭嘉昆,总台CGTN记者,cn,209,215,0.719435095787048,0.061403508771929,0.12068965517241301,0,1,0,0,1,0,recent
3504,t20260522_11916126.html,2026-05-22,郭嘉昆,法新社记者,foreign,75,31,0.45695102214813205,0.027027027027027,0.037037037037037,0,0,1,0,1,0,recent
3505,t20260522_11916126.html,2026-05-22,郭嘉昆,《人民日报》记者,cn,29,169,0.6470458507537841,0.06779661016949101,0.33333333333333304,0,0,0,0,1,0,recent
3506,t20260522_11916126.html,2026-05-22,郭嘉昆,总台华语环球节目中心记者,cn,84,96,0.6783952116966241,0.234042553191489,0.36666666666666603,0,0,0,0,1,0,recent
3507,t20260522_11916126.html,2026-05-22,郭嘉昆,新华社记者,cn,34,35,0.22251224517822202,0.0,0.0,0,1,0,0,1,0,recent
3508,t20260522_11916126.html,2026-05-22,郭嘉昆,法新社记者,foreign,49,19,0.24534639716148302,0.0,0.0,0,0,1,0,1,0,recent
3509,t20260522_11916126.html,2026-05-22,郭嘉昆,《北京日报》记者,foreign,111,129,0.824392199516296,0.107692307692307,0.194444444444444,0,1,0,0,1,0,recent
3510,t20260522_11916126.html,2026-05-22,郭嘉昆,中新社记者,cn,161,239,0.7858861088752741,0.11214953271028001,0.24,0,1,1,0,1,0,recent
3511,t20260522_11916126.html,2026-05-22,郭嘉昆,《环球时报》记者,cn,82,182,0.520879745483398,0.08571428571428501,0.260869565217391,0,1,0,0,1,0,recent
3512,t20260525_11917239.html,2026-05-25,毛宁,《北京青年报》记者,foreign,96,137,0.648222982883453,0.069444444444444,0.14705882352941102,0,0,0,0,1,0,recent
3513,t20260525_11917239.html,2026-05-25,毛宁,法新社记者,foreign,50,74,0.72282737493515,0.07142857142857101,0.157894736842105,0,1,0,0,1,0,recent
3514,t20260525_11917239.html,2026-05-25,毛宁,总台CGTN记者,cn,73,84,0.7940351366996761,0.275,0.5,0,1,1,0,1,0,recent
3515,t20260525_11917239.html,2026-05-25,毛宁,路透社记者,foreign,82,58,0.5648066997528071,0.09090909090909001,0.157894736842105,0,0,1,0,1,0,recent
3516,t20260525_11917239.html,2026-05-25,毛宁,中新社记者,cn,101,50,0.5168378353118891,0.13953488372093,0.19354838709677402,0,1,0,0,1,0,recent
3517,t20260525_11917239.html,2026-05-25,毛宁,德新社记者,foreign,59,147,0.45949262380599903,0.031746031746031,0.11764705882352901,0,0,1,0,1,0,recent
3518,t20260525_11917239.html,2026-05-25,毛宁,路透社记者,foreign,79,69,0.6589697599411011,0.069767441860465,0.12,0,1,1,0,1,0,recent
3519,t20260525_11917239.html,2026-05-25,毛宁,法新社记者,foreign,30,38,0.734133064746856,0.125,0.25,0,0,0,0,1,0,recent
3520,t20260525_11917239.html,2026-05-25,毛宁,法新社记者,foreign,45,33,0.46079227328300404,0.0,0.0,0,1,0,0,2,1,recent
3521,t20260525_11917239.html,2026-05-25,毛宁,法新社记者,foreign,32,75,0.640726327896118,0.058823529411764004,0.18181818181818102,1,1,0,0,2,1,recent
3522,t20260525_11917239.html,2026-05-25,毛宁,法新社记者,foreign,71,65,0.42321395874023404,0.021739130434782,0.041666666666666005,0,1,1,0,1,0,recent
3523,t20260526_11918234.html,2026-05-26,毛宁,新华社记者,cn,55,66,0.8394832611083981,0.27272727272727204,0.47368421052631504,0,1,0,0,2,1,recent
3524,t20260526_11918234.html,2026-05-26,毛宁,彭博社记者,foreign,97,90,0.5320113897323601,0.032786885245901,0.074074074074074,0,1,0,0,2,1,recent
3525,t20260526_11918234.html,2026-05-26,毛宁,埃菲社记者,foreign,78,15,0.262784987688064,0.0,0.0,0,1,0,0,1,0,recent
3526,t20260526_11918234.html,2026-05-26,毛宁,澎湃新闻记者,cn,47,82,0.7476978898048401,0.13157894736842102,0.277777777777777,0,0,0,0,1,0,recent
3527,t20260526_11918234.html,2026-05-26,毛宁,韩联社记者,foreign,45,29,0.252994954586029,0.0,0.0,0,1,1,0,1,0,recent
3528,t20260526_11918234.html,2026-05-26,毛宁,乌通社记者,foreign,82,69,0.542533338069915,0.065217391304347,0.12,0,1,1,0,2,1,recent
3529,t20260526_11918234.html,2026-05-26,毛宁,彭博社记者,foreign,76,74,0.375266045331954,0.06,0.10714285714285701,0,0,0,0,1,0,recent
3530,t20260526_11918234.html,2026-05-26,毛宁,《中国日报》记者,cn,89,21,0.682725310325622,0.030303030303030002,0.034482758620689,0,1,0,0,1,0,recent
3531,t20260526_11918234.html,2026-05-26,毛宁,彭博社记者,foreign,87,36,0.393392324447631,0.0,0.0,0,1,0,0,1,0,recent
3532,t20260526_11918234.html,2026-05-26,毛宁,法新社记者,foreign,48,66,0.344454407691955,0.0,0.0,0,1,1,0,1,0,recent
3533,t20260527_11918970.html,2026-05-27,毛宁,《人民日报》记者,cn,62,174,0.651494085788726,0.104477611940298,0.35000000000000003,0,0,0,0,1,0,recent
3534,t20260527_11918970.html,2026-05-27,毛宁,拉通社记者,foreign,68,103,0.636588096618652,0.125,0.260869565217391,0,1,1,0,1,0,recent
3535,t20260527_11918970.html,2026-05-27,毛宁,埃菲社记者,foreign,81,43,0.568118035793304,0.08333333333333301,0.125,1,0,0,0,2,1,recent
3536,t20260527_11918970.html,2026-05-27,毛宁,凤凰卫视记者,cn,88,101,0.84310233592987,0.150943396226415,0.25,0,1,1,0,1,0,recent
3537,t20260527_11918970.html,2026-05-27,毛宁,路透社记者,foreign,85,11,0.10280091315507801,0.0,0.0,0,1,0,0,2,1,recent
3538,t20260527_11918970.html,2026-05-27,毛宁,路透社记者,foreign,46,38,0.44122740626335105,0.034482758620689,0.066666666666666,0,1,0,0,1,0,recent
3539,t20260527_11918970.html,2026-05-27,毛宁,法新社记者,foreign,73,74,0.703994989395141,0.106382978723404,0.2,0,1,1,0,1,0,recent
3540,t20260528_11919928.html,2026-05-28,毛宁,湖北广电记者,foreign,53,140,0.633089542388916,0.033898305084745,0.105263157894736,0,1,0,0,2,1,recent
3541,t20260528_11919928.html,2026-05-28,毛宁,韩联社记者,foreign,62,71,0.6046460270881651,0.105263157894736,0.19047619047619002,0,1,1,0,1,0,recent
3542,t20260528_11919928.html,2026-05-28,毛宁,《环球时报》记者,cn,104,196,0.6254446506500241,0.034883720930232,0.10714285714285701,0,1,1,0,1,0,recent
3543,t20260528_11919928.html,2026-05-28,毛宁,法新社记者,foreign,99,127,0.522149145603179,0.045454545454545005,0.08571428571428501,0,1,1,0,1,0,recent
3544,t20260528_11919928.html,2026-05-28,毛宁,今日俄罗斯记者,foreign,104,66,0.637339949607849,0.08,0.12903225806451601,0,1,1,1,1,0,recent
3545,t20260528_11919928.html,2026-05-28,毛宁,路透社记者,foreign,75,88,0.68633484840393,0.054545454545454,0.1,0,1,1,0,1,0,recent
3546,t20260529_11921244.html,2026-05-29,毛宁,巴西《圣保罗页报》记者,foreign,110,24,0.25465983152389504,0.023255813953488,0.027777777777777003,0,1,0,0,1,0,recent
3547,t20260529_11921244.html,2026-05-29,毛宁,中新社记者,cn,67,184,0.699364602565765,0.102564102564102,0.347826086956521,0,1,0,0,1,0,recent
3548,t20260529_11921244.html,2026-05-29,毛宁,法新社记者,foreign,55,117,0.613688826560974,0.058823529411764004,0.15,0,1,0,0,1,0,recent
3549,t20260529_11921244.html,2026-05-29,毛宁,总台央视记者,cn,73,152,0.729855298995971,0.32692307692307604,0.68,0,0,0,0,1,0,recent
3550,t20260529_11921244.html,2026-05-29,毛宁,新华社记者,cn,121,158,0.8287615776062011,0.121621621621621,0.27272727272727204,0,1,0,0,1,0,recent
3551,t20260529_11921244.html,2026-05-29,毛宁,路透社记者,foreign,33,49,0.416015058755874,0.0,0.0,0,0,1,0,2,1,recent
3552,t20260529_11921244.html,2026-05-29,毛宁,深圳卫视记者,cn,124,64,0.6582788228988641,0.034482758620689,0.052631578947368,0,1,1,0,1,0,recent
3553,t20260529_11921244.html,2026-05-29,毛宁,总台华语环球节目中心记者,cn,57,153,0.572198271751403,0.16326530612244802,0.421052631578947,0,1,0,0,1,0,recent
3554,t20260529_11921244.html,2026-05-29,毛宁,《北京日报》记者,foreign,128,142,0.6068460345268251,0.08333333333333301,0.171428571428571,0,0,0,0,1,0,recent
3555,t20260601_11922615.html,2026-06-01,林剑,总台央视记者,cn,31,153,0.754884719848632,0.10869565217391301,0.416666666666666,0,0,0,0,1,0,recent
3556,t20260601_11922615.html,2026-06-01,林剑,法新社记者,foreign,106,55,0.56344598531723,0.02,0.03125,0,1,1,0,1,0,recent
3557,t20260601_11922615.html,2026-06-01,林剑,今日俄罗斯记者,foreign,112,166,0.6135396361351011,0.07228915662650601,0.17647058823529402,0,1,0,0,2,1,recent
3558,t20260601_11922615.html,2026-06-01,林剑,中新社记者,cn,53,150,0.612293243408203,0.032258064516129004,0.11111111111111101,0,1,0,0,1,0,recent
3559,t20260601_11922615.html,2026-06-01,林剑,法新社记者,foreign,87,71,0.7613564729690551,0.10204081632653,0.16129032258064502,0,1,0,0,2,1,recent
3560,t20260601_11922615.html,2026-06-01,林剑,澎湃新闻记者,cn,126,93,0.8774676918983461,0.126984126984126,0.205128205128205,0,1,0,0,2,1,recent
3561,t20260601_11922615.html,2026-06-01,林剑,总台国广记者,cn,72,244,0.8545092344284051,0.11392405063291101,0.39130434782608703,0,1,0,0,1,0,recent
3562,t20260601_11922615.html,2026-06-01,林剑,朝日电视台记者,foreign,37,116,0.7077804803848261,0.073170731707317,0.27272727272727204,0,1,0,0,1,0,recent
3563,t20260602_11923344.html,2026-06-02,毛宁,总台央视记者,cn,65,185,0.75735992193222,0.14084507042253502,0.45454545454545403,0,1,0,0,1,0,recent
3564,t20260602_11923344.html,2026-06-02,毛宁,深圳卫视记者,cn,87,230,0.7150492668151851,0.08641975308641901,0.241379310344827,0,0,1,0,1,0,recent
3565,t20260602_11923344.html,2026-06-02,毛宁,日本电视网记者,foreign,18,28,0.32480171322822504,0.0,0.0,0,0,0,0,1,0,recent
3566,t20260602_11923344.html,2026-06-02,毛宁,《中国日报》记者,cn,123,166,0.6872143745422361,0.081395348837209,0.194444444444444,0,1,0,0,1,0,recent
3567,t20260602_11923344.html,2026-06-02,毛宁,日本电视网记者,foreign,36,11,0.15537777543067902,0.133333333333333,0.15384615384615302,1,1,0,0,1,0,recent
3568,t20260602_11923344.html,2026-06-02,毛宁,新华社记者,cn,148,203,0.7528775930404661,0.040816326530612006,0.088888888888888,0,1,1,0,1,0,recent
3569,t20260603_11924150.html,2026-06-03,毛宁,《人民日报》记者,cn,32,89,0.700335979461669,0.025,0.08333333333333301,0,1,0,0,2,1,recent
3570,t20260603_11924150.html,2026-06-03,毛宁,总台CGTN记者,cn,75,148,0.51207685470581,0.014705882352941001,0.047619047619047006,0,1,0,0,1,0,recent
3571,t20260603_11924150.html,2026-06-03,毛宁,法新社记者,foreign,50,62,0.42595177888870206,0.060606060606060004,0.125,0,1,0,0,1,0,recent
3572,t20260603_11924150.html,2026-06-03,毛宁,中阿卫视记者,foreign,65,100,0.49161171913146906,0.034482758620689,0.09090909090909001,0,1,0,0,1,0,recent
3573,t20260603_11924150.html,2026-06-03,毛宁,湖北广电记者,foreign,95,147,0.538090109825134,0.056338028169014,0.12903225806451601,0,0,1,0,1,0,recent
3574,t20260603_11924150.html,2026-06-03,毛宁,总台中国之声记者,cn,154,150,0.704661309719085,0.14473684210526302,0.275,0,1,0,0,1,0,recent
3575,t20260603_11924150.html,2026-06-03,毛宁,路透社记者,foreign,98,91,0.547853946685791,0.087719298245614,0.172413793103448,0,1,1,0,1,0,recent
3576,t20260603_11924150.html,2026-06-03,毛宁,新华社记者,cn,83,183,0.837138414382934,0.077922077922077,0.22222222222222202,0,1,0,0,1,0,recent
3577,t20260603_11924150.html,2026-06-03,毛宁,法新社记者,foreign,71,90,0.284172415733337,0.0,0.0,0,0,1,0,1,0,recent
3578,t20260603_11924150.html,2026-06-03,毛宁,路透社记者,foreign,65,74,0.630648136138916,0.023809523809523003,0.055555555555555004,0,1,1,0,1,0,recent
3579,t20260604_11937631.html,2026-06-04,毛宁,总台央视记者,cn,175,42,0.7643544673919671,0.11864406779661,0.134615384615384,0,1,0,0,1,0,recent
3580,t20260604_11937631.html,2026-06-04,毛宁,美联社记者,foreign,95,92,0.7093490362167351,0.140350877192982,0.25,0,1,1,0,2,1,recent
3581,t20260604_11937631.html,2026-06-04,毛宁,德新社记者,foreign,44,54,0.5440158843994141,0.074074074074074,0.15384615384615302,0,1,1,0,1,0,recent
3582,t20260604_11937631.html,2026-06-04,毛宁,《北京青年报》记者,foreign,201,139,0.7540067434310911,0.05,0.08196721311475401,0,1,0,0,1,0,recent
3583,t20260604_11937631.html,2026-06-04,毛宁,朝日电视台记者,foreign,44,91,0.8606380224227901,0.189189189189189,0.46666666666666606,0,1,0,0,1,0,recent
3584,t20260605_11938293.html,2026-06-05,毛宁,总台华语环球节目中心记者,cn,112,167,0.706946790218353,0.068965517241379,0.146341463414634,0,1,0,0,1,0,recent
3585,t20260605_11938293.html,2026-06-05,毛宁,《北京日报》记者,foreign,132,43,0.6805783510208131,0.104166666666666,0.128205128205128,0,1,1,0,1,0,recent
3586,t20260605_11938293.html,2026-06-05,毛宁,日本广播协会记者,foreign,58,60,0.663532555103302,0.114285714285714,0.2,0,1,0,0,3,1,recent
3587,t20260605_11938293.html,2026-06-05,毛宁,路透社记者,foreign,44,65,0.46847176551818803,0.03125,0.066666666666666,0,1,0,0,1,0,recent
3588,t20260605_11938293.html,2026-06-05,毛宁,总台央视记者,cn,99,168,0.6643298864364621,0.053333333333333004,0.12121212121212101,0,1,1,0,1,0,recent
3589,t20260605_11938293.html,2026-06-05,毛宁,彭博社记者,foreign,72,144,0.7109708786010741,0.06153846153846101,0.16,0,1,0,1,2,1,recent
3590,t20260605_11938293.html,2026-06-05,毛宁,法新社记者,foreign,67,68,0.7928058505058281,0.088888888888888,0.15384615384615302,0,1,1,0,1,0,recent
3591,t20260605_11938293.html,2026-06-05,毛宁,埃菲社记者,foreign,83,38,0.607804417610168,0.108108108108108,0.148148148148148,0,1,0,0,2,1,recent
3592,t20260608_11939733.html,2026-06-08,林剑,总台央视记者,cn,84,69,0.8742767572402951,0.257142857142857,0.375,0,1,1,0,1,0,recent
3593,t20260608_11939733.html,2026-06-08,林剑,彭博社记者,foreign,50,161,0.7413726449012751,0.059701492537313,0.2,0,0,0,0,1,0,recent
3594,t20260608_11939733.html,2026-06-08,林剑,法新社记者,foreign,41,60,0.73123413324356,0.2,0.375,0,1,1,0,2,1,recent
3595,t20260608_11939733.html,2026-06-08,林剑,乌通社记者,foreign,45,86,0.568647265434265,0.047619047619047006,0.133333333333333,0,1,1,0,1,0,recent
3596,t20260608_11939733.html,2026-06-08,林剑,印度报业托拉斯记者,foreign,99,76,0.771480917930603,0.109090909090909,0.171428571428571,0,1,0,0,1,0,recent
3597,t20260608_11939733.html,2026-06-08,林剑,法新社记者,foreign,24,93,0.39216220378875705,0.0,0.0,0,0,0,0,1,0,recent
3598,t20260609_11940686.html,2026-06-09,林剑,今日俄罗斯记者,foreign,129,59,0.325383722782135,0.035087719298245,0.052631578947368,0,1,0,0,2,1,recent
3599,t20260609_11940686.html,2026-06-09,林剑,韩联社记者,foreign,171,50,0.7323342561721801,0.07142857142857101,0.09090909090909001,0,1,1,0,3,1,recent
3600,t20260609_11940686.html,2026-06-09,林剑,澎湃新闻记者,cn,127,106,0.857648372650146,0.22222222222222202,0.324324324324324,0,1,0,0,1,0,recent
3601,t20260609_11940686.html,2026-06-09,林剑,彭博社记者,foreign,38,83,0.400310963392257,0.0,0.0,0,0,1,0,2,1,recent
3602,t20260609_11940686.html,2026-06-09,林剑,伊朗声像组织记者,foreign,193,235,0.687598586082458,0.080291970802919,0.174603174603174,0,1,0,0,2,1,recent
3603,t20260609_11940686.html,2026-06-09,林剑,日本广播协会记者,foreign,80,11,0.07587541639804801,0.047619047619047006,0.055555555555555004,0,1,1,0,1,0,recent
3604,t20260609_11940686.html,2026-06-09,林剑,法新社记者,foreign,48,95,0.630911350250244,0.044444444444444,0.11764705882352901,0,1,0,0,1,0,recent
3605,t20260609_11940686.html,2026-06-09,林剑,朝日电视台记者,foreign,87,137,0.83128136396408,0.060606060606060004,0.15384615384615302,0,1,0,0,1,0,recent
3606,t20260609_11940686.html,2026-06-09,林剑,彭博社记者,foreign,36,100,0.569477438926696,0.023809523809523003,0.08333333333333301,0,1,1,0,1,0,recent
3607,t20260609_11940686.html,2026-06-09,林剑,韩联社记者,foreign,78,263,0.630964756011962,0.066666666666666,0.24,0,1,1,0,1,0,recent
3608,t20260610_11941616.html,2026-06-10,林剑,新华社记者,cn,100,58,0.6365027427673341,0.07142857142857101,0.11111111111111101,0,1,0,0,1,0,recent
3609,t20260610_11941616.html,2026-06-10,林剑,中阿卫视记者,foreign,67,76,0.49092632532119707,0.08333333333333301,0.18181818181818102,0,1,0,0,1,0,recent
3610,t20260610_11941616.html,2026-06-10,林剑,香港中评社记者,cn,225,99,0.696776866912841,0.028301886792452,0.041666666666666005,0,1,1,0,1,0,recent
3611,t20260610_11941616.html,2026-06-10,林剑,俄新社记者,foreign,55,97,0.544050216674804,0.02,0.047619047619047006,0,1,1,0,1,0,recent
3612,t20260611_11942454.html,2026-06-11,林剑,总台央视记者,cn,30,60,0.424591958522796,0.0625,0.15384615384615302,0,1,0,0,1,0,recent
3613,t20260611_11942454.html,2026-06-11,林剑,东京电视台记者,foreign,56,30,0.5734148025512691,0.07692307692307601,0.11111111111111101,0,1,0,0,2,1,recent
3614,t20260611_11942454.html,2026-06-11,林剑,伊朗声像组织记者,foreign,86,112,0.69390457868576,0.08333333333333301,0.2,0,1,1,0,2,1,recent
3615,t20260611_11942454.html,2026-06-11,林剑,法新社记者,foreign,50,80,0.6761062145233151,0.073170731707317,0.17647058823529402,0,1,0,0,1,0,recent
3616,t20260611_11942454.html,2026-06-11,林剑,深圳卫视记者,cn,96,211,0.632016122341156,0.07608695652173901,0.21212121212121202,0,1,0,0,1,0,recent
3617,t20260611_11942454.html,2026-06-11,林剑,法新社记者,foreign,79,29,0.33351737260818404,0.0,0.0,0,1,0,0,2,1,recent
3618,t20260611_11942454.html,2026-06-11,林剑,法新社记者,foreign,60,71,0.7218631505966181,0.07142857142857101,0.15,0,1,0,0,1,0,recent
3619,t20260612_11943460.html,2026-06-12,林剑,总台CGTN记者,cn,54,69,0.827425599098205,0.1875,0.30000000000000004,0,1,0,0,3,1,recent
3620,t20260612_11943460.html,2026-06-12,林剑,朝日新闻记者,foreign,46,145,0.811802506446838,0.127272727272727,0.388888888888888,0,0,1,0,1,0,recent
3621,t20260612_11943460.html,2026-06-12,林剑,今日俄罗斯记者,foreign,93,90,0.570165336132049,0.050847457627118,0.09375000000000001,0,1,1,0,1,0,recent
3622,t20260612_11943460.html,2026-06-12,林剑,路透社记者,foreign,61,113,0.542413711547851,0.08,0.23529411764705802,0,1,0,0,1,0,recent
3623,t20260612_11943460.html,2026-06-12,林剑,《中国日报》记者,cn,40,116,0.703598260879516,0.045454545454545005,0.133333333333333,0,1,0,0,2,1,recent
3624,t20260612_11943460.html,2026-06-12,林剑,俄新社记者,foreign,54,58,0.512362360954284,0.026315789473684,0.052631578947368,0,1,1,0,1,0,recent
3625,t20260612_11943460.html,2026-06-12,林剑,《环球时报》记者,cn,71,133,0.7471576929092401,0.15,0.33333333333333304,0,1,0,0,1,0,recent
3626,t20260615_11945840.html,2026-06-15,林剑,总台央视记者,cn,47,167,0.7678530216217041,0.10714285714285701,0.4,0,1,0,0,2,1,recent
3627,t20260615_11945840.html,2026-06-15,林剑,阿纳多卢通讯社记者,foreign,71,124,0.6893506050109861,0.06451612903225801,0.16,0,1,1,0,1,0,recent
3628,t20260615_11945840.html,2026-06-15,林剑,阿纳多卢通讯社记者,foreign,67,94,0.6363288760185241,0.054545454545454,0.130434782608695,0,1,0,0,1,0,recent
3629,t20260615_11945840.html,2026-06-15,林剑,法新社记者,foreign,23,115,0.681314885616302,0.05,0.25,0,0,0,0,1,0,recent
3630,t20260615_11945840.html,2026-06-15,林剑,阿纳多卢通讯社记者,foreign,53,184,0.60180377960205,0.055555555555555004,0.23529411764705802,0,1,0,0,3,1,recent
3631,t20260615_11945840.html,2026-06-15,林剑,乌通社记者,foreign,52,40,0.320058047771453,0.032258064516129004,0.052631578947368,0,0,1,0,1,0,recent
3632,t20260615_11945840.html,2026-06-15,林剑,法新社记者,foreign,67,144,0.709231257438659,0.046875,0.12,0,1,1,0,1,0,recent
3633,t20260616_11946785.html,2026-06-16,林剑,新华社记者,cn,31,137,0.7970501184463501,0.07692307692307601,0.33333333333333304,0,0,0,0,1,0,recent
3634,t20260616_11946785.html,2026-06-16,林剑,总台CGTN记者,cn,166,67,0.6897838115692131,0.059701492537313,0.08163265306122401,0,1,0,0,1,0,recent
3635,t20260616_11946785.html,2026-06-16,林剑,伊朗声像组织记者,foreign,47,80,0.7656038999557491,0.06818181818181801,0.157894736842105,0,1,0,0,1,0,recent
3636,t20260616_11946785.html,2026-06-16,林剑,中新社记者,cn,48,112,0.917169034481048,0.24390243902439002,0.5263157894736841,0,1,0,0,1,0,recent
3637,t20260616_11946785.html,2026-06-16,林剑,法新社记者,foreign,72,89,0.8110183477401731,0.15217391304347802,0.318181818181818,0,1,0,0,1,0,recent
3638,t20260616_11946785.html,2026-06-16,林剑,德新社记者,foreign,56,18,0.035573236644268,0.033333333333333,0.043478260869565,0,1,1,0,1,0,recent
3639,t20260617_11947482.html,2026-06-17,林剑,总台央视记者,cn,43,89,0.792537569999694,0.097560975609756,0.25,0,1,0,0,1,0,recent
3640,t20260617_11947482.html,2026-06-17,林剑,《人民日报》记者,cn,78,106,0.852624058723449,0.33333333333333304,0.5769230769230761,0,1,0,0,1,0,recent
3641,t20260617_11947482.html,2026-06-17,林剑,《北京青年报》记者,foreign,70,187,0.77124285697937,0.159420289855072,0.423076923076923,0,1,0,0,1,0,recent
3642,t20260617_11947482.html,2026-06-17,林剑,深圳卫视记者,cn,42,140,0.632231891155242,0.018181818181818,0.07142857142857101,0,1,0,0,1,0,recent
3643,t20260617_11947482.html,2026-06-17,林剑,《环球时报》记者,cn,84,89,0.8773788213729851,0.23076923076923,0.375,0,1,0,0,1,0,recent
3644,t20260617_11947482.html,2026-06-17,林剑,法新社记者,foreign,73,76,0.672853231430053,0.106382978723404,0.21739130434782603,0,1,1,0,1,0,recent
3645,t20260618_11948460.html,2026-06-18,林剑,凤凰卫视记者,cn,85,142,0.602192044258117,0.140625,0.34615384615384603,0,1,0,0,1,0,recent
3646,t20260618_11948460.html,2026-06-18,林剑,伊朗声像组织记者,foreign,90,85,0.6656967401504511,0.157894736842105,0.257142857142857,0,1,0,0,1,0,recent
3647,t20260618_11948460.html,2026-06-18,林剑,总台华语环球节目中心记者,cn,68,136,0.743151783943176,0.226415094339622,0.48,0,1,0,0,1,0,recent
3648,t20260618_11948460.html,2026-06-18,林剑,俄新社记者,foreign,68,135,0.655081987380981,0.08955223880597,0.260869565217391,0,1,1,0,1,0,recent
3649,t20260618_11948460.html,2026-06-18,林剑,路透社记者,foreign,53,143,0.686292171478271,0.063492063492063,0.22222222222222202,0,1,1,0,1,0,recent
3650,t20260618_11948460.html,2026-06-18,林剑,澎湃新闻记者,cn,98,26,0.544472694396972,0.1,0.11764705882352901,0,1,1,0,1,0,recent
3651,t20260618_11948460.html,2026-06-18,林剑,《环球时报》记者,cn,135,189,0.627165555953979,0.06451612903225801,0.130434782608695,0,1,1,0,1,0,recent
3652,t20260618_11948460.html,2026-06-18,林剑,《中国日报》记者,cn,60,130,0.8865995407104491,0.183673469387755,0.42857142857142805,0,1,0,0,1,0,recent
3653,t20260618_11948460.html,2026-06-18,林剑,法新社记者,foreign,36,164,0.5439018607139581,0.04918032786885201,0.23076923076923,0,1,0,0,1,0,recent
3654,t20260618_11948460.html,2026-06-18,林剑,《北京日报》记者,foreign,160,259,0.716171503067016,0.093457943925233,0.212765957446808,0,0,0,0,1,0,recent
3655,t20260618_11948460.html,2026-06-18,林剑,路透社记者,foreign,118,178,0.784997344017028,0.08333333333333301,0.194444444444444,0,1,1,0,1,0,recent
3656,t20260618_11948460.html,2026-06-18,林剑,湖北广电记者,foreign,83,182,0.740550398826599,0.104477611940298,0.291666666666666,0,1,1,0,1,0,recent
3657,t20260622_11949925.html,2026-06-22,郭嘉昆,总台央视记者,cn,43,162,0.682921886444091,0.0625,0.266666666666666,0,1,0,0,1,0,recent
3658,t20260622_11949925.html,2026-06-22,郭嘉昆,法新社记者,foreign,71,55,0.57641065120697,0.15,0.24,0,1,0,0,1,0,recent
3659,t20260622_11949925.html,2026-06-22,郭嘉昆,白俄罗斯国家广播电视公司记者,foreign,60,98,0.43463012576103205,0.055555555555555004,0.13636363636363602,0,1,0,0,1,0,recent
3660,t20260622_11949925.html,2026-06-22,郭嘉昆,《中国日报》记者,cn,58,123,0.851580739021301,0.092592592592592,0.21739130434782603,0,1,0,0,3,1,recent
3661,t20260622_11949925.html,2026-06-22,郭嘉昆,路透社记者,foreign,89,83,0.37985074520111,0.016666666666666,0.033333333333333,1,1,0,0,2,1,recent
3662,t20260622_11949925.html,2026-06-22,郭嘉昆,总台国广记者,cn,41,164,0.7270824909210201,0.131147540983606,0.5,0,1,0,0,2,1,recent
3663,t20260622_11949925.html,2026-06-22,郭嘉昆,埃菲社记者,foreign,73,75,0.748567581176757,0.22222222222222202,0.37037037037037,0,1,0,0,2,1,recent
3664,t20260622_11949925.html,2026-06-22,郭嘉昆,澎湃新闻记者,cn,192,171,0.6356045007705681,0.09375000000000001,0.160714285714285,0,1,0,0,1,0,recent
3665,t20260622_11949925.html,2026-06-22,郭嘉昆,路透社记者,foreign,49,126,0.5958291292190551,0.058823529411764004,0.1875,0,1,0,0,3,1,recent
3666,t20260622_11949925.html,2026-06-22,郭嘉昆,彭博社记者,foreign,49,34,0.49386656284332203,0.035714285714285005,0.055555555555555004,0,1,0,0,2,1,recent
3667,t20260622_11949925.html,2026-06-22,郭嘉昆,路透社记者,foreign,56,319,0.8052570819854731,0.079545454545454,0.46666666666666606,0,1,0,0,1,0,recent
3668,t20260623_11950728.html,2026-06-23,郭嘉昆,总台央视记者,cn,177,257,0.699902951717376,0.094827586206896,0.189655172413793,0,1,1,0,1,0,recent
3669,t20260623_11950728.html,2026-06-23,郭嘉昆,今日俄罗斯记者,foreign,135,28,0.37868869304656905,0.133333333333333,0.15384615384615302,0,1,1,0,2,1,recent
3670,t20260623_11950728.html,2026-06-23,郭嘉昆,《印度教徒报 》 记者,foreign,75,145,0.6857950687408441,0.16666666666666602,0.384615384615384,0,1,0,0,2,1,recent
3671,t20260623_11950728.html,2026-06-23,郭嘉昆,德新社记者,foreign,41,118,0.326800256967544,0.020833333333333003,0.08333333333333301,0,0,0,0,2,1,recent
3672,t20260624_11951514.html,2026-06-24,郭嘉昆,总台央视记者,cn,117,83,0.8641494512557981,0.265306122448979,0.35135135135135104,0,1,0,0,1,0,recent
3673,t20260624_11951514.html,2026-06-24,郭嘉昆,共同社记者,foreign,64,77,0.7661548852920531,0.075,0.157894736842105,0,1,1,0,1,0,recent
3674,t20260624_11951514.html,2026-06-24,郭嘉昆,伊朗声像组织记者,foreign,61,211,0.7585731148719781,0.056818181818181004,0.277777777777777,0,1,0,0,2,1,recent
3675,t20260624_11951514.html,2026-06-24,郭嘉昆,中新社记者,cn,61,72,0.8333382606506341,0.39393939393939303,0.6190476190476191,0,0,0,0,1,0,recent
3676,t20260624_11951514.html,2026-06-24,郭嘉昆,日本广播协会记者,foreign,35,32,0.7412617206573481,0.04,0.07142857142857101,1,1,0,0,1,0,recent
3677,t20260624_11951514.html,2026-06-24,郭嘉昆,深圳卫视记者,cn,196,149,0.7014051675796501,0.019230769230769003,0.034482758620689,0,0,1,0,1,0,recent
3678,t20260625_11952304.html,2026-06-25,郭嘉昆,湖北广电记者,foreign,134,83,0.6119554638862611,0.063492063492063,0.102564102564102,0,1,1,0,1,0,recent
3679,t20260625_11952304.html,2026-06-25,郭嘉昆,委内瑞拉南方电视台记者,foreign,80,100,0.785024762153625,0.057692307692307,0.115384615384615,0,1,0,0,1,0,recent
3680,t20260625_11952304.html,2026-06-25,郭嘉昆,路透社记者,foreign,32,53,0.836256086826324,0.27272727272727204,0.6000000000000001,0,1,0,0,2,1,recent
3681,t20260625_11952304.html,2026-06-25,郭嘉昆,《环球时报》记者,cn,129,111,0.6332209110260011,0.028169014084507,0.054054054054054,0,1,1,0,1,0,recent
3682,t20260625_11952304.html,2026-06-25,郭嘉昆,总台CGTN记者,cn,185,172,0.7284247875213621,0.079207920792079,0.14285714285714202,0,1,0,0,1,0,recent
3683,t20260625_11952304.html,2026-06-25,郭嘉昆,总台中国之声记者,cn,101,157,0.579986631870269,0.049382716049382006,0.12903225806451601,0,1,0,0,1,0,recent
3684,t20260625_11952304.html,2026-06-25,郭嘉昆,路透社记者,foreign,77,152,0.7307604551315301,0.08571428571428501,0.22222222222222202,0,1,1,0,1,0,recent
3685,t20260625_11952304.html,2026-06-25,郭嘉昆,路透社记者,foreign,68,178,0.723169326782226,0.10958904109589,0.30769230769230704,0,1,1,0,1,0,recent
3686,t20260626_11953047.html,2026-06-26,郭嘉昆,《北京青年报》记者,foreign,39,146,0.7524423599243161,0.054545454545454,0.21428571428571402,0,0,0,0,1,0,recent
3687,t20260626_11953047.html,2026-06-26,郭嘉昆,委内瑞拉南方电视台记者,foreign,99,108,0.822700142860412,0.1875,0.27272727272727204,0,1,0,0,2,1,recent
3688,t20260626_11953047.html,2026-06-26,郭嘉昆,总台央视记者,cn,116,38,0.6359007358551021,0.02,0.024390243902439,0,1,0,0,1,0,recent
3689,t20260626_11953047.html,2026-06-26,郭嘉昆,韩联社记者,foreign,38,97,0.7985120415687561,0.044444444444444,0.125,0,1,0,0,1,0,recent
3690,t20260626_11953047.html,2026-06-26,郭嘉昆,日本广播协会记者,foreign,112,167,0.696312725543975,0.047058823529411,0.11111111111111101,0,1,0,0,3,1,recent
3691,t20260626_11953047.html,2026-06-26,郭嘉昆,印度报业托拉斯记者,foreign,146,128,0.77141386270523,0.17567567567567502,0.282608695652173,0,1,0,0,2,1,recent
3692,t20260626_11953047.html,2026-06-26,郭嘉昆,新华社记者,cn,39,150,0.8238091468811031,0.09803921568627401,0.33333333333333304,0,1,0,0,2,1,recent
3693,t20260626_11953047.html,2026-06-26,郭嘉昆,总台国广记者,cn,60,123,0.789114892482757,0.17391304347826,0.47058823529411703,0,1,0,0,2,1,recent
3694,t20260626_11953047.html,2026-06-26,郭嘉昆,法新社记者,foreign,82,106,0.6257526874542231,0.055555555555555004,0.10714285714285701,0,1,1,0,1,0,recent
3695,t20260626_11953047.html,2026-06-26,郭嘉昆,《人民日报》记者,cn,47,135,0.683151483535766,0.065217391304347,0.2,0,1,0,0,2,1,recent
3696,t20260629_11954266.html,2026-06-29,郭嘉昆,总台央视记者,cn,57,214,0.7724418640136711,0.07462686567164101,0.3125,0,1,0,0,1,0,recent
3697,t20260629_11954266.html,2026-06-29,郭嘉昆,日本广播协会记者,foreign,111,151,0.5738810300827021,0.12,0.25,0,1,1,0,2,1,recent
3698,t20260629_11954266.html,2026-06-29,郭嘉昆,法新社记者,foreign,87,107,0.5153427124023431,0.101694915254237,0.2,0,1,1,0,1,0,recent
3699,t20260629_11954266.html,2026-06-29,郭嘉昆,彭博社记者,foreign,90,87,0.6099053025245661,0.065217391304347,0.13636363636363602,0,1,0,0,3,1,recent
3700,t20260629_11954266.html,2026-06-29,郭嘉昆,彭博社记者,foreign,63,141,0.7233003377914421,0.084745762711864,0.25,0,1,0,0,1,0,recent
3701,t20260629_11954266.html,2026-06-29,郭嘉昆,彭博社记者,foreign,26,50,0.752249360084533,0.2,0.44444444444444403,0,1,0,0,1,0,recent
3702,t20260630_11954892.html,2026-06-30,郭嘉昆,新华社记者,cn,51,163,0.8153772354125971,0.107692307692307,0.41176470588235203,0,1,0,0,2,1,recent
3703,t20260630_11954892.html,2026-06-30,郭嘉昆,法新社记者,foreign,78,23,0.6504161357879631,0.029411764705882002,0.035714285714285005,0,1,0,0,1,0,recent
3704,t20260630_11954892.html,2026-06-30,郭嘉昆,总台CGTN记者,cn,88,162,0.678896009922027,0.057971014492753006,0.18181818181818102,0,1,0,0,1,0,recent
3705,t20260630_11954892.html,2026-06-30,郭嘉昆,《中国日报》记者,cn,69,167,0.864071249961853,0.122807017543859,0.33333333333333304,0,0,0,0,1,0,recent
3706,t20260630_11954892.html,2026-06-30,郭嘉昆,彭博社记者,foreign,89,52,0.7192029953002931,0.047619047619047006,0.07692307692307601,0,1,0,0,1,0,recent
3707,t20260701_11955763.html,2026-07-01,郭嘉昆,总台央视记者,cn,114,151,0.8550307154655451,0.041095890410958,0.09090909090909001,0,1,0,0,1,0,recent
3708,t20260701_11955763.html,2026-07-01,郭嘉昆,伊朗声像组织记者,foreign,75,67,0.800580143928527,0.08,0.137931034482758,0,1,1,0,3,1,recent
3709,t20260701_11955763.html,2026-07-01,郭嘉昆,澎湃新闻记者,cn,73,107,0.7727362513542171,0.051724137931034,0.12,0,1,1,0,1,0,recent
3710,t20260701_11955763.html,2026-07-01,郭嘉昆,日本时事通讯社记者,foreign,170,20,0.40530258417129505,0.075471698113207,0.08,0,1,0,0,4,1,recent
3711,t20260701_11955763.html,2026-07-01,郭嘉昆,法新社记者,foreign,42,93,0.6097390055656431,0.022222222222222,0.066666666666666,0,1,1,0,1,0,recent
3712,t20260701_11955763.html,2026-07-01,郭嘉昆,凤凰卫视记者,cn,117,257,0.707652688026428,0.041666666666666005,0.114285714285714,0,1,1,0,1,0,recent
3713,t20260702_11956618.html,2026-07-02,郭嘉昆,《环球时报》记者,cn,108,65,0.35362297296524003,0.055555555555555004,0.08823529411764701,0,0,0,0,1,0,recent
3714,t20260702_11956618.html,2026-07-02,郭嘉昆,日本时事通讯社记者,foreign,139,51,0.643528461456298,0.08196721311475401,0.10204081632653,0,1,1,1,4,1,recent
3715,t20260702_11956618.html,2026-07-02,郭嘉昆,法新社记者,foreign,59,17,0.245815426111221,0.0,0.0,0,1,1,0,1,0,recent
3716,t20260703_11974639.html,2026-07-03,郭嘉昆,《北京日报》记者,foreign,49,102,0.634459257125854,0.07692307692307601,0.17647058823529402,0,1,0,0,2,1,recent
3717,t20260703_11974639.html,2026-07-03,郭嘉昆,路透社记者,foreign,79,44,0.35501295328140203,0.081081081081081,0.10714285714285701,0,1,0,0,1,0,recent
3718,t20260703_11974639.html,2026-07-03,郭嘉昆,深圳卫视记者,cn,68,74,0.7482497096061701,0.14285714285714202,0.260869565217391,0,1,0,0,1,0,recent
3719,t20260703_11974639.html,2026-07-03,郭嘉昆,法新社记者,foreign,66,82,0.414588093757629,0.021739130434782,0.043478260869565,0,1,1,0,1,0,recent
3720,t20260703_11974639.html,2026-07-03,郭嘉昆,总台CGTN记者,cn,43,223,0.748120725154876,0.12903225806451601,0.5714285714285711,0,1,0,0,1,0,recent
3721,t20260703_11974639.html,2026-07-03,郭嘉昆,中新社记者,cn,201,94,0.412290602922439,0.09638554216867401,0.13559322033898302,0,1,1,0,1,0,recent
3722,t20260703_11974639.html,2026-07-03,郭嘉昆,彭博社记者,foreign,59,85,0.532076597213745,0.041666666666666005,0.09523809523809501,0,1,0,1,2,1,recent
3723,t20260706_11975942.html,2026-07-06,毛宁,《环球时报》记者,cn,127,156,0.5931652784347531,0.047058823529411,0.093023255813953,0,1,0,0,1,0,recent
3724,t20260706_11975942.html,2026-07-06,毛宁,总台央视记者,cn,33,46,0.8520177602767941,0.44444444444444403,0.7272727272727271,0,1,0,0,1,0,recent
3725,t20260706_11975942.html,2026-07-06,毛宁,日本广播协会记者,foreign,45,68,0.508369982242584,0.060606060606060004,0.15384615384615302,0,1,1,0,2,1,recent
3726,t20260706_11975942.html,2026-07-06,毛宁,中新社记者,cn,77,169,0.7523285746574401,0.056338028169014,0.15384615384615302,0,1,0,0,1,0,recent
3727,t20260706_11975942.html,2026-07-06,毛宁,法新社记者,foreign,68,86,0.39542478322982705,0.0,0.0,0,1,1,0,1,0,recent
3728,t20260706_11975942.html,2026-07-06,毛宁,荷兰广播协会记者,foreign,77,89,0.571063637733459,0.061224489795918005,0.130434782608695,0,1,1,0,2,1,recent
3729,t20260706_11975942.html,2026-07-06,毛宁,彭博社记者,foreign,73,102,0.52103590965271,0.017857142857142003,0.043478260869565,0,1,0,0,1,0,recent
3730,t20260706_11975942.html,2026-07-06,毛宁,德新社记者,foreign,87,41,0.877518653869628,0.138888888888888,0.185185185185185,0,1,0,0,2,1,recent
3731,t20260707_11976893.html,2026-07-07,毛宁,委内瑞拉南方电视台记者,foreign,129,215,0.806762099266052,0.11392405063291101,0.257142857142857,0,1,0,0,2,1,recent
3732,t20260707_11976893.html,2026-07-07,毛宁,总台华语环球节目中心记者,cn,41,151,0.736516237258911,0.132075471698113,0.46666666666666606,0,0,0,0,1,0,recent
3733,t20260707_11976893.html,2026-07-07,毛宁,《北京青年报》记者,foreign,91,86,0.656818568706512,0.037037037037037,0.06451612903225801,0,1,0,0,1,0,recent
3734,t20260707_11976893.html,2026-07-07,毛宁,深圳卫视记者,cn,58,129,0.578479051589965,0.08695652173913,0.266666666666666,0,1,0,0,2,1,recent
3735,t20260707_11976893.html,2026-07-07,毛宁,法新社记者,foreign,65,96,0.643879055976867,0.061224489795918005,0.13636363636363602,0,1,1,0,1,0,recent
3736,t20260707_11976893.html,2026-07-07,毛宁,委内瑞拉南方电视台记者,foreign,156,61,0.5214518308639521,0.059701492537313,0.07692307692307601,0,1,1,0,1,0,recent
3737,t20260708_11977705.html,2026-07-08,毛宁,总台央视记者,cn,128,193,0.7323668003082271,0.09782608695652101,0.23076923076923,0,1,0,0,1,0,recent
3738,t20260708_11977705.html,2026-07-08,毛宁,埃菲社记者,foreign,64,17,0.5282679796218871,0.09090909090909001,0.11111111111111101,0,1,0,0,1,0,recent
3739,t20260708_11977705.html,2026-07-08,毛宁,法新社记者,foreign,41,80,0.679052114486694,0.11904761904761901,0.29411764705882304,0,0,0,0,2,1,recent
3740,t20260709_11978521.html,2026-07-09,毛宁,新华社记者,cn,26,142,0.458201587200164,0.018867924528301,0.1,0,1,0,0,1,0,recent
3741,t20260709_11978521.html,2026-07-09,毛宁,巴西UOL媒体集团记者,foreign,89,169,0.7576435804367061,0.11111111111111101,0.25806451612903203,0,1,0,0,2,1,recent
3742,t20260709_11978521.html,2026-07-09,毛宁,总台CGTN记者,cn,43,284,0.755858898162841,0.05747126436781601,0.33333333333333304,0,1,1,0,1,0,recent
3743,t20260709_11978521.html,2026-07-09,毛宁,法新社记者,foreign,59,26,0.18435588479042,0.0,0.0,1,1,1,0,1,0,recent
3744,t20260709_11978521.html,2026-07-09,毛宁,路透社记者,foreign,51,112,0.6159065961837761,0.072727272727272,0.210526315789473,0,1,1,0,1,0,recent
3745,t20260709_11978521.html,2026-07-09,毛宁,《北京日报》记者,foreign,90,90,0.612570405006408,0.057692307692307,0.115384615384615,0,1,0,0,1,0,recent
3746,t20260709_11978521.html,2026-07-09,毛宁,法新社记者,foreign,73,70,0.600349605083465,0.063829787234042,0.115384615384615,0,1,0,0,1,0,recent
3747,t20260709_11978521.html,2026-07-09,毛宁,奥地利电视台记者,foreign,43,111,0.700347423553466,0.06,0.2,0,1,1,0,1,0,recent
3748,t20260709_11978521.html,2026-07-09,毛宁,彭博社记者,foreign,45,56,0.281596660614013,0.0,0.0,0,0,1,0,1,0,recent
3749,t20260709_11978521.html,2026-07-09,毛宁,路透社记者,foreign,45,65,0.810335278511047,0.055555555555555004,0.125,0,1,1,0,1,0,recent
3750,t20260710_11979532.html,2026-07-10,毛宁,总台国广记者,cn,45,142,0.725310027599334,0.127272727272727,0.41176470588235203,0,1,0,0,1,0,recent
3751,t20260710_11979532.html,2026-07-10,毛宁,总台央视记者,cn,35,195,0.7667824625968931,0.07575757575757501,0.384615384615384,0,1,0,0,1,0,recent
3752,t20260710_11979532.html,2026-07-10,毛宁,路透社记者,foreign,94,67,0.7912518978118891,0.14285714285714202,0.22222222222222202,0,1,1,0,1,0,recent
3753,t20260710_11979532.html,2026-07-10,毛宁,澎湃新闻记者,cn,77,34,0.757520139217376,0.138888888888888,0.172413793103448,0,1,0,0,1,0,recent
3754,t20260710_11979532.html,2026-07-10,毛宁,俄新社记者,foreign,60,99,0.683710217475891,0.057692307692307,0.13636363636363602,0,1,0,0,1,0,recent
3755,t20260710_11979532.html,2026-07-10,毛宁,韩联社记者,foreign,43,92,0.885358929634094,0.30000000000000004,0.6923076923076921,0,0,0,0,1,0,recent
3756,t20260713_11980951.html,2026-07-13,林剑,总台央视记者,cn,60,144,0.886010527610778,0.24,0.631578947368421,0,1,0,0,1,0,recent
3757,t20260713_11980951.html,2026-07-13,林剑,中新社记者,cn,54,131,0.7374943494796751,0.16666666666666602,0.38095238095238004,0,1,0,0,3,1,recent
3758,t20260713_11980951.html,2026-07-13,林剑,俄新社记者,foreign,79,85,0.5534652471542351,0.056603773584905,0.11111111111111101,0,0,1,0,1,0,recent
3759,t20260713_11980951.html,2026-07-13,林剑,澎湃新闻记者,cn,89,218,0.5588302612304681,0.04,0.11111111111111101,0,1,0,0,1,0,recent
3760,t20260713_11980951.html,2026-07-13,林剑,俄新社记者,foreign,28,110,0.6420630812644951,0.022727272727272003,0.09090909090909001,0,0,0,0,1,0,recent
3761,t20260714_11981971.html,2026-07-14,林剑,总台央视记者,cn,61,187,0.673765957355499,0.11290322580645101,0.388888888888888,0,0,1,0,1,0,recent
3762,t20260714_11981971.html,2026-07-14,林剑,深圳卫视记者,cn,94,110,0.7673597335815431,0.306122448979591,0.5172413793103441,0,0,1,0,2,1,recent
3763,t20260714_11981971.html,2026-07-14,林剑,伊朗声像组织记者,foreign,71,176,0.6415160298347471,0.012048192771084001,0.043478260869565,0,1,1,0,3,1,recent
3764,t20260714_11981971.html,2026-07-14,林剑,总台CGTN记者,cn,46,121,0.7464224100112911,0.042553191489361,0.14285714285714202,0,1,0,0,2,1,recent
3765,t20260714_11981971.html,2026-07-14,林剑,埃菲社记者,foreign,66,37,0.507380008697509,0.028571428571428,0.045454545454545005,0,1,0,0,1,0,recent
3766,t20260715_11983046.html,2026-07-15,林剑,新华社记者,cn,203,274,0.8582776784896851,0.201923076923076,0.39622641509433904,0,1,0,0,2,1,recent
3767,t20260715_11983046.html,2026-07-15,林剑,拉通社记者,foreign,51,173,0.852197468280792,0.14516129032258002,0.47368421052631504,0,1,1,0,1,0,recent
3768,t20260715_11983046.html,2026-07-15,林剑,《北京青年报》记者,foreign,107,123,0.48376470804214405,0.027397260273972,0.057142857142857,0,1,0,0,1,0,recent
3769,t20260715_11983046.html,2026-07-15,林剑,彭博社记者,foreign,94,85,0.43365067243576005,0.017241379310344,0.032258064516129004,0,1,1,0,1,0,recent
3770,t20260716_11984170.html,2026-07-16,林剑,总台央视记者,cn,177,113,0.792485833168029,0.061728395061728,0.09803921568627401,0,1,0,0,1,0,recent
3771,t20260716_11984170.html,2026-07-16,林剑,今日俄罗斯记者,foreign,76,161,0.8058002591133111,0.105263157894736,0.30000000000000004,0,1,0,0,2,1,recent
3772,t20260716_11984170.html,2026-07-16,林剑,总台华语环球节目中心记者,cn,69,94,0.7648593187332151,0.19565217391304301,0.409090909090909,0,1,0,0,1,0,recent
3773,t20260716_11984170.html,2026-07-16,林剑,《北京日报》记者,foreign,47,112,0.810152351856231,0.204545454545454,0.642857142857142,0,1,0,0,1,0,recent
3774,t20260716_11984170.html,2026-07-16,林剑,《环球时报》记者,cn,155,106,0.813342869281768,0.073170731707317,0.11764705882352901,0,1,0,0,1,0,recent
3775,t20260716_11984170.html,2026-07-16,林剑,印度报业托拉斯记者,foreign,70,10,0.440352797508239,0.04,0.045454545454545005,0,1,0,0,2,1,recent
3776,t20260716_11984170.html,2026-07-16,林剑,新华社记者,cn,75,339,0.609138846397399,0.035714285714285005,0.15384615384615302,0,1,1,0,1,0,recent
3777,t20260717_11984988.html,2026-07-17,林剑,总台央视记者,cn,99,76,0.880148112773895,0.45454545454545403,0.5769230769230761,0,1,0,0,2,1,recent
3778,t20260717_11984988.html,2026-07-17,林剑,澎湃新闻记者,cn,70,129,0.809195399284362,0.268292682926829,0.5,0,1,0,0,2,1,recent
3779,t20260717_11984988.html,2026-07-17,林剑,路透社记者,foreign,96,161,0.7474426627159111,0.08333333333333301,0.23076923076923,0,1,0,0,2,1,recent
3780,t20260717_11984988.html,2026-07-17,林剑,美联社记者,foreign,27,30,0.6347975134849541,0.055555555555555004,0.1,0,1,0,0,1,0,recent
3781,t20260717_11984988.html,2026-07-17,林剑,彭博社记者,foreign,91,27,0.35359534621238703,0.125,0.15384615384615302,0,1,1,0,1,0,recent
3782,t20260717_11984988.html,2026-07-17,林剑,巴西《圣保罗页报》记者,foreign,77,63,0.512150228023529,0.063829787234042,0.10714285714285701,0,1,1,0,1,0,recent
3783,t20260717_11984988.html,2026-07-17,林剑,彭博社记者,foreign,44,45,0.5643123388290401,0.0,0.0,0,1,0,0,1,0,recent
3784,t20260717_11984988.html,2026-07-17,林剑,巴西《环球报》记者,foreign,73,79,0.511854588985443,0.047619047619047006,0.11111111111111101,0,1,1,0,1,0,recent
3785,t20260717_11984988.html,2026-07-17,林剑,路透社记者,foreign,57,74,0.6434800624847411,0.17500000000000002,0.36842105263157804,0,0,0,0,1,0,recent
3786,t20260720_11986571.html,2026-07-20,林剑,澎湃新闻记者,cn,119,121,0.8126562833786011,0.14285714285714202,0.23809523809523803,0,1,0,0,2,1,recent
3787,t20260720_11986571.html,2026-07-20,林剑,路透社记者,foreign,74,46,0.841432392597198,0.15625,0.21739130434782603,0,1,0,0,1,0,recent
3788,t20260720_11986571.html,2026-07-20,林剑,总台央视记者,cn,38,90,0.607640445232391,0.1,0.33333333333333304,0,1,0,0,1,0,recent
3789,t20260720_11986571.html,2026-07-20,林剑,新华社记者,cn,40,115,0.6633720397949211,0.12195121951219501,0.33333333333333304,0,1,0,0,1,0,recent
3790,t20260720_11986571.html,2026-07-20,林剑,彭博社记者,foreign,164,48,0.462494730949401,0.050847457627118,0.06818181818181801,0,1,0,0,5,1,recent
3791,t20260720_11986571.html,2026-07-20,林剑,《人民日报》记者,cn,40,99,0.619673132896423,0.02127659574468,0.07142857142857101,0,1,0,0,1,0,recent
3792,t20260720_11986571.html,2026-07-20,林剑,《环球时报》记者,cn,114,90,0.8420246243476861,0.127272727272727,0.2,0,1,1,0,1,0,recent
3793,t20260720_11986571.html,2026-07-20,林剑,彭博社记者,foreign,56,74,0.48782604932785006,0.051282051282051,0.105263157894736,0,1,0,1,2,1,recent
3794,t20260720_11986571.html,2026-07-20,林剑,凤凰卫视记者,cn,41,66,0.5941916108131401,0.081081081081081,0.21428571428571402,0,1,1,0,1,0,recent
3795,t20260720_11986571.html,2026-07-20,林剑,深圳卫视记者,cn,122,122,0.7284575700759881,0.104477611940298,0.20588235294117602,0,1,1,0,1,0,recent
3796,t20260721_11989097.html,2026-07-21,林剑,《环球时报》 记者,cn,71,58,0.690062880516052,0.13157894736842102,0.23809523809523803,0,1,0,0,2,1,recent
3797,t20260721_11989097.html,2026-07-21,林剑,彭博社记者,foreign,61,247,0.574065744876861,0.048780487804878,0.22222222222222202,0,1,0,0,2,1,recent
3798,t20260721_11989097.html,2026-07-21,林剑,法新社记者,foreign,87,62,0.589282870292663,0.042553191489361,0.066666666666666,0,1,0,0,1,0,recent
3799,t20260721_11989097.html,2026-07-21,林剑,彭博社记者,foreign,76,42,0.562263488769531,0.024390243902439,0.04,0,1,0,0,3,1,recent
3800,t20260721_11989097.html,2026-07-21,林剑,总台CGTN记者,cn,57,151,0.368768751621246,0.031746031746031,0.1,0,1,0,0,1,0,recent
3801,t20260721_11989097.html,2026-07-21,林剑,共同社记者,foreign,50,208,0.6363396644592281,0.051282051282051,0.25,0,1,0,0,1,0,recent
3802,t20260721_11989097.html,2026-07-21,林剑,中新社记者,cn,147,74,0.7881667613983151,0.07352941176470501,0.106382978723404,0,1,1,0,2,1,recent
3803,t20260721_11989097.html,2026-07-21,林剑,总台华语环球节目中心记者,cn,142,121,0.6881833672523491,0.10666666666666601,0.18181818181818102,0,1,1,0,1,0,recent
3804,t20260721_11989097.html,2026-07-21,林剑,俄新社记者,foreign,42,57,0.5073968172073361,0.0,0.0,0,1,0,0,1,0,recent
3805,t20260721_11989097.html,2026-07-21,林剑,埃菲社记者,foreign,73,80,0.6308157444000241,0.042553191489361,0.08333333333333301,0,1,0,0,2,1,recent
3806,t20260721_11989097.html,2026-07-21,林剑,《北京青年报》记者,foreign,40,149,0.7295931577682491,0.11111111111111101,0.375,0,1,0,0,1,0,recent
3807,t20260721_11989097.html,2026-07-21,林剑,湖北广电记者,foreign,86,71,0.723842859268188,0.061224489795918005,0.103448275862068,0,1,1,0,1,0,recent
3808,t20260722_11989883.html,2026-07-22,林剑,总台央视记者,cn,60,77,0.8773702979087831,0.26315789473684204,0.43478260869565205,0,1,0,0,1,0,recent
3809,t20260722_11989883.html,2026-07-22,林剑,路透社记者,foreign,110,84,0.6715734004974361,0.0625,0.105263157894736,0,1,1,0,1,0,recent
3810,t20260723_11990792.html,2026-07-23,林剑,新华社记者,cn,66,76,0.841976284980773,0.23333333333333303,0.35000000000000003,0,1,0,0,2,1,recent
3811,t20260723_11990792.html,2026-07-23,林剑,中阿卫视记者,foreign,78,169,0.5447256565093991,0.073170731707317,0.22222222222222202,0,1,0,0,2,1,recent
3812,t20260723_11990792.html,2026-07-23,林剑,共同社记者,foreign,72,29,0.603948593139648,0.14285714285714202,0.18181818181818102,0,1,0,0,4,1,recent
3813,t20260723_11990792.html,2026-07-23,林剑,路透社记者,foreign,65,60,0.712459564208984,0.21875000000000003,0.36842105263157804,0,0,0,0,1,0,recent
3814,t20260723_11990792.html,2026-07-23,林剑,法新社记者,foreign,48,153,0.617325663566589,0.033333333333333,0.133333333333333,0,1,0,0,1,0,recent
3815,t20260723_11990792.html,2026-07-23,林剑,路透社记者,foreign,49,40,0.617622375488281,0.25,0.4,0,0,0,0,1,0,recent
3816,t20260723_11990792.html,2026-07-23,林剑,路透社记者,foreign,75,27,0.632842779159545,0.029411764705882002,0.038461538461538006,0,1,1,0,2,1,recent
3817,t20260724_11991724.html,2026-07-24,林剑,总台央广记者,cn,55,275,0.6762124300003051,0.08602150537634401,0.36363636363636304,0,1,0,0,3,1,recent
3818,t20260724_11991724.html,2026-07-24,林剑,法新社记者,foreign,50,52,0.551360726356506,0.032258064516129004,0.066666666666666,0,1,1,0,1,0,recent
3819,t20260724_11991724.html,2026-07-24,林剑,彭博社记者,foreign,25,13,0.5949829220771791,0.066666666666666,0.09090909090909001,0,1,1,0,1,0,recent
3820,t20260724_11991724.html,2026-07-24,林剑,凤凰卫视记者,cn,45,104,0.556559920310974,0.017543859649122,0.058823529411764004,0,1,0,0,1,0,recent
3821,t20260724_11991724.html,2026-07-24,林剑,路透社记者,foreign,62,51,0.719260394573211,0.057142857142857,0.11111111111111101,0,1,0,0,2,1,recent
3822,t20260724_11991724.html,2026-07-24,林剑,彭博社记者,foreign,61,68,0.561825633049011,0.043478260869565,0.09090909090909001,0,1,0,0,1,0,recent
3823,t20260724_11991724.html,2026-07-24,林剑,深圳卫视记者,cn,119,131,0.8229156732559201,0.10144927536231801,0.194444444444444,0,1,1,0,1,0,recent
3824,t20260724_11991724.html,2026-07-24,林剑,美国有线电视新闻网记者,foreign,100,187,0.767453074455261,0.073170731707317,0.2,0,1,1,0,1,0,recent
3825,t20260724_11991724.html,2026-07-24,林剑,彭博社记者,foreign,58,54,0.25154036283493003,0.026315789473684,0.055555555555555004,0,1,0,0,1,0,recent
3826,t20260724_11991724.html,2026-07-24,林剑,《北京日报》记者,foreign,33,111,0.786683559417724,0.125,0.45454545454545403,0,1,0,0,1,0,recent
3827,t20260724_11991724.html,2026-07-24,林剑,彭博社记者,foreign,79,78,0.601170003414154,0.08333333333333301,0.16,0,1,1,0,2,1,recent
3828,t20260727_11992960.html,2026-07-27,林剑,中新社记者,cn,67,87,0.8010673522949211,0.5,0.684210526315789,0,1,0,0,1,0,recent
3829,t20260727_11992960.html,2026-07-27,林剑,路透社记者,foreign,77,175,0.732060432434082,0.18333333333333302,0.44,0,1,1,0,3,1,recent
3830,t20260727_11992960.html,2026-07-27,林剑,波兰通讯社记者,foreign,76,65,0.5905295014381401,0.075,0.14285714285714202,0,1,0,0,1,0,recent
3831,t20260727_11992960.html,2026-07-27,林剑,白俄罗斯国家广播电视公司记者,foreign,65,95,0.6330711841583251,0.08333333333333301,0.210526315789473,0,1,0,0,1,0,recent
3832,t20260727_11992960.html,2026-07-27,林剑,澎湃新闻记者,cn,48,235,0.611039519309997,0.09876543209876501,0.47058823529411703,0,0,1,0,1,0,recent
3833,t20260727_11992960.html,2026-07-27,林剑,日本广播协会记者,foreign,111,69,0.8195552825927731,0.14,0.20588235294117602,0,1,0,1,2,1,recent
3834,t20260728_11993669.html,2026-07-28,林剑,总台央视记者,cn,72,91,0.864476680755615,0.22916666666666602,0.44,0,1,0,0,1,0,recent
3835,t20260728_11993669.html,2026-07-28,林剑,《北京日报》记者,foreign,129,121,0.5935154557228081,0.052631578947368,0.09090909090909001,0,1,0,0,1,0,recent
3836,t20260728_11993669.html,2026-07-28,林剑,巴西《晚报》记者,foreign,53,141,0.351939648389816,0.07692307692307601,0.277777777777777,0,0,1,0,2,1,recent
3837,t20260728_11993669.html,2026-07-28,林剑,《纽约时报》记者,foreign,51,119,0.5876694917678831,0.06,0.17647058823529402,0,1,0,0,1,0,recent
3838,t20260728_11993669.html,2026-07-28,林剑,《纽约时报》记者,foreign,49,157,0.695062518119812,0.066666666666666,0.25,0,1,0,0,1,0,recent
3839,t20260728_11993669.html,2026-07-28,林剑,印尼安塔拉通讯社记者,foreign,112,49,0.6539480686187741,0.17391304347826,0.216216216216216,0,1,0,0,1,0,recent
3840,t20260729_11994587.html,2026-07-29,毛宁,总台CGTN记者,cn,34,92,0.8668272495269771,0.21875000000000003,0.538461538461538,0,0,0,0,1,0,recent
3841,t20260729_11994587.html,2026-07-29,毛宁,日本广播协会记者,foreign,35,124,0.779460132122039,0.08163265306122401,0.28571428571428503,0,1,0,0,1,0,recent
3842,t20260729_11994587.html,2026-07-29,毛宁,俄新社记者,foreign,40,49,0.6517368555068971,0.0,0.0,0,1,0,0,1,0,recent
3843,t20260729_11994587.html,2026-07-29,毛宁,彭博社记者,foreign,78,85,0.42772382497787403,0.061224489795918005,0.125,0,1,0,0,1,0,recent
3844,t20260729_11994587.html,2026-07-29,毛宁,《环球时报》记者,cn,68,194,0.7670484781265251,0.08536585365853601,0.259259259259259,0,1,0,0,1,0,recent
3845,t20260729_11994587.html,2026-07-29,毛宁,路透社记者,foreign,118,82,0.752457022666931,0.078125,0.13157894736842102,0,1,0,0,3,1,recent
3846,t20260729_11994587.html,2026-07-29,毛宁,彭博社记者,foreign,44,92,0.6643440127372741,0.044444444444444,0.11764705882352901,0,1,1,0,1,0,recent
3847,t20260730_11995594.html,2026-07-30,毛宁,新华社记者,cn,72,85,0.6344966888427731,0.10869565217391301,0.208333333333333,0,1,0,0,1,0,recent
3848,t20260730_11995594.html,2026-07-30,毛宁,《北京青年报》记者,foreign,80,75,0.8912941217422481,0.17500000000000002,0.30434782608695604,0,1,1,0,1,0,recent
3849,t20260730_11995594.html,2026-07-30,毛宁,印度报业托拉斯记者,foreign,99,109,0.6692543625831601,0.133333333333333,0.266666666666666,0,1,0,0,2,1,recent
3850,t20260730_11995594.html,2026-07-30,毛宁,法新社记者,foreign,75,136,0.659467577934265,0.09677419354838701,0.25,0,1,0,0,2,1,recent
3851,t20260730_11995594.html,2026-07-30,毛宁,路透社记者,foreign,43,51,0.522049009799957,0.058823529411764004,0.133333333333333,0,1,0,0,1,0,recent
3852,t20260730_11995594.html,2026-07-30,毛宁,彭博社记者,foreign,36,46,0.44560310244560203,0.037037037037037,0.08333333333333301,0,1,1,0,1,0,recent
3853,t20260731_11996264.html,2026-07-31,毛宁,埃菲社记者,foreign,74,40,0.437978208065032,0.105263157894736,0.16,0,1,0,0,2,1,recent
3854,t20260731_11996264.html,2026-07-31,毛宁,深圳卫视记者,cn,110,177,0.6876230239868161,0.155844155844155,0.342857142857142,0,1,0,0,2,1,recent
3855,t20260731_11996264.html,2026-07-31,毛宁,《环球时报》记者,cn,47,155,0.650300979614257,0.016393442622950002,0.066666666666666,0,1,0,0,1,0,recent
3856,t20260731_11996264.html,2026-07-31,毛宁,《北京青年报》记者,foreign,124,117,0.7189119458198541,0.027397260273972,0.052631578947368,0,1,0,0,1,0,recent
3857,t20260731_11996264.html,2026-07-31,毛宁,法新社记者,foreign,76,47,0.481339305639266,0.11764705882352901,0.17391304347826,0,1,0,0,3,1,recent
3858,t20260731_11996264.html,2026-07-31,毛宁,《中国日报》记者,cn,47,97,0.7680531144142151,0.06818181818181801,0.17647058823529402,0,1,1,0,1,0,recent
3859,t20260731_11996264.html,2026-07-31,毛宁,法新社记者,foreign,66,102,0.709497570991516,0.08163265306122401,0.19047619047619002,0,1,0,0,2,1,recent
3860,t20260731_11996264.html,2026-07-31,毛宁,路透社记者,foreign,50,41,0.419610887765884,0.035714285714285005,0.066666666666666,0,1,0,0,1,0,recent
3861,t20260731_11996264.html,2026-07-31,毛宁,彭博社记者,foreign,65,75,0.36895653605461104,0.02,0.041666666666666005,0,1,0,0,1,0,recent
3862,t20260804_11998198.html,2026-08-04,林剑,路透社记者,foreign,152,206,0.6490796804428101,0.037383177570093004,0.088888888888888,0,1,0,0,2,1,recent
3863,t20260804_11998198.html,2026-08-04,林剑,《环球时报》记者,cn,55,194,0.678840994834899,0.058823529411764004,0.25,0,1,0,0,1,0,recent
3864,t20260805_11999004.html,2026-08-05,林剑,《读卖新闻》记者,foreign,168,198,0.7024817466735841,0.097087378640776,0.192307692307692,0,1,1,0,3,1,recent
3865,t20260805_11999004.html,2026-08-05,林剑,路透社记者,foreign,115,108,0.655569553375244,0.055555555555555004,0.1,0,1,1,0,2,1,recent
3866,t20260806_11999822.html,2026-08-06,林剑,新华社记者,cn,144,123,0.745330452919006,0.07692307692307601,0.13953488372093,0,1,1,0,1,0,recent
3867,t20260806_11999822.html,2026-08-06,林剑,彭博社记者,foreign,113,66,0.599965929985046,0.054545454545454,0.08571428571428501,0,1,1,0,3,1,recent
3868,t20260806_11999822.html,2026-08-06,林剑,彭博社记者,foreign,60,187,0.702890634536743,0.038961038961038,0.157894736842105,0,1,1,0,1,0,recent
3869,t20260806_11999822.html,2026-08-06,林剑,路透社记者,foreign,119,65,0.6906719803810121,0.07142857142857101,0.11111111111111101,1,1,0,0,4,1,recent
3870,t20260807_12000442.html,2026-08-07,林剑,总台央视记者,cn,109,135,0.90722244977951,0.107692307692307,0.21875000000000003,0,1,1,0,1,0,recent
3871,t20260807_12000442.html,2026-08-07,林剑,《中国日报》记者,cn,84,170,0.727396786212921,0.128571428571428,0.321428571428571,0,1,0,0,1,0,recent
3872,t20260810_12001512.html,2026-08-10,郭嘉昆,《环球时报》记者,cn,53,94,0.64208298921585,0.06818181818181801,0.16666666666666602,0,1,0,0,2,1,recent
3873,t20260810_12001512.html,2026-08-10,郭嘉昆,彭博社记者,foreign,78,86,0.591426610946655,0.21428571428571402,0.375,0,1,0,0,1,0,recent
3874,t20260810_12001512.html,2026-08-10,郭嘉昆,拉通社记者,foreign,72,82,0.8070150613784791,0.104166666666666,0.208333333333333,0,1,1,0,1,0,recent
3875,t20260811_12002214.html,2026-08-11,郭嘉昆,法新社记者,foreign,100,132,0.6508188247680661,0.068965517241379,0.16,0,1,1,0,1,0,recent
3876,t20260811_12002214.html,2026-08-11,郭嘉昆,《读卖新闻》记者,foreign,115,32,0.445704460144042,0.023255813953488,0.029411764705882002,0,0,0,0,3,1,recent
3877,t20260812_12002993.html,2026-08-12,郭嘉昆,新华社记者,cn,69,103,0.543766379356384,0.02127659574468,0.05,0,1,0,0,1,0,recent
3878,t20260812_12002993.html,2026-08-12,郭嘉昆,《人民日报》记者,cn,143,83,0.864282488822937,0.245901639344262,0.319148936170212,0,1,1,0,1,0,recent
3879,t20260812_12002993.html,2026-08-12,郭嘉昆,埃菲社记者,foreign,96,85,0.607304275035858,0.06451612903225801,0.108108108108108,0,1,1,0,1,0,recent
3880,t20260812_12002993.html,2026-08-12,郭嘉昆,总台CGTN记者,cn,48,93,0.7298897504806511,0.15151515151515102,0.35714285714285704,0,1,1,0,2,1,recent
3881,t20260812_12002993.html,2026-08-12,郭嘉昆,彭博社记者,foreign,103,68,0.502838432788848,0.063829787234042,0.115384615384615,0,1,1,0,2,1,recent
3882,t20260812_12002993.html,2026-08-12,郭嘉昆,《 金融时报》记者,foreign,120,21,0.454443514347076,0.023809523809523003,0.027777777777777003,0,1,1,0,2,1,recent
3883,t20260814_12004509.html,2026-08-14,郭嘉昆,《中国日报》记者,cn,97,124,0.8506944179534911,0.17307692307692302,0.321428571428571,0,1,1,0,1,0,recent
3884,t20260814_12004509.html,2026-08-14,郭嘉昆,总台央视记者,cn,64,120,0.8973096013069151,0.18181818181818102,0.4,0,1,0,0,2,1,recent
3885,t20260814_12004509.html,2026-08-14,郭嘉昆,《读卖新闻》记者,foreign,75,69,0.36621102690696705,0.027027027027027,0.058823529411764004,0,1,0,0,1,0,recent
3886,t20260814_12004509.html,2026-08-14,郭嘉昆,彭博社记者,foreign,93,49,0.563550889492034,0.081081081081081,0.125,0,1,0,0,1,0,recent
3887,t20260817_12005240.html,2026-08-17,林剑,总台央视记者,cn,57,114,0.776905059814453,0.0625,0.13636363636363602,0,1,0,0,3,1,recent
3888,t20260817_12005240.html,2026-08-17,林剑,彭博社记者,foreign,76,40,0.416450917720794,0.0,0.0,0,1,0,0,1,0,recent
3889,t20260817_12005240.html,2026-08-17,林剑,澎湃新闻记者,cn,55,60,0.8001995086669921,0.08823529411764701,0.1875,0,1,0,0,2,1,recent
3890,t20260817_12005240.html,2026-08-17,林剑,《人民日报》记者,cn,41,119,0.6088705658912651,0.061224489795918005,0.1875,0,1,0,0,2,1,recent
3891,t20260817_12005240.html,2026-08-17,林剑,路透社记者,foreign,73,43,0.563254356384277,0.025,0.041666666666666005,0,1,0,0,3,1,recent
3892,t20260817_12005240.html,2026-08-17,林剑,印尼安塔拉通讯社记者,foreign,62,52,0.742047786712646,0.09090909090909001,0.157894736842105,0,1,0,0,2,1,recent
3893,t20260817_12005240.html,2026-08-17,林剑,新华社记者,cn,46,298,0.6284519433975221,0.037735849056603,0.266666666666666,0,1,0,0,1,0,recent
3894,t20260818_12006053.html,2026-08-18,林剑,深圳卫视记者,cn,146,34,0.632561445236206,0.036363636363636,0.044444444444444,0,1,1,1,1,0,recent
3895,t20260818_12006053.html,2026-08-18,林剑,《北京青年报》记者,foreign,109,204,0.694823920726776,0.10389610389610301,0.228571428571428,0,1,0,0,1,0,recent
3896,t20260818_12006053.html,2026-08-18,林剑,今日俄罗斯记者,foreign,51,107,0.380893945693969,0.019607843137254003,0.052631578947368,0,1,0,0,1,0,recent
3897,t20260818_12006053.html,2026-08-18,林剑,总台CGTN记者,cn,51,74,0.6518980264663691,0.171428571428571,0.35294117647058804,0,1,0,0,1,0,recent
3898,t20260818_12006053.html,2026-08-18,林剑,法新社记者,foreign,75,20,0.15588885545730502,0.0,0.0,0,1,0,0,2,1,recent
3899,t20260818_12006053.html,2026-08-18,林剑,中新社记者,cn,66,29,0.5614134669303891,0.060606060606060004,0.09090909090909001,0,1,0,0,1,0,recent
3900,t20260818_12006053.html,2026-08-18,林剑,彭博社记者,foreign,31,52,0.7280615568161011,0.035714285714285005,0.08333333333333301,0,0,0,0,1,0,recent
3901,t20260819_12006693.html,2026-08-19,林剑,总台央视记者,cn,29,178,0.677378237247467,0.029850746268656,0.18181818181818102,0,1,0,0,1,0,recent
3902,t20260819_12006693.html,2026-08-19,林剑,新华社记者,cn,92,152,0.595524251461029,0.17647058823529402,0.42857142857142805,0,1,0,0,2,1,recent
3903,t20260819_12006693.html,2026-08-19,林剑,《环球时报》记者,cn,164,117,0.707050621509552,0.11111111111111101,0.18181818181818102,0,1,0,0,1,0,recent
3904,t20260819_12006693.html,2026-08-19,林剑,日本电视网记者,foreign,40,23,0.6173608303070061,0.0,0.0,0,0,0,0,1,0,recent
3905,t20260819_12006693.html,2026-08-19,林剑,澎湃新闻记者,cn,109,161,0.68115496635437,0.037974683544303,0.09677419354838701,0,1,0,0,1,0,recent
3906,t20260819_12006693.html,2026-08-19,林剑,凤凰卫视记者,cn,120,56,0.558219254016876,0.12,0.16666666666666602,0,1,1,0,1,0,recent
3907,t20260819_12006693.html,2026-08-19,林剑,法新社记者,foreign,69,42,0.42818957567214905,0.025,0.04,0,1,1,0,1,0,recent
3908,t20260820_12007399.html,2026-08-20,林剑,《中国日报》记者,cn,184,210,0.720793843269348,0.092592592592592,0.16393442622950802,0,1,0,0,1,0,recent
3909,t20260820_12007399.html,2026-08-20,林剑,彭博社记者,foreign,104,42,0.44348177313804604,0.0,0.0,0,1,0,0,2,1,recent
3910,t20260820_12007399.html,2026-08-20,林剑,法新社记者,foreign,106,30,0.15141451358795102,0.058823529411764004,0.07692307692307601,1,1,0,0,1,0,recent
3911,t20260820_12007399.html,2026-08-20,林剑,彭博社记者,foreign,71,85,0.830018639564514,0.170212765957446,0.33333333333333304,0,1,0,0,2,1,recent
3912,t20260821_12008115.html,2026-08-21,林剑,深圳卫视记者,cn,69,106,0.669124603271484,0.14,0.36842105263157804,0,1,0,0,2,1,recent
3913,t20260821_12008115.html,2026-08-21,林剑,伊朗声像组织记者,foreign,62,42,0.324014276266098,0.0,0.0,0,0,1,0,1,0,recent
3914,t20260821_12008115.html,2026-08-21,林剑,凤凰卫视记者,cn,64,102,0.6477972269058221,0.075471698113207,0.16666666666666602,0,1,0,0,1,0,recent
3915,t20260821_12008115.html,2026-08-21,林剑,韩联社记者,foreign,54,19,0.18366041779518102,0.09523809523809501,0.125,0,1,1,0,1,0,recent
3916,t20260821_12008115.html,2026-08-21,林剑,伊朗声像组织记者,foreign,71,67,0.44682064652442904,0.021739130434782,0.043478260869565,0,0,1,0,1,0,recent
3917,t20260821_12008115.html,2026-08-21,林剑,法新社记者,foreign,56,74,0.564500033855438,0.042553191489361,0.09090909090909001,0,1,0,0,1,0,recent
3918,t20260824_12009243.html,2026-08-24,林剑,总台华语环球节目中心记者,cn,72,181,0.6800354123115541,0.159420289855072,0.478260869565217,0,1,0,0,1,0,recent
3919,t20260824_12009243.html,2026-08-24,林剑,中阿卫视记者,foreign,97,147,0.7023299932479851,0.10144927536231801,0.21875000000000003,0,1,0,0,2,1,recent
3920,t20260824_12009243.html,2026-08-24,林剑,法新社记者,foreign,42,55,0.7634289264678951,0.103448275862068,0.23076923076923,1,1,0,0,2,1,recent
3921,t20260824_12009243.html,2026-08-24,林剑,《北京日报》记者,foreign,31,117,0.682971179485321,0.171428571428571,0.6666666666666661,0,1,0,0,1,0,recent
3922,t20260824_12009243.html,2026-08-24,林剑,韩联社记者,foreign,37,107,0.7020435333251951,0.073170731707317,0.23076923076923,0,1,0,0,1,0,recent
3923,t20260824_12009243.html,2026-08-24,林剑,印度报业托拉斯记者,foreign,81,166,0.7396363615989681,0.137931034482758,0.296296296296296,0,1,0,0,1,0,recent
3924,t20260824_12009243.html,2026-08-24,林剑,中新社记者,cn,95,86,0.7713465690612791,0.23684210526315702,0.34615384615384603,0,0,0,0,1,0,recent
3925,t20260824_12009243.html,2026-08-24,林剑,路透社记者,foreign,71,129,0.655053615570068,0.029850746268656,0.09090909090909001,0,1,1,1,1,0,recent
3926,t20260824_12009243.html,2026-08-24,林剑,《环球时报》记者,cn,98,38,0.662394404411315,0.093023255813953,0.11764705882352901,0,1,1,0,1,0,recent
3927,t20260824_12009243.html,2026-08-24,林剑,《北京青年报》记者,foreign,83,56,0.7943868637084961,0.159090909090909,0.241379310344827,0,1,1,0,1,0,recent
3928,t20260824_12009243.html,2026-08-24,林剑,彭博社记者,foreign,41,111,0.5854865312576291,0.041666666666666005,0.14285714285714202,0,0,0,0,1,0,recent
3929,t20260824_12009243.html,2026-08-24,林剑,印尼安塔拉通讯社记者,foreign,80,221,0.8344643712043761,0.102272727272727,0.375,0,1,0,0,1,0,recent
3930,t20260825_12010101.html,2026-08-25,林剑,《北京日报》记者,foreign,165,168,0.7029062509536741,0.028571428571428,0.061224489795918005,0,1,0,0,1,0,recent
3931,t20260825_12010101.html,2026-08-25,林剑,法新社记者,foreign,85,136,0.47794160246849005,0.04054054054054,0.1,0,1,1,0,1,0,recent
3932,t20260825_12010101.html,2026-08-25,林剑,法新社记者,foreign,82,16,0.40945762395858704,0.068965517241379,0.08,0,1,0,0,1,0,recent
3933,t20260825_12010101.html,2026-08-25,林剑,彭博社记者,foreign,71,59,0.559317708015441,0.11363636363636301,0.185185185185185,0,1,1,0,2,1,recent
3934,t20260825_12010101.html,2026-08-25,林剑,美国消费者新闻与商业频道记者,foreign,57,31,0.20888337492942802,0.032258064516129004,0.052631578947368,0,1,0,0,2,1,recent
3935,t20260826_12010898.html,2026-08-26,林剑,总台央视记者,cn,47,117,0.5698693394660951,0.0625,0.2,0,1,0,0,1,0,recent
3936,t20260826_12010898.html,2026-08-26,林剑,总台CGTN记者,cn,51,295,0.5922724604606621,0.082474226804123,0.44444444444444403,0,1,0,0,1,0,recent
3937,t20260826_12010898.html,2026-08-26,林剑,彭博社记者,foreign,65,13,0.25640469789505,0.0,0.0,1,1,0,0,2,1,recent
3938,t20260826_12010898.html,2026-08-26,林剑,彭博社记者,foreign,92,95,0.664255619049072,0.074074074074074,0.148148148148148,0,1,0,0,2,1,recent
3939,t20260826_12010898.html,2026-08-26,林剑,彭博社记者,foreign,59,86,0.8103815317153931,0.22222222222222202,0.4,0,1,0,0,2,1,recent
3940,t20260826_12010898.html,2026-08-26,林剑,彭博社记者,foreign,54,27,0.292915493249893,0.037037037037037,0.055555555555555004,0,0,0,0,2,1,recent
3941,t20260826_12010898.html,2026-08-26,林剑,彭博社记者,foreign,76,25,0.134984880685806,0.0,0.0,0,0,1,0,1,0,recent
3942,t20260827_12011623.html,2026-08-27,林剑,总台央视记者,cn,97,162,0.41169881820678705,0.0625,0.16666666666666602,0,1,1,0,3,1,recent
3943,t20260827_12011623.html,2026-08-27,林剑,日本广播协会记者,foreign,49,124,0.7425565719604491,0.033333333333333,0.11111111111111101,0,0,0,0,2,1,recent
3944,t20260827_12011623.html,2026-08-27,林剑,法新社记者,foreign,128,98,0.676282405853271,0.015625,0.028571428571428,0,1,0,0,1,0,recent
3945,t20260827_12011623.html,2026-08-27,林剑,彭博社记者,foreign,64,42,0.504655361175537,0.026315789473684,0.043478260869565,0,1,0,0,4,1,recent
3946,t20260827_12011623.html,2026-08-27,林剑,法新社记者,foreign,83,51,0.48028719425201405,0.042553191489361,0.068965517241379,0,1,0,0,1,0,recent
3947,t20260827_12011623.html,2026-08-27,林剑,路透社记者,foreign,40,55,0.5866120457649231,0.032258064516129004,0.066666666666666,0,0,0,0,3,1,recent
3948,t20260828_12012269.html,2026-08-28,林剑,总台央视记者,cn,33,57,0.496083617210388,0.16,0.30769230769230704,0,1,0,0,1,0,recent
3949,t20260828_12012269.html,2026-08-28,林剑,路透社记者,foreign,45,49,0.376661509275436,0.030303030303030002,0.055555555555555004,0,1,0,0,2,1,recent
3950,t20260828_12012269.html,2026-08-28,林剑,《中国日报》记者,cn,65,103,0.6750908493995661,0.15217391304347802,0.35000000000000003,0,1,0,0,2,1,recent
3951,t20260828_12012269.html,2026-08-28,林剑,澎湃新闻记者,cn,203,146,0.800825476646423,0.11904761904761901,0.175438596491228,0,1,0,0,1,0,recent
3952,t20260828_12012269.html,2026-08-28,林剑,法新社记者,foreign,56,50,0.646350443363189,0.057142857142857,0.1,0,1,1,0,1,0,recent
3953,t20260828_12012269.html,2026-08-28,林剑,《印度教徒报》记者,foreign,73,75,0.39069330692291204,0.09090909090909001,0.19047619047619002,0,0,0,0,3,1,recent
3954,t20260831_12013222.html,2026-08-31,郭嘉昆,新华社记者,cn,35,147,0.7137769460678101,0.070175438596491,0.33333333333333304,0,1,0,0,1,0,recent
3955,t20260831_12013222.html,2026-08-31,郭嘉昆,中新社记者,cn,99,110,0.7334040403366081,0.34883720930232504,0.5172413793103441,0,1,0,0,1,0,recent
3956,t20260831_12013222.html,2026-08-31,郭嘉昆,总台CGTN记者,cn,23,86,0.717124104499816,0.14705882352941102,0.5,0,1,0,0,1,0,recent
3957,t20260831_12013222.html,2026-08-31,郭嘉昆,彭博社记者,foreign,55,86,0.7091628909111021,0.08695652173913,0.210526315789473,0,1,0,0,1,0,recent
3958,t20260831_12013222.html,2026-08-31,郭嘉昆,英国天空新闻频道记者,foreign,60,55,0.6704992055892941,0.023255813953488,0.041666666666666005,0,1,0,1,2,1,recent
3959,t20260831_12013222.html,2026-08-31,郭嘉昆,深圳卫视记者,cn,54,55,0.802847564220428,0.21739130434782603,0.35714285714285704,0,0,0,0,1,0,recent
3960,t20260831_12013222.html,2026-08-31,郭嘉昆,路透社记者,foreign,54,58,0.777016103267669,0.11111111111111101,0.23529411764705802,0,1,0,0,2,1,recent
3961,t20260831_12013222.html,2026-08-31,郭嘉昆,凤凰卫视记者,cn,95,164,0.8594954013824461,0.064935064935064,0.172413793103448,0,1,0,0,2,1,recent
3962,t20260831_12013222.html,2026-08-31,郭嘉昆,彭博社记者,foreign,67,135,0.6271734833717341,0.045454545454545005,0.14285714285714202,0,1,0,0,1,0,recent
3963,t20260831_12013222.html,2026-08-31,郭嘉昆,路透社记者,foreign,139,132,0.671047210693359,0.135135135135135,0.23255813953488302,0,1,0,0,5,1,recent
3964,t20260831_12013222.html,2026-08-31,郭嘉昆,路透社记者,foreign,63,72,0.5383366942405701,0.0,0.0,0,1,0,0,1,0,recent
3965,t20260901_12014070.html,2026-09-01,郭嘉昆,中新社记者,cn,37,104,0.806470453739166,0.15384615384615302,0.5,0,0,0,0,1,0,recent
3966,t20260901_12014070.html,2026-09-01,郭嘉昆,总台央视记者,cn,45,130,0.798394501209259,0.07692307692307601,0.28571428571428503,0,1,0,0,1,0,recent
3967,t20260901_12014070.html,2026-09-01,郭嘉昆,塔斯社记者,foreign,70,55,0.6859972476959221,0.023809523809523003,0.041666666666666005,0,1,0,0,1,0,recent
3968,t20260901_12014070.html,2026-09-01,郭嘉昆,路透社记者,foreign,95,121,0.568053126335144,0.046153846153846004,0.09677419354838701,0,1,0,0,1,0,recent
3969,t20260901_12014070.html,2026-09-01,郭嘉昆,乌通社记者,foreign,57,73,0.7075372934341431,0.09523809523809501,0.19047619047619002,0,1,1,0,1,0,recent
3970,t20260901_12014070.html,2026-09-01,郭嘉昆,《北京日报》记者,foreign,82,116,0.8550915718078611,0.2,0.43478260869565205,0,0,0,0,1,0,recent
3971,t20260901_12014070.html,2026-09-01,郭嘉昆,《悉尼先驱晨报》记者,foreign,105,73,0.622915387153625,0.052631578947368,0.09375000000000001,0,1,1,1,2,1,recent
3972,t20260901_12014070.html,2026-09-01,郭嘉昆,彭博社记者,foreign,86,43,0.47978782653808505,0.023809523809523003,0.037037037037037,0,1,0,0,2,1,recent
3973,t20260901_12014070.html,2026-09-01,郭嘉昆,法新社记者,foreign,73,341,0.47225427627563404,0.05,0.21428571428571402,0,1,1,0,3,1,recent
3974,t20260901_12014070.html,2026-09-01,郭嘉昆,路透社记者,foreign,36,31,0.28509998321533203,0.0,0.0,0,1,1,0,1,0,recent
3975,t20260901_12014070.html,2026-09-01,郭嘉昆,路透社记者,foreign,34,133,0.645989835262298,0.057692307692307,0.23076923076923,0,1,0,0,2,1,recent
3976,t20260901_12014070.html,2026-09-01,郭嘉昆,路透社记者,foreign,25,86,0.674052238464355,0.0,0.0,0,0,0,0,1,0,recent
3977,t20260901_12014070.html,2026-09-01,郭嘉昆,澳大利亚广播公司记者,foreign,93,94,0.8338874578475951,0.070175438596491,0.133333333333333,0,1,0,0,2,1,recent
3978,t20260902_12015002.html,2026-09-02,郭嘉昆,《人民日报》记者,cn,80,62,0.7765808105468751,0.379310344827586,0.5,0,0,0,0,1,0,recent
3979,t20260902_12015002.html,2026-09-02,郭嘉昆,凤凰卫视记者,cn,73,100,0.49820637702941806,0.039215686274509005,0.09090909090909001,0,1,0,0,1,0,recent
3980,t20260902_12015002.html,2026-09-02,郭嘉昆,澎湃新闻记者,cn,63,139,0.733806133270263,0.11764705882352901,0.27272727272727204,0,1,0,0,2,1,recent
3981,t20260902_12015002.html,2026-09-02,郭嘉昆,法新社记者,foreign,83,110,0.691985666751861,0.087719298245614,0.192307692307692,0,1,0,0,5,1,recent
3982,t20260902_12015002.html,2026-09-02,郭嘉昆,乌通社记者,foreign,116,57,0.423159033060073,0.034482758620689,0.052631578947368,0,1,1,0,2,1,recent
3983,t20260902_12015002.html,2026-09-02,郭嘉昆,朝日新闻记者,foreign,54,59,0.811015188694,0.21212121212121202,0.36842105263157804,0,1,0,0,2,1,recent
3984,t20260902_12015002.html,2026-09-02,郭嘉昆,彭博社记者,foreign,55,22,0.16875688731670302,0.0,0.0,1,1,0,0,1,0,recent
3985,t20260902_12015002.html,2026-09-02,郭嘉昆,《北京日报》记者,foreign,76,123,0.7931906580924981,0.2,0.413793103448275,0,1,0,0,1,0,recent
3986,t20260902_12015002.html,2026-09-02,郭嘉昆,《环球时报》记者,cn,131,221,0.8145307898521421,0.06741573033707801,0.157894736842105,0,1,0,0,2,1,recent
3987,t20260902_12015002.html,2026-09-02,郭嘉昆,印度报业托拉斯记者,foreign,128,98,0.8427909612655641,0.112676056338028,0.19047619047619002,0,1,0,0,2,1,recent
3988,t20260902_12015002.html,2026-09-02,郭嘉昆,法新社记者,foreign,41,52,0.31135049462318404,0.0,0.0,0,1,0,0,2,1,recent
3989,t20260903_12015775.html,2026-09-03,郭嘉昆,总台央视记者,cn,37,116,0.7324500083923341,0.09090909090909001,0.30769230769230704,0,0,0,0,1,0,recent
3990,t20260903_12015775.html,2026-09-03,郭嘉昆,凤凰卫视记者,cn,67,176,0.8266551494598381,0.10144927536231801,0.291666666666666,0,1,0,0,2,1,recent
3991,t20260903_12015775.html,2026-09-03,郭嘉昆,新华社记者,cn,43,85,0.547807097434997,0.022727272727272003,0.0625,0,1,0,0,2,1,recent
3992,t20260903_12015775.html,2026-09-03,郭嘉昆,路透社记者,foreign,43,61,0.235830008983612,0.0,0.0,0,1,0,0,2,1,recent
3993,t20260903_12015775.html,2026-09-03,郭嘉昆,《环球时报》记者,cn,226,73,0.617111682891845,0.11764705882352901,0.144927536231884,0,1,0,0,2,1,recent
3994,t20260903_12015775.html,2026-09-03,郭嘉昆,彭博社记者,foreign,51,157,0.6031583547592161,0.09836065573770401,0.31578947368421,0,1,0,0,1,0,recent
3995,t20260903_12015775.html,2026-09-03,郭嘉昆,日本广播协会记者,foreign,55,127,0.5222536325454711,0.016949152542372,0.05,0,1,0,0,2,1,recent
3996,t20260903_12015775.html,2026-09-03,郭嘉昆,路透社记者,foreign,52,58,0.787998557090759,0.162162162162162,0.28571428571428503,0,1,1,0,1,0,recent
3997,t20260903_12015775.html,2026-09-03,郭嘉昆,彭博社记者,foreign,107,59,0.7272791266441341,0.0625,0.08333333333333301,0,1,0,1,3,1,recent
3998,t20260903_12015775.html,2026-09-03,郭嘉昆,深圳卫视记者,cn,105,53,0.5578981637954711,0.06,0.081081081081081,0,1,0,0,1,0,recent
3999,t20260903_12015775.html,2026-09-03,郭嘉昆,法新社记者,foreign,65,103,0.34288460016250605,0.0,0.0,0,0,1,0,1,0,recent
4000,t20260904_12016447.html,2026-09-04,郭嘉昆,亚洲新闻台记者,foreign,70,50,0.63839316368103,0.051282051282051,0.07692307692307601,1,1,0,0,3,1,recent
4001,t20260904_12016447.html,2026-09-04,郭嘉昆,朝日新闻记者,foreign,78,73,0.601351141929626,0.041666666666666005,0.074074074074074,0,1,0,0,2,1,recent
4002,t20260904_12016447.html,2026-09-04,郭嘉昆,亚洲新闻台记者,foreign,68,30,0.47817972302436806,0.03125,0.045454545454545005,1,0,0,0,4,1,recent
4003,t20260904_12016447.html,2026-09-04,郭嘉昆,路透社记者,foreign,62,61,0.371207475662231,0.0,0.0,1,1,1,0,1,0,recent
4004,t20260904_12016447.html,2026-09-04,郭嘉昆,彭博社记者,foreign,94,81,0.5801061391830441,0.051724137931034,0.09677419354838701,0,1,1,0,2,1,recent
